PHASE=default-green
2026-08-24T01:00:28+08:00
 01:00:28 up 33 days,  2:10,  1 user,  load average: 4.42, 4.75, 4.86
-- The C compiler identification is Clang 14.0.0
-- The CXX compiler identification is Clang 14.0.0
-- The ASM compiler identification is Clang with GNU-like command-line
-- Found assembler: /usr/bin/clang
-- Detecting C compiler ABI info
-- Detecting C compiler ABI info - done
-- Check for working C compiler: /usr/bin/clang - skipped
-- Detecting C compile features
-- Detecting C compile features - done
-- Detecting CXX compiler ABI info
-- Detecting CXX compiler ABI info - done
-- Check for working CXX compiler: /usr/bin/clang++ - skipped
-- Detecting CXX compile features
-- Detecting CXX compile features - done
-- Using compiler cache: /usr/bin/ccache
-- install path: /root/cj_build/impl_relocation_receipt_queue5-mutant/src/runtime/output/cj
-- DOPRA_FLAG : 1
-- COV : 0
-- ASAN_FLAG : 0
-- HWASAN_FLAG : 0
-- OHOS_FLAG : 0
-- WINDOWS_FLAG : 0
-- ANDROID_FLAG : 0
-- MACOS_FLAG : 0
-- IOS_FLAG : 0
-- IOS_SIMULATOR_FLAG : 0
-- GLOBAL_EXPORT_FLAG : 1
-- ASAN_SUPPORT_FLAG : 0
-- TSAN_SUPPORT_FLAG : 0
-- HWASAN_SUPPORT_FLAG : 0
-- GWPASAN_SUPPORT_FLAG : 1
-- SANITIZER_SUPPORT_FLAG : 0
-- CMAKE_HOST_SYSTEM_PROCESSOR : x86_64
-- cmake_host_system_processor : x86_64
-- HOST_SYSTEM_NAME is not set. Use pre-installed clang.
-- Found LLVM
-- System: Linux
-- Host processor:x86_64
-- CMAKE_LIBRARY_OUTPUT_DIRECTORY: /root/cj_build/impl_relocation_receipt_queue5-mutant/src/runtime/output/temp/lib/x86_64_Release
-- CMAKE_ARCHIVE_OUTPUT_DIRECTORY: /root/cj_build/impl_relocation_receipt_queue5-mutant/src/runtime/output/temp/ar/x86_64_Release
-- CMAKE_RUNTIME_OUTPUT_DIRECTORY: /root/cj_build/impl_relocation_receipt_queue5-mutant/src/runtime/output/temp/bin/x86_64_Release
-- CMAKE_AR : /usr/bin/ar
-- OUTPUT_TEMP_PATH : /root/cj_build/impl_relocation_receipt_queue5-mutant/src/runtime/output/temp
-- <CMAKE_AR> deterministic mode (-D) is set.
-- <CMAKE_RANLIB> deterministic mode (-D) is set.
-- BUILD_CJTHREAD: ON
-- BUILD_RUNTIME: ON
build cjthread for x86_64
bash: build/build_cjthread.sh: 没有那个文件或目录
build cjthread done!!!
-- CJ_RUNTIME_COMMIT=unknown
strip: /root/cj_build/impl_relocation_receipt_queue5-mutant/src/runtime/output/cj
-- TESTS_MANIFEST=PASS configure=3 manual=27 orphan=12 (manual/orphan do NOT run in this build)
-- SLOT_TYPE_PROBE=PASS control=1 witness=1 negatives=5 (each rejected AND diagnosed on the expected symbol)
-- MARK_GENERATION_PROBE=PASS control=1 negatives=2 (young-as-old and old-as-young both rejected)
-- C4_COLOUR_TABLE=PASS control=1 negatives=3 std=14 (32-epoch mask equivalence + DROP_BIT collisions; each negative rejected AND diagnosed)
-- Configuring done
-- Generating done
-- Build files have been written to: /root/cj_build/impl_relocation_receipt_queue5-mutant/src/runtime/ImplBuildDefault
CONFIGURE_RC=0
Scanning dependencies of target cjNativeStartAndEnd
[  1%] Checking that HeapSlot compare-exchange writes stay inside HealSlot
[  2%] Building CXX object src/Concurrency/CMakeFiles/Concurrency.dir/Concurrency.cpp.o
[  3%] Building C object third_party/third_party_bounds_checking_function/CMakeFiles/boundscheck.dir/src/fscanf_s.c.o
[  3%] Building ASM object CMakeFiles/cjNativeStartAndEnd.dir/src/arch/x86_64_linux/CjNativeRuntimeStartAndEnd.S.o
[  3%] Building CXX object src/Common/CMakeFiles/Common.dir/BaseObject.cpp.o
[  3%] Checking that a diagnostic documenting a gate is not an all-no-op implementation
[  3%] Building CXX object src/Concurrency/CJThreadModel/CMakeFiles/cjthreadmodel.dir/Cki.cpp.o
[  4%] Building CXX object src/Base/CMakeFiles/Base.dir/Log.cpp.o
DIAG_HOLLOW_GUARD PASS gated_subsystems=29
[  4%] Built target check_diag_not_hollow
[  4%] Built target cjNativeStartAndEnd
[  4%] Building C object third_party/third_party_bounds_checking_function/CMakeFiles/boundscheck.dir/src/fwscanf_s.c.o
[  5%] Building C object third_party/third_party_bounds_checking_function/CMakeFiles/boundscheck.dir/src/gets_s.c.o
[  5%] Building C object third_party/third_party_bounds_checking_function/CMakeFiles/boundscheck.dir/src/memcpy_s.c.o
[  5%] Building C object third_party/third_party_bounds_checking_function/CMakeFiles/boundscheck.dir/src/memmove_s.c.o
[  7%] Building C object third_party/third_party_bounds_checking_function/CMakeFiles/boundscheck.dir/src/memset_s.c.o
[  7%] Building C object third_party/third_party_bounds_checking_function/CMakeFiles/boundscheck.dir/src/scanf_s.c.o
[  7%] Building C object third_party/third_party_bounds_checking_function/CMakeFiles/boundscheck.dir/src/securecutil.c.o
[  8%] Building C object third_party/third_party_bounds_checking_function/CMakeFiles/boundscheck.dir/src/secureinput_a.c.o
[  8%] Building C object third_party/third_party_bounds_checking_function/CMakeFiles/boundscheck.dir/src/secureinput_w.c.o
[  9%] Building CXX object src/Common/CMakeFiles/Common.dir/RunType.cpp.o
[ 10%] Building CXX object src/Concurrency/CJThreadModel/CMakeFiles/cjthreadmodel.dir/CJThreadModel.cpp.o
In file included from /root/cj_build/impl_relocation_receipt_queue5-mutant/src/runtime/src/Base/Log.cpp:14:
/root/cj_build/impl_relocation_receipt_queue5-mutant/src/runtime/src/Base/GcLog.h:217:45: warning: format string is not a string literal [-Wformat-nonliteral]
        int n = vsnprintf(buf, sizeof(buf), format, args);
                                            ^~~~~~
1 warning generated.
[ 10%] Building CXX object src/Base/CMakeFiles/Base.dir/SysCall.cpp.o
[ 11%] Building CXX object src/Base/CMakeFiles/Base.dir/CString.cpp.o
[ 11%] Building CXX object src/Base/CMakeFiles/Base.dir/FixedCString.cpp.o
[ 12%] Building C object third_party/third_party_bounds_checking_function/CMakeFiles/boundscheck.dir/src/secureprintoutput_a.c.o
[ 12%] Building CXX object src/Base/CMakeFiles/Base.dir/TimeUtils.cpp.o
[ 14%] Building CXX object src/Base/CMakeFiles/Base.dir/LogFile.cpp.o
[ 14%] Building CXX object src/Base/CMakeFiles/Base.dir/MemUtils.cpp.o
[ 14%] Building C object third_party/third_party_bounds_checking_function/CMakeFiles/boundscheck.dir/src/secureprintoutput_w.c.o
[ 14%] Building CXX object src/Base/CMakeFiles/Base.dir/ZStat.cpp.o
[ 14%] Building C object third_party/third_party_bounds_checking_function/CMakeFiles/boundscheck.dir/src/snprintf_s.c.o
[ 15%] Building C object third_party/third_party_bounds_checking_function/CMakeFiles/boundscheck.dir/src/sprintf_s.c.o
In file included from /root/cj_build/impl_relocation_receipt_queue5-mutant/src/runtime/src/Base/LogFile.cpp:10:
/root/cj_build/impl_relocation_receipt_queue5-mutant/src/runtime/src/Base/GcLog.h:217:45: warning: format string is not a string literal [-Wformat-nonliteral]
        int n = vsnprintf(buf, sizeof(buf), format, args);
                                            ^~~~~~
/root/cj_build/impl_relocation_receipt_queue5-mutant/src/runtime/src/Base/LogFile.cpp:159:61: warning: format string is not a string literal [-Wformat-nonliteral]
        int ret = vsnprintf(buf + index, remainingCapacity, format, args);
                                                            ^~~~~~
2 warnings generated.
[ 15%] Building C object third_party/third_party_bounds_checking_function/CMakeFiles/boundscheck.dir/src/sscanf_s.c.o
[ 16%] Building C object third_party/third_party_bounds_checking_function/CMakeFiles/boundscheck.dir/src/strcpy_s.c.o
[ 16%] Building C object third_party/third_party_bounds_checking_function/CMakeFiles/boundscheck.dir/src/strcat_s.c.o
[ 16%] Building C object third_party/third_party_bounds_checking_function/CMakeFiles/boundscheck.dir/src/strncat_s.c.o
[ 17%] Building C object third_party/third_party_bounds_checking_function/CMakeFiles/boundscheck.dir/src/strncpy_s.c.o
[ 17%] Building C object third_party/third_party_bounds_checking_function/CMakeFiles/boundscheck.dir/src/strtok_s.c.o
[ 17%] Building CXX object src/Common/CMakeFiles/Common.dir/PageCache.cpp.o
[ 17%] Building C object third_party/third_party_bounds_checking_function/CMakeFiles/boundscheck.dir/src/swprintf_s.c.o
[ 18%] Building C object third_party/third_party_bounds_checking_function/CMakeFiles/boundscheck.dir/src/swscanf_s.c.o
[ 20%] Linking CXX static library ../../../output/temp/ar/x86_64_Release/libBase.a
[ 20%] Building C object third_party/third_party_bounds_checking_function/CMakeFiles/boundscheck.dir/src/vfscanf_s.c.o
[ 20%] Building CXX object src/Loader/CMakeFiles/Loader.dir/ILoader.cpp.o
[ 20%] Built target Base
[ 20%] Building CXX object src/Loader/BinaryFile/CMakeFiles/BinaryFile.dir/BaseFile.cpp.o
[ 21%] Building C object third_party/third_party_bounds_checking_function/CMakeFiles/boundscheck.dir/src/vfwscanf_s.c.o
[ 21%] Building C object third_party/third_party_bounds_checking_function/CMakeFiles/boundscheck.dir/src/vscanf_s.c.o
In file included from /root/cj_build/impl_relocation_receipt_queue5-mutant/src/runtime/src/Concurrency/Concurrency.cpp:8:
In file included from /root/cj_build/impl_relocation_receipt_queue5-mutant/src/runtime/src/Concurrency/Concurrency.h:16:
In file included from /root/cj_build/impl_relocation_receipt_queue5-mutant/src/runtime/src/Concurrency/ConcurrencyModel.h:17:
In file included from /root/cj_build/impl_relocation_receipt_queue5-mutant/src/runtime/src/Mutator/Mutator.h:16:
In file included from /root/cj_build/impl_relocation_receipt_queue5-mutant/src/runtime/src/Heap/Allocator/Allocator.h:11:
In file included from /root/cj_build/impl_relocation_receipt_queue5-mutant/src/runtime/src/Heap/Allocator/AllocBufferManager.h:15:
In file included from /root/cj_build/impl_relocation_receipt_queue5-mutant/src/runtime/src/Heap/Allocator/AllocBuffer.h:16:
In file included from /root/cj_build/impl_relocation_receipt_queue5-mutant/src/runtime/src/Heap/Allocator/RegionList.h:11:
In file included from /root/cj_build/impl_relocation_receipt_queue5-mutant/src/runtime/src/Heap/Allocator/RegionInfo.h:41:
/root/cj_build/impl_relocation_receipt_queue5-mutant/src/runtime/src/Heap/Verify/AllocPhaseDiag.h:57:1: warning: inline variables are a C++17 extension [-Wc++17-extensions]
inline Slot g_table[kCap] = {};
^
/root/cj_build/impl_relocation_receipt_queue5-mutant/src/runtime/src/Heap/Verify/AllocPhaseDiag.h:58:1: warning: inline variables are a C++17 extension [-Wc++17-extensions]
inline NearEntry g_near[kNearCap] = {};
^
In file included from /root/cj_build/impl_relocation_receipt_queue5-mutant/src/runtime/src/Concurrency/Concurrency.cpp:8:
In file included from /root/cj_build/impl_relocation_receipt_queue5-mutant/src/runtime/src/Concurrency/Concurrency.h:16:
In file included from /root/cj_build/impl_relocation_receipt_queue5-mutant/src/runtime/src/Concurrency/ConcurrencyModel.h:17:
In file included from /root/cj_build/impl_relocation_receipt_queue5-mutant/src/runtime/src/Mutator/Mutator.h:16:
In file included from /root/cj_build/impl_relocation_receipt_queue5-mutant/src/runtime/src/Heap/Allocator/Allocator.h:11:
In file included from /root/cj_build/impl_relocation_receipt_queue5-mutant/src/runtime/src/Heap/Allocator/AllocBufferManager.h:15:
In file included from /root/cj_build/impl_relocation_receipt_queue5-mutant/src/runtime/src/Heap/Allocator/AllocBuffer.h:16:
In file included from /root/cj_build/impl_relocation_receipt_queue5-mutant/src/runtime/src/Heap/Allocator/RegionList.h:11:
In file included from /root/cj_build/impl_relocation_receipt_queue5-mutant/src/runtime/src/Heap/Allocator/RegionInfo.h:43:
/root/cj_build/impl_relocation_receipt_queue5-mutant/src/runtime/src/Heap/Verify/NullRouteCaller.h:34:1: warning: inline variables are a C++17 extension [-Wc++17-extensions]
inline thread_local const char* g_tag = nullptr;
^
/root/cj_build/impl_relocation_receipt_queue5-mutant/src/runtime/src/Heap/Verify/NullRouteCaller.h:35:1: warning: inline variables are a C++17 extension [-Wc++17-extensions]
inline thread_local const char* g_edgeSrc = nullptr;
^
/root/cj_build/impl_relocation_receipt_queue5-mutant/src/runtime/src/Heap/Verify/NullRouteCaller.h:36:1: warning: inline variables are a C++17 extension [-Wc++17-extensions]
inline thread_local uintptr_t g_slot = 0;
^
/root/cj_build/impl_relocation_receipt_queue5-mutant/src/runtime/src/Heap/Verify/NullRouteCaller.h:37:1: warning: inline variables are a C++17 extension [-Wc++17-extensions]
inline thread_local void* g_host = nullptr;
^
In file included from /root/cj_build/impl_relocation_receipt_queue5-mutant/src/runtime/src/Concurrency/Concurrency.cpp:8:
In file included from /root/cj_build/impl_relocation_receipt_queue5-mutant/src/runtime/src/Concurrency/Concurrency.h:16:
In file included from /root/cj_build/impl_relocation_receipt_queue5-mutant/src/runtime/src/Concurrency/ConcurrencyModel.h:17:
In file included from /root/cj_build/impl_relocation_receipt_queue5-mutant/src/runtime/src/Mutator/Mutator.h:16:
In file included from /root/cj_build/impl_relocation_receipt_queue5-mutant/src/runtime/src/Heap/Allocator/Allocator.h:11:
In file included from /root/cj_build/impl_relocation_receipt_queue5-mutant/src/runtime/src/Heap/Allocator/AllocBufferManager.h:15:
In file included from /root/cj_build/impl_relocation_receipt_queue5-mutant/src/runtime/src/Heap/Allocator/AllocBuffer.h:16:
In file included from /root/cj_build/impl_relocation_receipt_queue5-mutant/src/runtime/src/Heap/Allocator/RegionList.h:11:
In file included from /root/cj_build/impl_relocation_receipt_queue5-mutant/src/runtime/src/Heap/Allocator/RegionInfo.h:53:
/root/cj_build/impl_relocation_receipt_queue5-mutant/src/runtime/src/Heap/Verify/MutatorRelocate.h:102:8: warning: constexpr if is a C++17 extension [-Wc++17-extensions]
    if constexpr (kWaitRegionPublish) {
       ^
7 warnings generated.
[ 21%] Linking CXX static library ../../../output/temp/ar/x86_64_Release/libConcurrency.a
[ 21%] Building C object third_party/third_party_bounds_checking_function/CMakeFiles/boundscheck.dir/src/vsnprintf_s.c.o
[ 21%] Built target Concurrency
[ 22%] Building C object third_party/third_party_bounds_checking_function/CMakeFiles/boundscheck.dir/src/vsprintf_s.c.o
[ 22%] Building CXX object src/Loader/BinaryFile/CjFile/CMakeFiles/CjFile.dir/CjFile.cpp.o
[ 22%] Building C object third_party/third_party_bounds_checking_function/CMakeFiles/boundscheck.dir/src/vsscanf_s.c.o
[ 22%] Building C object third_party/third_party_bounds_checking_function/CMakeFiles/boundscheck.dir/src/vswprintf_s.c.o
In file included from /root/cj_build/impl_relocation_receipt_queue5-mutant/src/runtime/src/Common/BaseObject.cpp:12:
In file included from /root/cj_build/impl_relocation_receipt_queue5-mutant/src/runtime/src/Heap/Allocator/RegionInfo.h:41:
/root/cj_build/impl_relocation_receipt_queue5-mutant/src/runtime/src/Heap/Verify/AllocPhaseDiag.h:57:1: warning: inline variables are a C++17 extension [-Wc++17-extensions]
inline Slot g_table[kCap] = {};
^
/root/cj_build/impl_relocation_receipt_queue5-mutant/src/runtime/src/Heap/Verify/AllocPhaseDiag.h:58:1: warning: inline variables are a C++17 extension [-Wc++17-extensions]
inline NearEntry g_near[kNearCap] = {};
^
In file included from /root/cj_build/impl_relocation_receipt_queue5-mutant/src/runtime/src/Common/BaseObject.cpp:12:
In file included from /root/cj_build/impl_relocation_receipt_queue5-mutant/src/runtime/src/Heap/Allocator/RegionInfo.h:43:
/root/cj_build/impl_relocation_receipt_queue5-mutant/src/runtime/src/Heap/Verify/NullRouteCaller.h:34:1: warning: inline variables are a C++17 extension [-Wc++17-extensions]
inline thread_local const char* g_tag = nullptr;
^
/root/cj_build/impl_relocation_receipt_queue5-mutant/src/runtime/src/Heap/Verify/NullRouteCaller.h:35:1: warning: inline variables are a C++17 extension [-Wc++17-extensions]
inline thread_local const char* g_edgeSrc = nullptr;
^
/root/cj_build/impl_relocation_receipt_queue5-mutant/src/runtime/src/Heap/Verify/NullRouteCaller.h:36:1: warning: inline variables are a C++17 extension [-Wc++17-extensions]
inline thread_local uintptr_t g_slot = 0;
^
/root/cj_build/impl_relocation_receipt_queue5-mutant/src/runtime/src/Heap/Verify/NullRouteCaller.h:37:1: warning: inline variables are a C++17 extension [-Wc++17-extensions]
inline thread_local void* g_host = nullptr;
^
In file included from /root/cj_build/impl_relocation_receipt_queue5-mutant/src/runtime/src/Common/BaseObject.cpp:12:
In file included from /root/cj_build/impl_relocation_receipt_queue5-mutant/src/runtime/src/Heap/Allocator/RegionInfo.h:53:
/root/cj_build/impl_relocation_receipt_queue5-mutant/src/runtime/src/Heap/Verify/MutatorRelocate.h:102:8: warning: constexpr if is a C++17 extension [-Wc++17-extensions]
    if constexpr (kWaitRegionPublish) {
       ^
In file included from /root/cj_build/impl_relocation_receipt_queue5-mutant/src/runtime/src/Common/BaseObject.cpp:17:
In file included from /root/cj_build/impl_relocation_receipt_queue5-mutant/src/runtime/src/ObjectModel/MArray.inline.h:16:
In file included from /root/cj_build/impl_relocation_receipt_queue5-mutant/src/runtime/src/HeapManager.inline.h:15:
In file included from /root/cj_build/impl_relocation_receipt_queue5-mutant/src/runtime/src/Mutator/MutatorManager.h:17:
/root/cj_build/impl_relocation_receipt_queue5-mutant/src/runtime/src/Base/GcLog.h:217:45: warning: format string is not a string literal [-Wformat-nonliteral]
        int n = vsnprintf(buf, sizeof(buf), format, args);
                                            ^~~~~~
8 warnings generated.
[ 22%] Building CXX object src/Common/CMakeFiles/Common.dir/ThreadCache.cpp.o
[ 23%] Linking CXX static library ../../../../output/temp/ar/x86_64_Release/libBinaryFile.a
[ 24%] Building C object third_party/third_party_bounds_checking_function/CMakeFiles/boundscheck.dir/src/vswscanf_s.c.o
In file included from /root/cj_build/impl_relocation_receipt_queue5-mutant/src/runtime/src/Concurrency/CJThreadModel/CJThreadModel.cpp:8:
In file included from /root/cj_build/impl_relocation_receipt_queue5-mutant/src/runtime/src/Concurrency/CJThreadModel/CJThreadModel.h:16:
In file included from /root/cj_build/impl_relocation_receipt_queue5-mutant/src/runtime/src/Concurrency/ConcurrencyModel.h:17:
In file included from /root/cj_build/impl_relocation_receipt_queue5-mutant/src/runtime/src/Mutator/Mutator.h:16:
In file included from /root/cj_build/impl_relocation_receipt_queue5-mutant/src/runtime/src/Heap/Allocator/Allocator.h:11:
In file included from /root/cj_build/impl_relocation_receipt_queue5-mutant/src/runtime/src/Heap/Allocator/AllocBufferManager.h:15:
In file included from /root/cj_build/impl_relocation_receipt_queue5-mutant/src/runtime/src/Heap/Allocator/AllocBuffer.h:16:
In file included from /root/cj_build/impl_relocation_receipt_queue5-mutant/src/runtime/src/Heap/Allocator/RegionList.h:11:
In file included from /root/cj_build/impl_relocation_receipt_queue5-mutant/src/runtime/src/Heap/Allocator/RegionInfo.h:41:
/root/cj_build/impl_relocation_receipt_queue5-mutant/src/runtime/src/Heap/Verify/AllocPhaseDiag.h:57:1: warning: inline variables are a C++17 extension [-Wc++17-extensions]
inline Slot g_table[kCap] = {};
^
/root/cj_build/impl_relocation_receipt_queue5-mutant/src/runtime/src/Heap/Verify/AllocPhaseDiag.h:58:1: warning: inline variables are a C++17 extension [-Wc++17-extensions]
inline NearEntry g_near[kNearCap] = {};
^
In file included from /root/cj_build/impl_relocation_receipt_queue5-mutant/src/runtime/src/Concurrency/CJThreadModel/CJThreadModel.cpp:8:
In file included from /root/cj_build/impl_relocation_receipt_queue5-mutant/src/runtime/src/Concurrency/CJThreadModel/CJThreadModel.h:16:
In file included from /root/cj_build/impl_relocation_receipt_queue5-mutant/src/runtime/src/Concurrency/ConcurrencyModel.h:17:
In file included from /root/cj_build/impl_relocation_receipt_queue5-mutant/src/runtime/src/Mutator/Mutator.h:16:
In file included from /root/cj_build/impl_relocation_receipt_queue5-mutant/src/runtime/src/Heap/Allocator/Allocator.h:11:
In file included from /root/cj_build/impl_relocation_receipt_queue5-mutant/src/runtime/src/Heap/Allocator/AllocBufferManager.h:15:
In file included from /root/cj_build/impl_relocation_receipt_queue5-mutant/src/runtime/src/Heap/Allocator/AllocBuffer.h:16:
In file included from /root/cj_build/impl_relocation_receipt_queue5-mutant/src/runtime/src/Heap/Allocator/RegionList.h:11:
In file included from /root/cj_build/impl_relocation_receipt_queue5-mutant/src/runtime/src/Heap/Allocator/RegionInfo.h:43:
/root/cj_build/impl_relocation_receipt_queue5-mutant/src/runtime/src/Heap/Verify/NullRouteCaller.h:34:1: warning: inline variables are a C++17 extension [-Wc++17-extensions]
inline thread_local const char* g_tag = nullptr;
^
/root/cj_build/impl_relocation_receipt_queue5-mutant/src/runtime/src/Heap/Verify/NullRouteCaller.h:35:1: warning: inline variables are a C++17 extension [-Wc++17-extensions]
inline thread_local const char* g_edgeSrc = nullptr;
^
/root/cj_build/impl_relocation_receipt_queue5-mutant/src/runtime/src/Heap/Verify/NullRouteCaller.h:36:1: warning: inline variables are a C++17 extension [-Wc++17-extensions]
inline thread_local uintptr_t g_slot = 0;
^
/root/cj_build/impl_relocation_receipt_queue5-mutant/src/runtime/src/Heap/Verify/NullRouteCaller.h:37:1: warning: inline variables are a C++17 extension [-Wc++17-extensions]
inline thread_local void* g_host = nullptr;
^
In file included from /root/cj_build/impl_relocation_receipt_queue5-mutant/src/runtime/src/Concurrency/CJThreadModel/CJThreadModel.cpp:8:
In file included from /root/cj_build/impl_relocation_receipt_queue5-mutant/src/runtime/src/Concurrency/CJThreadModel/CJThreadModel.h:16:
In file included from /root/cj_build/impl_relocation_receipt_queue5-mutant/src/runtime/src/Concurrency/ConcurrencyModel.h:17:
In file included from /root/cj_build/impl_relocation_receipt_queue5-mutant/src/runtime/src/Mutator/Mutator.h:16:
In file included from /root/cj_build/impl_relocation_receipt_queue5-mutant/src/runtime/src/Heap/Allocator/Allocator.h:11:
In file included from /root/cj_build/impl_relocation_receipt_queue5-mutant/src/runtime/src/Heap/Allocator/AllocBufferManager.h:15:
In file included from /root/cj_build/impl_relocation_receipt_queue5-mutant/src/runtime/src/Heap/Allocator/AllocBuffer.h:16:
In file included from /root/cj_build/impl_relocation_receipt_queue5-mutant/src/runtime/src/Heap/Allocator/RegionList.h:11:
In file included from /root/cj_build/impl_relocation_receipt_queue5-mutant/src/runtime/src/Heap/Allocator/RegionInfo.h:53:
/root/cj_build/impl_relocation_receipt_queue5-mutant/src/runtime/src/Heap/Verify/MutatorRelocate.h:102:8: warning: constexpr if is a C++17 extension [-Wc++17-extensions]
    if constexpr (kWaitRegionPublish) {
       ^
In file included from /root/cj_build/impl_relocation_receipt_queue5-mutant/src/runtime/src/Concurrency/CJThreadModel/CJThreadModel.cpp:18:
In file included from /root/cj_build/impl_relocation_receipt_queue5-mutant/src/runtime/src/Mutator/MutatorManager.h:17:
/root/cj_build/impl_relocation_receipt_queue5-mutant/src/runtime/src/Base/GcLog.h:217:45: warning: format string is not a string literal [-Wformat-nonliteral]
        int n = vsnprintf(buf, sizeof(buf), format, args);
                                            ^~~~~~
8 warnings generated.
[ 24%] Built target cjthreadmodel
[ 25%] Building CXX object src/Loader/CjFileLoader/CMakeFiles/CjFileLoader.dir/CjFileLoader.cpp.o
[ 27%] Building CXX object src/Common/CMakeFiles/Common.dir/CentralCache.cpp.o
[ 28%] Linking CXX static library ../../../output/temp/ar/x86_64_Release/libLoader.a
[ 28%] Built target BinaryFile
[ 28%] Building CXX object src/Common/CMakeFiles/Common.dir/NativeAllocator.cpp.o
[ 28%] Building C object third_party/third_party_bounds_checking_function/CMakeFiles/boundscheck.dir/src/vwscanf_s.c.o
[ 28%] Built target Loader
[ 29%] Building C object third_party/third_party_bounds_checking_function/CMakeFiles/boundscheck.dir/src/wcscat_s.c.o
[ 30%] Building CXX object src/Loader/CjSemanticVersion/CMakeFiles/CjSemanticVersion.dir/CjSemanticVersion.cpp.o
[ 30%] Building C object third_party/third_party_bounds_checking_function/CMakeFiles/boundscheck.dir/src/wcscpy_s.c.o
[ 30%] Building C object third_party/third_party_bounds_checking_function/CMakeFiles/boundscheck.dir/src/wcsncat_s.c.o
[ 31%] Building C object third_party/third_party_bounds_checking_function/CMakeFiles/boundscheck.dir/src/wcsncpy_s.c.o
[ 31%] Linking CXX static library ../../../../../output/temp/ar/x86_64_Release/libCjFile.a
[ 31%] Building C object third_party/third_party_bounds_checking_function/CMakeFiles/boundscheck.dir/src/wcstok_s.c.o
[ 31%] Linking CXX static library ../../../../output/temp/ar/x86_64_Release/libCjSemanticVersion.a
[ 31%] Built target CjFile
[ 32%] Building C object third_party/third_party_bounds_checking_function/CMakeFiles/boundscheck.dir/src/wmemcpy_s.c.o
[ 34%] Building CXX object src/Inspector/CMakeFiles/Inspector.dir/CjHeapData.cpp.o
[ 34%] Built target CjSemanticVersion
Scanning dependencies of target Exception
[ 34%] Building C object third_party/third_party_bounds_checking_function/CMakeFiles/boundscheck.dir/src/wmemmove_s.c.o
[ 35%] Building CXX object src/Exception/CMakeFiles/Exception.dir/Exception.cpp.o
[ 36%] Building CXX object src/Heap/CMakeFiles/Heap.dir/Heap.cpp.o
[ 36%] Building C object third_party/third_party_bounds_checking_function/CMakeFiles/boundscheck.dir/src/wscanf_s.c.o
[ 36%] Building CXX object src/Heap/CMakeFiles/Heap.dir/GcThreadPool.cpp.o
[ 36%] Linking CXX static library ../../../output/temp/ar/x86_64_Release/libCommon.a
[ 37%] Linking C shared library ../../../output/temp/lib/x86_64_Release/libboundscheck.so
[ 37%] Built target Common
[ 37%] Built target boundscheck
[ 37%] Building CXX object src/Heap/Allocator/CMakeFiles/Allocator.dir/Allocator.cpp.o
[ 37%] Building CXX object src/Heap/Barrier/CMakeFiles/Barrier.dir/Barrier.cpp.o
In file included from /root/cj_build/impl_relocation_receipt_queue5-mutant/src/runtime/src/Exception/Exception.cpp:8:
In file included from /root/cj_build/impl_relocation_receipt_queue5-mutant/src/runtime/src/Mutator/Mutator.h:16:
In file included from /root/cj_build/impl_relocation_receipt_queue5-mutant/src/runtime/src/Heap/Allocator/Allocator.h:11:
In file included from /root/cj_build/impl_relocation_receipt_queue5-mutant/src/runtime/src/Heap/Allocator/AllocBufferManager.h:15:
In file included from /root/cj_build/impl_relocation_receipt_queue5-mutant/src/runtime/src/Heap/Allocator/AllocBuffer.h:16:
In file included from /root/cj_build/impl_relocation_receipt_queue5-mutant/src/runtime/src/Heap/Allocator/RegionList.h:11:
In file included from /root/cj_build/impl_relocation_receipt_queue5-mutant/src/runtime/src/Heap/Allocator/RegionInfo.h:41:
/root/cj_build/impl_relocation_receipt_queue5-mutant/src/runtime/src/Heap/Verify/AllocPhaseDiag.h:57:1: warning: inline variables are a C++17 extension [-Wc++17-extensions]
inline Slot g_table[kCap] = {};
^
/root/cj_build/impl_relocation_receipt_queue5-mutant/src/runtime/src/Heap/Verify/AllocPhaseDiag.h:58:1: warning: inline variables are a C++17 extension [-Wc++17-extensions]
inline NearEntry g_near[kNearCap] = {};
^
In file included from /root/cj_build/impl_relocation_receipt_queue5-mutant/src/runtime/src/Exception/Exception.cpp:8:
In file included from /root/cj_build/impl_relocation_receipt_queue5-mutant/src/runtime/src/Mutator/Mutator.h:16:
In file included from /root/cj_build/impl_relocation_receipt_queue5-mutant/src/runtime/src/Heap/Allocator/Allocator.h:11:
In file included from /root/cj_build/impl_relocation_receipt_queue5-mutant/src/runtime/src/Heap/Allocator/AllocBufferManager.h:15:
In file included from /root/cj_build/impl_relocation_receipt_queue5-mutant/src/runtime/src/Heap/Allocator/AllocBuffer.h:16:
In file included from /root/cj_build/impl_relocation_receipt_queue5-mutant/src/runtime/src/Heap/Allocator/RegionList.h:11:
In file included from /root/cj_build/impl_relocation_receipt_queue5-mutant/src/runtime/src/Heap/Allocator/RegionInfo.h:43:
/root/cj_build/impl_relocation_receipt_queue5-mutant/src/runtime/src/Heap/Verify/NullRouteCaller.h:34:1: warning: inline variables are a C++17 extension [-Wc++17-extensions]
inline thread_local const char* g_tag = nullptr;
^
/root/cj_build/impl_relocation_receipt_queue5-mutant/src/runtime/src/Heap/Verify/NullRouteCaller.h:35:1: warning: inline variables are a C++17 extension [-Wc++17-extensions]
inline thread_local const char* g_edgeSrc = nullptr;
^
/root/cj_build/impl_relocation_receipt_queue5-mutant/src/runtime/src/Heap/Verify/NullRouteCaller.h:36:1: warning: inline variables are a C++17 extension [-Wc++17-extensions]
inline thread_local uintptr_t g_slot = 0;
^
/root/cj_build/impl_relocation_receipt_queue5-mutant/src/runtime/src/Heap/Verify/NullRouteCaller.h:37:1: warning: inline variables are a C++17 extension [-Wc++17-extensions]
inline thread_local void* g_host = nullptr;
^
In file included from /root/cj_build/impl_relocation_receipt_queue5-mutant/src/runtime/src/Exception/Exception.cpp:8:
In file included from /root/cj_build/impl_relocation_receipt_queue5-mutant/src/runtime/src/Mutator/Mutator.h:16:
In file included from /root/cj_build/impl_relocation_receipt_queue5-mutant/src/runtime/src/Heap/Allocator/Allocator.h:11:
In file included from /root/cj_build/impl_relocation_receipt_queue5-mutant/src/runtime/src/Heap/Allocator/AllocBufferManager.h:15:
In file included from /root/cj_build/impl_relocation_receipt_queue5-mutant/src/runtime/src/Heap/Allocator/AllocBuffer.h:16:
In file included from /root/cj_build/impl_relocation_receipt_queue5-mutant/src/runtime/src/Heap/Allocator/RegionList.h:11:
In file included from /root/cj_build/impl_relocation_receipt_queue5-mutant/src/runtime/src/Heap/Allocator/RegionInfo.h:53:
/root/cj_build/impl_relocation_receipt_queue5-mutant/src/runtime/src/Heap/Verify/MutatorRelocate.h:102:8: warning: constexpr if is a C++17 extension [-Wc++17-extensions]
    if constexpr (kWaitRegionPublish) {
       ^
In file included from /root/cj_build/impl_relocation_receipt_queue5-mutant/src/runtime/src/Exception/Exception.cpp:18:
In file included from /root/cj_build/impl_relocation_receipt_queue5-mutant/src/runtime/src/Mutator/MutatorManager.h:17:
/root/cj_build/impl_relocation_receipt_queue5-mutant/src/runtime/src/Base/GcLog.h:217:45: warning: format string is not a string literal [-Wformat-nonliteral]
        int n = vsnprintf(buf, sizeof(buf), format, args);
                                            ^~~~~~
8 warnings generated.
[ 37%] Building CXX object src/Exception/CMakeFiles/Exception.dir/EhTable.cpp.o
In file included from /root/cj_build/impl_relocation_receipt_queue5-mutant/src/runtime/src/Heap/GcThreadPool.cpp:18:
In file included from /root/cj_build/impl_relocation_receipt_queue5-mutant/src/runtime/src/Mutator/MutatorManager.h:17:
/root/cj_build/impl_relocation_receipt_queue5-mutant/src/runtime/src/Base/GcLog.h:217:45: warning: format string is not a string literal [-Wformat-nonliteral]
        int n = vsnprintf(buf, sizeof(buf), format, args);
                                            ^~~~~~
In file included from /root/cj_build/impl_relocation_receipt_queue5-mutant/src/runtime/src/Heap/GcThreadPool.cpp:18:
In file included from /root/cj_build/impl_relocation_receipt_queue5-mutant/src/runtime/src/Mutator/MutatorManager.h:23:
In file included from /root/cj_build/impl_relocation_receipt_queue5-mutant/src/runtime/src/Mutator/Mutator.h:16:
In file included from /root/cj_build/impl_relocation_receipt_queue5-mutant/src/runtime/src/Heap/Allocator/Allocator.h:11:
In file included from /root/cj_build/impl_relocation_receipt_queue5-mutant/src/runtime/src/Heap/Allocator/AllocBufferManager.h:15:
In file included from /root/cj_build/impl_relocation_receipt_queue5-mutant/src/runtime/src/Heap/Allocator/AllocBuffer.h:16:
In file included from /root/cj_build/impl_relocation_receipt_queue5-mutant/src/runtime/src/Heap/Allocator/RegionList.h:11:
In file included from /root/cj_build/impl_relocation_receipt_queue5-mutant/src/runtime/src/Heap/Allocator/RegionInfo.h:41:
/root/cj_build/impl_relocation_receipt_queue5-mutant/src/runtime/src/Heap/Verify/AllocPhaseDiag.h:57:1: warning: inline variables are a C++17 extension [-Wc++17-extensions]
inline Slot g_table[kCap] = {};
^
/root/cj_build/impl_relocation_receipt_queue5-mutant/src/runtime/src/Heap/Verify/AllocPhaseDiag.h:58:1: warning: inline variables are a C++17 extension [-Wc++17-extensions]
inline NearEntry g_near[kNearCap] = {};
^
In file included from /root/cj_build/impl_relocation_receipt_queue5-mutant/src/runtime/src/Heap/GcThreadPool.cpp:18:
In file included from /root/cj_build/impl_relocation_receipt_queue5-mutant/src/runtime/src/Mutator/MutatorManager.h:23:
In file included from /root/cj_build/impl_relocation_receipt_queue5-mutant/src/runtime/src/Mutator/Mutator.h:16:
In file included from /root/cj_build/impl_relocation_receipt_queue5-mutant/src/runtime/src/Heap/Allocator/Allocator.h:11:
In file included from /root/cj_build/impl_relocation_receipt_queue5-mutant/src/runtime/src/Heap/Allocator/AllocBufferManager.h:15:
In file included from /root/cj_build/impl_relocation_receipt_queue5-mutant/src/runtime/src/Heap/Allocator/AllocBuffer.h:16:
In file included from /root/cj_build/impl_relocation_receipt_queue5-mutant/src/runtime/src/Heap/Allocator/RegionList.h:11:
In file included from /root/cj_build/impl_relocation_receipt_queue5-mutant/src/runtime/src/Heap/Allocator/RegionInfo.h:43:
/root/cj_build/impl_relocation_receipt_queue5-mutant/src/runtime/src/Heap/Verify/NullRouteCaller.h:34:1: warning: inline variables are a C++17 extension [-Wc++17-extensions]
inline thread_local const char* g_tag = nullptr;
^
/root/cj_build/impl_relocation_receipt_queue5-mutant/src/runtime/src/Heap/Verify/NullRouteCaller.h:35:1: warning: inline variables are a C++17 extension [-Wc++17-extensions]
inline thread_local const char* g_edgeSrc = nullptr;
^
/root/cj_build/impl_relocation_receipt_queue5-mutant/src/runtime/src/Heap/Verify/NullRouteCaller.h:36:1: warning: inline variables are a C++17 extension [-Wc++17-extensions]
inline thread_local uintptr_t g_slot = 0;
^
/root/cj_build/impl_relocation_receipt_queue5-mutant/src/runtime/src/Heap/Verify/NullRouteCaller.h:37:1: warning: inline variables are a C++17 extension [-Wc++17-extensions]
inline thread_local void* g_host = nullptr;
^
In file included from /root/cj_build/impl_relocation_receipt_queue5-mutant/src/runtime/src/Heap/GcThreadPool.cpp:18:
In file included from /root/cj_build/impl_relocation_receipt_queue5-mutant/src/runtime/src/Mutator/MutatorManager.h:23:
In file included from /root/cj_build/impl_relocation_receipt_queue5-mutant/src/runtime/src/Mutator/Mutator.h:16:
In file included from /root/cj_build/impl_relocation_receipt_queue5-mutant/src/runtime/src/Heap/Allocator/Allocator.h:11:
In file included from /root/cj_build/impl_relocation_receipt_queue5-mutant/src/runtime/src/Heap/Allocator/AllocBufferManager.h:15:
In file included from /root/cj_build/impl_relocation_receipt_queue5-mutant/src/runtime/src/Heap/Allocator/AllocBuffer.h:16:
In file included from /root/cj_build/impl_relocation_receipt_queue5-mutant/src/runtime/src/Heap/Allocator/RegionList.h:11:
In file included from /root/cj_build/impl_relocation_receipt_queue5-mutant/src/runtime/src/Heap/Allocator/RegionInfo.h:53:
/root/cj_build/impl_relocation_receipt_queue5-mutant/src/runtime/src/Heap/Verify/MutatorRelocate.h:102:8: warning: constexpr if is a C++17 extension [-Wc++17-extensions]
    if constexpr (kWaitRegionPublish) {
       ^
8 warnings generated.
[ 37%] Building CXX object src/Exception/CMakeFiles/Exception.dir/ExceptionCApi.cpp.o
In file included from /root/cj_build/impl_relocation_receipt_queue5-mutant/src/runtime/src/Heap/Allocator/Allocator.cpp:8:
In file included from /root/cj_build/impl_relocation_receipt_queue5-mutant/src/runtime/src/Heap/Allocator/Allocator.h:11:
In file included from /root/cj_build/impl_relocation_receipt_queue5-mutant/src/runtime/src/Heap/Allocator/AllocBufferManager.h:15:
In file included from /root/cj_build/impl_relocation_receipt_queue5-mutant/src/runtime/src/Heap/Allocator/AllocBuffer.h:16:
In file included from /root/cj_build/impl_relocation_receipt_queue5-mutant/src/runtime/src/Heap/Allocator/RegionList.h:11:
In file included from /root/cj_build/impl_relocation_receipt_queue5-mutant/src/runtime/src/Heap/Allocator/RegionInfo.h:41:
/root/cj_build/impl_relocation_receipt_queue5-mutant/src/runtime/src/Heap/Verify/AllocPhaseDiag.h:57:1: warning: inline variables are a C++17 extension [-Wc++17-extensions]
inline Slot g_table[kCap] = {};
^
/root/cj_build/impl_relocation_receipt_queue5-mutant/src/runtime/src/Heap/Verify/AllocPhaseDiag.h:58:1: warning: inline variables are a C++17 extension [-Wc++17-extensions]
inline NearEntry g_near[kNearCap] = {};
^
In file included from /root/cj_build/impl_relocation_receipt_queue5-mutant/src/runtime/src/Heap/Allocator/Allocator.cpp:8:
In file included from /root/cj_build/impl_relocation_receipt_queue5-mutant/src/runtime/src/Heap/Allocator/Allocator.h:11:
In file included from /root/cj_build/impl_relocation_receipt_queue5-mutant/src/runtime/src/Heap/Allocator/AllocBufferManager.h:15:
In file included from /root/cj_build/impl_relocation_receipt_queue5-mutant/src/runtime/src/Heap/Allocator/AllocBuffer.h:16:
In file included from /root/cj_build/impl_relocation_receipt_queue5-mutant/src/runtime/src/Heap/Allocator/RegionList.h:11:
In file included from /root/cj_build/impl_relocation_receipt_queue5-mutant/src/runtime/src/Heap/Allocator/RegionInfo.h:43:
/root/cj_build/impl_relocation_receipt_queue5-mutant/src/runtime/src/Heap/Verify/NullRouteCaller.h:34:1: warning: inline variables are a C++17 extension [-Wc++17-extensions]
inline thread_local const char* g_tag = nullptr;
^
/root/cj_build/impl_relocation_receipt_queue5-mutant/src/runtime/src/Heap/Verify/NullRouteCaller.h:35:1: warning: inline variables are a C++17 extension [-Wc++17-extensions]
inline thread_local const char* g_edgeSrc = nullptr;
^
/root/cj_build/impl_relocation_receipt_queue5-mutant/src/runtime/src/Heap/Verify/NullRouteCaller.h:36:1: warning: inline variables are a C++17 extension [-Wc++17-extensions]
inline thread_local uintptr_t g_slot = 0;
^
/root/cj_build/impl_relocation_receipt_queue5-mutant/src/runtime/src/Heap/Verify/NullRouteCaller.h:37:1: warning: inline variables are a C++17 extension [-Wc++17-extensions]
inline thread_local void* g_host = nullptr;
^
In file included from /root/cj_build/impl_relocation_receipt_queue5-mutant/src/runtime/src/Heap/Allocator/Allocator.cpp:8:
In file included from /root/cj_build/impl_relocation_receipt_queue5-mutant/src/runtime/src/Heap/Allocator/Allocator.h:11:
In file included from /root/cj_build/impl_relocation_receipt_queue5-mutant/src/runtime/src/Heap/Allocator/AllocBufferManager.h:15:
In file included from /root/cj_build/impl_relocation_receipt_queue5-mutant/src/runtime/src/Heap/Allocator/AllocBuffer.h:16:
In file included from /root/cj_build/impl_relocation_receipt_queue5-mutant/src/runtime/src/Heap/Allocator/RegionList.h:11:
In file included from /root/cj_build/impl_relocation_receipt_queue5-mutant/src/runtime/src/Heap/Allocator/RegionInfo.h:53:
/root/cj_build/impl_relocation_receipt_queue5-mutant/src/runtime/src/Heap/Verify/MutatorRelocate.h:102:8: warning: constexpr if is a C++17 extension [-Wc++17-extensions]
    if constexpr (kWaitRegionPublish) {
       ^
In file included from /root/cj_build/impl_relocation_receipt_queue5-mutant/src/runtime/src/Heap/Allocator/Allocator.cpp:15:
In file included from /root/cj_build/impl_relocation_receipt_queue5-mutant/src/runtime/src/Heap/Allocator/RegionSpace.h:22:
In file included from /root/cj_build/impl_relocation_receipt_queue5-mutant/src/runtime/src/Heap/Allocator/RegionManager.h:25:
In file included from /root/cj_build/impl_relocation_receipt_queue5-mutant/src/runtime/src/Heap/Allocator/FreeRegionManager.h:15:
In file included from /root/cj_build/impl_relocation_receipt_queue5-mutant/src/runtime/src/Common/ScopedObjectAccess.h:11:
In file included from /root/cj_build/impl_relocation_receipt_queue5-mutant/src/runtime/src/Mutator/Mutator.inline.h:11:
In file included from /root/cj_build/impl_relocation_receipt_queue5-mutant/src/runtime/src/Mutator/MutatorManager.h:17:
/root/cj_build/impl_relocation_receipt_queue5-mutant/src/runtime/src/Base/GcLog.h:217:45: warning: format string is not a string literal [-Wformat-nonliteral]
        int n = vsnprintf(buf, sizeof(buf), format, args);
                                            ^~~~~~
8 warnings generated.
[ 37%] Building CXX object src/Heap/Allocator/CMakeFiles/Allocator.dir/ForwardingTable.cpp.o
In file included from /root/cj_build/impl_relocation_receipt_queue5-mutant/src/runtime/src/Loader/CjFileLoader/CjFileLoader.cpp:10:
In file included from /root/cj_build/impl_relocation_receipt_queue5-mutant/src/runtime/src/ExceptionManager.inline.h:14:
In file included from /root/cj_build/impl_relocation_receipt_queue5-mutant/src/runtime/src/Mutator/Mutator.h:16:
In file included from /root/cj_build/impl_relocation_receipt_queue5-mutant/src/runtime/src/Heap/Allocator/Allocator.h:11:
In file included from /root/cj_build/impl_relocation_receipt_queue5-mutant/src/runtime/src/Heap/Allocator/AllocBufferManager.h:15:
In file included from /root/cj_build/impl_relocation_receipt_queue5-mutant/src/runtime/src/Heap/Allocator/AllocBuffer.h:16:
In file included from /root/cj_build/impl_relocation_receipt_queue5-mutant/src/runtime/src/Heap/Allocator/RegionList.h:11:
In file included from /root/cj_build/impl_relocation_receipt_queue5-mutant/src/runtime/src/Heap/Allocator/RegionInfo.h:41:
/root/cj_build/impl_relocation_receipt_queue5-mutant/src/runtime/src/Heap/Verify/AllocPhaseDiag.h:57:1: warning: inline variables are a C++17 extension [-Wc++17-extensions]
inline Slot g_table[kCap] = {};
^
/root/cj_build/impl_relocation_receipt_queue5-mutant/src/runtime/src/Heap/Verify/AllocPhaseDiag.h:58:1: warning: inline variables are a C++17 extension [-Wc++17-extensions]
inline NearEntry g_near[kNearCap] = {};
^
In file included from /root/cj_build/impl_relocation_receipt_queue5-mutant/src/runtime/src/Loader/CjFileLoader/CjFileLoader.cpp:10:
In file included from /root/cj_build/impl_relocation_receipt_queue5-mutant/src/runtime/src/ExceptionManager.inline.h:14:
In file included from /root/cj_build/impl_relocation_receipt_queue5-mutant/src/runtime/src/Mutator/Mutator.h:16:
In file included from /root/cj_build/impl_relocation_receipt_queue5-mutant/src/runtime/src/Heap/Allocator/Allocator.h:11:
In file included from /root/cj_build/impl_relocation_receipt_queue5-mutant/src/runtime/src/Heap/Allocator/AllocBufferManager.h:15:
In file included from /root/cj_build/impl_relocation_receipt_queue5-mutant/src/runtime/src/Heap/Allocator/AllocBuffer.h:16:
In file included from /root/cj_build/impl_relocation_receipt_queue5-mutant/src/runtime/src/Heap/Allocator/RegionList.h:11:
In file included from /root/cj_build/impl_relocation_receipt_queue5-mutant/src/runtime/src/Heap/Allocator/RegionInfo.h:43:
/root/cj_build/impl_relocation_receipt_queue5-mutant/src/runtime/src/Heap/Verify/NullRouteCaller.h:34:1: warning: inline variables are a C++17 extension [-Wc++17-extensions]
inline thread_local const char* g_tag = nullptr;
^
/root/cj_build/impl_relocation_receipt_queue5-mutant/src/runtime/src/Heap/Verify/NullRouteCaller.h:35:1: warning: inline variables are a C++17 extension [-Wc++17-extensions]
inline thread_local const char* g_edgeSrc = nullptr;
^
/root/cj_build/impl_relocation_receipt_queue5-mutant/src/runtime/src/Heap/Verify/NullRouteCaller.h:36:1: warning: inline variables are a C++17 extension [-Wc++17-extensions]
inline thread_local uintptr_t g_slot = 0;
^
/root/cj_build/impl_relocation_receipt_queue5-mutant/src/runtime/src/Heap/Verify/NullRouteCaller.h:37:1: warning: inline variables are a C++17 extension [-Wc++17-extensions]
inline thread_local void* g_host = nullptr;
^
In file included from /root/cj_build/impl_relocation_receipt_queue5-mutant/src/runtime/src/Loader/CjFileLoader/CjFileLoader.cpp:10:
In file included from /root/cj_build/impl_relocation_receipt_queue5-mutant/src/runtime/src/ExceptionManager.inline.h:14:
In file included from /root/cj_build/impl_relocation_receipt_queue5-mutant/src/runtime/src/Mutator/Mutator.h:16:
In file included from /root/cj_build/impl_relocation_receipt_queue5-mutant/src/runtime/src/Heap/Allocator/Allocator.h:11:
In file included from /root/cj_build/impl_relocation_receipt_queue5-mutant/src/runtime/src/Heap/Allocator/AllocBufferManager.h:15:
In file included from /root/cj_build/impl_relocation_receipt_queue5-mutant/src/runtime/src/Heap/Allocator/AllocBuffer.h:16:
In file included from /root/cj_build/impl_relocation_receipt_queue5-mutant/src/runtime/src/Heap/Allocator/RegionList.h:11:
In file included from /root/cj_build/impl_relocation_receipt_queue5-mutant/src/runtime/src/Heap/Allocator/RegionInfo.h:53:
/root/cj_build/impl_relocation_receipt_queue5-mutant/src/runtime/src/Heap/Verify/MutatorRelocate.h:102:8: warning: constexpr if is a C++17 extension [-Wc++17-extensions]
    if constexpr (kWaitRegionPublish) {
       ^
In file included from /root/cj_build/impl_relocation_receipt_queue5-mutant/src/runtime/src/Loader/CjFileLoader/CjFileLoader.cpp:10:
In file included from /root/cj_build/impl_relocation_receipt_queue5-mutant/src/runtime/src/ExceptionManager.inline.h:15:
In file included from /root/cj_build/impl_relocation_receipt_queue5-mutant/src/runtime/src/Mutator/MutatorManager.h:17:
/root/cj_build/impl_relocation_receipt_queue5-mutant/src/runtime/src/Base/GcLog.h:217:45: warning: format string is not a string literal [-Wformat-nonliteral]
        int n = vsnprintf(buf, sizeof(buf), format, args);
                                            ^~~~~~
8 warnings generated.
[ 37%] Linking CXX static library ../../../../output/temp/ar/x86_64_Release/libCjFileLoader.a
[ 37%] Built target CjFileLoader
[ 37%] Building CXX object src/Heap/Collector/CMakeFiles/Collector.dir/GcRequest.cpp.o
In file included from /root/cj_build/impl_relocation_receipt_queue5-mutant/src/runtime/src/Heap/Heap.cpp:9:
In file included from /root/cj_build/impl_relocation_receipt_queue5-mutant/src/runtime/src/Heap/Collector/CollectorProxy.h:14:
In file included from /root/cj_build/impl_relocation_receipt_queue5-mutant/src/runtime/src/Heap/WCollector/WCollector.h:22:
In file included from /root/cj_build/impl_relocation_receipt_queue5-mutant/src/runtime/src/Heap/Allocator/RegionSpace.h:19:
In file included from /root/cj_build/impl_relocation_receipt_queue5-mutant/src/runtime/src/Heap/Allocator/Allocator.h:11:
In file included from /root/cj_build/impl_relocation_receipt_queue5-mutant/src/runtime/src/Heap/Allocator/AllocBufferManager.h:15:
In file included from /root/cj_build/impl_relocation_receipt_queue5-mutant/src/runtime/src/Heap/Allocator/AllocBuffer.h:16:
In file included from /root/cj_build/impl_relocation_receipt_queue5-mutant/src/runtime/src/Heap/Allocator/RegionList.h:11:
In file included from /root/cj_build/impl_relocation_receipt_queue5-mutant/src/runtime/src/Heap/Allocator/RegionInfo.h:41:
/root/cj_build/impl_relocation_receipt_queue5-mutant/src/runtime/src/Heap/Verify/AllocPhaseDiag.h:57:1: warning: inline variables are a C++17 extension [-Wc++17-extensions]
inline Slot g_table[kCap] = {};
^
/root/cj_build/impl_relocation_receipt_queue5-mutant/src/runtime/src/Heap/Verify/AllocPhaseDiag.h:58:1: warning: inline variables are a C++17 extension [-Wc++17-extensions]
inline NearEntry g_near[kNearCap] = {};
^
In file included from /root/cj_build/impl_relocation_receipt_queue5-mutant/src/runtime/src/Heap/Heap.cpp:9:
In file included from /root/cj_build/impl_relocation_receipt_queue5-mutant/src/runtime/src/Heap/Collector/CollectorProxy.h:14:
In file included from /root/cj_build/impl_relocation_receipt_queue5-mutant/src/runtime/src/Heap/WCollector/WCollector.h:22:
In file included from /root/cj_build/impl_relocation_receipt_queue5-mutant/src/runtime/src/Heap/Allocator/RegionSpace.h:19:
In file included from /root/cj_build/impl_relocation_receipt_queue5-mutant/src/runtime/src/Heap/Allocator/Allocator.h:11:
In file included from /root/cj_build/impl_relocation_receipt_queue5-mutant/src/runtime/src/Heap/Allocator/AllocBufferManager.h:15:
In file included from /root/cj_build/impl_relocation_receipt_queue5-mutant/src/runtime/src/Heap/Allocator/AllocBuffer.h:16:
In file included from /root/cj_build/impl_relocation_receipt_queue5-mutant/src/runtime/src/Heap/Allocator/RegionList.h:11:
In file included from /root/cj_build/impl_relocation_receipt_queue5-mutant/src/runtime/src/Heap/Allocator/RegionInfo.h:43:
/root/cj_build/impl_relocation_receipt_queue5-mutant/src/runtime/src/Heap/Verify/NullRouteCaller.h:34:1: warning: inline variables are a C++17 extension [-Wc++17-extensions]
inline thread_local const char* g_tag = nullptr;
^
/root/cj_build/impl_relocation_receipt_queue5-mutant/src/runtime/src/Heap/Verify/NullRouteCaller.h:35:1: warning: inline variables are a C++17 extension [-Wc++17-extensions]
inline thread_local const char* g_edgeSrc = nullptr;
^
/root/cj_build/impl_relocation_receipt_queue5-mutant/src/runtime/src/Heap/Verify/NullRouteCaller.h:36:1: warning: inline variables are a C++17 extension [-Wc++17-extensions]
inline thread_local uintptr_t g_slot = 0;
^
/root/cj_build/impl_relocation_receipt_queue5-mutant/src/runtime/src/Heap/Verify/NullRouteCaller.h:37:1: warning: inline variables are a C++17 extension [-Wc++17-extensions]
inline thread_local void* g_host = nullptr;
^
In file included from /root/cj_build/impl_relocation_receipt_queue5-mutant/src/runtime/src/Heap/Heap.cpp:9:
In file included from /root/cj_build/impl_relocation_receipt_queue5-mutant/src/runtime/src/Heap/Collector/CollectorProxy.h:14:
In file included from /root/cj_build/impl_relocation_receipt_queue5-mutant/src/runtime/src/Heap/WCollector/WCollector.h:22:
In file included from /root/cj_build/impl_relocation_receipt_queue5-mutant/src/runtime/src/Heap/Allocator/RegionSpace.h:19:
In file included from /root/cj_build/impl_relocation_receipt_queue5-mutant/src/runtime/src/Heap/Allocator/Allocator.h:11:
In file included from /root/cj_build/impl_relocation_receipt_queue5-mutant/src/runtime/src/Heap/Allocator/AllocBufferManager.h:15:
In file included from /root/cj_build/impl_relocation_receipt_queue5-mutant/src/runtime/src/Heap/Allocator/AllocBuffer.h:16:
In file included from /root/cj_build/impl_relocation_receipt_queue5-mutant/src/runtime/src/Heap/Allocator/RegionList.h:11:
In file included from /root/cj_build/impl_relocation_receipt_queue5-mutant/src/runtime/src/Heap/Allocator/RegionInfo.h:53:
/root/cj_build/impl_relocation_receipt_queue5-mutant/src/runtime/src/Heap/Verify/MutatorRelocate.h:102:8: warning: constexpr if is a C++17 extension [-Wc++17-extensions]
    if constexpr (kWaitRegionPublish) {
       ^
In file included from /root/cj_build/impl_relocation_receipt_queue5-mutant/src/runtime/src/Heap/Heap.cpp:9:
In file included from /root/cj_build/impl_relocation_receipt_queue5-mutant/src/runtime/src/Heap/Collector/CollectorProxy.h:14:
In file included from /root/cj_build/impl_relocation_receipt_queue5-mutant/src/runtime/src/Heap/WCollector/WCollector.h:22:
In file included from /root/cj_build/impl_relocation_receipt_queue5-mutant/src/runtime/src/Heap/Allocator/RegionSpace.h:22:
In file included from /root/cj_build/impl_relocation_receipt_queue5-mutant/src/runtime/src/Heap/Allocator/RegionManager.h:25:
In file included from /root/cj_build/impl_relocation_receipt_queue5-mutant/src/runtime/src/Heap/Allocator/FreeRegionManager.h:15:
In file included from /root/cj_build/impl_relocation_receipt_queue5-mutant/src/runtime/src/Common/ScopedObjectAccess.h:11:
In file included from /root/cj_build/impl_relocation_receipt_queue5-mutant/src/runtime/src/Mutator/Mutator.inline.h:11:
In file included from /root/cj_build/impl_relocation_receipt_queue5-mutant/src/runtime/src/Mutator/MutatorManager.h:17:
/root/cj_build/impl_relocation_receipt_queue5-mutant/src/runtime/src/Base/GcLog.h:217:45: warning: format string is not a string literal [-Wformat-nonliteral]
        int n = vsnprintf(buf, sizeof(buf), format, args);
                                            ^~~~~~
In file included from /root/cj_build/impl_relocation_receipt_queue5-mutant/src/runtime/src/Heap/Heap.cpp:9:
In file included from /root/cj_build/impl_relocation_receipt_queue5-mutant/src/runtime/src/Heap/Collector/CollectorProxy.h:14:
In file included from /root/cj_build/impl_relocation_receipt_queue5-mutant/src/runtime/src/Heap/WCollector/WCollector.h:24:
In file included from /root/cj_build/impl_relocation_receipt_queue5-mutant/src/runtime/src/Heap/Collector/CopyCollector.h:13:
/root/cj_build/impl_relocation_receipt_queue5-mutant/src/runtime/src/Heap/Collector/TracingCollector.h:352:20: warning: unused variable 'objSize' [-Wunused-variable]
            size_t objSize = obj->GetSize();
                   ^
In file included from /root/cj_build/impl_relocation_receipt_queue5-mutant/src/runtime/src/Heap/Heap.cpp:9:
In file included from /root/cj_build/impl_relocation_receipt_queue5-mutant/src/runtime/src/Heap/Collector/CollectorProxy.h:14:
/root/cj_build/impl_relocation_receipt_queue5-mutant/src/runtime/src/Heap/WCollector/WCollector.h:425:12: warning: constexpr if is a C++17 extension [-Wc++17-extensions]
        if constexpr (ForwardingTable::kEntriesSoleWhenArmed) {
           ^
/root/cj_build/impl_relocation_receipt_queue5-mutant/src/runtime/src/Heap/WCollector/WCollector.h:450:12: warning: constexpr if is a C++17 extension [-Wc++17-extensions]
        if constexpr (ForwardingTable::kEntriesSoleWhenArmed) {
           ^
/root/cj_build/impl_relocation_receipt_queue5-mutant/src/runtime/src/Heap/WCollector/WCollector.h:346:38: warning: unused variable 'routeNullCount' [-Wunused-variable]
        static std::atomic<uint64_t> routeNullCount{ 0 };
                                     ^
/root/cj_build/impl_relocation_receipt_queue5-mutant/src/runtime/src/Heap/WCollector/WCollector.h:357:20: warning: unused variable 'funnel' [-Wunused-variable]
        const bool funnel = RemapFunnelOn();
                   ^
/root/cj_build/impl_relocation_receipt_queue5-mutant/src/runtime/src/Heap/WCollector/WCollector.h:343:38: warning: unused variable 'callCount' [-Wunused-variable]
        static std::atomic<uint64_t> callCount{ 0 };
                                     ^
/root/cj_build/impl_relocation_receipt_queue5-mutant/src/runtime/src/Heap/WCollector/WCollector.h:349:38: warning: unused variable 'giveFromCount' [-Wunused-variable]
        static std::atomic<uint64_t> giveFromCount{ 0 };
                                     ^
/root/cj_build/impl_relocation_receipt_queue5-mutant/src/runtime/src/Heap/WCollector/WCollector.h:344:38: warning: unused variable 'nonHeapCount' [-Wunused-variable]
        static std::atomic<uint64_t> nonHeapCount{ 0 };
                                     ^
/root/cj_build/impl_relocation_receipt_queue5-mutant/src/runtime/src/Heap/WCollector/WCollector.h:347:38: warning: unused variable 'receiptCount' [-Wunused-variable]
        static std::atomic<uint64_t> receiptCount{ 0 };
                                     ^
/root/cj_build/impl_relocation_receipt_queue5-mutant/src/runtime/src/Heap/WCollector/WCollector.h:345:38: warning: unused variable 'noGhostCount' [-Wunused-variable]
        static std::atomic<uint64_t> noGhostCount{ 0 };
                                     ^
/root/cj_build/impl_relocation_receipt_queue5-mutant/src/runtime/src/Heap/WCollector/WCollector.h:348:38: warning: unused variable 'waitCount' [-Wunused-variable]
        static std::atomic<uint64_t> waitCount{ 0 };
                                     ^
/root/cj_build/impl_relocation_receipt_queue5-mutant/src/runtime/src/Heap/WCollector/WCollector.h:622:12: warning: constexpr if is a C++17 extension [-Wc++17-extensions]
        if constexpr (ForwardingTable::kEntriesSoleWhenArmed) {
           ^
/root/cj_build/impl_relocation_receipt_queue5-mutant/src/runtime/src/Heap/WCollector/WCollector.h:677:12: warning: constexpr if is a C++17 extension [-Wc++17-extensions]
        if constexpr (ForwardingTable::kConsumeEntries) {
           ^
/root/cj_build/impl_relocation_receipt_queue5-mutant/src/runtime/src/Heap/WCollector/WCollector.h:682:16: warning: constexpr if is a C++17 extension [-Wc++17-extensions]
            if constexpr (ForwardingTable::kEntriesSoleWhenArmed) {
               ^
/root/cj_build/impl_relocation_receipt_queue5-mutant/src/runtime/src/Heap/WCollector/WCollector.h:713:12: warning: constexpr if is a C++17 extension [-Wc++17-extensions]
        if constexpr (ForwardingTable::kConsumeEntries) {
           ^
23 warnings generated.
[ 37%] Linking CXX static library ../../../output/temp/ar/x86_64_Release/libHeap.a
[ 37%] Built target Heap
[ 38%] Building CXX object src/Heap/WCollector/CMakeFiles/WCollector.dir/IdleBarrier.cpp.o
In file included from /root/cj_build/impl_relocation_receipt_queue5-mutant/src/runtime/src/Inspector/CjHeapData.cpp:13:
In file included from /root/cj_build/impl_relocation_receipt_queue5-mutant/src/runtime/src/Common/ScopedObjectAccess.h:11:
In file included from /root/cj_build/impl_relocation_receipt_queue5-mutant/src/runtime/src/Mutator/Mutator.inline.h:11:
In file included from /root/cj_build/impl_relocation_receipt_queue5-mutant/src/runtime/src/Mutator/MutatorManager.h:17:
/root/cj_build/impl_relocation_receipt_queue5-mutant/src/runtime/src/Base/GcLog.h:217:45: warning: format string is not a string literal [-Wformat-nonliteral]
        int n = vsnprintf(buf, sizeof(buf), format, args);
                                            ^~~~~~
In file included from /root/cj_build/impl_relocation_receipt_queue5-mutant/src/runtime/src/Inspector/CjHeapData.cpp:13:
In file included from /root/cj_build/impl_relocation_receipt_queue5-mutant/src/runtime/src/Common/ScopedObjectAccess.h:11:
In file included from /root/cj_build/impl_relocation_receipt_queue5-mutant/src/runtime/src/Mutator/Mutator.inline.h:11:
In file included from /root/cj_build/impl_relocation_receipt_queue5-mutant/src/runtime/src/Mutator/MutatorManager.h:23:
In file included from /root/cj_build/impl_relocation_receipt_queue5-mutant/src/runtime/src/Mutator/Mutator.h:16:
In file included from /root/cj_build/impl_relocation_receipt_queue5-mutant/src/runtime/src/Heap/Allocator/Allocator.h:11:
In file included from /root/cj_build/impl_relocation_receipt_queue5-mutant/src/runtime/src/Heap/Allocator/AllocBufferManager.h:15:
In file included from /root/cj_build/impl_relocation_receipt_queue5-mutant/src/runtime/src/Heap/Allocator/AllocBuffer.h:16:
In file included from /root/cj_build/impl_relocation_receipt_queue5-mutant/src/runtime/src/Heap/Allocator/RegionList.h:11:
In file included from /root/cj_build/impl_relocation_receipt_queue5-mutant/src/runtime/src/Heap/Allocator/RegionInfo.h:41:
/root/cj_build/impl_relocation_receipt_queue5-mutant/src/runtime/src/Heap/Verify/AllocPhaseDiag.h:57:1: warning: inline variables are a C++17 extension [-Wc++17-extensions]
inline Slot g_table[kCap] = {};
^
/root/cj_build/impl_relocation_receipt_queue5-mutant/src/runtime/src/Heap/Verify/AllocPhaseDiag.h:58:1: warning: inline variables are a C++17 extension [-Wc++17-extensions]
inline NearEntry g_near[kNearCap] = {};
^
In file included from /root/cj_build/impl_relocation_receipt_queue5-mutant/src/runtime/src/Inspector/CjHeapData.cpp:13:
In file included from /root/cj_build/impl_relocation_receipt_queue5-mutant/src/runtime/src/Common/ScopedObjectAccess.h:11:
In file included from /root/cj_build/impl_relocation_receipt_queue5-mutant/src/runtime/src/Mutator/Mutator.inline.h:11:
In file included from /root/cj_build/impl_relocation_receipt_queue5-mutant/src/runtime/src/Mutator/MutatorManager.h:23:
In file included from /root/cj_build/impl_relocation_receipt_queue5-mutant/src/runtime/src/Mutator/Mutator.h:16:
In file included from /root/cj_build/impl_relocation_receipt_queue5-mutant/src/runtime/src/Heap/Allocator/Allocator.h:11:
In file included from /root/cj_build/impl_relocation_receipt_queue5-mutant/src/runtime/src/Heap/Allocator/AllocBufferManager.h:15:
In file included from /root/cj_build/impl_relocation_receipt_queue5-mutant/src/runtime/src/Heap/Allocator/AllocBuffer.h:16:
In file included from /root/cj_build/impl_relocation_receipt_queue5-mutant/src/runtime/src/Heap/Allocator/RegionList.h:11:
In file included from /root/cj_build/impl_relocation_receipt_queue5-mutant/src/runtime/src/Heap/Allocator/RegionInfo.h:43:
/root/cj_build/impl_relocation_receipt_queue5-mutant/src/runtime/src/Heap/Verify/NullRouteCaller.h:34:1: warning: inline variables are a C++17 extension [-Wc++17-extensions]
inline thread_local const char* g_tag = nullptr;
^
/root/cj_build/impl_relocation_receipt_queue5-mutant/src/runtime/src/Heap/Verify/NullRouteCaller.h:35:1: warning: inline variables are a C++17 extension [-Wc++17-extensions]
inline thread_local const char* g_edgeSrc = nullptr;
^
/root/cj_build/impl_relocation_receipt_queue5-mutant/src/runtime/src/Heap/Verify/NullRouteCaller.h:36:1: warning: inline variables are a C++17 extension [-Wc++17-extensions]
inline thread_local uintptr_t g_slot = 0;
^
/root/cj_build/impl_relocation_receipt_queue5-mutant/src/runtime/src/Heap/Verify/NullRouteCaller.h:37:1: warning: inline variables are a C++17 extension [-Wc++17-extensions]
inline thread_local void* g_host = nullptr;
^
In file included from /root/cj_build/impl_relocation_receipt_queue5-mutant/src/runtime/src/Inspector/CjHeapData.cpp:13:
In file included from /root/cj_build/impl_relocation_receipt_queue5-mutant/src/runtime/src/Common/ScopedObjectAccess.h:11:
In file included from /root/cj_build/impl_relocation_receipt_queue5-mutant/src/runtime/src/Mutator/Mutator.inline.h:11:
In file included from /root/cj_build/impl_relocation_receipt_queue5-mutant/src/runtime/src/Mutator/MutatorManager.h:23:
In file included from /root/cj_build/impl_relocation_receipt_queue5-mutant/src/runtime/src/Mutator/Mutator.h:16:
In file included from /root/cj_build/impl_relocation_receipt_queue5-mutant/src/runtime/src/Heap/Allocator/Allocator.h:11:
In file included from /root/cj_build/impl_relocation_receipt_queue5-mutant/src/runtime/src/Heap/Allocator/AllocBufferManager.h:15:
In file included from /root/cj_build/impl_relocation_receipt_queue5-mutant/src/runtime/src/Heap/Allocator/AllocBuffer.h:16:
In file included from /root/cj_build/impl_relocation_receipt_queue5-mutant/src/runtime/src/Heap/Allocator/RegionList.h:11:
In file included from /root/cj_build/impl_relocation_receipt_queue5-mutant/src/runtime/src/Heap/Allocator/RegionInfo.h:53:
/root/cj_build/impl_relocation_receipt_queue5-mutant/src/runtime/src/Heap/Verify/MutatorRelocate.h:102:8: warning: constexpr if is a C++17 extension [-Wc++17-extensions]
    if constexpr (kWaitRegionPublish) {
       ^
In file included from /root/cj_build/impl_relocation_receipt_queue5-mutant/src/runtime/src/Inspector/CjHeapData.cpp:15:
/root/cj_build/impl_relocation_receipt_queue5-mutant/src/runtime/src/Heap/Collector/TracingCollector.h:352:20: warning: unused variable 'objSize' [-Wunused-variable]
            size_t objSize = obj->GetSize();
                   ^
9 warnings generated.
[ 38%] Linking CXX static library ../../../output/temp/ar/x86_64_Release/libInspector.a
[ 38%] Built target Inspector
[ 38%] Building CXX object src/Heap/Verify/CMakeFiles/Verify.dir/VerifyRememberedSet.cpp.o
In file included from /root/cj_build/impl_relocation_receipt_queue5-mutant/src/runtime/src/Heap/Collector/GcRequest.cpp:9:
/root/cj_build/impl_relocation_receipt_queue5-mutant/src/runtime/src/Heap/Collector/GcTrigger.h:477:8: warning: constexpr if is a C++17 extension [-Wc++17-extensions]
    if constexpr (kGcTriggerMajorAllocRateEnabled) {
       ^
/root/cj_build/impl_relocation_receipt_queue5-mutant/src/runtime/src/Heap/Collector/GcTrigger.h:496:8: warning: constexpr if is a C++17 extension [-Wc++17-extensions]
    if constexpr (kGcTriggerProactiveEnabled) {
       ^
2 warnings generated.
[ 40%] Building CXX object src/Heap/Collector/CMakeFiles/Collector.dir/GcStats.cpp.o
HEAL_SLOT_GUARD PASS direct_calls=1 escaped=0 enum_sites=72 explicit_uses=87 other=0
[ 40%] Built target check_heal_slot_writes
[ 40%] Building CXX object src/Mutator/CMakeFiles/Mutator.dir/Mutator.cpp.o
In file included from /root/cj_build/impl_relocation_receipt_queue5-mutant/src/runtime/src/Exception/EhTable.cpp:12:
In file included from /root/cj_build/impl_relocation_receipt_queue5-mutant/src/runtime/src/ObjectModel/MObject.inline.h:16:
In file included from /root/cj_build/impl_relocation_receipt_queue5-mutant/src/runtime/src/HeapManager.inline.h:14:
In file included from /root/cj_build/impl_relocation_receipt_queue5-mutant/src/runtime/src/Mutator/Mutator.h:16:
In file included from /root/cj_build/impl_relocation_receipt_queue5-mutant/src/runtime/src/Heap/Allocator/Allocator.h:11:
In file included from /root/cj_build/impl_relocation_receipt_queue5-mutant/src/runtime/src/Heap/Allocator/AllocBufferManager.h:15:
In file included from /root/cj_build/impl_relocation_receipt_queue5-mutant/src/runtime/src/Heap/Allocator/AllocBuffer.h:16:
In file included from /root/cj_build/impl_relocation_receipt_queue5-mutant/src/runtime/src/Heap/Allocator/RegionList.h:11:
In file included from /root/cj_build/impl_relocation_receipt_queue5-mutant/src/runtime/src/Heap/Allocator/RegionInfo.h:41:
/root/cj_build/impl_relocation_receipt_queue5-mutant/src/runtime/src/Heap/Verify/AllocPhaseDiag.h:57:1: warning: inline variables are a C++17 extension [-Wc++17-extensions]
inline Slot g_table[kCap] = {};
^
/root/cj_build/impl_relocation_receipt_queue5-mutant/src/runtime/src/Heap/Verify/AllocPhaseDiag.h:58:1: warning: inline variables are a C++17 extension [-Wc++17-extensions]
inline NearEntry g_near[kNearCap] = {};
^
In file included from /root/cj_build/impl_relocation_receipt_queue5-mutant/src/runtime/src/Exception/EhTable.cpp:12:
In file included from /root/cj_build/impl_relocation_receipt_queue5-mutant/src/runtime/src/ObjectModel/MObject.inline.h:16:
In file included from /root/cj_build/impl_relocation_receipt_queue5-mutant/src/runtime/src/HeapManager.inline.h:14:
In file included from /root/cj_build/impl_relocation_receipt_queue5-mutant/src/runtime/src/Mutator/Mutator.h:16:
In file included from /root/cj_build/impl_relocation_receipt_queue5-mutant/src/runtime/src/Heap/Allocator/Allocator.h:11:
In file included from /root/cj_build/impl_relocation_receipt_queue5-mutant/src/runtime/src/Heap/Allocator/AllocBufferManager.h:15:
In file included from /root/cj_build/impl_relocation_receipt_queue5-mutant/src/runtime/src/Heap/Allocator/AllocBuffer.h:16:
In file included from /root/cj_build/impl_relocation_receipt_queue5-mutant/src/runtime/src/Heap/Allocator/RegionList.h:11:
In file included from /root/cj_build/impl_relocation_receipt_queue5-mutant/src/runtime/src/Heap/Allocator/RegionInfo.h:43:
/root/cj_build/impl_relocation_receipt_queue5-mutant/src/runtime/src/Heap/Verify/NullRouteCaller.h:34:1: warning: inline variables are a C++17 extension [-Wc++17-extensions]
inline thread_local const char* g_tag = nullptr;
^
/root/cj_build/impl_relocation_receipt_queue5-mutant/src/runtime/src/Heap/Verify/NullRouteCaller.h:35:1: warning: inline variables are a C++17 extension [-Wc++17-extensions]
inline thread_local const char* g_edgeSrc = nullptr;
^
/root/cj_build/impl_relocation_receipt_queue5-mutant/src/runtime/src/Heap/Verify/NullRouteCaller.h:36:1: warning: inline variables are a C++17 extension [-Wc++17-extensions]
inline thread_local uintptr_t g_slot = 0;
^
/root/cj_build/impl_relocation_receipt_queue5-mutant/src/runtime/src/Heap/Verify/NullRouteCaller.h:37:1: warning: inline variables are a C++17 extension [-Wc++17-extensions]
inline thread_local void* g_host = nullptr;
^
In file included from /root/cj_build/impl_relocation_receipt_queue5-mutant/src/runtime/src/Exception/EhTable.cpp:12:
In file included from /root/cj_build/impl_relocation_receipt_queue5-mutant/src/runtime/src/ObjectModel/MObject.inline.h:16:
In file included from /root/cj_build/impl_relocation_receipt_queue5-mutant/src/runtime/src/HeapManager.inline.h:14:
In file included from /root/cj_build/impl_relocation_receipt_queue5-mutant/src/runtime/src/Mutator/Mutator.h:16:
In file included from /root/cj_build/impl_relocation_receipt_queue5-mutant/src/runtime/src/Heap/Allocator/Allocator.h:11:
In file included from /root/cj_build/impl_relocation_receipt_queue5-mutant/src/runtime/src/Heap/Allocator/AllocBufferManager.h:15:
In file included from /root/cj_build/impl_relocation_receipt_queue5-mutant/src/runtime/src/Heap/Allocator/AllocBuffer.h:16:
In file included from /root/cj_build/impl_relocation_receipt_queue5-mutant/src/runtime/src/Heap/Allocator/RegionList.h:11:
In file included from /root/cj_build/impl_relocation_receipt_queue5-mutant/src/runtime/src/Heap/Allocator/RegionInfo.h:53:
/root/cj_build/impl_relocation_receipt_queue5-mutant/src/runtime/src/Heap/Verify/MutatorRelocate.h:102:8: warning: constexpr if is a C++17 extension [-Wc++17-extensions]
    if constexpr (kWaitRegionPublish) {
       ^
In file included from /root/cj_build/impl_relocation_receipt_queue5-mutant/src/runtime/src/Exception/EhTable.cpp:12:
In file included from /root/cj_build/impl_relocation_receipt_queue5-mutant/src/runtime/src/ObjectModel/MObject.inline.h:16:
In file included from /root/cj_build/impl_relocation_receipt_queue5-mutant/src/runtime/src/HeapManager.inline.h:15:
In file included from /root/cj_build/impl_relocation_receipt_queue5-mutant/src/runtime/src/Mutator/MutatorManager.h:17:
/root/cj_build/impl_relocation_receipt_queue5-mutant/src/runtime/src/Base/GcLog.h:217:45: warning: format string is not a string literal [-Wformat-nonliteral]
        int n = vsnprintf(buf, sizeof(buf), format, args);
                                            ^~~~~~
8 warnings generated.
[ 40%] Building CXX object src/Mutator/CMakeFiles/Mutator.dir/SatbBuffer.cpp.o
In file included from /root/cj_build/impl_relocation_receipt_queue5-mutant/src/runtime/src/Exception/ExceptionCApi.cpp:15:
In file included from /root/cj_build/impl_relocation_receipt_queue5-mutant/src/runtime/src/Mutator/Mutator.h:16:
In file included from /root/cj_build/impl_relocation_receipt_queue5-mutant/src/runtime/src/Heap/Allocator/Allocator.h:11:
In file included from /root/cj_build/impl_relocation_receipt_queue5-mutant/src/runtime/src/Heap/Allocator/AllocBufferManager.h:15:
In file included from /root/cj_build/impl_relocation_receipt_queue5-mutant/src/runtime/src/Heap/Allocator/AllocBuffer.h:16:
In file included from /root/cj_build/impl_relocation_receipt_queue5-mutant/src/runtime/src/Heap/Allocator/RegionList.h:11:
In file included from /root/cj_build/impl_relocation_receipt_queue5-mutant/src/runtime/src/Heap/Allocator/RegionInfo.h:41:
/root/cj_build/impl_relocation_receipt_queue5-mutant/src/runtime/src/Heap/Verify/AllocPhaseDiag.h:57:1: warning: inline variables are a C++17 extension [-Wc++17-extensions]
inline Slot g_table[kCap] = {};
^
/root/cj_build/impl_relocation_receipt_queue5-mutant/src/runtime/src/Heap/Verify/AllocPhaseDiag.h:58:1: warning: inline variables are a C++17 extension [-Wc++17-extensions]
inline NearEntry g_near[kNearCap] = {};
^
In file included from /root/cj_build/impl_relocation_receipt_queue5-mutant/src/runtime/src/Exception/ExceptionCApi.cpp:15:
In file included from /root/cj_build/impl_relocation_receipt_queue5-mutant/src/runtime/src/Mutator/Mutator.h:16:
In file included from /root/cj_build/impl_relocation_receipt_queue5-mutant/src/runtime/src/Heap/Allocator/Allocator.h:11:
In file included from /root/cj_build/impl_relocation_receipt_queue5-mutant/src/runtime/src/Heap/Allocator/AllocBufferManager.h:15:
In file included from /root/cj_build/impl_relocation_receipt_queue5-mutant/src/runtime/src/Heap/Allocator/AllocBuffer.h:16:
In file included from /root/cj_build/impl_relocation_receipt_queue5-mutant/src/runtime/src/Heap/Allocator/RegionList.h:11:
In file included from /root/cj_build/impl_relocation_receipt_queue5-mutant/src/runtime/src/Heap/Allocator/RegionInfo.h:43:
/root/cj_build/impl_relocation_receipt_queue5-mutant/src/runtime/src/Heap/Verify/NullRouteCaller.h:34:1: warning: inline variables are a C++17 extension [-Wc++17-extensions]
inline thread_local const char* g_tag = nullptr;
^
/root/cj_build/impl_relocation_receipt_queue5-mutant/src/runtime/src/Heap/Verify/NullRouteCaller.h:35:1: warning: inline variables are a C++17 extension [-Wc++17-extensions]
inline thread_local const char* g_edgeSrc = nullptr;
^
/root/cj_build/impl_relocation_receipt_queue5-mutant/src/runtime/src/Heap/Verify/NullRouteCaller.h:36:1: warning: inline variables are a C++17 extension [-Wc++17-extensions]
inline thread_local uintptr_t g_slot = 0;
^
/root/cj_build/impl_relocation_receipt_queue5-mutant/src/runtime/src/Heap/Verify/NullRouteCaller.h:37:1: warning: inline variables are a C++17 extension [-Wc++17-extensions]
inline thread_local void* g_host = nullptr;
^
In file included from /root/cj_build/impl_relocation_receipt_queue5-mutant/src/runtime/src/Exception/ExceptionCApi.cpp:15:
In file included from /root/cj_build/impl_relocation_receipt_queue5-mutant/src/runtime/src/Mutator/Mutator.h:16:
In file included from /root/cj_build/impl_relocation_receipt_queue5-mutant/src/runtime/src/Heap/Allocator/Allocator.h:11:
In file included from /root/cj_build/impl_relocation_receipt_queue5-mutant/src/runtime/src/Heap/Allocator/AllocBufferManager.h:15:
In file included from /root/cj_build/impl_relocation_receipt_queue5-mutant/src/runtime/src/Heap/Allocator/AllocBuffer.h:16:
In file included from /root/cj_build/impl_relocation_receipt_queue5-mutant/src/runtime/src/Heap/Allocator/RegionList.h:11:
In file included from /root/cj_build/impl_relocation_receipt_queue5-mutant/src/runtime/src/Heap/Allocator/RegionInfo.h:53:
/root/cj_build/impl_relocation_receipt_queue5-mutant/src/runtime/src/Heap/Verify/MutatorRelocate.h:102:8: warning: constexpr if is a C++17 extension [-Wc++17-extensions]
    if constexpr (kWaitRegionPublish) {
       ^
In file included from /root/cj_build/impl_relocation_receipt_queue5-mutant/src/runtime/src/Exception/ExceptionCApi.cpp:16:
In file included from /root/cj_build/impl_relocation_receipt_queue5-mutant/src/runtime/src/Mutator/MutatorManager.h:17:
/root/cj_build/impl_relocation_receipt_queue5-mutant/src/runtime/src/Base/GcLog.h:217:45: warning: format string is not a string literal [-Wformat-nonliteral]
        int n = vsnprintf(buf, sizeof(buf), format, args);
                                            ^~~~~~
8 warnings generated.
[ 41%] Building ASM object src/Exception/CMakeFiles/Exception.dir/__/arch/x86_64_linux/RestoreContextForEH.S.o
In file included from /root/cj_build/impl_relocation_receipt_queue5-mutant/src/runtime/src/Heap/Collector/GcStats.cpp:10:
/root/cj_build/impl_relocation_receipt_queue5-mutant/src/runtime/src/Base/GcLog.h:217:45: warning: format string is not a string literal [-Wformat-nonliteral]
        int n = vsnprintf(buf, sizeof(buf), format, args);
                                            ^~~~~~
In file included from /root/cj_build/impl_relocation_receipt_queue5-mutant/src/runtime/src/Heap/Collector/GcStats.cpp:12:
/root/cj_build/impl_relocation_receipt_queue5-mutant/src/runtime/src/Heap/Collector/GcTrigger.h:477:8: warning: constexpr if is a C++17 extension [-Wc++17-extensions]
    if constexpr (kGcTriggerMajorAllocRateEnabled) {
       ^
/root/cj_build/impl_relocation_receipt_queue5-mutant/src/runtime/src/Heap/Collector/GcTrigger.h:496:8: warning: constexpr if is a C++17 extension [-Wc++17-extensions]
    if constexpr (kGcTriggerProactiveEnabled) {
       ^
3 warnings generated.
[ 41%] Building CXX object src/Heap/Collector/CMakeFiles/Collector.dir/MutatorAllocRate.cpp.o
[ 41%] Linking CXX static library ../../../output/temp/ar/x86_64_Release/libException.a
[ 41%] Built target Exception
[ 41%] Building CXX object src/ObjectModel/CMakeFiles/ObjectModel.dir/MObject.cpp.o
In file included from /root/cj_build/impl_relocation_receipt_queue5-mutant/src/runtime/src/Heap/Allocator/ForwardingTable.cpp:22:
In file included from /root/cj_build/impl_relocation_receipt_queue5-mutant/src/runtime/src/Heap/Allocator/RegionInfo.h:41:
/root/cj_build/impl_relocation_receipt_queue5-mutant/src/runtime/src/Heap/Verify/AllocPhaseDiag.h:57:1: warning: inline variables are a C++17 extension [-Wc++17-extensions]
inline Slot g_table[kCap] = {};
^
/root/cj_build/impl_relocation_receipt_queue5-mutant/src/runtime/src/Heap/Verify/AllocPhaseDiag.h:58:1: warning: inline variables are a C++17 extension [-Wc++17-extensions]
inline NearEntry g_near[kNearCap] = {};
^
In file included from /root/cj_build/impl_relocation_receipt_queue5-mutant/src/runtime/src/Heap/Allocator/ForwardingTable.cpp:22:
In file included from /root/cj_build/impl_relocation_receipt_queue5-mutant/src/runtime/src/Heap/Allocator/RegionInfo.h:43:
/root/cj_build/impl_relocation_receipt_queue5-mutant/src/runtime/src/Heap/Verify/NullRouteCaller.h:34:1: warning: inline variables are a C++17 extension [-Wc++17-extensions]
inline thread_local const char* g_tag = nullptr;
^
/root/cj_build/impl_relocation_receipt_queue5-mutant/src/runtime/src/Heap/Verify/NullRouteCaller.h:35:1: warning: inline variables are a C++17 extension [-Wc++17-extensions]
inline thread_local const char* g_edgeSrc = nullptr;
^
/root/cj_build/impl_relocation_receipt_queue5-mutant/src/runtime/src/Heap/Verify/NullRouteCaller.h:36:1: warning: inline variables are a C++17 extension [-Wc++17-extensions]
inline thread_local uintptr_t g_slot = 0;
^
/root/cj_build/impl_relocation_receipt_queue5-mutant/src/runtime/src/Heap/Verify/NullRouteCaller.h:37:1: warning: inline variables are a C++17 extension [-Wc++17-extensions]
inline thread_local void* g_host = nullptr;
^
In file included from /root/cj_build/impl_relocation_receipt_queue5-mutant/src/runtime/src/Heap/Allocator/ForwardingTable.cpp:22:
In file included from /root/cj_build/impl_relocation_receipt_queue5-mutant/src/runtime/src/Heap/Allocator/RegionInfo.h:53:
/root/cj_build/impl_relocation_receipt_queue5-mutant/src/runtime/src/Heap/Verify/MutatorRelocate.h:102:8: warning: constexpr if is a C++17 extension [-Wc++17-extensions]
    if constexpr (kWaitRegionPublish) {
       ^
7 warnings generated.
[ 42%] Building CXX object src/Heap/Allocator/CMakeFiles/Allocator.dir/MemMap.cpp.o
In file included from /root/cj_build/impl_relocation_receipt_queue5-mutant/src/runtime/src/Heap/WCollector/IdleBarrier.cpp:9:
In file included from /root/cj_build/impl_relocation_receipt_queue5-mutant/src/runtime/src/Mutator/Mutator.h:16:
In file included from /root/cj_build/impl_relocation_receipt_queue5-mutant/src/runtime/src/Heap/Allocator/Allocator.h:11:
In file included from /root/cj_build/impl_relocation_receipt_queue5-mutant/src/runtime/src/Heap/Allocator/AllocBufferManager.h:15:
In file included from /root/cj_build/impl_relocation_receipt_queue5-mutant/src/runtime/src/Heap/Allocator/AllocBuffer.h:16:
In file included from /root/cj_build/impl_relocation_receipt_queue5-mutant/src/runtime/src/Heap/Allocator/RegionList.h:11:
In file included from /root/cj_build/impl_relocation_receipt_queue5-mutant/src/runtime/src/Heap/Allocator/RegionInfo.h:41:
/root/cj_build/impl_relocation_receipt_queue5-mutant/src/runtime/src/Heap/Verify/AllocPhaseDiag.h:57:1: warning: inline variables are a C++17 extension [-Wc++17-extensions]
inline Slot g_table[kCap] = {};
^
/root/cj_build/impl_relocation_receipt_queue5-mutant/src/runtime/src/Heap/Verify/AllocPhaseDiag.h:58:1: warning: inline variables are a C++17 extension [-Wc++17-extensions]
inline NearEntry g_near[kNearCap] = {};
^
In file included from /root/cj_build/impl_relocation_receipt_queue5-mutant/src/runtime/src/Heap/WCollector/IdleBarrier.cpp:9:
In file included from /root/cj_build/impl_relocation_receipt_queue5-mutant/src/runtime/src/Mutator/Mutator.h:16:
In file included from /root/cj_build/impl_relocation_receipt_queue5-mutant/src/runtime/src/Heap/Allocator/Allocator.h:11:
In file included from /root/cj_build/impl_relocation_receipt_queue5-mutant/src/runtime/src/Heap/Allocator/AllocBufferManager.h:15:
In file included from /root/cj_build/impl_relocation_receipt_queue5-mutant/src/runtime/src/Heap/Allocator/AllocBuffer.h:16:
In file included from /root/cj_build/impl_relocation_receipt_queue5-mutant/src/runtime/src/Heap/Allocator/RegionList.h:11:
In file included from /root/cj_build/impl_relocation_receipt_queue5-mutant/src/runtime/src/Heap/Allocator/RegionInfo.h:43:
/root/cj_build/impl_relocation_receipt_queue5-mutant/src/runtime/src/Heap/Verify/NullRouteCaller.h:34:1: warning: inline variables are a C++17 extension [-Wc++17-extensions]
inline thread_local const char* g_tag = nullptr;
^
/root/cj_build/impl_relocation_receipt_queue5-mutant/src/runtime/src/Heap/Verify/NullRouteCaller.h:35:1: warning: inline variables are a C++17 extension [-Wc++17-extensions]
inline thread_local const char* g_edgeSrc = nullptr;
^
/root/cj_build/impl_relocation_receipt_queue5-mutant/src/runtime/src/Heap/Verify/NullRouteCaller.h:36:1: warning: inline variables are a C++17 extension [-Wc++17-extensions]
inline thread_local uintptr_t g_slot = 0;
^
/root/cj_build/impl_relocation_receipt_queue5-mutant/src/runtime/src/Heap/Verify/NullRouteCaller.h:37:1: warning: inline variables are a C++17 extension [-Wc++17-extensions]
inline thread_local void* g_host = nullptr;
^
In file included from /root/cj_build/impl_relocation_receipt_queue5-mutant/src/runtime/src/Heap/WCollector/IdleBarrier.cpp:9:
In file included from /root/cj_build/impl_relocation_receipt_queue5-mutant/src/runtime/src/Mutator/Mutator.h:16:
In file included from /root/cj_build/impl_relocation_receipt_queue5-mutant/src/runtime/src/Heap/Allocator/Allocator.h:11:
In file included from /root/cj_build/impl_relocation_receipt_queue5-mutant/src/runtime/src/Heap/Allocator/AllocBufferManager.h:15:
In file included from /root/cj_build/impl_relocation_receipt_queue5-mutant/src/runtime/src/Heap/Allocator/AllocBuffer.h:16:
In file included from /root/cj_build/impl_relocation_receipt_queue5-mutant/src/runtime/src/Heap/Allocator/RegionList.h:11:
In file included from /root/cj_build/impl_relocation_receipt_queue5-mutant/src/runtime/src/Heap/Allocator/RegionInfo.h:53:
/root/cj_build/impl_relocation_receipt_queue5-mutant/src/runtime/src/Heap/Verify/MutatorRelocate.h:102:8: warning: constexpr if is a C++17 extension [-Wc++17-extensions]
    if constexpr (kWaitRegionPublish) {
       ^
7 warnings generated.
[ 42%] Building CXX object src/Heap/WCollector/CMakeFiles/WCollector.dir/EnumBarrier.cpp.o
[ 42%] Building CXX object src/Heap/Allocator/CMakeFiles/Allocator.dir/RegionSpace.cpp.o
In file included from /root/cj_build/impl_relocation_receipt_queue5-mutant/src/runtime/src/Heap/Verify/VerifyRememberedSet.cpp:19:
In file included from /root/cj_build/impl_relocation_receipt_queue5-mutant/src/runtime/src/Heap/Allocator/RegionInfo.h:41:
/root/cj_build/impl_relocation_receipt_queue5-mutant/src/runtime/src/Heap/Verify/AllocPhaseDiag.h:57:1: warning: inline variables are a C++17 extension [-Wc++17-extensions]
inline Slot g_table[kCap] = {};
^
/root/cj_build/impl_relocation_receipt_queue5-mutant/src/runtime/src/Heap/Verify/AllocPhaseDiag.h:58:1: warning: inline variables are a C++17 extension [-Wc++17-extensions]
inline NearEntry g_near[kNearCap] = {};
^
In file included from /root/cj_build/impl_relocation_receipt_queue5-mutant/src/runtime/src/Heap/Verify/VerifyRememberedSet.cpp:19:
In file included from /root/cj_build/impl_relocation_receipt_queue5-mutant/src/runtime/src/Heap/Allocator/RegionInfo.h:43:
/root/cj_build/impl_relocation_receipt_queue5-mutant/src/runtime/src/Heap/Verify/NullRouteCaller.h:34:1: warning: inline variables are a C++17 extension [-Wc++17-extensions]
inline thread_local const char* g_tag = nullptr;
^
/root/cj_build/impl_relocation_receipt_queue5-mutant/src/runtime/src/Heap/Verify/NullRouteCaller.h:35:1: warning: inline variables are a C++17 extension [-Wc++17-extensions]
inline thread_local const char* g_edgeSrc = nullptr;
^
/root/cj_build/impl_relocation_receipt_queue5-mutant/src/runtime/src/Heap/Verify/NullRouteCaller.h:36:1: warning: inline variables are a C++17 extension [-Wc++17-extensions]
inline thread_local uintptr_t g_slot = 0;
^
/root/cj_build/impl_relocation_receipt_queue5-mutant/src/runtime/src/Heap/Verify/NullRouteCaller.h:37:1: warning: inline variables are a C++17 extension [-Wc++17-extensions]
inline thread_local void* g_host = nullptr;
^
In file included from /root/cj_build/impl_relocation_receipt_queue5-mutant/src/runtime/src/Heap/Verify/VerifyRememberedSet.cpp:19:
In file included from /root/cj_build/impl_relocation_receipt_queue5-mutant/src/runtime/src/Heap/Allocator/RegionInfo.h:53:
/root/cj_build/impl_relocation_receipt_queue5-mutant/src/runtime/src/Heap/Verify/MutatorRelocate.h:102:8: warning: constexpr if is a C++17 extension [-Wc++17-extensions]
    if constexpr (kWaitRegionPublish) {
       ^
In file included from /root/cj_build/impl_relocation_receipt_queue5-mutant/src/runtime/src/Heap/Verify/VerifyRememberedSet.cpp:20:
In file included from /root/cj_build/impl_relocation_receipt_queue5-mutant/src/runtime/src/Heap/Allocator/RegionSpace.h:22:
In file included from /root/cj_build/impl_relocation_receipt_queue5-mutant/src/runtime/src/Heap/Allocator/RegionManager.h:25:
In file included from /root/cj_build/impl_relocation_receipt_queue5-mutant/src/runtime/src/Heap/Allocator/FreeRegionManager.h:15:
In file included from /root/cj_build/impl_relocation_receipt_queue5-mutant/src/runtime/src/Common/ScopedObjectAccess.h:11:
In file included from /root/cj_build/impl_relocation_receipt_queue5-mutant/src/runtime/src/Mutator/Mutator.inline.h:11:
In file included from /root/cj_build/impl_relocation_receipt_queue5-mutant/src/runtime/src/Mutator/MutatorManager.h:17:
/root/cj_build/impl_relocation_receipt_queue5-mutant/src/runtime/src/Base/GcLog.h:217:45: warning: format string is not a string literal [-Wformat-nonliteral]
        int n = vsnprintf(buf, sizeof(buf), format, args);
                                            ^~~~~~
8 warnings generated.
[ 43%] Building CXX object src/Heap/Verify/CMakeFiles/Verify.dir/VerifyRoots.cpp.o
In file included from /root/cj_build/impl_relocation_receipt_queue5-mutant/src/runtime/src/Heap/Collector/MutatorAllocRate.cpp:18:
In file included from /root/cj_build/impl_relocation_receipt_queue5-mutant/src/runtime/src/Heap/Allocator/RegionInfo.h:41:
/root/cj_build/impl_relocation_receipt_queue5-mutant/src/runtime/src/Heap/Verify/AllocPhaseDiag.h:57:1: warning: inline variables are a C++17 extension [-Wc++17-extensions]
inline Slot g_table[kCap] = {};
^
/root/cj_build/impl_relocation_receipt_queue5-mutant/src/runtime/src/Heap/Verify/AllocPhaseDiag.h:58:1: warning: inline variables are a C++17 extension [-Wc++17-extensions]
inline NearEntry g_near[kNearCap] = {};
^
In file included from /root/cj_build/impl_relocation_receipt_queue5-mutant/src/runtime/src/Heap/Collector/MutatorAllocRate.cpp:18:
In file included from /root/cj_build/impl_relocation_receipt_queue5-mutant/src/runtime/src/Heap/Allocator/RegionInfo.h:43:
/root/cj_build/impl_relocation_receipt_queue5-mutant/src/runtime/src/Heap/Verify/NullRouteCaller.h:34:1: warning: inline variables are a C++17 extension [-Wc++17-extensions]
inline thread_local const char* g_tag = nullptr;
^
/root/cj_build/impl_relocation_receipt_queue5-mutant/src/runtime/src/Heap/Verify/NullRouteCaller.h:35:1: warning: inline variables are a C++17 extension [-Wc++17-extensions]
inline thread_local const char* g_edgeSrc = nullptr;
^
/root/cj_build/impl_relocation_receipt_queue5-mutant/src/runtime/src/Heap/Verify/NullRouteCaller.h:36:1: warning: inline variables are a C++17 extension [-Wc++17-extensions]
inline thread_local uintptr_t g_slot = 0;
^
/root/cj_build/impl_relocation_receipt_queue5-mutant/src/runtime/src/Heap/Verify/NullRouteCaller.h:37:1: warning: inline variables are a C++17 extension [-Wc++17-extensions]
inline thread_local void* g_host = nullptr;
^
In file included from /root/cj_build/impl_relocation_receipt_queue5-mutant/src/runtime/src/Heap/Collector/MutatorAllocRate.cpp:18:
In file included from /root/cj_build/impl_relocation_receipt_queue5-mutant/src/runtime/src/Heap/Allocator/RegionInfo.h:53:
/root/cj_build/impl_relocation_receipt_queue5-mutant/src/runtime/src/Heap/Verify/MutatorRelocate.h:102:8: warning: constexpr if is a C++17 extension [-Wc++17-extensions]
    if constexpr (kWaitRegionPublish) {
       ^
In file included from /root/cj_build/impl_relocation_receipt_queue5-mutant/src/runtime/src/Heap/Collector/MutatorAllocRate.cpp:19:
/root/cj_build/impl_relocation_receipt_queue5-mutant/src/runtime/src/Heap/Collector/GcTrigger.h:477:8: warning: constexpr if is a C++17 extension [-Wc++17-extensions]
    if constexpr (kGcTriggerMajorAllocRateEnabled) {
       ^
/root/cj_build/impl_relocation_receipt_queue5-mutant/src/runtime/src/Heap/Collector/GcTrigger.h:496:8: warning: constexpr if is a C++17 extension [-Wc++17-extensions]
    if constexpr (kGcTriggerProactiveEnabled) {
       ^
9 warnings generated.
[ 43%] Building CXX object src/Heap/Collector/CMakeFiles/Collector.dir/Collector.cpp.o
In file included from /root/cj_build/impl_relocation_receipt_queue5-mutant/src/runtime/src/Mutator/SatbBuffer.cpp:8:
In file included from /root/cj_build/impl_relocation_receipt_queue5-mutant/src/runtime/src/Mutator/SatbBuffer.h:14:
In file included from /root/cj_build/impl_relocation_receipt_queue5-mutant/src/runtime/src/Heap/Allocator/RegionInfo.h:41:
/root/cj_build/impl_relocation_receipt_queue5-mutant/src/runtime/src/Heap/Verify/AllocPhaseDiag.h:57:1: warning: inline variables are a C++17 extension [-Wc++17-extensions]
inline Slot g_table[kCap] = {};
^
/root/cj_build/impl_relocation_receipt_queue5-mutant/src/runtime/src/Heap/Verify/AllocPhaseDiag.h:58:1: warning: inline variables are a C++17 extension [-Wc++17-extensions]
inline NearEntry g_near[kNearCap] = {};
^
In file included from /root/cj_build/impl_relocation_receipt_queue5-mutant/src/runtime/src/Mutator/SatbBuffer.cpp:8:
In file included from /root/cj_build/impl_relocation_receipt_queue5-mutant/src/runtime/src/Mutator/SatbBuffer.h:14:
In file included from /root/cj_build/impl_relocation_receipt_queue5-mutant/src/runtime/src/Heap/Allocator/RegionInfo.h:43:
/root/cj_build/impl_relocation_receipt_queue5-mutant/src/runtime/src/Heap/Verify/NullRouteCaller.h:34:1: warning: inline variables are a C++17 extension [-Wc++17-extensions]
inline thread_local const char* g_tag = nullptr;
^
/root/cj_build/impl_relocation_receipt_queue5-mutant/src/runtime/src/Heap/Verify/NullRouteCaller.h:35:1: warning: inline variables are a C++17 extension [-Wc++17-extensions]
inline thread_local const char* g_edgeSrc = nullptr;
^
/root/cj_build/impl_relocation_receipt_queue5-mutant/src/runtime/src/Heap/Verify/NullRouteCaller.h:36:1: warning: inline variables are a C++17 extension [-Wc++17-extensions]
inline thread_local uintptr_t g_slot = 0;
^
/root/cj_build/impl_relocation_receipt_queue5-mutant/src/runtime/src/Heap/Verify/NullRouteCaller.h:37:1: warning: inline variables are a C++17 extension [-Wc++17-extensions]
inline thread_local void* g_host = nullptr;
^
In file included from /root/cj_build/impl_relocation_receipt_queue5-mutant/src/runtime/src/Mutator/SatbBuffer.cpp:8:
In file included from /root/cj_build/impl_relocation_receipt_queue5-mutant/src/runtime/src/Mutator/SatbBuffer.h:14:
In file included from /root/cj_build/impl_relocation_receipt_queue5-mutant/src/runtime/src/Heap/Allocator/RegionInfo.h:53:
/root/cj_build/impl_relocation_receipt_queue5-mutant/src/runtime/src/Heap/Verify/MutatorRelocate.h:102:8: warning: constexpr if is a C++17 extension [-Wc++17-extensions]
    if constexpr (kWaitRegionPublish) {
       ^
In file included from /root/cj_build/impl_relocation_receipt_queue5-mutant/src/runtime/src/Mutator/SatbBuffer.cpp:11:
In file included from /root/cj_build/impl_relocation_receipt_queue5-mutant/src/runtime/src/Heap/Allocator/RegionSpace.h:22:
In file included from /root/cj_build/impl_relocation_receipt_queue5-mutant/src/runtime/src/Heap/Allocator/RegionManager.h:25:
In file included from /root/cj_build/impl_relocation_receipt_queue5-mutant/src/runtime/src/Heap/Allocator/FreeRegionManager.h:15:
In file included from /root/cj_build/impl_relocation_receipt_queue5-mutant/src/runtime/src/Common/ScopedObjectAccess.h:11:
In file included from /root/cj_build/impl_relocation_receipt_queue5-mutant/src/runtime/src/Mutator/Mutator.inline.h:11:
In file included from /root/cj_build/impl_relocation_receipt_queue5-mutant/src/runtime/src/Mutator/MutatorManager.h:17:
/root/cj_build/impl_relocation_receipt_queue5-mutant/src/runtime/src/Base/GcLog.h:217:45: warning: format string is not a string literal [-Wformat-nonliteral]
        int n = vsnprintf(buf, sizeof(buf), format, args);
                                            ^~~~~~
8 warnings generated.
[ 44%] Building CXX object src/Mutator/CMakeFiles/Mutator.dir/MutatorManager.cpp.o
In file included from /root/cj_build/impl_relocation_receipt_queue5-mutant/src/runtime/src/ObjectModel/MObject.cpp:9:
In file included from /root/cj_build/impl_relocation_receipt_queue5-mutant/src/runtime/src/ObjectModel/MObject.inline.h:16:
In file included from /root/cj_build/impl_relocation_receipt_queue5-mutant/src/runtime/src/HeapManager.inline.h:14:
In file included from /root/cj_build/impl_relocation_receipt_queue5-mutant/src/runtime/src/Mutator/Mutator.h:16:
In file included from /root/cj_build/impl_relocation_receipt_queue5-mutant/src/runtime/src/Heap/Allocator/Allocator.h:11:
In file included from /root/cj_build/impl_relocation_receipt_queue5-mutant/src/runtime/src/Heap/Allocator/AllocBufferManager.h:15:
In file included from /root/cj_build/impl_relocation_receipt_queue5-mutant/src/runtime/src/Heap/Allocator/AllocBuffer.h:16:
In file included from /root/cj_build/impl_relocation_receipt_queue5-mutant/src/runtime/src/Heap/Allocator/RegionList.h:11:
In file included from /root/cj_build/impl_relocation_receipt_queue5-mutant/src/runtime/src/Heap/Allocator/RegionInfo.h:41:
/root/cj_build/impl_relocation_receipt_queue5-mutant/src/runtime/src/Heap/Verify/AllocPhaseDiag.h:57:1: warning: inline variables are a C++17 extension [-Wc++17-extensions]
inline Slot g_table[kCap] = {};
^
/root/cj_build/impl_relocation_receipt_queue5-mutant/src/runtime/src/Heap/Verify/AllocPhaseDiag.h:58:1: warning: inline variables are a C++17 extension [-Wc++17-extensions]
inline NearEntry g_near[kNearCap] = {};
^
In file included from /root/cj_build/impl_relocation_receipt_queue5-mutant/src/runtime/src/ObjectModel/MObject.cpp:9:
In file included from /root/cj_build/impl_relocation_receipt_queue5-mutant/src/runtime/src/ObjectModel/MObject.inline.h:16:
In file included from /root/cj_build/impl_relocation_receipt_queue5-mutant/src/runtime/src/HeapManager.inline.h:14:
In file included from /root/cj_build/impl_relocation_receipt_queue5-mutant/src/runtime/src/Mutator/Mutator.h:16:
In file included from /root/cj_build/impl_relocation_receipt_queue5-mutant/src/runtime/src/Heap/Allocator/Allocator.h:11:
In file included from /root/cj_build/impl_relocation_receipt_queue5-mutant/src/runtime/src/Heap/Allocator/AllocBufferManager.h:15:
In file included from /root/cj_build/impl_relocation_receipt_queue5-mutant/src/runtime/src/Heap/Allocator/AllocBuffer.h:16:
In file included from /root/cj_build/impl_relocation_receipt_queue5-mutant/src/runtime/src/Heap/Allocator/RegionList.h:11:
In file included from /root/cj_build/impl_relocation_receipt_queue5-mutant/src/runtime/src/Heap/Allocator/RegionInfo.h:43:
/root/cj_build/impl_relocation_receipt_queue5-mutant/src/runtime/src/Heap/Verify/NullRouteCaller.h:34:1: warning: inline variables are a C++17 extension [-Wc++17-extensions]
inline thread_local const char* g_tag = nullptr;
^
/root/cj_build/impl_relocation_receipt_queue5-mutant/src/runtime/src/Heap/Verify/NullRouteCaller.h:35:1: warning: inline variables are a C++17 extension [-Wc++17-extensions]
inline thread_local const char* g_edgeSrc = nullptr;
^
/root/cj_build/impl_relocation_receipt_queue5-mutant/src/runtime/src/Heap/Verify/NullRouteCaller.h:36:1: warning: inline variables are a C++17 extension [-Wc++17-extensions]
inline thread_local uintptr_t g_slot = 0;
^
/root/cj_build/impl_relocation_receipt_queue5-mutant/src/runtime/src/Heap/Verify/NullRouteCaller.h:37:1: warning: inline variables are a C++17 extension [-Wc++17-extensions]
inline thread_local void* g_host = nullptr;
^
In file included from /root/cj_build/impl_relocation_receipt_queue5-mutant/src/runtime/src/ObjectModel/MObject.cpp:9:
In file included from /root/cj_build/impl_relocation_receipt_queue5-mutant/src/runtime/src/ObjectModel/MObject.inline.h:16:
In file included from /root/cj_build/impl_relocation_receipt_queue5-mutant/src/runtime/src/HeapManager.inline.h:14:
In file included from /root/cj_build/impl_relocation_receipt_queue5-mutant/src/runtime/src/Mutator/Mutator.h:16:
In file included from /root/cj_build/impl_relocation_receipt_queue5-mutant/src/runtime/src/Heap/Allocator/Allocator.h:11:
In file included from /root/cj_build/impl_relocation_receipt_queue5-mutant/src/runtime/src/Heap/Allocator/AllocBufferManager.h:15:
In file included from /root/cj_build/impl_relocation_receipt_queue5-mutant/src/runtime/src/Heap/Allocator/AllocBuffer.h:16:
In file included from /root/cj_build/impl_relocation_receipt_queue5-mutant/src/runtime/src/Heap/Allocator/RegionList.h:11:
In file included from /root/cj_build/impl_relocation_receipt_queue5-mutant/src/runtime/src/Heap/Allocator/RegionInfo.h:53:
/root/cj_build/impl_relocation_receipt_queue5-mutant/src/runtime/src/Heap/Verify/MutatorRelocate.h:102:8: warning: constexpr if is a C++17 extension [-Wc++17-extensions]
    if constexpr (kWaitRegionPublish) {
       ^
In file included from /root/cj_build/impl_relocation_receipt_queue5-mutant/src/runtime/src/ObjectModel/MObject.cpp:9:
In file included from /root/cj_build/impl_relocation_receipt_queue5-mutant/src/runtime/src/ObjectModel/MObject.inline.h:16:
In file included from /root/cj_build/impl_relocation_receipt_queue5-mutant/src/runtime/src/HeapManager.inline.h:15:
In file included from /root/cj_build/impl_relocation_receipt_queue5-mutant/src/runtime/src/Mutator/MutatorManager.h:17:
/root/cj_build/impl_relocation_receipt_queue5-mutant/src/runtime/src/Base/GcLog.h:217:45: warning: format string is not a string literal [-Wformat-nonliteral]
        int n = vsnprintf(buf, sizeof(buf), format, args);
                                            ^~~~~~
8 warnings generated.
[ 44%] Building CXX object src/ObjectModel/CMakeFiles/ObjectModel.dir/MClass.cpp.o
In file included from /root/cj_build/impl_relocation_receipt_queue5-mutant/src/runtime/src/Heap/Barrier/Barrier.cpp:10:
In file included from /root/cj_build/impl_relocation_receipt_queue5-mutant/src/runtime/src/Heap/Allocator/AllocBuffer.h:16:
In file included from /root/cj_build/impl_relocation_receipt_queue5-mutant/src/runtime/src/Heap/Allocator/RegionList.h:11:
In file included from /root/cj_build/impl_relocation_receipt_queue5-mutant/src/runtime/src/Heap/Allocator/RegionInfo.h:41:
/root/cj_build/impl_relocation_receipt_queue5-mutant/src/runtime/src/Heap/Verify/AllocPhaseDiag.h:57:1: warning: inline variables are a C++17 extension [-Wc++17-extensions]
inline Slot g_table[kCap] = {};
^
/root/cj_build/impl_relocation_receipt_queue5-mutant/src/runtime/src/Heap/Verify/AllocPhaseDiag.h:58:1: warning: inline variables are a C++17 extension [-Wc++17-extensions]
inline NearEntry g_near[kNearCap] = {};
^
In file included from /root/cj_build/impl_relocation_receipt_queue5-mutant/src/runtime/src/Heap/Barrier/Barrier.cpp:10:
In file included from /root/cj_build/impl_relocation_receipt_queue5-mutant/src/runtime/src/Heap/Allocator/AllocBuffer.h:16:
In file included from /root/cj_build/impl_relocation_receipt_queue5-mutant/src/runtime/src/Heap/Allocator/RegionList.h:11:
In file included from /root/cj_build/impl_relocation_receipt_queue5-mutant/src/runtime/src/Heap/Allocator/RegionInfo.h:43:
/root/cj_build/impl_relocation_receipt_queue5-mutant/src/runtime/src/Heap/Verify/NullRouteCaller.h:34:1: warning: inline variables are a C++17 extension [-Wc++17-extensions]
inline thread_local const char* g_tag = nullptr;
^
/root/cj_build/impl_relocation_receipt_queue5-mutant/src/runtime/src/Heap/Verify/NullRouteCaller.h:35:1: warning: inline variables are a C++17 extension [-Wc++17-extensions]
inline thread_local const char* g_edgeSrc = nullptr;
^
/root/cj_build/impl_relocation_receipt_queue5-mutant/src/runtime/src/Heap/Verify/NullRouteCaller.h:36:1: warning: inline variables are a C++17 extension [-Wc++17-extensions]
inline thread_local uintptr_t g_slot = 0;
^
/root/cj_build/impl_relocation_receipt_queue5-mutant/src/runtime/src/Heap/Verify/NullRouteCaller.h:37:1: warning: inline variables are a C++17 extension [-Wc++17-extensions]
inline thread_local void* g_host = nullptr;
^
In file included from /root/cj_build/impl_relocation_receipt_queue5-mutant/src/runtime/src/Heap/Barrier/Barrier.cpp:10:
In file included from /root/cj_build/impl_relocation_receipt_queue5-mutant/src/runtime/src/Heap/Allocator/AllocBuffer.h:16:
In file included from /root/cj_build/impl_relocation_receipt_queue5-mutant/src/runtime/src/Heap/Allocator/RegionList.h:11:
In file included from /root/cj_build/impl_relocation_receipt_queue5-mutant/src/runtime/src/Heap/Allocator/RegionInfo.h:53:
/root/cj_build/impl_relocation_receipt_queue5-mutant/src/runtime/src/Heap/Verify/MutatorRelocate.h:102:8: warning: constexpr if is a C++17 extension [-Wc++17-extensions]
    if constexpr (kWaitRegionPublish) {
       ^
In file included from /root/cj_build/impl_relocation_receipt_queue5-mutant/src/runtime/src/Heap/Barrier/Barrier.cpp:14:
In file included from /root/cj_build/impl_relocation_receipt_queue5-mutant/src/runtime/src/Heap/Allocator/RegionSpace.h:22:
In file included from /root/cj_build/impl_relocation_receipt_queue5-mutant/src/runtime/src/Heap/Allocator/RegionManager.h:25:
In file included from /root/cj_build/impl_relocation_receipt_queue5-mutant/src/runtime/src/Heap/Allocator/FreeRegionManager.h:15:
In file included from /root/cj_build/impl_relocation_receipt_queue5-mutant/src/runtime/src/Common/ScopedObjectAccess.h:11:
In file included from /root/cj_build/impl_relocation_receipt_queue5-mutant/src/runtime/src/Mutator/Mutator.inline.h:11:
In file included from /root/cj_build/impl_relocation_receipt_queue5-mutant/src/runtime/src/Mutator/MutatorManager.h:17:
/root/cj_build/impl_relocation_receipt_queue5-mutant/src/runtime/src/Base/GcLog.h:217:45: warning: format string is not a string literal [-Wformat-nonliteral]
        int n = vsnprintf(buf, sizeof(buf), format, args);
                                            ^~~~~~
/root/cj_build/impl_relocation_receipt_queue5-mutant/src/runtime/src/Heap/Barrier/Barrier.cpp:219:8: warning: constexpr if is a C++17 extension [-Wc++17-extensions]
    if constexpr (!kW1GhostFromStoreProbe) {
       ^
/root/cj_build/impl_relocation_receipt_queue5-mutant/src/runtime/src/Heap/Barrier/Barrier.cpp:248:8: warning: constexpr if is a C++17 extension [-Wc++17-extensions]
    if constexpr (!kW1GhostFromStoreProbe) {
       ^
10 warnings generated.
[ 45%] Building CXX object src/Heap/Barrier/CMakeFiles/Barrier.dir/RememberedSet.cpp.o
In file included from /root/cj_build/impl_relocation_receipt_queue5-mutant/src/runtime/src/Mutator/Mutator.cpp:15:
In file included from /root/cj_build/impl_relocation_receipt_queue5-mutant/src/runtime/src/Mutator/../Heap/Collector/CopyCollector.h:11:
In file included from /root/cj_build/impl_relocation_receipt_queue5-mutant/src/runtime/src/Mutator/../Heap/Allocator/RegionSpace.h:19:
In file included from /root/cj_build/impl_relocation_receipt_queue5-mutant/src/runtime/src/Mutator/../Heap/Allocator/Allocator.h:11:
In file included from /root/cj_build/impl_relocation_receipt_queue5-mutant/src/runtime/src/Mutator/../Heap/Allocator/AllocBufferManager.h:15:
In file included from /root/cj_build/impl_relocation_receipt_queue5-mutant/src/runtime/src/Mutator/../Heap/Allocator/AllocBuffer.h:16:
In file included from /root/cj_build/impl_relocation_receipt_queue5-mutant/src/runtime/src/Mutator/../Heap/Allocator/RegionList.h:11:
In file included from /root/cj_build/impl_relocation_receipt_queue5-mutant/src/runtime/src/Mutator/../Heap/Allocator/RegionInfo.h:41:
/root/cj_build/impl_relocation_receipt_queue5-mutant/src/runtime/src/Heap/Verify/AllocPhaseDiag.h:57:1: warning: inline variables are a C++17 extension [-Wc++17-extensions]
inline Slot g_table[kCap] = {};
^
/root/cj_build/impl_relocation_receipt_queue5-mutant/src/runtime/src/Heap/Verify/AllocPhaseDiag.h:58:1: warning: inline variables are a C++17 extension [-Wc++17-extensions]
inline NearEntry g_near[kNearCap] = {};
^
In file included from /root/cj_build/impl_relocation_receipt_queue5-mutant/src/runtime/src/Mutator/Mutator.cpp:15:
In file included from /root/cj_build/impl_relocation_receipt_queue5-mutant/src/runtime/src/Mutator/../Heap/Collector/CopyCollector.h:11:
In file included from /root/cj_build/impl_relocation_receipt_queue5-mutant/src/runtime/src/Mutator/../Heap/Allocator/RegionSpace.h:19:
In file included from /root/cj_build/impl_relocation_receipt_queue5-mutant/src/runtime/src/Mutator/../Heap/Allocator/Allocator.h:11:
In file included from /root/cj_build/impl_relocation_receipt_queue5-mutant/src/runtime/src/Mutator/../Heap/Allocator/AllocBufferManager.h:15:
In file included from /root/cj_build/impl_relocation_receipt_queue5-mutant/src/runtime/src/Mutator/../Heap/Allocator/AllocBuffer.h:16:
In file included from /root/cj_build/impl_relocation_receipt_queue5-mutant/src/runtime/src/Mutator/../Heap/Allocator/RegionList.h:11:
In file included from /root/cj_build/impl_relocation_receipt_queue5-mutant/src/runtime/src/Mutator/../Heap/Allocator/RegionInfo.h:43:
/root/cj_build/impl_relocation_receipt_queue5-mutant/src/runtime/src/Heap/Verify/NullRouteCaller.h:34:1: warning: inline variables are a C++17 extension [-Wc++17-extensions]
inline thread_local const char* g_tag = nullptr;
^
/root/cj_build/impl_relocation_receipt_queue5-mutant/src/runtime/src/Heap/Verify/NullRouteCaller.h:35:1: warning: inline variables are a C++17 extension [-Wc++17-extensions]
inline thread_local const char* g_edgeSrc = nullptr;
^
/root/cj_build/impl_relocation_receipt_queue5-mutant/src/runtime/src/Heap/Verify/NullRouteCaller.h:36:1: warning: inline variables are a C++17 extension [-Wc++17-extensions]
inline thread_local uintptr_t g_slot = 0;
^
/root/cj_build/impl_relocation_receipt_queue5-mutant/src/runtime/src/Heap/Verify/NullRouteCaller.h:37:1: warning: inline variables are a C++17 extension [-Wc++17-extensions]
inline thread_local void* g_host = nullptr;
^
In file included from /root/cj_build/impl_relocation_receipt_queue5-mutant/src/runtime/src/Mutator/Mutator.cpp:15:
In file included from /root/cj_build/impl_relocation_receipt_queue5-mutant/src/runtime/src/Mutator/../Heap/Collector/CopyCollector.h:11:
In file included from /root/cj_build/impl_relocation_receipt_queue5-mutant/src/runtime/src/Mutator/../Heap/Allocator/RegionSpace.h:19:
In file included from /root/cj_build/impl_relocation_receipt_queue5-mutant/src/runtime/src/Mutator/../Heap/Allocator/Allocator.h:11:
In file included from /root/cj_build/impl_relocation_receipt_queue5-mutant/src/runtime/src/Mutator/../Heap/Allocator/AllocBufferManager.h:15:
In file included from /root/cj_build/impl_relocation_receipt_queue5-mutant/src/runtime/src/Mutator/../Heap/Allocator/AllocBuffer.h:16:
In file included from /root/cj_build/impl_relocation_receipt_queue5-mutant/src/runtime/src/Mutator/../Heap/Allocator/RegionList.h:11:
In file included from /root/cj_build/impl_relocation_receipt_queue5-mutant/src/runtime/src/Mutator/../Heap/Allocator/RegionInfo.h:53:
/root/cj_build/impl_relocation_receipt_queue5-mutant/src/runtime/src/Heap/Verify/MutatorRelocate.h:102:8: warning: constexpr if is a C++17 extension [-Wc++17-extensions]
    if constexpr (kWaitRegionPublish) {
       ^
In file included from /root/cj_build/impl_relocation_receipt_queue5-mutant/src/runtime/src/Mutator/Mutator.cpp:15:
In file included from /root/cj_build/impl_relocation_receipt_queue5-mutant/src/runtime/src/Mutator/../Heap/Collector/CopyCollector.h:11:
In file included from /root/cj_build/impl_relocation_receipt_queue5-mutant/src/runtime/src/Mutator/../Heap/Allocator/RegionSpace.h:22:
In file included from /root/cj_build/impl_relocation_receipt_queue5-mutant/src/runtime/src/Mutator/../Heap/Allocator/RegionManager.h:25:
In file included from /root/cj_build/impl_relocation_receipt_queue5-mutant/src/runtime/src/Mutator/../Heap/Allocator/FreeRegionManager.h:15:
In file included from /root/cj_build/impl_relocation_receipt_queue5-mutant/src/runtime/src/Common/ScopedObjectAccess.h:11:
In file included from /root/cj_build/impl_relocation_receipt_queue5-mutant/src/runtime/src/Mutator/Mutator.inline.h:11:
In file included from /root/cj_build/impl_relocation_receipt_queue5-mutant/src/runtime/src/Mutator/MutatorManager.h:17:
/root/cj_build/impl_relocation_receipt_queue5-mutant/src/runtime/src/Base/GcLog.h:217:45: warning: format string is not a string literal [-Wformat-nonliteral]
        int n = vsnprintf(buf, sizeof(buf), format, args);
                                            ^~~~~~
In file included from /root/cj_build/impl_relocation_receipt_queue5-mutant/src/runtime/src/Mutator/Mutator.cpp:15:
In file included from /root/cj_build/impl_relocation_receipt_queue5-mutant/src/runtime/src/Mutator/../Heap/Collector/CopyCollector.h:13:
/root/cj_build/impl_relocation_receipt_queue5-mutant/src/runtime/src/Mutator/../Heap/Collector/TracingCollector.h:352:20: warning: unused variable 'objSize' [-Wunused-variable]
            size_t objSize = obj->GetSize();
                   ^
In file included from /root/cj_build/impl_relocation_receipt_queue5-mutant/src/runtime/src/Mutator/Mutator.cpp:23:
/root/cj_build/impl_relocation_receipt_queue5-mutant/src/runtime/src/Heap/WCollector/WCollector.h:425:12: warning: constexpr if is a C++17 extension [-Wc++17-extensions]
        if constexpr (ForwardingTable::kEntriesSoleWhenArmed) {
           ^
/root/cj_build/impl_relocation_receipt_queue5-mutant/src/runtime/src/Heap/WCollector/WCollector.h:450:12: warning: constexpr if is a C++17 extension [-Wc++17-extensions]
        if constexpr (ForwardingTable::kEntriesSoleWhenArmed) {
           ^
/root/cj_build/impl_relocation_receipt_queue5-mutant/src/runtime/src/Heap/WCollector/WCollector.h:357:20: warning: unused variable 'funnel' [-Wunused-variable]
        const bool funnel = RemapFunnelOn();
                   ^
/root/cj_build/impl_relocation_receipt_queue5-mutant/src/runtime/src/Heap/WCollector/WCollector.h:347:38: warning: unused variable 'receiptCount' [-Wunused-variable]
        static std::atomic<uint64_t> receiptCount{ 0 };
                                     ^
/root/cj_build/impl_relocation_receipt_queue5-mutant/src/runtime/src/Heap/WCollector/WCollector.h:344:38: warning: unused variable 'nonHeapCount' [-Wunused-variable]
        static std::atomic<uint64_t> nonHeapCount{ 0 };
                                     ^
/root/cj_build/impl_relocation_receipt_queue5-mutant/src/runtime/src/Heap/WCollector/WCollector.h:345:38: warning: unused variable 'noGhostCount' [-Wunused-variable]
        static std::atomic<uint64_t> noGhostCount{ 0 };
                                     ^
/root/cj_build/impl_relocation_receipt_queue5-mutant/src/runtime/src/Heap/WCollector/WCollector.h:346:38: warning: unused variable 'routeNullCount' [-Wunused-variable]
        static std::atomic<uint64_t> routeNullCount{ 0 };
                                     ^
/root/cj_build/impl_relocation_receipt_queue5-mutant/src/runtime/src/Heap/WCollector/WCollector.h:349:38: warning: unused variable 'giveFromCount' [-Wunused-variable]
        static std::atomic<uint64_t> giveFromCount{ 0 };
                                     ^
/root/cj_build/impl_relocation_receipt_queue5-mutant/src/runtime/src/Heap/WCollector/WCollector.h:348:38: warning: unused variable 'waitCount' [-Wunused-variable]
        static std::atomic<uint64_t> waitCount{ 0 };
                                     ^
/root/cj_build/impl_relocation_receipt_queue5-mutant/src/runtime/src/Heap/WCollector/WCollector.h:343:38: warning: unused variable 'callCount' [-Wunused-variable]
        static std::atomic<uint64_t> callCount{ 0 };
                                     ^
/root/cj_build/impl_relocation_receipt_queue5-mutant/src/runtime/src/Heap/WCollector/WCollector.h:622:12: warning: constexpr if is a C++17 extension [-Wc++17-extensions]
        if constexpr (ForwardingTable::kEntriesSoleWhenArmed) {
           ^
/root/cj_build/impl_relocation_receipt_queue5-mutant/src/runtime/src/Heap/WCollector/WCollector.h:677:12: warning: constexpr if is a C++17 extension [-Wc++17-extensions]
        if constexpr (ForwardingTable::kConsumeEntries) {
           ^
/root/cj_build/impl_relocation_receipt_queue5-mutant/src/runtime/src/Heap/WCollector/WCollector.h:682:16: warning: constexpr if is a C++17 extension [-Wc++17-extensions]
            if constexpr (ForwardingTable::kEntriesSoleWhenArmed) {
               ^
/root/cj_build/impl_relocation_receipt_queue5-mutant/src/runtime/src/Heap/WCollector/WCollector.h:713:12: warning: constexpr if is a C++17 extension [-Wc++17-extensions]
        if constexpr (ForwardingTable::kConsumeEntries) {
           ^
/root/cj_build/impl_relocation_receipt_queue5-mutant/src/runtime/src/Mutator/Mutator.cpp:796:20: warning: decomposition declarations are a C++17 extension [-Wc++17-extensions]
        for (auto& [oldDerivedSlot, oldBase, offset] : derivedSlots) {
                   ^~~~~~~~~~~~~~~~~~~~~~~~~~~~~~~~~
24 warnings generated.
[ 45%] Building CXX object src/Mutator/CMakeFiles/Mutator.dir/ThreadLocal.cpp.o
In file included from /root/cj_build/impl_relocation_receipt_queue5-mutant/src/runtime/src/Heap/WCollector/EnumBarrier.cpp:9:
In file included from /root/cj_build/impl_relocation_receipt_queue5-mutant/src/runtime/src/Heap/Allocator/RegionSpace.h:19:
In file included from /root/cj_build/impl_relocation_receipt_queue5-mutant/src/runtime/src/Heap/Allocator/Allocator.h:11:
In file included from /root/cj_build/impl_relocation_receipt_queue5-mutant/src/runtime/src/Heap/Allocator/AllocBufferManager.h:15:
In file included from /root/cj_build/impl_relocation_receipt_queue5-mutant/src/runtime/src/Heap/Allocator/AllocBuffer.h:16:
In file included from /root/cj_build/impl_relocation_receipt_queue5-mutant/src/runtime/src/Heap/Allocator/RegionList.h:11:
In file included from /root/cj_build/impl_relocation_receipt_queue5-mutant/src/runtime/src/Heap/Allocator/RegionInfo.h:41:
/root/cj_build/impl_relocation_receipt_queue5-mutant/src/runtime/src/Heap/Verify/AllocPhaseDiag.h:57:1: warning: inline variables are a C++17 extension [-Wc++17-extensions]
inline Slot g_table[kCap] = {};
^
/root/cj_build/impl_relocation_receipt_queue5-mutant/src/runtime/src/Heap/Verify/AllocPhaseDiag.h:58:1: warning: inline variables are a C++17 extension [-Wc++17-extensions]
inline NearEntry g_near[kNearCap] = {};
^
In file included from /root/cj_build/impl_relocation_receipt_queue5-mutant/src/runtime/src/Heap/WCollector/EnumBarrier.cpp:9:
In file included from /root/cj_build/impl_relocation_receipt_queue5-mutant/src/runtime/src/Heap/Allocator/RegionSpace.h:19:
In file included from /root/cj_build/impl_relocation_receipt_queue5-mutant/src/runtime/src/Heap/Allocator/Allocator.h:11:
In file included from /root/cj_build/impl_relocation_receipt_queue5-mutant/src/runtime/src/Heap/Allocator/AllocBufferManager.h:15:
In file included from /root/cj_build/impl_relocation_receipt_queue5-mutant/src/runtime/src/Heap/Allocator/AllocBuffer.h:16:
In file included from /root/cj_build/impl_relocation_receipt_queue5-mutant/src/runtime/src/Heap/Allocator/RegionList.h:11:
In file included from /root/cj_build/impl_relocation_receipt_queue5-mutant/src/runtime/src/Heap/Allocator/RegionInfo.h:43:
/root/cj_build/impl_relocation_receipt_queue5-mutant/src/runtime/src/Heap/Verify/NullRouteCaller.h:34:1: warning: inline variables are a C++17 extension [-Wc++17-extensions]
inline thread_local const char* g_tag = nullptr;
^
/root/cj_build/impl_relocation_receipt_queue5-mutant/src/runtime/src/Heap/Verify/NullRouteCaller.h:35:1: warning: inline variables are a C++17 extension [-Wc++17-extensions]
inline thread_local const char* g_edgeSrc = nullptr;
^
/root/cj_build/impl_relocation_receipt_queue5-mutant/src/runtime/src/Heap/Verify/NullRouteCaller.h:36:1: warning: inline variables are a C++17 extension [-Wc++17-extensions]
inline thread_local uintptr_t g_slot = 0;
^
/root/cj_build/impl_relocation_receipt_queue5-mutant/src/runtime/src/Heap/Verify/NullRouteCaller.h:37:1: warning: inline variables are a C++17 extension [-Wc++17-extensions]
inline thread_local void* g_host = nullptr;
^
In file included from /root/cj_build/impl_relocation_receipt_queue5-mutant/src/runtime/src/Heap/WCollector/EnumBarrier.cpp:9:
In file included from /root/cj_build/impl_relocation_receipt_queue5-mutant/src/runtime/src/Heap/Allocator/RegionSpace.h:19:
In file included from /root/cj_build/impl_relocation_receipt_queue5-mutant/src/runtime/src/Heap/Allocator/Allocator.h:11:
In file included from /root/cj_build/impl_relocation_receipt_queue5-mutant/src/runtime/src/Heap/Allocator/AllocBufferManager.h:15:
In file included from /root/cj_build/impl_relocation_receipt_queue5-mutant/src/runtime/src/Heap/Allocator/AllocBuffer.h:16:
In file included from /root/cj_build/impl_relocation_receipt_queue5-mutant/src/runtime/src/Heap/Allocator/RegionList.h:11:
In file included from /root/cj_build/impl_relocation_receipt_queue5-mutant/src/runtime/src/Heap/Allocator/RegionInfo.h:53:
/root/cj_build/impl_relocation_receipt_queue5-mutant/src/runtime/src/Heap/Verify/MutatorRelocate.h:102:8: warning: constexpr if is a C++17 extension [-Wc++17-extensions]
    if constexpr (kWaitRegionPublish) {
       ^
In file included from /root/cj_build/impl_relocation_receipt_queue5-mutant/src/runtime/src/Heap/WCollector/EnumBarrier.cpp:9:
In file included from /root/cj_build/impl_relocation_receipt_queue5-mutant/src/runtime/src/Heap/Allocator/RegionSpace.h:22:
In file included from /root/cj_build/impl_relocation_receipt_queue5-mutant/src/runtime/src/Heap/Allocator/RegionManager.h:25:
In file included from /root/cj_build/impl_relocation_receipt_queue5-mutant/src/runtime/src/Heap/Allocator/FreeRegionManager.h:15:
In file included from /root/cj_build/impl_relocation_receipt_queue5-mutant/src/runtime/src/Common/ScopedObjectAccess.h:11:
In file included from /root/cj_build/impl_relocation_receipt_queue5-mutant/src/runtime/src/Mutator/Mutator.inline.h:11:
In file included from /root/cj_build/impl_relocation_receipt_queue5-mutant/src/runtime/src/Mutator/MutatorManager.h:17:
/root/cj_build/impl_relocation_receipt_queue5-mutant/src/runtime/src/Base/GcLog.h:217:45: warning: format string is not a string literal [-Wformat-nonliteral]
        int n = vsnprintf(buf, sizeof(buf), format, args);
                                            ^~~~~~
In file included from /root/cj_build/impl_relocation_receipt_queue5-mutant/src/runtime/src/Heap/WCollector/EnumBarrier.cpp:13:
In file included from /root/cj_build/impl_relocation_receipt_queue5-mutant/src/runtime/src/Heap/Collector/CopyCollector.h:13:
/root/cj_build/impl_relocation_receipt_queue5-mutant/src/runtime/src/Heap/Collector/TracingCollector.h:352:20: warning: unused variable 'objSize' [-Wunused-variable]
            size_t objSize = obj->GetSize();
                   ^
9 warnings generated.
[ 47%] Building CXX object src/Heap/WCollector/CMakeFiles/WCollector.dir/TraceBarrier.cpp.o
In file included from /root/cj_build/impl_relocation_receipt_queue5-mutant/src/runtime/src/Heap/Verify/VerifyRoots.cpp:20:
In file included from /root/cj_build/impl_relocation_receipt_queue5-mutant/src/runtime/src/Mutator/Mutator.h:16:
In file included from /root/cj_build/impl_relocation_receipt_queue5-mutant/src/runtime/src/Heap/Allocator/Allocator.h:11:
In file included from /root/cj_build/impl_relocation_receipt_queue5-mutant/src/runtime/src/Heap/Allocator/AllocBufferManager.h:15:
In file included from /root/cj_build/impl_relocation_receipt_queue5-mutant/src/runtime/src/Heap/Allocator/AllocBuffer.h:16:
In file included from /root/cj_build/impl_relocation_receipt_queue5-mutant/src/runtime/src/Heap/Allocator/RegionList.h:11:
In file included from /root/cj_build/impl_relocation_receipt_queue5-mutant/src/runtime/src/Heap/Allocator/RegionInfo.h:41:
/root/cj_build/impl_relocation_receipt_queue5-mutant/src/runtime/src/Heap/Verify/AllocPhaseDiag.h:57:1: warning: inline variables are a C++17 extension [-Wc++17-extensions]
inline Slot g_table[kCap] = {};
^
/root/cj_build/impl_relocation_receipt_queue5-mutant/src/runtime/src/Heap/Verify/AllocPhaseDiag.h:58:1: warning: inline variables are a C++17 extension [-Wc++17-extensions]
inline NearEntry g_near[kNearCap] = {};
^
In file included from /root/cj_build/impl_relocation_receipt_queue5-mutant/src/runtime/src/Heap/Verify/VerifyRoots.cpp:20:
In file included from /root/cj_build/impl_relocation_receipt_queue5-mutant/src/runtime/src/Mutator/Mutator.h:16:
In file included from /root/cj_build/impl_relocation_receipt_queue5-mutant/src/runtime/src/Heap/Allocator/Allocator.h:11:
In file included from /root/cj_build/impl_relocation_receipt_queue5-mutant/src/runtime/src/Heap/Allocator/AllocBufferManager.h:15:
In file included from /root/cj_build/impl_relocation_receipt_queue5-mutant/src/runtime/src/Heap/Allocator/AllocBuffer.h:16:
In file included from /root/cj_build/impl_relocation_receipt_queue5-mutant/src/runtime/src/Heap/Allocator/RegionList.h:11:
In file included from /root/cj_build/impl_relocation_receipt_queue5-mutant/src/runtime/src/Heap/Allocator/RegionInfo.h:43:
/root/cj_build/impl_relocation_receipt_queue5-mutant/src/runtime/src/Heap/Verify/NullRouteCaller.h:34:1: warning: inline variables are a C++17 extension [-Wc++17-extensions]
inline thread_local const char* g_tag = nullptr;
^
/root/cj_build/impl_relocation_receipt_queue5-mutant/src/runtime/src/Heap/Verify/NullRouteCaller.h:35:1: warning: inline variables are a C++17 extension [-Wc++17-extensions]
inline thread_local const char* g_edgeSrc = nullptr;
^
/root/cj_build/impl_relocation_receipt_queue5-mutant/src/runtime/src/Heap/Verify/NullRouteCaller.h:36:1: warning: inline variables are a C++17 extension [-Wc++17-extensions]
inline thread_local uintptr_t g_slot = 0;
^
/root/cj_build/impl_relocation_receipt_queue5-mutant/src/runtime/src/Heap/Verify/NullRouteCaller.h:37:1: warning: inline variables are a C++17 extension [-Wc++17-extensions]
inline thread_local void* g_host = nullptr;
^
In file included from /root/cj_build/impl_relocation_receipt_queue5-mutant/src/runtime/src/Heap/Verify/VerifyRoots.cpp:20:
In file included from /root/cj_build/impl_relocation_receipt_queue5-mutant/src/runtime/src/Mutator/Mutator.h:16:
In file included from /root/cj_build/impl_relocation_receipt_queue5-mutant/src/runtime/src/Heap/Allocator/Allocator.h:11:
In file included from /root/cj_build/impl_relocation_receipt_queue5-mutant/src/runtime/src/Heap/Allocator/AllocBufferManager.h:15:
In file included from /root/cj_build/impl_relocation_receipt_queue5-mutant/src/runtime/src/Heap/Allocator/AllocBuffer.h:16:
In file included from /root/cj_build/impl_relocation_receipt_queue5-mutant/src/runtime/src/Heap/Allocator/RegionList.h:11:
In file included from /root/cj_build/impl_relocation_receipt_queue5-mutant/src/runtime/src/Heap/Allocator/RegionInfo.h:53:
/root/cj_build/impl_relocation_receipt_queue5-mutant/src/runtime/src/Heap/Verify/MutatorRelocate.h:102:8: warning: constexpr if is a C++17 extension [-Wc++17-extensions]
    if constexpr (kWaitRegionPublish) {
       ^
7 warnings generated.
[ 47%] Building CXX object src/Heap/Verify/CMakeFiles/Verify.dir/VerifyHeap.cpp.o
In file included from /root/cj_build/impl_relocation_receipt_queue5-mutant/src/runtime/src/Heap/Collector/Collector.cpp:20:
In file included from /root/cj_build/impl_relocation_receipt_queue5-mutant/src/runtime/src/Heap/Allocator/RegionInfo.h:41:
/root/cj_build/impl_relocation_receipt_queue5-mutant/src/runtime/src/Heap/Verify/AllocPhaseDiag.h:57:1: warning: inline variables are a C++17 extension [-Wc++17-extensions]
inline Slot g_table[kCap] = {};
^
/root/cj_build/impl_relocation_receipt_queue5-mutant/src/runtime/src/Heap/Verify/AllocPhaseDiag.h:58:1: warning: inline variables are a C++17 extension [-Wc++17-extensions]
inline NearEntry g_near[kNearCap] = {};
^
In file included from /root/cj_build/impl_relocation_receipt_queue5-mutant/src/runtime/src/Heap/Collector/Collector.cpp:20:
In file included from /root/cj_build/impl_relocation_receipt_queue5-mutant/src/runtime/src/Heap/Allocator/RegionInfo.h:43:
/root/cj_build/impl_relocation_receipt_queue5-mutant/src/runtime/src/Heap/Verify/NullRouteCaller.h:34:1: warning: inline variables are a C++17 extension [-Wc++17-extensions]
inline thread_local const char* g_tag = nullptr;
^
/root/cj_build/impl_relocation_receipt_queue5-mutant/src/runtime/src/Heap/Verify/NullRouteCaller.h:35:1: warning: inline variables are a C++17 extension [-Wc++17-extensions]
inline thread_local const char* g_edgeSrc = nullptr;
^
/root/cj_build/impl_relocation_receipt_queue5-mutant/src/runtime/src/Heap/Verify/NullRouteCaller.h:36:1: warning: inline variables are a C++17 extension [-Wc++17-extensions]
inline thread_local uintptr_t g_slot = 0;
^
/root/cj_build/impl_relocation_receipt_queue5-mutant/src/runtime/src/Heap/Verify/NullRouteCaller.h:37:1: warning: inline variables are a C++17 extension [-Wc++17-extensions]
inline thread_local void* g_host = nullptr;
^
In file included from /root/cj_build/impl_relocation_receipt_queue5-mutant/src/runtime/src/Heap/Collector/Collector.cpp:20:
In file included from /root/cj_build/impl_relocation_receipt_queue5-mutant/src/runtime/src/Heap/Allocator/RegionInfo.h:53:
/root/cj_build/impl_relocation_receipt_queue5-mutant/src/runtime/src/Heap/Verify/MutatorRelocate.h:102:8: warning: constexpr if is a C++17 extension [-Wc++17-extensions]
    if constexpr (kWaitRegionPublish) {
       ^
In file included from /root/cj_build/impl_relocation_receipt_queue5-mutant/src/runtime/src/Heap/Collector/Collector.cpp:21:
In file included from /root/cj_build/impl_relocation_receipt_queue5-mutant/src/runtime/src/Heap/Allocator/RegionSpace.h:22:
In file included from /root/cj_build/impl_relocation_receipt_queue5-mutant/src/runtime/src/Heap/Allocator/RegionManager.h:25:
In file included from /root/cj_build/impl_relocation_receipt_queue5-mutant/src/runtime/src/Heap/Allocator/FreeRegionManager.h:15:
In file included from /root/cj_build/impl_relocation_receipt_queue5-mutant/src/runtime/src/Common/ScopedObjectAccess.h:11:
In file included from /root/cj_build/impl_relocation_receipt_queue5-mutant/src/runtime/src/Mutator/Mutator.inline.h:11:
In file included from /root/cj_build/impl_relocation_receipt_queue5-mutant/src/runtime/src/Mutator/MutatorManager.h:17:
/root/cj_build/impl_relocation_receipt_queue5-mutant/src/runtime/src/Base/GcLog.h:217:45: warning: format string is not a string literal [-Wformat-nonliteral]
        int n = vsnprintf(buf, sizeof(buf), format, args);
                                            ^~~~~~
8 warnings generated.
[ 48%] Building CXX object src/Heap/Collector/CMakeFiles/Collector.dir/CollectorProxy.cpp.o
In file included from /root/cj_build/impl_relocation_receipt_queue5-mutant/src/runtime/src/Heap/Allocator/RegionSpace.cpp:8:
In file included from /root/cj_build/impl_relocation_receipt_queue5-mutant/src/runtime/src/Heap/Allocator/RegionSpace.h:19:
In file included from /root/cj_build/impl_relocation_receipt_queue5-mutant/src/runtime/src/Heap/Allocator/Allocator.h:11:
In file included from /root/cj_build/impl_relocation_receipt_queue5-mutant/src/runtime/src/Heap/Allocator/AllocBufferManager.h:15:
In file included from /root/cj_build/impl_relocation_receipt_queue5-mutant/src/runtime/src/Heap/Allocator/AllocBuffer.h:16:
In file included from /root/cj_build/impl_relocation_receipt_queue5-mutant/src/runtime/src/Heap/Allocator/RegionList.h:11:
In file included from /root/cj_build/impl_relocation_receipt_queue5-mutant/src/runtime/src/Heap/Allocator/RegionInfo.h:41:
/root/cj_build/impl_relocation_receipt_queue5-mutant/src/runtime/src/Heap/Verify/AllocPhaseDiag.h:57:1: warning: inline variables are a C++17 extension [-Wc++17-extensions]
inline Slot g_table[kCap] = {};
^
/root/cj_build/impl_relocation_receipt_queue5-mutant/src/runtime/src/Heap/Verify/AllocPhaseDiag.h:58:1: warning: inline variables are a C++17 extension [-Wc++17-extensions]
inline NearEntry g_near[kNearCap] = {};
^
In file included from /root/cj_build/impl_relocation_receipt_queue5-mutant/src/runtime/src/Heap/Allocator/RegionSpace.cpp:8:
In file included from /root/cj_build/impl_relocation_receipt_queue5-mutant/src/runtime/src/Heap/Allocator/RegionSpace.h:19:
In file included from /root/cj_build/impl_relocation_receipt_queue5-mutant/src/runtime/src/Heap/Allocator/Allocator.h:11:
In file included from /root/cj_build/impl_relocation_receipt_queue5-mutant/src/runtime/src/Heap/Allocator/AllocBufferManager.h:15:
In file included from /root/cj_build/impl_relocation_receipt_queue5-mutant/src/runtime/src/Heap/Allocator/AllocBuffer.h:16:
In file included from /root/cj_build/impl_relocation_receipt_queue5-mutant/src/runtime/src/Heap/Allocator/RegionList.h:11:
In file included from /root/cj_build/impl_relocation_receipt_queue5-mutant/src/runtime/src/Heap/Allocator/RegionInfo.h:43:
/root/cj_build/impl_relocation_receipt_queue5-mutant/src/runtime/src/Heap/Verify/NullRouteCaller.h:34:1: warning: inline variables are a C++17 extension [-Wc++17-extensions]
inline thread_local const char* g_tag = nullptr;
^
/root/cj_build/impl_relocation_receipt_queue5-mutant/src/runtime/src/Heap/Verify/NullRouteCaller.h:35:1: warning: inline variables are a C++17 extension [-Wc++17-extensions]
inline thread_local const char* g_edgeSrc = nullptr;
^
/root/cj_build/impl_relocation_receipt_queue5-mutant/src/runtime/src/Heap/Verify/NullRouteCaller.h:36:1: warning: inline variables are a C++17 extension [-Wc++17-extensions]
inline thread_local uintptr_t g_slot = 0;
^
/root/cj_build/impl_relocation_receipt_queue5-mutant/src/runtime/src/Heap/Verify/NullRouteCaller.h:37:1: warning: inline variables are a C++17 extension [-Wc++17-extensions]
inline thread_local void* g_host = nullptr;
^
In file included from /root/cj_build/impl_relocation_receipt_queue5-mutant/src/runtime/src/Heap/Allocator/RegionSpace.cpp:8:
In file included from /root/cj_build/impl_relocation_receipt_queue5-mutant/src/runtime/src/Heap/Allocator/RegionSpace.h:19:
In file included from /root/cj_build/impl_relocation_receipt_queue5-mutant/src/runtime/src/Heap/Allocator/Allocator.h:11:
In file included from /root/cj_build/impl_relocation_receipt_queue5-mutant/src/runtime/src/Heap/Allocator/AllocBufferManager.h:15:
In file included from /root/cj_build/impl_relocation_receipt_queue5-mutant/src/runtime/src/Heap/Allocator/AllocBuffer.h:16:
In file included from /root/cj_build/impl_relocation_receipt_queue5-mutant/src/runtime/src/Heap/Allocator/RegionList.h:11:
In file included from /root/cj_build/impl_relocation_receipt_queue5-mutant/src/runtime/src/Heap/Allocator/RegionInfo.h:53:
/root/cj_build/impl_relocation_receipt_queue5-mutant/src/runtime/src/Heap/Verify/MutatorRelocate.h:102:8: warning: constexpr if is a C++17 extension [-Wc++17-extensions]
    if constexpr (kWaitRegionPublish) {
       ^
In file included from /root/cj_build/impl_relocation_receipt_queue5-mutant/src/runtime/src/Heap/Allocator/RegionSpace.cpp:8:
In file included from /root/cj_build/impl_relocation_receipt_queue5-mutant/src/runtime/src/Heap/Allocator/RegionSpace.h:22:
In file included from /root/cj_build/impl_relocation_receipt_queue5-mutant/src/runtime/src/Heap/Allocator/RegionManager.h:25:
In file included from /root/cj_build/impl_relocation_receipt_queue5-mutant/src/runtime/src/Heap/Allocator/FreeRegionManager.h:15:
In file included from /root/cj_build/impl_relocation_receipt_queue5-mutant/src/runtime/src/Common/ScopedObjectAccess.h:11:
In file included from /root/cj_build/impl_relocation_receipt_queue5-mutant/src/runtime/src/Mutator/Mutator.inline.h:11:
In file included from /root/cj_build/impl_relocation_receipt_queue5-mutant/src/runtime/src/Mutator/MutatorManager.h:17:
/root/cj_build/impl_relocation_receipt_queue5-mutant/src/runtime/src/Base/GcLog.h:217:45: warning: format string is not a string literal [-Wformat-nonliteral]
        int n = vsnprintf(buf, sizeof(buf), format, args);
                                            ^~~~~~
8 warnings generated.
[ 48%] Building CXX object src/Heap/Allocator/CMakeFiles/Allocator.dir/RegionManager.cpp.o
In file included from /root/cj_build/impl_relocation_receipt_queue5-mutant/src/runtime/src/Mutator/ThreadLocal.cpp:14:
In file included from /root/cj_build/impl_relocation_receipt_queue5-mutant/src/runtime/src/Mutator/Mutator.h:16:
In file included from /root/cj_build/impl_relocation_receipt_queue5-mutant/src/runtime/src/Heap/Allocator/Allocator.h:11:
In file included from /root/cj_build/impl_relocation_receipt_queue5-mutant/src/runtime/src/Heap/Allocator/AllocBufferManager.h:15:
In file included from /root/cj_build/impl_relocation_receipt_queue5-mutant/src/runtime/src/Heap/Allocator/AllocBuffer.h:16:
In file included from /root/cj_build/impl_relocation_receipt_queue5-mutant/src/runtime/src/Heap/Allocator/RegionList.h:11:
In file included from /root/cj_build/impl_relocation_receipt_queue5-mutant/src/runtime/src/Heap/Allocator/RegionInfo.h:41:
/root/cj_build/impl_relocation_receipt_queue5-mutant/src/runtime/src/Heap/Verify/AllocPhaseDiag.h:57:1: warning: inline variables are a C++17 extension [-Wc++17-extensions]
inline Slot g_table[kCap] = {};
^
/root/cj_build/impl_relocation_receipt_queue5-mutant/src/runtime/src/Heap/Verify/AllocPhaseDiag.h:58:1: warning: inline variables are a C++17 extension [-Wc++17-extensions]
inline NearEntry g_near[kNearCap] = {};
^
In file included from /root/cj_build/impl_relocation_receipt_queue5-mutant/src/runtime/src/Mutator/ThreadLocal.cpp:14:
In file included from /root/cj_build/impl_relocation_receipt_queue5-mutant/src/runtime/src/Mutator/Mutator.h:16:
In file included from /root/cj_build/impl_relocation_receipt_queue5-mutant/src/runtime/src/Heap/Allocator/Allocator.h:11:
In file included from /root/cj_build/impl_relocation_receipt_queue5-mutant/src/runtime/src/Heap/Allocator/AllocBufferManager.h:15:
In file included from /root/cj_build/impl_relocation_receipt_queue5-mutant/src/runtime/src/Heap/Allocator/AllocBuffer.h:16:
In file included from /root/cj_build/impl_relocation_receipt_queue5-mutant/src/runtime/src/Heap/Allocator/RegionList.h:11:
In file included from /root/cj_build/impl_relocation_receipt_queue5-mutant/src/runtime/src/Heap/Allocator/RegionInfo.h:43:
/root/cj_build/impl_relocation_receipt_queue5-mutant/src/runtime/src/Heap/Verify/NullRouteCaller.h:34:1: warning: inline variables are a C++17 extension [-Wc++17-extensions]
inline thread_local const char* g_tag = nullptr;
^
/root/cj_build/impl_relocation_receipt_queue5-mutant/src/runtime/src/Heap/Verify/NullRouteCaller.h:35:1: warning: inline variables are a C++17 extension [-Wc++17-extensions]
inline thread_local const char* g_edgeSrc = nullptr;
^
/root/cj_build/impl_relocation_receipt_queue5-mutant/src/runtime/src/Heap/Verify/NullRouteCaller.h:36:1: warning: inline variables are a C++17 extension [-Wc++17-extensions]
inline thread_local uintptr_t g_slot = 0;
^
/root/cj_build/impl_relocation_receipt_queue5-mutant/src/runtime/src/Heap/Verify/NullRouteCaller.h:37:1: warning: inline variables are a C++17 extension [-Wc++17-extensions]
inline thread_local void* g_host = nullptr;
^
In file included from /root/cj_build/impl_relocation_receipt_queue5-mutant/src/runtime/src/Mutator/ThreadLocal.cpp:14:
In file included from /root/cj_build/impl_relocation_receipt_queue5-mutant/src/runtime/src/Mutator/Mutator.h:16:
In file included from /root/cj_build/impl_relocation_receipt_queue5-mutant/src/runtime/src/Heap/Allocator/Allocator.h:11:
In file included from /root/cj_build/impl_relocation_receipt_queue5-mutant/src/runtime/src/Heap/Allocator/AllocBufferManager.h:15:
In file included from /root/cj_build/impl_relocation_receipt_queue5-mutant/src/runtime/src/Heap/Allocator/AllocBuffer.h:16:
In file included from /root/cj_build/impl_relocation_receipt_queue5-mutant/src/runtime/src/Heap/Allocator/RegionList.h:11:
In file included from /root/cj_build/impl_relocation_receipt_queue5-mutant/src/runtime/src/Heap/Allocator/RegionInfo.h:53:
/root/cj_build/impl_relocation_receipt_queue5-mutant/src/runtime/src/Heap/Verify/MutatorRelocate.h:102:8: warning: constexpr if is a C++17 extension [-Wc++17-extensions]
    if constexpr (kWaitRegionPublish) {
       ^
7 warnings generated.
[ 49%] Building CXX object src/UnwindStack/CMakeFiles/UnwindStack.dir/StackInfo.cpp.o
In file included from /root/cj_build/impl_relocation_receipt_queue5-mutant/src/runtime/src/ObjectModel/MClass.cpp:16:
In file included from /root/cj_build/impl_relocation_receipt_queue5-mutant/src/runtime/src/ExceptionManager.inline.h:14:
In file included from /root/cj_build/impl_relocation_receipt_queue5-mutant/src/runtime/src/Mutator/Mutator.h:16:
In file included from /root/cj_build/impl_relocation_receipt_queue5-mutant/src/runtime/src/Heap/Allocator/Allocator.h:11:
In file included from /root/cj_build/impl_relocation_receipt_queue5-mutant/src/runtime/src/Heap/Allocator/AllocBufferManager.h:15:
In file included from /root/cj_build/impl_relocation_receipt_queue5-mutant/src/runtime/src/Heap/Allocator/AllocBuffer.h:16:
In file included from /root/cj_build/impl_relocation_receipt_queue5-mutant/src/runtime/src/Heap/Allocator/RegionList.h:11:
In file included from /root/cj_build/impl_relocation_receipt_queue5-mutant/src/runtime/src/Heap/Allocator/RegionInfo.h:41:
/root/cj_build/impl_relocation_receipt_queue5-mutant/src/runtime/src/Heap/Verify/AllocPhaseDiag.h:57:1: warning: inline variables are a C++17 extension [-Wc++17-extensions]
inline Slot g_table[kCap] = {};
^
/root/cj_build/impl_relocation_receipt_queue5-mutant/src/runtime/src/Heap/Verify/AllocPhaseDiag.h:58:1: warning: inline variables are a C++17 extension [-Wc++17-extensions]
inline NearEntry g_near[kNearCap] = {};
^
In file included from /root/cj_build/impl_relocation_receipt_queue5-mutant/src/runtime/src/ObjectModel/MClass.cpp:16:
In file included from /root/cj_build/impl_relocation_receipt_queue5-mutant/src/runtime/src/ExceptionManager.inline.h:14:
In file included from /root/cj_build/impl_relocation_receipt_queue5-mutant/src/runtime/src/Mutator/Mutator.h:16:
In file included from /root/cj_build/impl_relocation_receipt_queue5-mutant/src/runtime/src/Heap/Allocator/Allocator.h:11:
In file included from /root/cj_build/impl_relocation_receipt_queue5-mutant/src/runtime/src/Heap/Allocator/AllocBufferManager.h:15:
In file included from /root/cj_build/impl_relocation_receipt_queue5-mutant/src/runtime/src/Heap/Allocator/AllocBuffer.h:16:
In file included from /root/cj_build/impl_relocation_receipt_queue5-mutant/src/runtime/src/Heap/Allocator/RegionList.h:11:
In file included from /root/cj_build/impl_relocation_receipt_queue5-mutant/src/runtime/src/Heap/Allocator/RegionInfo.h:43:
/root/cj_build/impl_relocation_receipt_queue5-mutant/src/runtime/src/Heap/Verify/NullRouteCaller.h:34:1: warning: inline variables are a C++17 extension [-Wc++17-extensions]
inline thread_local const char* g_tag = nullptr;
^
/root/cj_build/impl_relocation_receipt_queue5-mutant/src/runtime/src/Heap/Verify/NullRouteCaller.h:35:1: warning: inline variables are a C++17 extension [-Wc++17-extensions]
inline thread_local const char* g_edgeSrc = nullptr;
^
/root/cj_build/impl_relocation_receipt_queue5-mutant/src/runtime/src/Heap/Verify/NullRouteCaller.h:36:1: warning: inline variables are a C++17 extension [-Wc++17-extensions]
inline thread_local uintptr_t g_slot = 0;
^
/root/cj_build/impl_relocation_receipt_queue5-mutant/src/runtime/src/Heap/Verify/NullRouteCaller.h:37:1: warning: inline variables are a C++17 extension [-Wc++17-extensions]
inline thread_local void* g_host = nullptr;
^
In file included from /root/cj_build/impl_relocation_receipt_queue5-mutant/src/runtime/src/ObjectModel/MClass.cpp:16:
In file included from /root/cj_build/impl_relocation_receipt_queue5-mutant/src/runtime/src/ExceptionManager.inline.h:14:
In file included from /root/cj_build/impl_relocation_receipt_queue5-mutant/src/runtime/src/Mutator/Mutator.h:16:
In file included from /root/cj_build/impl_relocation_receipt_queue5-mutant/src/runtime/src/Heap/Allocator/Allocator.h:11:
In file included from /root/cj_build/impl_relocation_receipt_queue5-mutant/src/runtime/src/Heap/Allocator/AllocBufferManager.h:15:
In file included from /root/cj_build/impl_relocation_receipt_queue5-mutant/src/runtime/src/Heap/Allocator/AllocBuffer.h:16:
In file included from /root/cj_build/impl_relocation_receipt_queue5-mutant/src/runtime/src/Heap/Allocator/RegionList.h:11:
In file included from /root/cj_build/impl_relocation_receipt_queue5-mutant/src/runtime/src/Heap/Allocator/RegionInfo.h:53:
/root/cj_build/impl_relocation_receipt_queue5-mutant/src/runtime/src/Heap/Verify/MutatorRelocate.h:102:8: warning: constexpr if is a C++17 extension [-Wc++17-extensions]
    if constexpr (kWaitRegionPublish) {
       ^
In file included from /root/cj_build/impl_relocation_receipt_queue5-mutant/src/runtime/src/ObjectModel/MClass.cpp:16:
In file included from /root/cj_build/impl_relocation_receipt_queue5-mutant/src/runtime/src/ExceptionManager.inline.h:15:
In file included from /root/cj_build/impl_relocation_receipt_queue5-mutant/src/runtime/src/Mutator/MutatorManager.h:17:
/root/cj_build/impl_relocation_receipt_queue5-mutant/src/runtime/src/Base/GcLog.h:217:45: warning: format string is not a string literal [-Wformat-nonliteral]
        int n = vsnprintf(buf, sizeof(buf), format, args);
                                            ^~~~~~
8 warnings generated.
In file included from /root/cj_build/impl_relocation_receipt_queue5-mutant/src/runtime/src/Mutator/MutatorManager.cpp:8:
In file included from /root/cj_build/impl_relocation_receipt_queue5-mutant/src/runtime/src/Mutator/MutatorManager.h:17:
/root/cj_build/impl_relocation_receipt_queue5-mutant/src/runtime/src/Base/GcLog.h:217:45: warning: format string is not a string literal [-Wformat-nonliteral]
        int n = vsnprintf(buf, sizeof(buf), format, args);
                                            ^~~~~~
In file included from /root/cj_build/impl_relocation_receipt_queue5-mutant/src/runtime/src/Mutator/MutatorManager.cpp:8:
In file included from /root/cj_build/impl_relocation_receipt_queue5-mutant/src/runtime/src/Mutator/MutatorManager.h:23:
In file included from /root/cj_build/impl_relocation_receipt_queue5-mutant/src/runtime/src/Mutator/Mutator.h:16:
In file included from /root/cj_build/impl_relocation_receipt_queue5-mutant/src/runtime/src/Heap/Allocator/Allocator.h:11:
In file included from /root/cj_build/impl_relocation_receipt_queue5-mutant/src/runtime/src/Heap/Allocator/AllocBufferManager.h:15:
In file included from /root/cj_build/impl_relocation_receipt_queue5-mutant/src/runtime/src/Heap/Allocator/AllocBuffer.h:16:
In file included from /root/cj_build/impl_relocation_receipt_queue5-mutant/src/runtime/src/Heap/Allocator/RegionList.h:11:
In file included from /root/cj_build/impl_relocation_receipt_queue5-mutant/src/runtime/src/Heap/Allocator/RegionInfo.h:41:
/root/cj_build/impl_relocation_receipt_queue5-mutant/src/runtime/src/Heap/Verify/AllocPhaseDiag.h:57:1: warning: inline variables are a C++17 extension [-Wc++17-extensions]
inline Slot g_table[kCap] = {};
^
/root/cj_build/impl_relocation_receipt_queue5-mutant/src/runtime/src/Heap/Verify/AllocPhaseDiag.h:58:1: warning: inline variables are a C++17 extension [-Wc++17-extensions]
inline NearEntry g_near[kNearCap] = {};
^
In file included from /root/cj_build/impl_relocation_receipt_queue5-mutant/src/runtime/src/Mutator/MutatorManager.cpp:8:
In file included from /root/cj_build/impl_relocation_receipt_queue5-mutant/src/runtime/src/Mutator/MutatorManager.h:23:
In file included from /root/cj_build/impl_relocation_receipt_queue5-mutant/src/runtime/src/Mutator/Mutator.h:16:
In file included from /root/cj_build/impl_relocation_receipt_queue5-mutant/src/runtime/src/Heap/Allocator/Allocator.h:11:
In file included from /root/cj_build/impl_relocation_receipt_queue5-mutant/src/runtime/src/Heap/Allocator/AllocBufferManager.h:15:
In file included from /root/cj_build/impl_relocation_receipt_queue5-mutant/src/runtime/src/Heap/Allocator/AllocBuffer.h:16:
In file included from /root/cj_build/impl_relocation_receipt_queue5-mutant/src/runtime/src/Heap/Allocator/RegionList.h:11:
In file included from /root/cj_build/impl_relocation_receipt_queue5-mutant/src/runtime/src/Heap/Allocator/RegionInfo.h:43:
/root/cj_build/impl_relocation_receipt_queue5-mutant/src/runtime/src/Heap/Verify/NullRouteCaller.h:34:1: warning: inline variables are a C++17 extension [-Wc++17-extensions]
inline thread_local const char* g_tag = nullptr;
^
/root/cj_build/impl_relocation_receipt_queue5-mutant/src/runtime/src/Heap/Verify/NullRouteCaller.h:35:1: warning: inline variables are a C++17 extension [-Wc++17-extensions]
inline thread_local const char* g_edgeSrc = nullptr;
^
/root/cj_build/impl_relocation_receipt_queue5-mutant/src/runtime/src/Heap/Verify/NullRouteCaller.h:36:1: warning: inline variables are a C++17 extension [-Wc++17-extensions]
inline thread_local uintptr_t g_slot = 0;
^
/root/cj_build/impl_relocation_receipt_queue5-mutant/src/runtime/src/Heap/Verify/NullRouteCaller.h:37:1: warning: inline variables are a C++17 extension [-Wc++17-extensions]
inline thread_local void* g_host = nullptr;
^
In file included from /root/cj_build/impl_relocation_receipt_queue5-mutant/src/runtime/src/Mutator/MutatorManager.cpp:8:
In file included from /root/cj_build/impl_relocation_receipt_queue5-mutant/src/runtime/src/Mutator/MutatorManager.h:23:
In file included from /root/cj_build/impl_relocation_receipt_queue5-mutant/src/runtime/src/Mutator/Mutator.h:16:
In file included from /root/cj_build/impl_relocation_receipt_queue5-mutant/src/runtime/src/Heap/Allocator/Allocator.h:11:
In file included from /root/cj_build/impl_relocation_receipt_queue5-mutant/src/runtime/src/Heap/Allocator/AllocBufferManager.h:15:
In file included from /root/cj_build/impl_relocation_receipt_queue5-mutant/src/runtime/src/Heap/Allocator/AllocBuffer.h:16:
In file included from /root/cj_build/impl_relocation_receipt_queue5-mutant/src/runtime/src/Heap/Allocator/RegionList.h:11:
In file included from /root/cj_build/impl_relocation_receipt_queue5-mutant/src/runtime/src/Heap/Allocator/RegionInfo.h:53:
/root/cj_build/impl_relocation_receipt_queue5-mutant/src/runtime/src/Heap/Verify/MutatorRelocate.h:102:8: warning: constexpr if is a C++17 extension [-Wc++17-extensions]
    if constexpr (kWaitRegionPublish) {
       ^
In file included from /root/cj_build/impl_relocation_receipt_queue5-mutant/src/runtime/src/Mutator/MutatorManager.cpp:17:
/root/cj_build/impl_relocation_receipt_queue5-mutant/src/runtime/src/Heap/Collector/TracingCollector.h:352:20: warning: unused variable 'objSize' [-Wunused-variable]
            size_t objSize = obj->GetSize();
                   ^
9 warnings generated.
[ 50%] Building CXX object src/ObjectModel/CMakeFiles/ObjectModel.dir/MArray.cpp.o
[ 51%] Linking CXX static library ../../../output/temp/ar/x86_64_Release/libMutator.a
[ 51%] Built target Mutator
[ 52%] Building CXX object src/Sync/CMakeFiles/Sync.dir/Sync.cpp.o
In file included from /root/cj_build/impl_relocation_receipt_queue5-mutant/src/runtime/src/Heap/Verify/VerifyHeap.cpp:28:
In file included from /root/cj_build/impl_relocation_receipt_queue5-mutant/src/runtime/src/Heap/Allocator/RegionInfo.h:41:
/root/cj_build/impl_relocation_receipt_queue5-mutant/src/runtime/src/Heap/Verify/AllocPhaseDiag.h:57:1: warning: inline variables are a C++17 extension [-Wc++17-extensions]
inline Slot g_table[kCap] = {};
^
/root/cj_build/impl_relocation_receipt_queue5-mutant/src/runtime/src/Heap/Verify/AllocPhaseDiag.h:58:1: warning: inline variables are a C++17 extension [-Wc++17-extensions]
inline NearEntry g_near[kNearCap] = {};
^
In file included from /root/cj_build/impl_relocation_receipt_queue5-mutant/src/runtime/src/Heap/Verify/VerifyHeap.cpp:28:
In file included from /root/cj_build/impl_relocation_receipt_queue5-mutant/src/runtime/src/Heap/Allocator/RegionInfo.h:43:
/root/cj_build/impl_relocation_receipt_queue5-mutant/src/runtime/src/Heap/Verify/NullRouteCaller.h:34:1: warning: inline variables are a C++17 extension [-Wc++17-extensions]
inline thread_local const char* g_tag = nullptr;
^
/root/cj_build/impl_relocation_receipt_queue5-mutant/src/runtime/src/Heap/Verify/NullRouteCaller.h:35:1: warning: inline variables are a C++17 extension [-Wc++17-extensions]
inline thread_local const char* g_edgeSrc = nullptr;
^
/root/cj_build/impl_relocation_receipt_queue5-mutant/src/runtime/src/Heap/Verify/NullRouteCaller.h:36:1: warning: inline variables are a C++17 extension [-Wc++17-extensions]
inline thread_local uintptr_t g_slot = 0;
^
/root/cj_build/impl_relocation_receipt_queue5-mutant/src/runtime/src/Heap/Verify/NullRouteCaller.h:37:1: warning: inline variables are a C++17 extension [-Wc++17-extensions]
inline thread_local void* g_host = nullptr;
^
In file included from /root/cj_build/impl_relocation_receipt_queue5-mutant/src/runtime/src/Heap/Verify/VerifyHeap.cpp:28:
In file included from /root/cj_build/impl_relocation_receipt_queue5-mutant/src/runtime/src/Heap/Allocator/RegionInfo.h:53:
/root/cj_build/impl_relocation_receipt_queue5-mutant/src/runtime/src/Heap/Verify/MutatorRelocate.h:102:8: warning: constexpr if is a C++17 extension [-Wc++17-extensions]
    if constexpr (kWaitRegionPublish) {
       ^
/root/cj_build/impl_relocation_receipt_queue5-mutant/src/runtime/src/Heap/Verify/VerifyHeap.cpp:147:6: warning: unused function 'EnvEnabled' [-Wunused-function]
bool EnvEnabled(const char* name)
     ^
/root/cj_build/impl_relocation_receipt_queue5-mutant/src/runtime/src/Heap/Verify/VerifyHeap.cpp:153:8: warning: unused function 'EnvSizeT' [-Wunused-function]
size_t EnvSizeT(const char* name, size_t defaultValue)
       ^
9 warnings generated.
[ 54%] Building CXX object src/Heap/Verify/CMakeFiles/Verify.dir/MarkCompleteVerify.cpp.o
In file included from /root/cj_build/impl_relocation_receipt_queue5-mutant/src/runtime/src/Heap/WCollector/TraceBarrier.cpp:9:
In file included from /root/cj_build/impl_relocation_receipt_queue5-mutant/src/runtime/src/Heap/Allocator/RegionSpace.h:19:
In file included from /root/cj_build/impl_relocation_receipt_queue5-mutant/src/runtime/src/Heap/Allocator/Allocator.h:11:
In file included from /root/cj_build/impl_relocation_receipt_queue5-mutant/src/runtime/src/Heap/Allocator/AllocBufferManager.h:15:
In file included from /root/cj_build/impl_relocation_receipt_queue5-mutant/src/runtime/src/Heap/Allocator/AllocBuffer.h:16:
In file included from /root/cj_build/impl_relocation_receipt_queue5-mutant/src/runtime/src/Heap/Allocator/RegionList.h:11:
In file included from /root/cj_build/impl_relocation_receipt_queue5-mutant/src/runtime/src/Heap/Allocator/RegionInfo.h:41:
/root/cj_build/impl_relocation_receipt_queue5-mutant/src/runtime/src/Heap/Verify/AllocPhaseDiag.h:57:1: warning: inline variables are a C++17 extension [-Wc++17-extensions]
inline Slot g_table[kCap] = {};
^
/root/cj_build/impl_relocation_receipt_queue5-mutant/src/runtime/src/Heap/Verify/AllocPhaseDiag.h:58:1: warning: inline variables are a C++17 extension [-Wc++17-extensions]
inline NearEntry g_near[kNearCap] = {};
^
In file included from /root/cj_build/impl_relocation_receipt_queue5-mutant/src/runtime/src/Heap/WCollector/TraceBarrier.cpp:9:
In file included from /root/cj_build/impl_relocation_receipt_queue5-mutant/src/runtime/src/Heap/Allocator/RegionSpace.h:19:
In file included from /root/cj_build/impl_relocation_receipt_queue5-mutant/src/runtime/src/Heap/Allocator/Allocator.h:11:
In file included from /root/cj_build/impl_relocation_receipt_queue5-mutant/src/runtime/src/Heap/Allocator/AllocBufferManager.h:15:
In file included from /root/cj_build/impl_relocation_receipt_queue5-mutant/src/runtime/src/Heap/Allocator/AllocBuffer.h:16:
In file included from /root/cj_build/impl_relocation_receipt_queue5-mutant/src/runtime/src/Heap/Allocator/RegionList.h:11:
In file included from /root/cj_build/impl_relocation_receipt_queue5-mutant/src/runtime/src/Heap/Allocator/RegionInfo.h:43:
/root/cj_build/impl_relocation_receipt_queue5-mutant/src/runtime/src/Heap/Verify/NullRouteCaller.h:34:1: warning: inline variables are a C++17 extension [-Wc++17-extensions]
inline thread_local const char* g_tag = nullptr;
^
/root/cj_build/impl_relocation_receipt_queue5-mutant/src/runtime/src/Heap/Verify/NullRouteCaller.h:35:1: warning: inline variables are a C++17 extension [-Wc++17-extensions]
inline thread_local const char* g_edgeSrc = nullptr;
^
/root/cj_build/impl_relocation_receipt_queue5-mutant/src/runtime/src/Heap/Verify/NullRouteCaller.h:36:1: warning: inline variables are a C++17 extension [-Wc++17-extensions]
inline thread_local uintptr_t g_slot = 0;
^
/root/cj_build/impl_relocation_receipt_queue5-mutant/src/runtime/src/Heap/Verify/NullRouteCaller.h:37:1: warning: inline variables are a C++17 extension [-Wc++17-extensions]
inline thread_local void* g_host = nullptr;
^
In file included from /root/cj_build/impl_relocation_receipt_queue5-mutant/src/runtime/src/Heap/WCollector/TraceBarrier.cpp:9:
In file included from /root/cj_build/impl_relocation_receipt_queue5-mutant/src/runtime/src/Heap/Allocator/RegionSpace.h:19:
In file included from /root/cj_build/impl_relocation_receipt_queue5-mutant/src/runtime/src/Heap/Allocator/Allocator.h:11:
In file included from /root/cj_build/impl_relocation_receipt_queue5-mutant/src/runtime/src/Heap/Allocator/AllocBufferManager.h:15:
In file included from /root/cj_build/impl_relocation_receipt_queue5-mutant/src/runtime/src/Heap/Allocator/AllocBuffer.h:16:
In file included from /root/cj_build/impl_relocation_receipt_queue5-mutant/src/runtime/src/Heap/Allocator/RegionList.h:11:
In file included from /root/cj_build/impl_relocation_receipt_queue5-mutant/src/runtime/src/Heap/Allocator/RegionInfo.h:53:
/root/cj_build/impl_relocation_receipt_queue5-mutant/src/runtime/src/Heap/Verify/MutatorRelocate.h:102:8: warning: constexpr if is a C++17 extension [-Wc++17-extensions]
    if constexpr (kWaitRegionPublish) {
       ^
In file included from /root/cj_build/impl_relocation_receipt_queue5-mutant/src/runtime/src/Heap/WCollector/TraceBarrier.cpp:9:
In file included from /root/cj_build/impl_relocation_receipt_queue5-mutant/src/runtime/src/Heap/Allocator/RegionSpace.h:22:
In file included from /root/cj_build/impl_relocation_receipt_queue5-mutant/src/runtime/src/Heap/Allocator/RegionManager.h:25:
In file included from /root/cj_build/impl_relocation_receipt_queue5-mutant/src/runtime/src/Heap/Allocator/FreeRegionManager.h:15:
In file included from /root/cj_build/impl_relocation_receipt_queue5-mutant/src/runtime/src/Common/ScopedObjectAccess.h:11:
In file included from /root/cj_build/impl_relocation_receipt_queue5-mutant/src/runtime/src/Mutator/Mutator.inline.h:11:
In file included from /root/cj_build/impl_relocation_receipt_queue5-mutant/src/runtime/src/Mutator/MutatorManager.h:17:
/root/cj_build/impl_relocation_receipt_queue5-mutant/src/runtime/src/Base/GcLog.h:217:45: warning: format string is not a string literal [-Wformat-nonliteral]
        int n = vsnprintf(buf, sizeof(buf), format, args);
                                            ^~~~~~
In file included from /root/cj_build/impl_relocation_receipt_queue5-mutant/src/runtime/src/Heap/WCollector/TraceBarrier.cpp:13:
In file included from /root/cj_build/impl_relocation_receipt_queue5-mutant/src/runtime/src/Heap/Collector/CopyCollector.h:13:
/root/cj_build/impl_relocation_receipt_queue5-mutant/src/runtime/src/Heap/Collector/TracingCollector.h:352:20: warning: unused variable 'objSize' [-Wunused-variable]
            size_t objSize = obj->GetSize();
                   ^
9 warnings generated.
[ 54%] Building CXX object src/Heap/WCollector/CMakeFiles/WCollector.dir/PostTraceBarrier.cpp.o
In file included from /root/cj_build/impl_relocation_receipt_queue5-mutant/src/runtime/src/Heap/Collector/CollectorProxy.cpp:8:
In file included from /root/cj_build/impl_relocation_receipt_queue5-mutant/src/runtime/src/Heap/Collector/CollectorProxy.h:14:
In file included from /root/cj_build/impl_relocation_receipt_queue5-mutant/src/runtime/src/Heap/WCollector/WCollector.h:22:
In file included from /root/cj_build/impl_relocation_receipt_queue5-mutant/src/runtime/src/Heap/Allocator/RegionSpace.h:19:
In file included from /root/cj_build/impl_relocation_receipt_queue5-mutant/src/runtime/src/Heap/Allocator/Allocator.h:11:
In file included from /root/cj_build/impl_relocation_receipt_queue5-mutant/src/runtime/src/Heap/Allocator/AllocBufferManager.h:15:
In file included from /root/cj_build/impl_relocation_receipt_queue5-mutant/src/runtime/src/Heap/Allocator/AllocBuffer.h:16:
In file included from /root/cj_build/impl_relocation_receipt_queue5-mutant/src/runtime/src/Heap/Allocator/RegionList.h:11:
In file included from /root/cj_build/impl_relocation_receipt_queue5-mutant/src/runtime/src/Heap/Allocator/RegionInfo.h:41:
/root/cj_build/impl_relocation_receipt_queue5-mutant/src/runtime/src/Heap/Verify/AllocPhaseDiag.h:57:1: warning: inline variables are a C++17 extension [-Wc++17-extensions]
inline Slot g_table[kCap] = {};
^
/root/cj_build/impl_relocation_receipt_queue5-mutant/src/runtime/src/Heap/Verify/AllocPhaseDiag.h:58:1: warning: inline variables are a C++17 extension [-Wc++17-extensions]
inline NearEntry g_near[kNearCap] = {};
^
In file included from /root/cj_build/impl_relocation_receipt_queue5-mutant/src/runtime/src/Heap/Collector/CollectorProxy.cpp:8:
In file included from /root/cj_build/impl_relocation_receipt_queue5-mutant/src/runtime/src/Heap/Collector/CollectorProxy.h:14:
In file included from /root/cj_build/impl_relocation_receipt_queue5-mutant/src/runtime/src/Heap/WCollector/WCollector.h:22:
In file included from /root/cj_build/impl_relocation_receipt_queue5-mutant/src/runtime/src/Heap/Allocator/RegionSpace.h:19:
In file included from /root/cj_build/impl_relocation_receipt_queue5-mutant/src/runtime/src/Heap/Allocator/Allocator.h:11:
In file included from /root/cj_build/impl_relocation_receipt_queue5-mutant/src/runtime/src/Heap/Allocator/AllocBufferManager.h:15:
In file included from /root/cj_build/impl_relocation_receipt_queue5-mutant/src/runtime/src/Heap/Allocator/AllocBuffer.h:16:
In file included from /root/cj_build/impl_relocation_receipt_queue5-mutant/src/runtime/src/Heap/Allocator/RegionList.h:11:
In file included from /root/cj_build/impl_relocation_receipt_queue5-mutant/src/runtime/src/Heap/Allocator/RegionInfo.h:43:
/root/cj_build/impl_relocation_receipt_queue5-mutant/src/runtime/src/Heap/Verify/NullRouteCaller.h:34:1: warning: inline variables are a C++17 extension [-Wc++17-extensions]
inline thread_local const char* g_tag = nullptr;
^
/root/cj_build/impl_relocation_receipt_queue5-mutant/src/runtime/src/Heap/Verify/NullRouteCaller.h:35:1: warning: inline variables are a C++17 extension [-Wc++17-extensions]
inline thread_local const char* g_edgeSrc = nullptr;
^
/root/cj_build/impl_relocation_receipt_queue5-mutant/src/runtime/src/Heap/Verify/NullRouteCaller.h:36:1: warning: inline variables are a C++17 extension [-Wc++17-extensions]
inline thread_local uintptr_t g_slot = 0;
^
/root/cj_build/impl_relocation_receipt_queue5-mutant/src/runtime/src/Heap/Verify/NullRouteCaller.h:37:1: warning: inline variables are a C++17 extension [-Wc++17-extensions]
inline thread_local void* g_host = nullptr;
^
In file included from /root/cj_build/impl_relocation_receipt_queue5-mutant/src/runtime/src/Heap/Collector/CollectorProxy.cpp:8:
In file included from /root/cj_build/impl_relocation_receipt_queue5-mutant/src/runtime/src/Heap/Collector/CollectorProxy.h:14:
In file included from /root/cj_build/impl_relocation_receipt_queue5-mutant/src/runtime/src/Heap/WCollector/WCollector.h:22:
In file included from /root/cj_build/impl_relocation_receipt_queue5-mutant/src/runtime/src/Heap/Allocator/RegionSpace.h:19:
In file included from /root/cj_build/impl_relocation_receipt_queue5-mutant/src/runtime/src/Heap/Allocator/Allocator.h:11:
In file included from /root/cj_build/impl_relocation_receipt_queue5-mutant/src/runtime/src/Heap/Allocator/AllocBufferManager.h:15:
In file included from /root/cj_build/impl_relocation_receipt_queue5-mutant/src/runtime/src/Heap/Allocator/AllocBuffer.h:16:
In file included from /root/cj_build/impl_relocation_receipt_queue5-mutant/src/runtime/src/Heap/Allocator/RegionList.h:11:
In file included from /root/cj_build/impl_relocation_receipt_queue5-mutant/src/runtime/src/Heap/Allocator/RegionInfo.h:53:
/root/cj_build/impl_relocation_receipt_queue5-mutant/src/runtime/src/Heap/Verify/MutatorRelocate.h:102:8: warning: constexpr if is a C++17 extension [-Wc++17-extensions]
    if constexpr (kWaitRegionPublish) {
       ^
In file included from /root/cj_build/impl_relocation_receipt_queue5-mutant/src/runtime/src/Heap/Collector/CollectorProxy.cpp:8:
In file included from /root/cj_build/impl_relocation_receipt_queue5-mutant/src/runtime/src/Heap/Collector/CollectorProxy.h:14:
In file included from /root/cj_build/impl_relocation_receipt_queue5-mutant/src/runtime/src/Heap/WCollector/WCollector.h:22:
In file included from /root/cj_build/impl_relocation_receipt_queue5-mutant/src/runtime/src/Heap/Allocator/RegionSpace.h:22:
In file included from /root/cj_build/impl_relocation_receipt_queue5-mutant/src/runtime/src/Heap/Allocator/RegionManager.h:25:
In file included from /root/cj_build/impl_relocation_receipt_queue5-mutant/src/runtime/src/Heap/Allocator/FreeRegionManager.h:15:
In file included from /root/cj_build/impl_relocation_receipt_queue5-mutant/src/runtime/src/Common/ScopedObjectAccess.h:11:
In file included from /root/cj_build/impl_relocation_receipt_queue5-mutant/src/runtime/src/Mutator/Mutator.inline.h:11:
In file included from /root/cj_build/impl_relocation_receipt_queue5-mutant/src/runtime/src/Mutator/MutatorManager.h:17:
/root/cj_build/impl_relocation_receipt_queue5-mutant/src/runtime/src/Base/GcLog.h:217:45: warning: format string is not a string literal [-Wformat-nonliteral]
        int n = vsnprintf(buf, sizeof(buf), format, args);
                                            ^~~~~~
In file included from /root/cj_build/impl_relocation_receipt_queue5-mutant/src/runtime/src/Heap/Collector/CollectorProxy.cpp:8:
In file included from /root/cj_build/impl_relocation_receipt_queue5-mutant/src/runtime/src/Heap/Collector/CollectorProxy.h:14:
In file included from /root/cj_build/impl_relocation_receipt_queue5-mutant/src/runtime/src/Heap/WCollector/WCollector.h:24:
In file included from /root/cj_build/impl_relocation_receipt_queue5-mutant/src/runtime/src/Heap/Collector/CopyCollector.h:13:
/root/cj_build/impl_relocation_receipt_queue5-mutant/src/runtime/src/Heap/Collector/TracingCollector.h:352:20: warning: unused variable 'objSize' [-Wunused-variable]
            size_t objSize = obj->GetSize();
                   ^
In file included from /root/cj_build/impl_relocation_receipt_queue5-mutant/src/runtime/src/Heap/Collector/CollectorProxy.cpp:8:
In file included from /root/cj_build/impl_relocation_receipt_queue5-mutant/src/runtime/src/Heap/Collector/CollectorProxy.h:14:
/root/cj_build/impl_relocation_receipt_queue5-mutant/src/runtime/src/Heap/WCollector/WCollector.h:425:12: warning: constexpr if is a C++17 extension [-Wc++17-extensions]
        if constexpr (ForwardingTable::kEntriesSoleWhenArmed) {
           ^
/root/cj_build/impl_relocation_receipt_queue5-mutant/src/runtime/src/Heap/WCollector/WCollector.h:450:12: warning: constexpr if is a C++17 extension [-Wc++17-extensions]
        if constexpr (ForwardingTable::kEntriesSoleWhenArmed) {
           ^
/root/cj_build/impl_relocation_receipt_queue5-mutant/src/runtime/src/Heap/WCollector/WCollector.h:348:38: warning: unused variable 'waitCount' [-Wunused-variable]
        static std::atomic<uint64_t> waitCount{ 0 };
                                     ^
/root/cj_build/impl_relocation_receipt_queue5-mutant/src/runtime/src/Heap/WCollector/WCollector.h:346:38: warning: unused variable 'routeNullCount' [-Wunused-variable]
        static std::atomic<uint64_t> routeNullCount{ 0 };
                                     ^
/root/cj_build/impl_relocation_receipt_queue5-mutant/src/runtime/src/Heap/WCollector/WCollector.h:349:38: warning: unused variable 'giveFromCount' [-Wunused-variable]
        static std::atomic<uint64_t> giveFromCount{ 0 };
                                     ^
/root/cj_build/impl_relocation_receipt_queue5-mutant/src/runtime/src/Heap/WCollector/WCollector.h:347:38: warning: unused variable 'receiptCount' [-Wunused-variable]
        static std::atomic<uint64_t> receiptCount{ 0 };
                                     ^
/root/cj_build/impl_relocation_receipt_queue5-mutant/src/runtime/src/Heap/WCollector/WCollector.h:344:38: warning: unused variable 'nonHeapCount' [-Wunused-variable]
        static std::atomic<uint64_t> nonHeapCount{ 0 };
                                     ^
/root/cj_build/impl_relocation_receipt_queue5-mutant/src/runtime/src/Heap/WCollector/WCollector.h:343:38: warning: unused variable 'callCount' [-Wunused-variable]
        static std::atomic<uint64_t> callCount{ 0 };
                                     ^
/root/cj_build/impl_relocation_receipt_queue5-mutant/src/runtime/src/Heap/WCollector/WCollector.h:357:20: warning: unused variable 'funnel' [-Wunused-variable]
        const bool funnel = RemapFunnelOn();
                   ^
/root/cj_build/impl_relocation_receipt_queue5-mutant/src/runtime/src/Heap/WCollector/WCollector.h:345:38: warning: unused variable 'noGhostCount' [-Wunused-variable]
        static std::atomic<uint64_t> noGhostCount{ 0 };
                                     ^
/root/cj_build/impl_relocation_receipt_queue5-mutant/src/runtime/src/Heap/WCollector/WCollector.h:622:12: warning: constexpr if is a C++17 extension [-Wc++17-extensions]
        if constexpr (ForwardingTable::kEntriesSoleWhenArmed) {
           ^
/root/cj_build/impl_relocation_receipt_queue5-mutant/src/runtime/src/Heap/WCollector/WCollector.h:677:12: warning: constexpr if is a C++17 extension [-Wc++17-extensions]
        if constexpr (ForwardingTable::kConsumeEntries) {
           ^
/root/cj_build/impl_relocation_receipt_queue5-mutant/src/runtime/src/Heap/WCollector/WCollector.h:682:16: warning: constexpr if is a C++17 extension [-Wc++17-extensions]
            if constexpr (ForwardingTable::kEntriesSoleWhenArmed) {
               ^
/root/cj_build/impl_relocation_receipt_queue5-mutant/src/runtime/src/Heap/WCollector/WCollector.h:713:12: warning: constexpr if is a C++17 extension [-Wc++17-extensions]
        if constexpr (ForwardingTable::kConsumeEntries) {
           ^
23 warnings generated.
[ 54%] Building CXX object src/Heap/Collector/CMakeFiles/Collector.dir/CollectorResources.cpp.o
[ 54%] Building CXX object src/Heap/Barrier/CMakeFiles/Barrier.dir/StoreBarrierBuffer.cpp.o
In file included from /root/cj_build/impl_relocation_receipt_queue5-mutant/src/runtime/src/Sync/Sync.cpp:13:
In file included from /root/cj_build/impl_relocation_receipt_queue5-mutant/src/runtime/src/Concurrency/ConcurrencyModel.h:17:
In file included from /root/cj_build/impl_relocation_receipt_queue5-mutant/src/runtime/src/Mutator/Mutator.h:16:
In file included from /root/cj_build/impl_relocation_receipt_queue5-mutant/src/runtime/src/Heap/Allocator/Allocator.h:11:
In file included from /root/cj_build/impl_relocation_receipt_queue5-mutant/src/runtime/src/Heap/Allocator/AllocBufferManager.h:15:
In file included from /root/cj_build/impl_relocation_receipt_queue5-mutant/src/runtime/src/Heap/Allocator/AllocBuffer.h:16:
In file included from /root/cj_build/impl_relocation_receipt_queue5-mutant/src/runtime/src/Heap/Allocator/RegionList.h:11:
In file included from /root/cj_build/impl_relocation_receipt_queue5-mutant/src/runtime/src/Heap/Allocator/RegionInfo.h:41:
/root/cj_build/impl_relocation_receipt_queue5-mutant/src/runtime/src/Heap/Verify/AllocPhaseDiag.h:57:1: warning: inline variables are a C++17 extension [-Wc++17-extensions]
inline Slot g_table[kCap] = {};
^
/root/cj_build/impl_relocation_receipt_queue5-mutant/src/runtime/src/Heap/Verify/AllocPhaseDiag.h:58:1: warning: inline variables are a C++17 extension [-Wc++17-extensions]
inline NearEntry g_near[kNearCap] = {};
^
In file included from /root/cj_build/impl_relocation_receipt_queue5-mutant/src/runtime/src/Sync/Sync.cpp:13:
In file included from /root/cj_build/impl_relocation_receipt_queue5-mutant/src/runtime/src/Concurrency/ConcurrencyModel.h:17:
In file included from /root/cj_build/impl_relocation_receipt_queue5-mutant/src/runtime/src/Mutator/Mutator.h:16:
In file included from /root/cj_build/impl_relocation_receipt_queue5-mutant/src/runtime/src/Heap/Allocator/Allocator.h:11:
In file included from /root/cj_build/impl_relocation_receipt_queue5-mutant/src/runtime/src/Heap/Allocator/AllocBufferManager.h:15:
In file included from /root/cj_build/impl_relocation_receipt_queue5-mutant/src/runtime/src/Heap/Allocator/AllocBuffer.h:16:
In file included from /root/cj_build/impl_relocation_receipt_queue5-mutant/src/runtime/src/Heap/Allocator/RegionList.h:11:
In file included from /root/cj_build/impl_relocation_receipt_queue5-mutant/src/runtime/src/Heap/Allocator/RegionInfo.h:43:
/root/cj_build/impl_relocation_receipt_queue5-mutant/src/runtime/src/Heap/Verify/NullRouteCaller.h:34:1: warning: inline variables are a C++17 extension [-Wc++17-extensions]
inline thread_local const char* g_tag = nullptr;
^
/root/cj_build/impl_relocation_receipt_queue5-mutant/src/runtime/src/Heap/Verify/NullRouteCaller.h:35:1: warning: inline variables are a C++17 extension [-Wc++17-extensions]
inline thread_local const char* g_edgeSrc = nullptr;
^
/root/cj_build/impl_relocation_receipt_queue5-mutant/src/runtime/src/Heap/Verify/NullRouteCaller.h:36:1: warning: inline variables are a C++17 extension [-Wc++17-extensions]
inline thread_local uintptr_t g_slot = 0;
^
/root/cj_build/impl_relocation_receipt_queue5-mutant/src/runtime/src/Heap/Verify/NullRouteCaller.h:37:1: warning: inline variables are a C++17 extension [-Wc++17-extensions]
inline thread_local void* g_host = nullptr;
^
In file included from /root/cj_build/impl_relocation_receipt_queue5-mutant/src/runtime/src/Sync/Sync.cpp:13:
In file included from /root/cj_build/impl_relocation_receipt_queue5-mutant/src/runtime/src/Concurrency/ConcurrencyModel.h:17:
In file included from /root/cj_build/impl_relocation_receipt_queue5-mutant/src/runtime/src/Mutator/Mutator.h:16:
In file included from /root/cj_build/impl_relocation_receipt_queue5-mutant/src/runtime/src/Heap/Allocator/Allocator.h:11:
In file included from /root/cj_build/impl_relocation_receipt_queue5-mutant/src/runtime/src/Heap/Allocator/AllocBufferManager.h:15:
In file included from /root/cj_build/impl_relocation_receipt_queue5-mutant/src/runtime/src/Heap/Allocator/AllocBuffer.h:16:
In file included from /root/cj_build/impl_relocation_receipt_queue5-mutant/src/runtime/src/Heap/Allocator/RegionList.h:11:
In file included from /root/cj_build/impl_relocation_receipt_queue5-mutant/src/runtime/src/Heap/Allocator/RegionInfo.h:53:
/root/cj_build/impl_relocation_receipt_queue5-mutant/src/runtime/src/Heap/Verify/MutatorRelocate.h:102:8: warning: constexpr if is a C++17 extension [-Wc++17-extensions]
    if constexpr (kWaitRegionPublish) {
       ^
7 warnings generated.
In file included from /root/cj_build/impl_relocation_receipt_queue5-mutant/src/runtime/src/ObjectModel/MArray.cpp:8:
In file included from /root/cj_build/impl_relocation_receipt_queue5-mutant/src/runtime/src/ObjectModel/MArray.inline.h:16:
In file included from /root/cj_build/impl_relocation_receipt_queue5-mutant/src/runtime/src/HeapManager.inline.h:14:
In file included from /root/cj_build/impl_relocation_receipt_queue5-mutant/src/runtime/src/Mutator/Mutator.h:16:
In file included from /root/cj_build/impl_relocation_receipt_queue5-mutant/src/runtime/src/Heap/Allocator/Allocator.h:11:
In file included from /root/cj_build/impl_relocation_receipt_queue5-mutant/src/runtime/src/Heap/Allocator/AllocBufferManager.h:15:
In file included from /root/cj_build/impl_relocation_receipt_queue5-mutant/src/runtime/src/Heap/Allocator/AllocBuffer.h:16:
In file included from /root/cj_build/impl_relocation_receipt_queue5-mutant/src/runtime/src/Heap/Allocator/RegionList.h:11:
In file included from /root/cj_build/impl_relocation_receipt_queue5-mutant/src/runtime/src/Heap/Allocator/RegionInfo.h:41:
/root/cj_build/impl_relocation_receipt_queue5-mutant/src/runtime/src/Heap/Verify/AllocPhaseDiag.h:57:1: warning: inline variables are a C++17 extension [-Wc++17-extensions]
inline Slot g_table[kCap] = {};
^
/root/cj_build/impl_relocation_receipt_queue5-mutant/src/runtime/src/Heap/Verify/AllocPhaseDiag.h:58:1: warning: inline variables are a C++17 extension [-Wc++17-extensions]
inline NearEntry g_near[kNearCap] = {};
^
In file included from /root/cj_build/impl_relocation_receipt_queue5-mutant/src/runtime/src/ObjectModel/MArray.cpp:8:
In file included from /root/cj_build/impl_relocation_receipt_queue5-mutant/src/runtime/src/ObjectModel/MArray.inline.h:16:
In file included from /root/cj_build/impl_relocation_receipt_queue5-mutant/src/runtime/src/HeapManager.inline.h:14:
In file included from /root/cj_build/impl_relocation_receipt_queue5-mutant/src/runtime/src/Mutator/Mutator.h:16:
In file included from /root/cj_build/impl_relocation_receipt_queue5-mutant/src/runtime/src/Heap/Allocator/Allocator.h:11:
In file included from /root/cj_build/impl_relocation_receipt_queue5-mutant/src/runtime/src/Heap/Allocator/AllocBufferManager.h:15:
In file included from /root/cj_build/impl_relocation_receipt_queue5-mutant/src/runtime/src/Heap/Allocator/AllocBuffer.h:16:
In file included from /root/cj_build/impl_relocation_receipt_queue5-mutant/src/runtime/src/Heap/Allocator/RegionList.h:11:
In file included from /root/cj_build/impl_relocation_receipt_queue5-mutant/src/runtime/src/Heap/Allocator/RegionInfo.h:43:
/root/cj_build/impl_relocation_receipt_queue5-mutant/src/runtime/src/Heap/Verify/NullRouteCaller.h:34:1: warning: inline variables are a C++17 extension [-Wc++17-extensions]
inline thread_local const char* g_tag = nullptr;
^
/root/cj_build/impl_relocation_receipt_queue5-mutant/src/runtime/src/Heap/Verify/NullRouteCaller.h:35:1: warning: inline variables are a C++17 extension [-Wc++17-extensions]
inline thread_local const char* g_edgeSrc = nullptr;
^
/root/cj_build/impl_relocation_receipt_queue5-mutant/src/runtime/src/Heap/Verify/NullRouteCaller.h:36:1: warning: inline variables are a C++17 extension [-Wc++17-extensions]
inline thread_local uintptr_t g_slot = 0;
^
/root/cj_build/impl_relocation_receipt_queue5-mutant/src/runtime/src/Heap/Verify/NullRouteCaller.h:37:1: warning: inline variables are a C++17 extension [-Wc++17-extensions]
inline thread_local void* g_host = nullptr;
^
In file included from /root/cj_build/impl_relocation_receipt_queue5-mutant/src/runtime/src/ObjectModel/MArray.cpp:8:
In file included from /root/cj_build/impl_relocation_receipt_queue5-mutant/src/runtime/src/ObjectModel/MArray.inline.h:16:
In file included from /root/cj_build/impl_relocation_receipt_queue5-mutant/src/runtime/src/HeapManager.inline.h:14:
In file included from /root/cj_build/impl_relocation_receipt_queue5-mutant/src/runtime/src/Mutator/Mutator.h:16:
In file included from /root/cj_build/impl_relocation_receipt_queue5-mutant/src/runtime/src/Heap/Allocator/Allocator.h:11:
In file included from /root/cj_build/impl_relocation_receipt_queue5-mutant/src/runtime/src/Heap/Allocator/AllocBufferManager.h:15:
In file included from /root/cj_build/impl_relocation_receipt_queue5-mutant/src/runtime/src/Heap/Allocator/AllocBuffer.h:16:
In file included from /root/cj_build/impl_relocation_receipt_queue5-mutant/src/runtime/src/Heap/Allocator/RegionList.h:11:
In file included from /root/cj_build/impl_relocation_receipt_queue5-mutant/src/runtime/src/Heap/Allocator/RegionInfo.h:53:
/root/cj_build/impl_relocation_receipt_queue5-mutant/src/runtime/src/Heap/Verify/MutatorRelocate.h:102:8: warning: constexpr if is a C++17 extension [-Wc++17-extensions]
    if constexpr (kWaitRegionPublish) {
       ^
In file included from /root/cj_build/impl_relocation_receipt_queue5-mutant/src/runtime/src/ObjectModel/MArray.cpp:8:
In file included from /root/cj_build/impl_relocation_receipt_queue5-mutant/src/runtime/src/ObjectModel/MArray.inline.h:16:
In file included from /root/cj_build/impl_relocation_receipt_queue5-mutant/src/runtime/src/HeapManager.inline.h:15:
In file included from /root/cj_build/impl_relocation_receipt_queue5-mutant/src/runtime/src/Mutator/MutatorManager.h:17:
/root/cj_build/impl_relocation_receipt_queue5-mutant/src/runtime/src/Base/GcLog.h:217:45: warning: format string is not a string literal [-Wformat-nonliteral]
        int n = vsnprintf(buf, sizeof(buf), format, args);
                                            ^~~~~~
8 warnings generated.
[ 54%] Linking CXX static library ../../../output/temp/ar/x86_64_Release/libSync.a
[ 54%] Building CXX object src/ObjectModel/CMakeFiles/ObjectModel.dir/MFunc.cpp.o
In file included from /root/cj_build/impl_relocation_receipt_queue5-mutant/src/runtime/src/UnwindStack/StackInfo.cpp:13:
In file included from /root/cj_build/impl_relocation_receipt_queue5-mutant/src/runtime/src/UnwindStack/../Heap/Collector/TracingCollector.h:17:
In file included from /root/cj_build/impl_relocation_receipt_queue5-mutant/src/runtime/src/Heap/Allocator/RegionSpace.h:19:
In file included from /root/cj_build/impl_relocation_receipt_queue5-mutant/src/runtime/src/Heap/Allocator/Allocator.h:11:
In file included from /root/cj_build/impl_relocation_receipt_queue5-mutant/src/runtime/src/Heap/Allocator/AllocBufferManager.h:15:
In file included from /root/cj_build/impl_relocation_receipt_queue5-mutant/src/runtime/src/Heap/Allocator/AllocBuffer.h:16:
In file included from /root/cj_build/impl_relocation_receipt_queue5-mutant/src/runtime/src/Heap/Allocator/RegionList.h:11:
In file included from /root/cj_build/impl_relocation_receipt_queue5-mutant/src/runtime/src/Heap/Allocator/RegionInfo.h:41:
/root/cj_build/impl_relocation_receipt_queue5-mutant/src/runtime/src/Heap/Verify/AllocPhaseDiag.h:57:1: warning: inline variables are a C++17 extension [-Wc++17-extensions]
inline Slot g_table[kCap] = {};
^
/root/cj_build/impl_relocation_receipt_queue5-mutant/src/runtime/src/Heap/Verify/AllocPhaseDiag.h:58:1: warning: inline variables are a C++17 extension [-Wc++17-extensions]
inline NearEntry g_near[kNearCap] = {};
^
In file included from /root/cj_build/impl_relocation_receipt_queue5-mutant/src/runtime/src/UnwindStack/StackInfo.cpp:13:
In file included from /root/cj_build/impl_relocation_receipt_queue5-mutant/src/runtime/src/UnwindStack/../Heap/Collector/TracingCollector.h:17:
In file included from /root/cj_build/impl_relocation_receipt_queue5-mutant/src/runtime/src/Heap/Allocator/RegionSpace.h:19:
In file included from /root/cj_build/impl_relocation_receipt_queue5-mutant/src/runtime/src/Heap/Allocator/Allocator.h:11:
In file included from /root/cj_build/impl_relocation_receipt_queue5-mutant/src/runtime/src/Heap/Allocator/AllocBufferManager.h:15:
In file included from /root/cj_build/impl_relocation_receipt_queue5-mutant/src/runtime/src/Heap/Allocator/AllocBuffer.h:16:
In file included from /root/cj_build/impl_relocation_receipt_queue5-mutant/src/runtime/src/Heap/Allocator/RegionList.h:11:
In file included from /root/cj_build/impl_relocation_receipt_queue5-mutant/src/runtime/src/Heap/Allocator/RegionInfo.h:43:
/root/cj_build/impl_relocation_receipt_queue5-mutant/src/runtime/src/Heap/Verify/NullRouteCaller.h:34:1: warning: inline variables are a C++17 extension [-Wc++17-extensions]
inline thread_local const char* g_tag = nullptr;
^
/root/cj_build/impl_relocation_receipt_queue5-mutant/src/runtime/src/Heap/Verify/NullRouteCaller.h:35:1: warning: inline variables are a C++17 extension [-Wc++17-extensions]
inline thread_local const char* g_edgeSrc = nullptr;
^
/root/cj_build/impl_relocation_receipt_queue5-mutant/src/runtime/src/Heap/Verify/NullRouteCaller.h:36:1: warning: inline variables are a C++17 extension [-Wc++17-extensions]
inline thread_local uintptr_t g_slot = 0;
^
/root/cj_build/impl_relocation_receipt_queue5-mutant/src/runtime/src/Heap/Verify/NullRouteCaller.h:37:1: warning: inline variables are a C++17 extension [-Wc++17-extensions]
inline thread_local void* g_host = nullptr;
^
In file included from /root/cj_build/impl_relocation_receipt_queue5-mutant/src/runtime/src/UnwindStack/StackInfo.cpp:13:
In file included from /root/cj_build/impl_relocation_receipt_queue5-mutant/src/runtime/src/UnwindStack/../Heap/Collector/TracingCollector.h:17:
In file included from /root/cj_build/impl_relocation_receipt_queue5-mutant/src/runtime/src/Heap/Allocator/RegionSpace.h:19:
In file included from /root/cj_build/impl_relocation_receipt_queue5-mutant/src/runtime/src/Heap/Allocator/Allocator.h:11:
In file included from /root/cj_build/impl_relocation_receipt_queue5-mutant/src/runtime/src/Heap/Allocator/AllocBufferManager.h:15:
In file included from /root/cj_build/impl_relocation_receipt_queue5-mutant/src/runtime/src/Heap/Allocator/AllocBuffer.h:16:
In file included from /root/cj_build/impl_relocation_receipt_queue5-mutant/src/runtime/src/Heap/Allocator/RegionList.h:11:
In file included from /root/cj_build/impl_relocation_receipt_queue5-mutant/src/runtime/src/Heap/Allocator/RegionInfo.h:53:
/root/cj_build/impl_relocation_receipt_queue5-mutant/src/runtime/src/Heap/Verify/MutatorRelocate.h:102:8: warning: constexpr if is a C++17 extension [-Wc++17-extensions]
    if constexpr (kWaitRegionPublish) {
       ^
In file included from /root/cj_build/impl_relocation_receipt_queue5-mutant/src/runtime/src/UnwindStack/StackInfo.cpp:13:
In file included from /root/cj_build/impl_relocation_receipt_queue5-mutant/src/runtime/src/UnwindStack/../Heap/Collector/TracingCollector.h:17:
In file included from /root/cj_build/impl_relocation_receipt_queue5-mutant/src/runtime/src/Heap/Allocator/RegionSpace.h:22:
In file included from /root/cj_build/impl_relocation_receipt_queue5-mutant/src/runtime/src/Heap/Allocator/RegionManager.h:25:
In file included from /root/cj_build/impl_relocation_receipt_queue5-mutant/src/runtime/src/Heap/Allocator/FreeRegionManager.h:15:
In file included from /root/cj_build/impl_relocation_receipt_queue5-mutant/src/runtime/src/Common/ScopedObjectAccess.h:11:
In file included from /root/cj_build/impl_relocation_receipt_queue5-mutant/src/runtime/src/Mutator/Mutator.inline.h:11:
In file included from /root/cj_build/impl_relocation_receipt_queue5-mutant/src/runtime/src/Mutator/MutatorManager.h:17:
/root/cj_build/impl_relocation_receipt_queue5-mutant/src/runtime/src/Base/GcLog.h:217:45: warning: format string is not a string literal [-Wformat-nonliteral]
        int n = vsnprintf(buf, sizeof(buf), format, args);
                                            ^~~~~~
In file included from /root/cj_build/impl_relocation_receipt_queue5-mutant/src/runtime/src/UnwindStack/StackInfo.cpp:13:
/root/cj_build/impl_relocation_receipt_queue5-mutant/src/runtime/src/UnwindStack/../Heap/Collector/TracingCollector.h:352:20: warning: unused variable 'objSize' [-Wunused-variable]
            size_t objSize = obj->GetSize();
                   ^
9 warnings generated.
[ 54%] Building CXX object src/UnwindStack/CMakeFiles/UnwindStack.dir/EhStackInfo.cpp.o
[ 54%] Built target Sync
[ 54%] Building CXX object src/UnwindStack/CMakeFiles/UnwindStack.dir/GcStackInfo.cpp.o
In file included from /root/cj_build/impl_relocation_receipt_queue5-mutant/src/runtime/src/Heap/WCollector/PostTraceBarrier.cpp:10:
In file included from /root/cj_build/impl_relocation_receipt_queue5-mutant/src/runtime/src/Mutator/Mutator.h:16:
In file included from /root/cj_build/impl_relocation_receipt_queue5-mutant/src/runtime/src/Heap/Allocator/Allocator.h:11:
In file included from /root/cj_build/impl_relocation_receipt_queue5-mutant/src/runtime/src/Heap/Allocator/AllocBufferManager.h:15:
In file included from /root/cj_build/impl_relocation_receipt_queue5-mutant/src/runtime/src/Heap/Allocator/AllocBuffer.h:16:
In file included from /root/cj_build/impl_relocation_receipt_queue5-mutant/src/runtime/src/Heap/Allocator/RegionList.h:11:
In file included from /root/cj_build/impl_relocation_receipt_queue5-mutant/src/runtime/src/Heap/Allocator/RegionInfo.h:41:
/root/cj_build/impl_relocation_receipt_queue5-mutant/src/runtime/src/Heap/Verify/AllocPhaseDiag.h:57:1: warning: inline variables are a C++17 extension [-Wc++17-extensions]
inline Slot g_table[kCap] = {};
^
/root/cj_build/impl_relocation_receipt_queue5-mutant/src/runtime/src/Heap/Verify/AllocPhaseDiag.h:58:1: warning: inline variables are a C++17 extension [-Wc++17-extensions]
inline NearEntry g_near[kNearCap] = {};
^
In file included from /root/cj_build/impl_relocation_receipt_queue5-mutant/src/runtime/src/Heap/WCollector/PostTraceBarrier.cpp:10:
In file included from /root/cj_build/impl_relocation_receipt_queue5-mutant/src/runtime/src/Mutator/Mutator.h:16:
In file included from /root/cj_build/impl_relocation_receipt_queue5-mutant/src/runtime/src/Heap/Allocator/Allocator.h:11:
In file included from /root/cj_build/impl_relocation_receipt_queue5-mutant/src/runtime/src/Heap/Allocator/AllocBufferManager.h:15:
In file included from /root/cj_build/impl_relocation_receipt_queue5-mutant/src/runtime/src/Heap/Allocator/AllocBuffer.h:16:
In file included from /root/cj_build/impl_relocation_receipt_queue5-mutant/src/runtime/src/Heap/Allocator/RegionList.h:11:
In file included from /root/cj_build/impl_relocation_receipt_queue5-mutant/src/runtime/src/Heap/Allocator/RegionInfo.h:43:
/root/cj_build/impl_relocation_receipt_queue5-mutant/src/runtime/src/Heap/Verify/NullRouteCaller.h:34:1: warning: inline variables are a C++17 extension [-Wc++17-extensions]
inline thread_local const char* g_tag = nullptr;
^
/root/cj_build/impl_relocation_receipt_queue5-mutant/src/runtime/src/Heap/Verify/NullRouteCaller.h:35:1: warning: inline variables are a C++17 extension [-Wc++17-extensions]
inline thread_local const char* g_edgeSrc = nullptr;
^
/root/cj_build/impl_relocation_receipt_queue5-mutant/src/runtime/src/Heap/Verify/NullRouteCaller.h:36:1: warning: inline variables are a C++17 extension [-Wc++17-extensions]
inline thread_local uintptr_t g_slot = 0;
^
/root/cj_build/impl_relocation_receipt_queue5-mutant/src/runtime/src/Heap/Verify/NullRouteCaller.h:37:1: warning: inline variables are a C++17 extension [-Wc++17-extensions]
inline thread_local void* g_host = nullptr;
^
In file included from /root/cj_build/impl_relocation_receipt_queue5-mutant/src/runtime/src/Heap/WCollector/PostTraceBarrier.cpp:10:
In file included from /root/cj_build/impl_relocation_receipt_queue5-mutant/src/runtime/src/Mutator/Mutator.h:16:
In file included from /root/cj_build/impl_relocation_receipt_queue5-mutant/src/runtime/src/Heap/Allocator/Allocator.h:11:
In file included from /root/cj_build/impl_relocation_receipt_queue5-mutant/src/runtime/src/Heap/Allocator/AllocBufferManager.h:15:
In file included from /root/cj_build/impl_relocation_receipt_queue5-mutant/src/runtime/src/Heap/Allocator/AllocBuffer.h:16:
In file included from /root/cj_build/impl_relocation_receipt_queue5-mutant/src/runtime/src/Heap/Allocator/RegionList.h:11:
In file included from /root/cj_build/impl_relocation_receipt_queue5-mutant/src/runtime/src/Heap/Allocator/RegionInfo.h:53:
/root/cj_build/impl_relocation_receipt_queue5-mutant/src/runtime/src/Heap/Verify/MutatorRelocate.h:102:8: warning: constexpr if is a C++17 extension [-Wc++17-extensions]
    if constexpr (kWaitRegionPublish) {
       ^
7 warnings generated.
[ 54%] Building CXX object src/Heap/WCollector/CMakeFiles/WCollector.dir/PreforwardBarrier.cpp.o
[ 55%] Building CXX object src/UnwindStack/CMakeFiles/UnwindStack.dir/StackFrameCursor.cpp.o
[ 55%] Building CXX object src/ObjectModel/CMakeFiles/ObjectModel.dir/PackageInfo.cpp.o
In file included from /root/cj_build/impl_relocation_receipt_queue5-mutant/src/runtime/src/Heap/Verify/MarkCompleteVerify.cpp:19:
In file included from /root/cj_build/impl_relocation_receipt_queue5-mutant/src/runtime/src/Heap/Allocator/RegionInfo.h:41:
/root/cj_build/impl_relocation_receipt_queue5-mutant/src/runtime/src/Heap/Verify/AllocPhaseDiag.h:57:1: warning: inline variables are a C++17 extension [-Wc++17-extensions]
inline Slot g_table[kCap] = {};
^
/root/cj_build/impl_relocation_receipt_queue5-mutant/src/runtime/src/Heap/Verify/AllocPhaseDiag.h:58:1: warning: inline variables are a C++17 extension [-Wc++17-extensions]
inline NearEntry g_near[kNearCap] = {};
^
In file included from /root/cj_build/impl_relocation_receipt_queue5-mutant/src/runtime/src/Heap/Verify/MarkCompleteVerify.cpp:19:
In file included from /root/cj_build/impl_relocation_receipt_queue5-mutant/src/runtime/src/Heap/Allocator/RegionInfo.h:43:
/root/cj_build/impl_relocation_receipt_queue5-mutant/src/runtime/src/Heap/Verify/NullRouteCaller.h:34:1: warning: inline variables are a C++17 extension [-Wc++17-extensions]
inline thread_local const char* g_tag = nullptr;
^
/root/cj_build/impl_relocation_receipt_queue5-mutant/src/runtime/src/Heap/Verify/NullRouteCaller.h:35:1: warning: inline variables are a C++17 extension [-Wc++17-extensions]
inline thread_local const char* g_edgeSrc = nullptr;
^
/root/cj_build/impl_relocation_receipt_queue5-mutant/src/runtime/src/Heap/Verify/NullRouteCaller.h:36:1: warning: inline variables are a C++17 extension [-Wc++17-extensions]
inline thread_local uintptr_t g_slot = 0;
^
/root/cj_build/impl_relocation_receipt_queue5-mutant/src/runtime/src/Heap/Verify/NullRouteCaller.h:37:1: warning: inline variables are a C++17 extension [-Wc++17-extensions]
inline thread_local void* g_host = nullptr;
^
In file included from /root/cj_build/impl_relocation_receipt_queue5-mutant/src/runtime/src/Heap/Verify/MarkCompleteVerify.cpp:19:
In file included from /root/cj_build/impl_relocation_receipt_queue5-mutant/src/runtime/src/Heap/Allocator/RegionInfo.h:53:
/root/cj_build/impl_relocation_receipt_queue5-mutant/src/runtime/src/Heap/Verify/MutatorRelocate.h:102:8: warning: constexpr if is a C++17 extension [-Wc++17-extensions]
    if constexpr (kWaitRegionPublish) {
       ^
In file included from /root/cj_build/impl_relocation_receipt_queue5-mutant/src/runtime/src/Heap/Verify/MarkCompleteVerify.cpp:20:
In file included from /root/cj_build/impl_relocation_receipt_queue5-mutant/src/runtime/src/Heap/Allocator/RegionSpace.h:22:
In file included from /root/cj_build/impl_relocation_receipt_queue5-mutant/src/runtime/src/Heap/Allocator/RegionManager.h:25:
In file included from /root/cj_build/impl_relocation_receipt_queue5-mutant/src/runtime/src/Heap/Allocator/FreeRegionManager.h:15:
In file included from /root/cj_build/impl_relocation_receipt_queue5-mutant/src/runtime/src/Common/ScopedObjectAccess.h:11:
In file included from /root/cj_build/impl_relocation_receipt_queue5-mutant/src/runtime/src/Mutator/Mutator.inline.h:11:
In file included from /root/cj_build/impl_relocation_receipt_queue5-mutant/src/runtime/src/Mutator/MutatorManager.h:17:
/root/cj_build/impl_relocation_receipt_queue5-mutant/src/runtime/src/Base/GcLog.h:217:45: warning: format string is not a string literal [-Wformat-nonliteral]
        int n = vsnprintf(buf, sizeof(buf), format, args);
                                            ^~~~~~
8 warnings generated.
[ 55%] Building CXX object src/Heap/Verify/CMakeFiles/Verify.dir/SurvNodeDiag.cpp.o
[ 56%] Building CXX object src/ObjectModel/CMakeFiles/ObjectModel.dir/FieldInfo.cpp.o
In file included from /root/cj_build/impl_relocation_receipt_queue5-mutant/src/runtime/src/Heap/Collector/CollectorResources.cpp:19:
In file included from /root/cj_build/impl_relocation_receipt_queue5-mutant/src/runtime/src/Heap/Collector/CollectorProxy.h:14:
In file included from /root/cj_build/impl_relocation_receipt_queue5-mutant/src/runtime/src/Heap/WCollector/WCollector.h:22:
In file included from /root/cj_build/impl_relocation_receipt_queue5-mutant/src/runtime/src/Heap/Allocator/RegionSpace.h:19:
In file included from /root/cj_build/impl_relocation_receipt_queue5-mutant/src/runtime/src/Heap/Allocator/Allocator.h:11:
In file included from /root/cj_build/impl_relocation_receipt_queue5-mutant/src/runtime/src/Heap/Allocator/AllocBufferManager.h:15:
In file included from /root/cj_build/impl_relocation_receipt_queue5-mutant/src/runtime/src/Heap/Allocator/AllocBuffer.h:16:
In file included from /root/cj_build/impl_relocation_receipt_queue5-mutant/src/runtime/src/Heap/Allocator/RegionList.h:11:
In file included from /root/cj_build/impl_relocation_receipt_queue5-mutant/src/runtime/src/Heap/Allocator/RegionInfo.h:41:
/root/cj_build/impl_relocation_receipt_queue5-mutant/src/runtime/src/Heap/Verify/AllocPhaseDiag.h:57:1: warning: inline variables are a C++17 extension [-Wc++17-extensions]
inline Slot g_table[kCap] = {};
^
/root/cj_build/impl_relocation_receipt_queue5-mutant/src/runtime/src/Heap/Verify/AllocPhaseDiag.h:58:1: warning: inline variables are a C++17 extension [-Wc++17-extensions]
inline NearEntry g_near[kNearCap] = {};
^
In file included from /root/cj_build/impl_relocation_receipt_queue5-mutant/src/runtime/src/Heap/Collector/CollectorResources.cpp:19:
In file included from /root/cj_build/impl_relocation_receipt_queue5-mutant/src/runtime/src/Heap/Collector/CollectorProxy.h:14:
In file included from /root/cj_build/impl_relocation_receipt_queue5-mutant/src/runtime/src/Heap/WCollector/WCollector.h:22:
In file included from /root/cj_build/impl_relocation_receipt_queue5-mutant/src/runtime/src/Heap/Allocator/RegionSpace.h:19:
In file included from /root/cj_build/impl_relocation_receipt_queue5-mutant/src/runtime/src/Heap/Allocator/Allocator.h:11:
In file included from /root/cj_build/impl_relocation_receipt_queue5-mutant/src/runtime/src/Heap/Allocator/AllocBufferManager.h:15:
In file included from /root/cj_build/impl_relocation_receipt_queue5-mutant/src/runtime/src/Heap/Allocator/AllocBuffer.h:16:
In file included from /root/cj_build/impl_relocation_receipt_queue5-mutant/src/runtime/src/Heap/Allocator/RegionList.h:11:
In file included from /root/cj_build/impl_relocation_receipt_queue5-mutant/src/runtime/src/Heap/Allocator/RegionInfo.h:43:
/root/cj_build/impl_relocation_receipt_queue5-mutant/src/runtime/src/Heap/Verify/NullRouteCaller.h:34:1: warning: inline variables are a C++17 extension [-Wc++17-extensions]
inline thread_local const char* g_tag = nullptr;
^
/root/cj_build/impl_relocation_receipt_queue5-mutant/src/runtime/src/Heap/Verify/NullRouteCaller.h:35:1: warning: inline variables are a C++17 extension [-Wc++17-extensions]
inline thread_local const char* g_edgeSrc = nullptr;
^
/root/cj_build/impl_relocation_receipt_queue5-mutant/src/runtime/src/Heap/Verify/NullRouteCaller.h:36:1: warning: inline variables are a C++17 extension [-Wc++17-extensions]
inline thread_local uintptr_t g_slot = 0;
^
/root/cj_build/impl_relocation_receipt_queue5-mutant/src/runtime/src/Heap/Verify/NullRouteCaller.h:37:1: warning: inline variables are a C++17 extension [-Wc++17-extensions]
inline thread_local void* g_host = nullptr;
^
In file included from /root/cj_build/impl_relocation_receipt_queue5-mutant/src/runtime/src/Heap/Collector/CollectorResources.cpp:19:
In file included from /root/cj_build/impl_relocation_receipt_queue5-mutant/src/runtime/src/Heap/Collector/CollectorProxy.h:14:
In file included from /root/cj_build/impl_relocation_receipt_queue5-mutant/src/runtime/src/Heap/WCollector/WCollector.h:22:
In file included from /root/cj_build/impl_relocation_receipt_queue5-mutant/src/runtime/src/Heap/Allocator/RegionSpace.h:19:
In file included from /root/cj_build/impl_relocation_receipt_queue5-mutant/src/runtime/src/Heap/Allocator/Allocator.h:11:
In file included from /root/cj_build/impl_relocation_receipt_queue5-mutant/src/runtime/src/Heap/Allocator/AllocBufferManager.h:15:
In file included from /root/cj_build/impl_relocation_receipt_queue5-mutant/src/runtime/src/Heap/Allocator/AllocBuffer.h:16:
In file included from /root/cj_build/impl_relocation_receipt_queue5-mutant/src/runtime/src/Heap/Allocator/RegionList.h:11:
In file included from /root/cj_build/impl_relocation_receipt_queue5-mutant/src/runtime/src/Heap/Allocator/RegionInfo.h:53:
/root/cj_build/impl_relocation_receipt_queue5-mutant/src/runtime/src/Heap/Verify/MutatorRelocate.h:102:8: warning: constexpr if is a C++17 extension [-Wc++17-extensions]
    if constexpr (kWaitRegionPublish) {
       ^
In file included from /root/cj_build/impl_relocation_receipt_queue5-mutant/src/runtime/src/Heap/Collector/CollectorResources.cpp:19:
In file included from /root/cj_build/impl_relocation_receipt_queue5-mutant/src/runtime/src/Heap/Collector/CollectorProxy.h:14:
In file included from /root/cj_build/impl_relocation_receipt_queue5-mutant/src/runtime/src/Heap/WCollector/WCollector.h:22:
In file included from /root/cj_build/impl_relocation_receipt_queue5-mutant/src/runtime/src/Heap/Allocator/RegionSpace.h:22:
In file included from /root/cj_build/impl_relocation_receipt_queue5-mutant/src/runtime/src/Heap/Allocator/RegionManager.h:25:
In file included from /root/cj_build/impl_relocation_receipt_queue5-mutant/src/runtime/src/Heap/Allocator/FreeRegionManager.h:15:
In file included from /root/cj_build/impl_relocation_receipt_queue5-mutant/src/runtime/src/Common/ScopedObjectAccess.h:11:
In file included from /root/cj_build/impl_relocation_receipt_queue5-mutant/src/runtime/src/Mutator/Mutator.inline.h:11:
In file included from /root/cj_build/impl_relocation_receipt_queue5-mutant/src/runtime/src/Mutator/MutatorManager.h:17:
/root/cj_build/impl_relocation_receipt_queue5-mutant/src/runtime/src/Base/GcLog.h:217:45: warning: format string is not a string literal [-Wformat-nonliteral]
        int n = vsnprintf(buf, sizeof(buf), format, args);
                                            ^~~~~~
In file included from /root/cj_build/impl_relocation_receipt_queue5-mutant/src/runtime/src/Heap/Collector/CollectorResources.cpp:19:
In file included from /root/cj_build/impl_relocation_receipt_queue5-mutant/src/runtime/src/Heap/Collector/CollectorProxy.h:14:
In file included from /root/cj_build/impl_relocation_receipt_queue5-mutant/src/runtime/src/Heap/WCollector/WCollector.h:24:
In file included from /root/cj_build/impl_relocation_receipt_queue5-mutant/src/runtime/src/Heap/Collector/CopyCollector.h:13:
/root/cj_build/impl_relocation_receipt_queue5-mutant/src/runtime/src/Heap/Collector/TracingCollector.h:352:20: warning: unused variable 'objSize' [-Wunused-variable]
            size_t objSize = obj->GetSize();
                   ^
In file included from /root/cj_build/impl_relocation_receipt_queue5-mutant/src/runtime/src/Heap/Collector/CollectorResources.cpp:19:
In file included from /root/cj_build/impl_relocation_receipt_queue5-mutant/src/runtime/src/Heap/Collector/CollectorProxy.h:14:
/root/cj_build/impl_relocation_receipt_queue5-mutant/src/runtime/src/Heap/WCollector/WCollector.h:425:12: warning: constexpr if is a C++17 extension [-Wc++17-extensions]
        if constexpr (ForwardingTable::kEntriesSoleWhenArmed) {
           ^
/root/cj_build/impl_relocation_receipt_queue5-mutant/src/runtime/src/Heap/WCollector/WCollector.h:450:12: warning: constexpr if is a C++17 extension [-Wc++17-extensions]
        if constexpr (ForwardingTable::kEntriesSoleWhenArmed) {
           ^
/root/cj_build/impl_relocation_receipt_queue5-mutant/src/runtime/src/Heap/WCollector/WCollector.h:345:38: warning: unused variable 'noGhostCount' [-Wunused-variable]
        static std::atomic<uint64_t> noGhostCount{ 0 };
                                     ^
/root/cj_build/impl_relocation_receipt_queue5-mutant/src/runtime/src/Heap/WCollector/WCollector.h:348:38: warning: unused variable 'waitCount' [-Wunused-variable]
        static std::atomic<uint64_t> waitCount{ 0 };
                                     ^
/root/cj_build/impl_relocation_receipt_queue5-mutant/src/runtime/src/Heap/WCollector/WCollector.h:357:20: warning: unused variable 'funnel' [-Wunused-variable]
        const bool funnel = RemapFunnelOn();
                   ^
/root/cj_build/impl_relocation_receipt_queue5-mutant/src/runtime/src/Heap/WCollector/WCollector.h:347:38: warning: unused variable 'receiptCount' [-Wunused-variable]
        static std::atomic<uint64_t> receiptCount{ 0 };
                                     ^
/root/cj_build/impl_relocation_receipt_queue5-mutant/src/runtime/src/Heap/WCollector/WCollector.h:343:38: warning: unused variable 'callCount' [-Wunused-variable]
        static std::atomic<uint64_t> callCount{ 0 };
                                     ^
/root/cj_build/impl_relocation_receipt_queue5-mutant/src/runtime/src/Heap/WCollector/WCollector.h:344:38: warning: unused variable 'nonHeapCount' [-Wunused-variable]
        static std::atomic<uint64_t> nonHeapCount{ 0 };
                                     ^
/root/cj_build/impl_relocation_receipt_queue5-mutant/src/runtime/src/Heap/WCollector/WCollector.h:349:38: warning: unused variable 'giveFromCount' [-Wunused-variable]
        static std::atomic<uint64_t> giveFromCount{ 0 };
                                     ^
/root/cj_build/impl_relocation_receipt_queue5-mutant/src/runtime/src/Heap/WCollector/WCollector.h:346:38: warning: unused variable 'routeNullCount' [-Wunused-variable]
        static std::atomic<uint64_t> routeNullCount{ 0 };
                                     ^
/root/cj_build/impl_relocation_receipt_queue5-mutant/src/runtime/src/Heap/WCollector/WCollector.h:622:12: warning: constexpr if is a C++17 extension [-Wc++17-extensions]
        if constexpr (ForwardingTable::kEntriesSoleWhenArmed) {
           ^
/root/cj_build/impl_relocation_receipt_queue5-mutant/src/runtime/src/Heap/WCollector/WCollector.h:677:12: warning: constexpr if is a C++17 extension [-Wc++17-extensions]
        if constexpr (ForwardingTable::kConsumeEntries) {
           ^
/root/cj_build/impl_relocation_receipt_queue5-mutant/src/runtime/src/Heap/WCollector/WCollector.h:682:16: warning: constexpr if is a C++17 extension [-Wc++17-extensions]
            if constexpr (ForwardingTable::kEntriesSoleWhenArmed) {
               ^
/root/cj_build/impl_relocation_receipt_queue5-mutant/src/runtime/src/Heap/WCollector/WCollector.h:713:12: warning: constexpr if is a C++17 extension [-Wc++17-extensions]
        if constexpr (ForwardingTable::kConsumeEntries) {
           ^
23 warnings generated.
[ 57%] Building CXX object src/Heap/Collector/CMakeFiles/Collector.dir/TracingCollector.cpp.o
In file included from /root/cj_build/impl_relocation_receipt_queue5-mutant/src/runtime/src/Heap/Barrier/StoreBarrierBuffer.cpp:9:
In file included from /root/cj_build/impl_relocation_receipt_queue5-mutant/src/runtime/src/Heap/Allocator/AllocBuffer.h:16:
In file included from /root/cj_build/impl_relocation_receipt_queue5-mutant/src/runtime/src/Heap/Allocator/RegionList.h:11:
In file included from /root/cj_build/impl_relocation_receipt_queue5-mutant/src/runtime/src/Heap/Allocator/RegionInfo.h:41:
/root/cj_build/impl_relocation_receipt_queue5-mutant/src/runtime/src/Heap/Verify/AllocPhaseDiag.h:57:1: warning: inline variables are a C++17 extension [-Wc++17-extensions]
inline Slot g_table[kCap] = {};
^
/root/cj_build/impl_relocation_receipt_queue5-mutant/src/runtime/src/Heap/Verify/AllocPhaseDiag.h:58:1: warning: inline variables are a C++17 extension [-Wc++17-extensions]
inline NearEntry g_near[kNearCap] = {};
^
In file included from /root/cj_build/impl_relocation_receipt_queue5-mutant/src/runtime/src/Heap/Barrier/StoreBarrierBuffer.cpp:9:
In file included from /root/cj_build/impl_relocation_receipt_queue5-mutant/src/runtime/src/Heap/Allocator/AllocBuffer.h:16:
In file included from /root/cj_build/impl_relocation_receipt_queue5-mutant/src/runtime/src/Heap/Allocator/RegionList.h:11:
In file included from /root/cj_build/impl_relocation_receipt_queue5-mutant/src/runtime/src/Heap/Allocator/RegionInfo.h:43:
/root/cj_build/impl_relocation_receipt_queue5-mutant/src/runtime/src/Heap/Verify/NullRouteCaller.h:34:1: warning: inline variables are a C++17 extension [-Wc++17-extensions]
inline thread_local const char* g_tag = nullptr;
^
/root/cj_build/impl_relocation_receipt_queue5-mutant/src/runtime/src/Heap/Verify/NullRouteCaller.h:35:1: warning: inline variables are a C++17 extension [-Wc++17-extensions]
inline thread_local const char* g_edgeSrc = nullptr;
^
/root/cj_build/impl_relocation_receipt_queue5-mutant/src/runtime/src/Heap/Verify/NullRouteCaller.h:36:1: warning: inline variables are a C++17 extension [-Wc++17-extensions]
inline thread_local uintptr_t g_slot = 0;
^
/root/cj_build/impl_relocation_receipt_queue5-mutant/src/runtime/src/Heap/Verify/NullRouteCaller.h:37:1: warning: inline variables are a C++17 extension [-Wc++17-extensions]
inline thread_local void* g_host = nullptr;
^
In file included from /root/cj_build/impl_relocation_receipt_queue5-mutant/src/runtime/src/Heap/Barrier/StoreBarrierBuffer.cpp:9:
In file included from /root/cj_build/impl_relocation_receipt_queue5-mutant/src/runtime/src/Heap/Allocator/AllocBuffer.h:16:
In file included from /root/cj_build/impl_relocation_receipt_queue5-mutant/src/runtime/src/Heap/Allocator/RegionList.h:11:
In file included from /root/cj_build/impl_relocation_receipt_queue5-mutant/src/runtime/src/Heap/Allocator/RegionInfo.h:53:
/root/cj_build/impl_relocation_receipt_queue5-mutant/src/runtime/src/Heap/Verify/MutatorRelocate.h:102:8: warning: constexpr if is a C++17 extension [-Wc++17-extensions]
    if constexpr (kWaitRegionPublish) {
       ^
7 warnings generated.
[ 57%] Linking CXX static library ../../../../output/temp/ar/x86_64_Release/libBarrier.a
[ 57%] Built target Barrier
[ 58%] Building CXX object src/CpuProfiler/CMakeFiles/CpuProfiler.dir/CpuProfiler.cpp.o
In file included from /root/cj_build/impl_relocation_receipt_queue5-mutant/src/runtime/src/Heap/Allocator/RegionManager.cpp:8:
In file included from /root/cj_build/impl_relocation_receipt_queue5-mutant/src/runtime/src/Heap/Allocator/RegionManager.h:19:
In file included from /root/cj_build/impl_relocation_receipt_queue5-mutant/src/runtime/src/Heap/Allocator/AllocBuffer.h:16:
In file included from /root/cj_build/impl_relocation_receipt_queue5-mutant/src/runtime/src/Heap/Allocator/RegionList.h:11:
In file included from /root/cj_build/impl_relocation_receipt_queue5-mutant/src/runtime/src/Heap/Allocator/RegionInfo.h:41:
/root/cj_build/impl_relocation_receipt_queue5-mutant/src/runtime/src/Heap/Verify/AllocPhaseDiag.h:57:1: warning: inline variables are a C++17 extension [-Wc++17-extensions]
inline Slot g_table[kCap] = {};
^
/root/cj_build/impl_relocation_receipt_queue5-mutant/src/runtime/src/Heap/Verify/AllocPhaseDiag.h:58:1: warning: inline variables are a C++17 extension [-Wc++17-extensions]
inline NearEntry g_near[kNearCap] = {};
^
In file included from /root/cj_build/impl_relocation_receipt_queue5-mutant/src/runtime/src/Heap/Allocator/RegionManager.cpp:8:
In file included from /root/cj_build/impl_relocation_receipt_queue5-mutant/src/runtime/src/Heap/Allocator/RegionManager.h:19:
In file included from /root/cj_build/impl_relocation_receipt_queue5-mutant/src/runtime/src/Heap/Allocator/AllocBuffer.h:16:
In file included from /root/cj_build/impl_relocation_receipt_queue5-mutant/src/runtime/src/Heap/Allocator/RegionList.h:11:
In file included from /root/cj_build/impl_relocation_receipt_queue5-mutant/src/runtime/src/Heap/Allocator/RegionInfo.h:43:
/root/cj_build/impl_relocation_receipt_queue5-mutant/src/runtime/src/Heap/Verify/NullRouteCaller.h:34:1: warning: inline variables are a C++17 extension [-Wc++17-extensions]
inline thread_local const char* g_tag = nullptr;
^
/root/cj_build/impl_relocation_receipt_queue5-mutant/src/runtime/src/Heap/Verify/NullRouteCaller.h:35:1: warning: inline variables are a C++17 extension [-Wc++17-extensions]
inline thread_local const char* g_edgeSrc = nullptr;
^
/root/cj_build/impl_relocation_receipt_queue5-mutant/src/runtime/src/Heap/Verify/NullRouteCaller.h:36:1: warning: inline variables are a C++17 extension [-Wc++17-extensions]
inline thread_local uintptr_t g_slot = 0;
^
/root/cj_build/impl_relocation_receipt_queue5-mutant/src/runtime/src/Heap/Verify/NullRouteCaller.h:37:1: warning: inline variables are a C++17 extension [-Wc++17-extensions]
inline thread_local void* g_host = nullptr;
^
In file included from /root/cj_build/impl_relocation_receipt_queue5-mutant/src/runtime/src/Heap/Allocator/RegionManager.cpp:8:
In file included from /root/cj_build/impl_relocation_receipt_queue5-mutant/src/runtime/src/Heap/Allocator/RegionManager.h:19:
In file included from /root/cj_build/impl_relocation_receipt_queue5-mutant/src/runtime/src/Heap/Allocator/AllocBuffer.h:16:
In file included from /root/cj_build/impl_relocation_receipt_queue5-mutant/src/runtime/src/Heap/Allocator/RegionList.h:11:
In file included from /root/cj_build/impl_relocation_receipt_queue5-mutant/src/runtime/src/Heap/Allocator/RegionInfo.h:53:
/root/cj_build/impl_relocation_receipt_queue5-mutant/src/runtime/src/Heap/Verify/MutatorRelocate.h:102:8: warning: constexpr if is a C++17 extension [-Wc++17-extensions]
    if constexpr (kWaitRegionPublish) {
       ^
In file included from /root/cj_build/impl_relocation_receipt_queue5-mutant/src/runtime/src/Heap/Allocator/RegionManager.cpp:8:
In file included from /root/cj_build/impl_relocation_receipt_queue5-mutant/src/runtime/src/Heap/Allocator/RegionManager.h:25:
In file included from /root/cj_build/impl_relocation_receipt_queue5-mutant/src/runtime/src/Heap/Allocator/FreeRegionManager.h:15:
In file included from /root/cj_build/impl_relocation_receipt_queue5-mutant/src/runtime/src/Common/ScopedObjectAccess.h:11:
In file included from /root/cj_build/impl_relocation_receipt_queue5-mutant/src/runtime/src/Mutator/Mutator.inline.h:11:
In file included from /root/cj_build/impl_relocation_receipt_queue5-mutant/src/runtime/src/Mutator/MutatorManager.h:17:
/root/cj_build/impl_relocation_receipt_queue5-mutant/src/runtime/src/Base/GcLog.h:217:45: warning: format string is not a string literal [-Wformat-nonliteral]
        int n = vsnprintf(buf, sizeof(buf), format, args);
                                            ^~~~~~
In file included from /root/cj_build/impl_relocation_receipt_queue5-mutant/src/runtime/src/Heap/Allocator/RegionManager.cpp:27:
In file included from /root/cj_build/impl_relocation_receipt_queue5-mutant/src/runtime/src/Heap/Collector/CopyCollector.h:13:
/root/cj_build/impl_relocation_receipt_queue5-mutant/src/runtime/src/Heap/Collector/TracingCollector.h:352:20: warning: unused variable 'objSize' [-Wunused-variable]
            size_t objSize = obj->GetSize();
                   ^
In file included from /root/cj_build/impl_relocation_receipt_queue5-mutant/src/runtime/src/Heap/Allocator/RegionManager.cpp:28:
/root/cj_build/impl_relocation_receipt_queue5-mutant/src/runtime/src/Heap/Collector/GcTrigger.h:477:8: warning: constexpr if is a C++17 extension [-Wc++17-extensions]
    if constexpr (kGcTriggerMajorAllocRateEnabled) {
       ^
/root/cj_build/impl_relocation_receipt_queue5-mutant/src/runtime/src/Heap/Collector/GcTrigger.h:496:8: warning: constexpr if is a C++17 extension [-Wc++17-extensions]
    if constexpr (kGcTriggerProactiveEnabled) {
       ^
In file included from /root/cj_build/impl_relocation_receipt_queue5-mutant/src/runtime/src/Heap/Allocator/RegionManager.cpp:43:
/root/cj_build/impl_relocation_receipt_queue5-mutant/src/runtime/src/Heap/WCollector/RelocationSetSelector.h:13:1: warning: inline variables are a C++17 extension [-Wc++17-extensions]
inline constexpr bool kUseRelocationSetSelector = true;
^
/root/cj_build/impl_relocation_receipt_queue5-mutant/src/runtime/src/Heap/WCollector/RelocationSetSelector.h:14:1: warning: inline variables are a C++17 extension [-Wc++17-extensions]
inline constexpr double kRelocationFragmentationLimitPercent = 25.0;
^
/root/cj_build/impl_relocation_receipt_queue5-mutant/src/runtime/src/Heap/WCollector/RelocationSetSelector.h:16:1: warning: inline variables are a C++17 extension [-Wc++17-extensions]
inline constexpr size_t kRelocationMaxSmallRegionBytes = 128 * 1024;
^
/root/cj_build/impl_relocation_receipt_queue5-mutant/src/runtime/src/Heap/WCollector/RelocationSetSelector.h:18:1: warning: inline variables are a C++17 extension [-Wc++17-extensions]
inline constexpr size_t kRelocationObjectSizeLimit = 16 * 1024;
^
/root/cj_build/impl_relocation_receipt_queue5-mutant/src/runtime/src/Heap/Allocator/RegionManager.cpp:440:65: warning: lambda capture 'region' is not used [-Wunused-lambda-capture]
            object->ForEachRefField([&rememberedSet, &recorded, region](RefField<>& field) {
                                                              ~~^~~~~~
/root/cj_build/impl_relocation_receipt_queue5-mutant/src/runtime/src/Heap/Allocator/RegionManager.cpp:1204:8: warning: constexpr if is a C++17 extension [-Wc++17-extensions]
    if constexpr (!kExpireKeptAtCycleStart) {
       ^
/root/cj_build/impl_relocation_receipt_queue5-mutant/src/runtime/src/Heap/Allocator/RegionManager.cpp:1903:16: warning: constexpr if is a C++17 extension [-Wc++17-extensions]
            if constexpr (kGcTriggerProactiveEnabled || kGcTriggerDynamicWorkersEnabled) {
               ^
/root/cj_build/impl_relocation_receipt_queue5-mutant/src/runtime/src/Heap/Allocator/RegionManager.cpp:1907:16: warning: constexpr if is a C++17 extension [-Wc++17-extensions]
            if constexpr (kGcTriggerProactiveEnabled) {
               ^
/root/cj_build/impl_relocation_receipt_queue5-mutant/src/runtime/src/Heap/Allocator/RegionManager.cpp:1915:16: warning: constexpr if is a C++17 extension [-Wc++17-extensions]
            if constexpr (kGcTriggerMajorAllocRateEnabled) {
               ^
/root/cj_build/impl_relocation_receipt_queue5-mutant/src/runtime/src/Heap/Allocator/RegionManager.cpp:1926:16: warning: constexpr if is a C++17 extension [-Wc++17-extensions]
            if constexpr (kGcTriggerDynamicWorkersEnabled) {
               ^
/root/cj_build/impl_relocation_receipt_queue5-mutant/src/runtime/src/Heap/Allocator/RegionManager.cpp:2190:8: warning: constexpr if is a C++17 extension [-Wc++17-extensions]
    if constexpr (!kFinishIncompleteFromRegions) {
       ^
/root/cj_build/impl_relocation_receipt_queue5-mutant/src/runtime/src/Heap/Allocator/RegionManager.cpp:3619:28: warning: unused variable 'liveBefore' [-Wunused-variable]
            const uint64_t liveBefore = region->GetLiveByteCount();
                           ^
/root/cj_build/impl_relocation_receipt_queue5-mutant/src/runtime/src/Heap/Allocator/RegionManager.cpp:3621:20: warning: unused variable 'markedBefore' [-Wunused-variable]
            size_t markedBefore = 0;
                   ^
/root/cj_build/impl_relocation_receipt_queue5-mutant/src/runtime/src/Heap/Allocator/RegionManager.cpp:3627:28: warning: unused variable 'liveAfterReset' [-Wunused-variable]
            const uint64_t liveAfterReset = region->GetLiveByteCount();
                           ^
/root/cj_build/impl_relocation_receipt_queue5-mutant/src/runtime/src/Heap/Allocator/RegionManager.cpp:3629:20: warning: unused variable 'markedAfterReset' [-Wunused-variable]
            size_t markedAfterReset = 0;
                   ^
/root/cj_build/impl_relocation_receipt_queue5-mutant/src/runtime/src/Heap/Allocator/RegionManager.cpp:3634:20: warning: unused variable 'markedAfterInv' [-Wunused-variable]
            size_t markedAfterInv = 0;
                   ^
/root/cj_build/impl_relocation_receipt_queue5-mutant/src/runtime/src/Heap/Allocator/RegionManager.cpp:3396:70: warning: lambda capture 'oldObjForwarded' is not used [-Wunused-lambda-capture]
        [&collector, youngRegion, &rememberedSet, &promotedRecords, &oldObjForwarded,
                                                                     ^
/root/cj_build/impl_relocation_receipt_queue5-mutant/src/runtime/src/Heap/Allocator/RegionManager.cpp:3700:30: note: in instantiation of function template specialization 'MapleRuntime::RegionManager::ForwardRegion<MapleRuntime::Generation::Young>' requested here
template void RegionManager::ForwardRegion<Generation::Young>(RegionInfo*);
                             ^
/root/cj_build/impl_relocation_receipt_queue5-mutant/src/runtime/src/Heap/Allocator/RegionManager.cpp:3397:11: warning: lambda capture 'o2yOnToForOld' is not used [-Wunused-lambda-capture]
         &o2yOnToForOld, &recordedOnToForOld](BaseObject* obj) {
          ^
/root/cj_build/impl_relocation_receipt_queue5-mutant/src/runtime/src/Heap/Allocator/RegionManager.cpp:3396:70: warning: lambda capture 'oldObjForwarded' is not used [-Wunused-lambda-capture]
        [&collector, youngRegion, &rememberedSet, &promotedRecords, &oldObjForwarded,
                                                                     ^
/root/cj_build/impl_relocation_receipt_queue5-mutant/src/runtime/src/Heap/Allocator/RegionManager.cpp:3701:30: note: in instantiation of function template specialization 'MapleRuntime::RegionManager::ForwardRegion<MapleRuntime::Generation::Old>' requested here
template void RegionManager::ForwardRegion<Generation::Old>(RegionInfo*);
                             ^
/root/cj_build/impl_relocation_receipt_queue5-mutant/src/runtime/src/Heap/Allocator/RegionManager.cpp:3397:11: warning: lambda capture 'o2yOnToForOld' is not used [-Wunused-lambda-capture]
         &o2yOnToForOld, &recordedOnToForOld](BaseObject* obj) {
          ^
31 warnings generated.
[ 60%] Building CXX object src/Heap/Allocator/CMakeFiles/Allocator.dir/RouteDestHold.cpp.o
In file included from /root/cj_build/impl_relocation_receipt_queue5-mutant/src/runtime/src/UnwindStack/GcStackInfo.cpp:11:
In file included from /root/cj_build/impl_relocation_receipt_queue5-mutant/src/runtime/src/UnwindStack/../Heap/Collector/TracingCollector.h:17:
In file included from /root/cj_build/impl_relocation_receipt_queue5-mutant/src/runtime/src/Heap/Allocator/RegionSpace.h:19:
In file included from /root/cj_build/impl_relocation_receipt_queue5-mutant/src/runtime/src/Heap/Allocator/Allocator.h:11:
In file included from /root/cj_build/impl_relocation_receipt_queue5-mutant/src/runtime/src/Heap/Allocator/AllocBufferManager.h:15:
In file included from /root/cj_build/impl_relocation_receipt_queue5-mutant/src/runtime/src/Heap/Allocator/AllocBuffer.h:16:
In file included from /root/cj_build/impl_relocation_receipt_queue5-mutant/src/runtime/src/Heap/Allocator/RegionList.h:11:
In file included from /root/cj_build/impl_relocation_receipt_queue5-mutant/src/runtime/src/Heap/Allocator/RegionInfo.h:41:
/root/cj_build/impl_relocation_receipt_queue5-mutant/src/runtime/src/Heap/Verify/AllocPhaseDiag.h:57:1: warning: inline variables are a C++17 extension [-Wc++17-extensions]
inline Slot g_table[kCap] = {};
^
/root/cj_build/impl_relocation_receipt_queue5-mutant/src/runtime/src/Heap/Verify/AllocPhaseDiag.h:58:1: warning: inline variables are a C++17 extension [-Wc++17-extensions]
inline NearEntry g_near[kNearCap] = {};
^
In file included from /root/cj_build/impl_relocation_receipt_queue5-mutant/src/runtime/src/UnwindStack/GcStackInfo.cpp:11:
In file included from /root/cj_build/impl_relocation_receipt_queue5-mutant/src/runtime/src/UnwindStack/../Heap/Collector/TracingCollector.h:17:
In file included from /root/cj_build/impl_relocation_receipt_queue5-mutant/src/runtime/src/Heap/Allocator/RegionSpace.h:19:
In file included from /root/cj_build/impl_relocation_receipt_queue5-mutant/src/runtime/src/Heap/Allocator/Allocator.h:11:
In file included from /root/cj_build/impl_relocation_receipt_queue5-mutant/src/runtime/src/Heap/Allocator/AllocBufferManager.h:15:
In file included from /root/cj_build/impl_relocation_receipt_queue5-mutant/src/runtime/src/Heap/Allocator/AllocBuffer.h:16:
In file included from /root/cj_build/impl_relocation_receipt_queue5-mutant/src/runtime/src/Heap/Allocator/RegionList.h:11:
In file included from /root/cj_build/impl_relocation_receipt_queue5-mutant/src/runtime/src/Heap/Allocator/RegionInfo.h:43:
/root/cj_build/impl_relocation_receipt_queue5-mutant/src/runtime/src/Heap/Verify/NullRouteCaller.h:34:1: warning: inline variables are a C++17 extension [-Wc++17-extensions]
inline thread_local const char* g_tag = nullptr;
^
/root/cj_build/impl_relocation_receipt_queue5-mutant/src/runtime/src/Heap/Verify/NullRouteCaller.h:35:1: warning: inline variables are a C++17 extension [-Wc++17-extensions]
inline thread_local const char* g_edgeSrc = nullptr;
^
/root/cj_build/impl_relocation_receipt_queue5-mutant/src/runtime/src/Heap/Verify/NullRouteCaller.h:36:1: warning: inline variables are a C++17 extension [-Wc++17-extensions]
inline thread_local uintptr_t g_slot = 0;
^
/root/cj_build/impl_relocation_receipt_queue5-mutant/src/runtime/src/Heap/Verify/NullRouteCaller.h:37:1: warning: inline variables are a C++17 extension [-Wc++17-extensions]
inline thread_local void* g_host = nullptr;
^
In file included from /root/cj_build/impl_relocation_receipt_queue5-mutant/src/runtime/src/UnwindStack/GcStackInfo.cpp:11:
In file included from /root/cj_build/impl_relocation_receipt_queue5-mutant/src/runtime/src/UnwindStack/../Heap/Collector/TracingCollector.h:17:
In file included from /root/cj_build/impl_relocation_receipt_queue5-mutant/src/runtime/src/Heap/Allocator/RegionSpace.h:19:
In file included from /root/cj_build/impl_relocation_receipt_queue5-mutant/src/runtime/src/Heap/Allocator/Allocator.h:11:
In file included from /root/cj_build/impl_relocation_receipt_queue5-mutant/src/runtime/src/Heap/Allocator/AllocBufferManager.h:15:
In file included from /root/cj_build/impl_relocation_receipt_queue5-mutant/src/runtime/src/Heap/Allocator/AllocBuffer.h:16:
In file included from /root/cj_build/impl_relocation_receipt_queue5-mutant/src/runtime/src/Heap/Allocator/RegionList.h:11:
In file included from /root/cj_build/impl_relocation_receipt_queue5-mutant/src/runtime/src/Heap/Allocator/RegionInfo.h:53:
/root/cj_build/impl_relocation_receipt_queue5-mutant/src/runtime/src/Heap/Verify/MutatorRelocate.h:102:8: warning: constexpr if is a C++17 extension [-Wc++17-extensions]
    if constexpr (kWaitRegionPublish) {
       ^
In file included from /root/cj_build/impl_relocation_receipt_queue5-mutant/src/runtime/src/UnwindStack/GcStackInfo.cpp:11:
In file included from /root/cj_build/impl_relocation_receipt_queue5-mutant/src/runtime/src/UnwindStack/../Heap/Collector/TracingCollector.h:17:
In file included from /root/cj_build/impl_relocation_receipt_queue5-mutant/src/runtime/src/Heap/Allocator/RegionSpace.h:22:
In file included from /root/cj_build/impl_relocation_receipt_queue5-mutant/src/runtime/src/Heap/Allocator/RegionManager.h:25:
In file included from /root/cj_build/impl_relocation_receipt_queue5-mutant/src/runtime/src/Heap/Allocator/FreeRegionManager.h:15:
In file included from /root/cj_build/impl_relocation_receipt_queue5-mutant/src/runtime/src/Common/ScopedObjectAccess.h:11:
In file included from /root/cj_build/impl_relocation_receipt_queue5-mutant/src/runtime/src/Mutator/Mutator.inline.h:11:
In file included from /root/cj_build/impl_relocation_receipt_queue5-mutant/src/runtime/src/Mutator/MutatorManager.h:17:
/root/cj_build/impl_relocation_receipt_queue5-mutant/src/runtime/src/Base/GcLog.h:217:45: warning: format string is not a string literal [-Wformat-nonliteral]
        int n = vsnprintf(buf, sizeof(buf), format, args);
                                            ^~~~~~
In file included from /root/cj_build/impl_relocation_receipt_queue5-mutant/src/runtime/src/UnwindStack/GcStackInfo.cpp:11:
/root/cj_build/impl_relocation_receipt_queue5-mutant/src/runtime/src/UnwindStack/../Heap/Collector/TracingCollector.h:352:20: warning: unused variable 'objSize' [-Wunused-variable]
            size_t objSize = obj->GetSize();
                   ^
9 warnings generated.
[ 60%] Building CXX object src/Heap/Allocator/CMakeFiles/Allocator.dir/CartesianTree.cpp.o
In file included from /root/cj_build/impl_relocation_receipt_queue5-mutant/src/runtime/src/Heap/WCollector/PreforwardBarrier.cpp:8:
In file included from /root/cj_build/impl_relocation_receipt_queue5-mutant/src/runtime/src/Heap/WCollector/PreforwardBarrier.h:11:
In file included from /root/cj_build/impl_relocation_receipt_queue5-mutant/src/runtime/src/Heap/Allocator/RegionSpace.h:19:
In file included from /root/cj_build/impl_relocation_receipt_queue5-mutant/src/runtime/src/Heap/Allocator/Allocator.h:11:
In file included from /root/cj_build/impl_relocation_receipt_queue5-mutant/src/runtime/src/Heap/Allocator/AllocBufferManager.h:15:
In file included from /root/cj_build/impl_relocation_receipt_queue5-mutant/src/runtime/src/Heap/Allocator/AllocBuffer.h:16:
In file included from /root/cj_build/impl_relocation_receipt_queue5-mutant/src/runtime/src/Heap/Allocator/RegionList.h:11:
In file included from /root/cj_build/impl_relocation_receipt_queue5-mutant/src/runtime/src/Heap/Allocator/RegionInfo.h:41:
/root/cj_build/impl_relocation_receipt_queue5-mutant/src/runtime/src/Heap/Verify/AllocPhaseDiag.h:57:1: warning: inline variables are a C++17 extension [-Wc++17-extensions]
inline Slot g_table[kCap] = {};
^
/root/cj_build/impl_relocation_receipt_queue5-mutant/src/runtime/src/Heap/Verify/AllocPhaseDiag.h:58:1: warning: inline variables are a C++17 extension [-Wc++17-extensions]
inline NearEntry g_near[kNearCap] = {};
^
In file included from /root/cj_build/impl_relocation_receipt_queue5-mutant/src/runtime/src/Heap/WCollector/PreforwardBarrier.cpp:8:
In file included from /root/cj_build/impl_relocation_receipt_queue5-mutant/src/runtime/src/Heap/WCollector/PreforwardBarrier.h:11:
In file included from /root/cj_build/impl_relocation_receipt_queue5-mutant/src/runtime/src/Heap/Allocator/RegionSpace.h:19:
In file included from /root/cj_build/impl_relocation_receipt_queue5-mutant/src/runtime/src/Heap/Allocator/Allocator.h:11:
In file included from /root/cj_build/impl_relocation_receipt_queue5-mutant/src/runtime/src/Heap/Allocator/AllocBufferManager.h:15:
In file included from /root/cj_build/impl_relocation_receipt_queue5-mutant/src/runtime/src/Heap/Allocator/AllocBuffer.h:16:
In file included from /root/cj_build/impl_relocation_receipt_queue5-mutant/src/runtime/src/Heap/Allocator/RegionList.h:11:
In file included from /root/cj_build/impl_relocation_receipt_queue5-mutant/src/runtime/src/Heap/Allocator/RegionInfo.h:43:
/root/cj_build/impl_relocation_receipt_queue5-mutant/src/runtime/src/Heap/Verify/NullRouteCaller.h:34:1: warning: inline variables are a C++17 extension [-Wc++17-extensions]
inline thread_local const char* g_tag = nullptr;
^
/root/cj_build/impl_relocation_receipt_queue5-mutant/src/runtime/src/Heap/Verify/NullRouteCaller.h:35:1: warning: inline variables are a C++17 extension [-Wc++17-extensions]
inline thread_local const char* g_edgeSrc = nullptr;
^
/root/cj_build/impl_relocation_receipt_queue5-mutant/src/runtime/src/Heap/Verify/NullRouteCaller.h:36:1: warning: inline variables are a C++17 extension [-Wc++17-extensions]
inline thread_local uintptr_t g_slot = 0;
^
/root/cj_build/impl_relocation_receipt_queue5-mutant/src/runtime/src/Heap/Verify/NullRouteCaller.h:37:1: warning: inline variables are a C++17 extension [-Wc++17-extensions]
inline thread_local void* g_host = nullptr;
^
In file included from /root/cj_build/impl_relocation_receipt_queue5-mutant/src/runtime/src/Heap/WCollector/PreforwardBarrier.cpp:8:
In file included from /root/cj_build/impl_relocation_receipt_queue5-mutant/src/runtime/src/Heap/WCollector/PreforwardBarrier.h:11:
In file included from /root/cj_build/impl_relocation_receipt_queue5-mutant/src/runtime/src/Heap/Allocator/RegionSpace.h:19:
In file included from /root/cj_build/impl_relocation_receipt_queue5-mutant/src/runtime/src/Heap/Allocator/Allocator.h:11:
In file included from /root/cj_build/impl_relocation_receipt_queue5-mutant/src/runtime/src/Heap/Allocator/AllocBufferManager.h:15:
In file included from /root/cj_build/impl_relocation_receipt_queue5-mutant/src/runtime/src/Heap/Allocator/AllocBuffer.h:16:
In file included from /root/cj_build/impl_relocation_receipt_queue5-mutant/src/runtime/src/Heap/Allocator/RegionList.h:11:
In file included from /root/cj_build/impl_relocation_receipt_queue5-mutant/src/runtime/src/Heap/Allocator/RegionInfo.h:53:
/root/cj_build/impl_relocation_receipt_queue5-mutant/src/runtime/src/Heap/Verify/MutatorRelocate.h:102:8: warning: constexpr if is a C++17 extension [-Wc++17-extensions]
    if constexpr (kWaitRegionPublish) {
       ^
In file included from /root/cj_build/impl_relocation_receipt_queue5-mutant/src/runtime/src/Heap/WCollector/PreforwardBarrier.cpp:8:
In file included from /root/cj_build/impl_relocation_receipt_queue5-mutant/src/runtime/src/Heap/WCollector/PreforwardBarrier.h:11:
In file included from /root/cj_build/impl_relocation_receipt_queue5-mutant/src/runtime/src/Heap/Allocator/RegionSpace.h:22:
In file included from /root/cj_build/impl_relocation_receipt_queue5-mutant/src/runtime/src/Heap/Allocator/RegionManager.h:25:
In file included from /root/cj_build/impl_relocation_receipt_queue5-mutant/src/runtime/src/Heap/Allocator/FreeRegionManager.h:15:
In file included from /root/cj_build/impl_relocation_receipt_queue5-mutant/src/runtime/src/Common/ScopedObjectAccess.h:11:
In file included from /root/cj_build/impl_relocation_receipt_queue5-mutant/src/runtime/src/Mutator/Mutator.inline.h:11:
In file included from /root/cj_build/impl_relocation_receipt_queue5-mutant/src/runtime/src/Mutator/MutatorManager.h:17:
/root/cj_build/impl_relocation_receipt_queue5-mutant/src/runtime/src/Base/GcLog.h:217:45: warning: format string is not a string literal [-Wformat-nonliteral]
        int n = vsnprintf(buf, sizeof(buf), format, args);
                                            ^~~~~~
8 warnings generated.
[ 61%] Building CXX object src/Heap/WCollector/CMakeFiles/WCollector.dir/ForwardBarrier.cpp.o
In file included from /root/cj_build/impl_relocation_receipt_queue5-mutant/src/runtime/src/UnwindStack/StackFrameCursor.cpp:9:
In file included from /root/cj_build/impl_relocation_receipt_queue5-mutant/src/runtime/src/UnwindStack/../Heap/Collector/TracingCollector.h:17:
In file included from /root/cj_build/impl_relocation_receipt_queue5-mutant/src/runtime/src/Heap/Allocator/RegionSpace.h:19:
In file included from /root/cj_build/impl_relocation_receipt_queue5-mutant/src/runtime/src/Heap/Allocator/Allocator.h:11:
In file included from /root/cj_build/impl_relocation_receipt_queue5-mutant/src/runtime/src/Heap/Allocator/AllocBufferManager.h:15:
In file included from /root/cj_build/impl_relocation_receipt_queue5-mutant/src/runtime/src/Heap/Allocator/AllocBuffer.h:16:
In file included from /root/cj_build/impl_relocation_receipt_queue5-mutant/src/runtime/src/Heap/Allocator/RegionList.h:11:
In file included from /root/cj_build/impl_relocation_receipt_queue5-mutant/src/runtime/src/Heap/Allocator/RegionInfo.h:41:
/root/cj_build/impl_relocation_receipt_queue5-mutant/src/runtime/src/Heap/Verify/AllocPhaseDiag.h:57:1: warning: inline variables are a C++17 extension [-Wc++17-extensions]
inline Slot g_table[kCap] = {};
^
/root/cj_build/impl_relocation_receipt_queue5-mutant/src/runtime/src/Heap/Verify/AllocPhaseDiag.h:58:1: warning: inline variables are a C++17 extension [-Wc++17-extensions]
inline NearEntry g_near[kNearCap] = {};
^
In file included from /root/cj_build/impl_relocation_receipt_queue5-mutant/src/runtime/src/UnwindStack/StackFrameCursor.cpp:9:
In file included from /root/cj_build/impl_relocation_receipt_queue5-mutant/src/runtime/src/UnwindStack/../Heap/Collector/TracingCollector.h:17:
In file included from /root/cj_build/impl_relocation_receipt_queue5-mutant/src/runtime/src/Heap/Allocator/RegionSpace.h:19:
In file included from /root/cj_build/impl_relocation_receipt_queue5-mutant/src/runtime/src/Heap/Allocator/Allocator.h:11:
In file included from /root/cj_build/impl_relocation_receipt_queue5-mutant/src/runtime/src/Heap/Allocator/AllocBufferManager.h:15:
In file included from /root/cj_build/impl_relocation_receipt_queue5-mutant/src/runtime/src/Heap/Allocator/AllocBuffer.h:16:
In file included from /root/cj_build/impl_relocation_receipt_queue5-mutant/src/runtime/src/Heap/Allocator/RegionList.h:11:
In file included from /root/cj_build/impl_relocation_receipt_queue5-mutant/src/runtime/src/Heap/Allocator/RegionInfo.h:43:
/root/cj_build/impl_relocation_receipt_queue5-mutant/src/runtime/src/Heap/Verify/NullRouteCaller.h:34:1: warning: inline variables are a C++17 extension [-Wc++17-extensions]
inline thread_local const char* g_tag = nullptr;
^
/root/cj_build/impl_relocation_receipt_queue5-mutant/src/runtime/src/Heap/Verify/NullRouteCaller.h:35:1: warning: inline variables are a C++17 extension [-Wc++17-extensions]
inline thread_local const char* g_edgeSrc = nullptr;
^
/root/cj_build/impl_relocation_receipt_queue5-mutant/src/runtime/src/Heap/Verify/NullRouteCaller.h:36:1: warning: inline variables are a C++17 extension [-Wc++17-extensions]
inline thread_local uintptr_t g_slot = 0;
^
/root/cj_build/impl_relocation_receipt_queue5-mutant/src/runtime/src/Heap/Verify/NullRouteCaller.h:37:1: warning: inline variables are a C++17 extension [-Wc++17-extensions]
inline thread_local void* g_host = nullptr;
^
In file included from /root/cj_build/impl_relocation_receipt_queue5-mutant/src/runtime/src/UnwindStack/StackFrameCursor.cpp:9:
In file included from /root/cj_build/impl_relocation_receipt_queue5-mutant/src/runtime/src/UnwindStack/../Heap/Collector/TracingCollector.h:17:
In file included from /root/cj_build/impl_relocation_receipt_queue5-mutant/src/runtime/src/Heap/Allocator/RegionSpace.h:19:
In file included from /root/cj_build/impl_relocation_receipt_queue5-mutant/src/runtime/src/Heap/Allocator/Allocator.h:11:
In file included from /root/cj_build/impl_relocation_receipt_queue5-mutant/src/runtime/src/Heap/Allocator/AllocBufferManager.h:15:
In file included from /root/cj_build/impl_relocation_receipt_queue5-mutant/src/runtime/src/Heap/Allocator/AllocBuffer.h:16:
In file included from /root/cj_build/impl_relocation_receipt_queue5-mutant/src/runtime/src/Heap/Allocator/RegionList.h:11:
In file included from /root/cj_build/impl_relocation_receipt_queue5-mutant/src/runtime/src/Heap/Allocator/RegionInfo.h:53:
/root/cj_build/impl_relocation_receipt_queue5-mutant/src/runtime/src/Heap/Verify/MutatorRelocate.h:102:8: warning: constexpr if is a C++17 extension [-Wc++17-extensions]
    if constexpr (kWaitRegionPublish) {
       ^
In file included from /root/cj_build/impl_relocation_receipt_queue5-mutant/src/runtime/src/UnwindStack/StackFrameCursor.cpp:9:
In file included from /root/cj_build/impl_relocation_receipt_queue5-mutant/src/runtime/src/UnwindStack/../Heap/Collector/TracingCollector.h:17:
In file included from /root/cj_build/impl_relocation_receipt_queue5-mutant/src/runtime/src/Heap/Allocator/RegionSpace.h:22:
In file included from /root/cj_build/impl_relocation_receipt_queue5-mutant/src/runtime/src/Heap/Allocator/RegionManager.h:25:
In file included from /root/cj_build/impl_relocation_receipt_queue5-mutant/src/runtime/src/Heap/Allocator/FreeRegionManager.h:15:
In file included from /root/cj_build/impl_relocation_receipt_queue5-mutant/src/runtime/src/Common/ScopedObjectAccess.h:11:
In file included from /root/cj_build/impl_relocation_receipt_queue5-mutant/src/runtime/src/Mutator/Mutator.inline.h:11:
In file included from /root/cj_build/impl_relocation_receipt_queue5-mutant/src/runtime/src/Mutator/MutatorManager.h:17:
/root/cj_build/impl_relocation_receipt_queue5-mutant/src/runtime/src/Base/GcLog.h:217:45: warning: format string is not a string literal [-Wformat-nonliteral]
        int n = vsnprintf(buf, sizeof(buf), format, args);
                                            ^~~~~~
In file included from /root/cj_build/impl_relocation_receipt_queue5-mutant/src/runtime/src/UnwindStack/StackFrameCursor.cpp:9:
/root/cj_build/impl_relocation_receipt_queue5-mutant/src/runtime/src/UnwindStack/../Heap/Collector/TracingCollector.h:352:20: warning: unused variable 'objSize' [-Wunused-variable]
            size_t objSize = obj->GetSize();
                   ^
9 warnings generated.
[ 61%] Building CXX object src/UnwindStack/CMakeFiles/UnwindStack.dir/StackWatermark.cpp.o
[ 62%] Building CXX object src/UnwindStack/CMakeFiles/UnwindStack.dir/StackExposureHook.cpp.o
In file included from /root/cj_build/impl_relocation_receipt_queue5-mutant/src/runtime/src/ObjectModel/FieldInfo.cpp:13:
In file included from /root/cj_build/impl_relocation_receipt_queue5-mutant/src/runtime/src/ExceptionManager.inline.h:14:
In file included from /root/cj_build/impl_relocation_receipt_queue5-mutant/src/runtime/src/Mutator/Mutator.h:16:
In file included from /root/cj_build/impl_relocation_receipt_queue5-mutant/src/runtime/src/Heap/Allocator/Allocator.h:11:
In file included from /root/cj_build/impl_relocation_receipt_queue5-mutant/src/runtime/src/Heap/Allocator/AllocBufferManager.h:15:
In file included from /root/cj_build/impl_relocation_receipt_queue5-mutant/src/runtime/src/Heap/Allocator/AllocBuffer.h:16:
In file included from /root/cj_build/impl_relocation_receipt_queue5-mutant/src/runtime/src/Heap/Allocator/RegionList.h:11:
In file included from /root/cj_build/impl_relocation_receipt_queue5-mutant/src/runtime/src/Heap/Allocator/RegionInfo.h:41:
/root/cj_build/impl_relocation_receipt_queue5-mutant/src/runtime/src/Heap/Verify/AllocPhaseDiag.h:57:1: warning: inline variables are a C++17 extension [-Wc++17-extensions]
inline Slot g_table[kCap] = {};
^
/root/cj_build/impl_relocation_receipt_queue5-mutant/src/runtime/src/Heap/Verify/AllocPhaseDiag.h:58:1: warning: inline variables are a C++17 extension [-Wc++17-extensions]
inline NearEntry g_near[kNearCap] = {};
^
In file included from /root/cj_build/impl_relocation_receipt_queue5-mutant/src/runtime/src/ObjectModel/FieldInfo.cpp:13:
In file included from /root/cj_build/impl_relocation_receipt_queue5-mutant/src/runtime/src/ExceptionManager.inline.h:14:
In file included from /root/cj_build/impl_relocation_receipt_queue5-mutant/src/runtime/src/Mutator/Mutator.h:16:
In file included from /root/cj_build/impl_relocation_receipt_queue5-mutant/src/runtime/src/Heap/Allocator/Allocator.h:11:
In file included from /root/cj_build/impl_relocation_receipt_queue5-mutant/src/runtime/src/Heap/Allocator/AllocBufferManager.h:15:
In file included from /root/cj_build/impl_relocation_receipt_queue5-mutant/src/runtime/src/Heap/Allocator/AllocBuffer.h:16:
In file included from /root/cj_build/impl_relocation_receipt_queue5-mutant/src/runtime/src/Heap/Allocator/RegionList.h:11:
In file included from /root/cj_build/impl_relocation_receipt_queue5-mutant/src/runtime/src/Heap/Allocator/RegionInfo.h:43:
/root/cj_build/impl_relocation_receipt_queue5-mutant/src/runtime/src/Heap/Verify/NullRouteCaller.h:34:1: warning: inline variables are a C++17 extension [-Wc++17-extensions]
inline thread_local const char* g_tag = nullptr;
^
/root/cj_build/impl_relocation_receipt_queue5-mutant/src/runtime/src/Heap/Verify/NullRouteCaller.h:35:1: warning: inline variables are a C++17 extension [-Wc++17-extensions]
inline thread_local const char* g_edgeSrc = nullptr;
^
/root/cj_build/impl_relocation_receipt_queue5-mutant/src/runtime/src/Heap/Verify/NullRouteCaller.h:36:1: warning: inline variables are a C++17 extension [-Wc++17-extensions]
inline thread_local uintptr_t g_slot = 0;
^
/root/cj_build/impl_relocation_receipt_queue5-mutant/src/runtime/src/Heap/Verify/NullRouteCaller.h:37:1: warning: inline variables are a C++17 extension [-Wc++17-extensions]
inline thread_local void* g_host = nullptr;
^
In file included from /root/cj_build/impl_relocation_receipt_queue5-mutant/src/runtime/src/ObjectModel/FieldInfo.cpp:13:
In file included from /root/cj_build/impl_relocation_receipt_queue5-mutant/src/runtime/src/ExceptionManager.inline.h:14:
In file included from /root/cj_build/impl_relocation_receipt_queue5-mutant/src/runtime/src/Mutator/Mutator.h:16:
In file included from /root/cj_build/impl_relocation_receipt_queue5-mutant/src/runtime/src/Heap/Allocator/Allocator.h:11:
In file included from /root/cj_build/impl_relocation_receipt_queue5-mutant/src/runtime/src/Heap/Allocator/AllocBufferManager.h:15:
In file included from /root/cj_build/impl_relocation_receipt_queue5-mutant/src/runtime/src/Heap/Allocator/AllocBuffer.h:16:
In file included from /root/cj_build/impl_relocation_receipt_queue5-mutant/src/runtime/src/Heap/Allocator/RegionList.h:11:
In file included from /root/cj_build/impl_relocation_receipt_queue5-mutant/src/runtime/src/Heap/Allocator/RegionInfo.h:53:
/root/cj_build/impl_relocation_receipt_queue5-mutant/src/runtime/src/Heap/Verify/MutatorRelocate.h:102:8: warning: constexpr if is a C++17 extension [-Wc++17-extensions]
    if constexpr (kWaitRegionPublish) {
       ^
In file included from /root/cj_build/impl_relocation_receipt_queue5-mutant/src/runtime/src/ObjectModel/FieldInfo.cpp:13:
In file included from /root/cj_build/impl_relocation_receipt_queue5-mutant/src/runtime/src/ExceptionManager.inline.h:15:
In file included from /root/cj_build/impl_relocation_receipt_queue5-mutant/src/runtime/src/Mutator/MutatorManager.h:17:
/root/cj_build/impl_relocation_receipt_queue5-mutant/src/runtime/src/Base/GcLog.h:217:45: warning: format string is not a string literal [-Wformat-nonliteral]
        int n = vsnprintf(buf, sizeof(buf), format, args);
                                            ^~~~~~
8 warnings generated.
[ 62%] Building CXX object src/ObjectModel/CMakeFiles/ObjectModel.dir/MethodInfo.cpp.o
/root/cj_build/impl_relocation_receipt_queue5-mutant/src/runtime/src/UnwindStack/StackExposureHook.cpp:24:6: warning: unused function 'EnvIsOne' [-Wunused-function]
bool EnvIsOne(const char* name)
     ^
1 warning generated.
[ 62%] Building CXX object src/UnwindStack/CMakeFiles/UnwindStack.dir/StackGrowStackInfo.cpp.o
In file included from /root/cj_build/impl_relocation_receipt_queue5-mutant/src/runtime/src/CpuProfiler/CpuProfiler.cpp:9:
In file included from /root/cj_build/impl_relocation_receipt_queue5-mutant/src/runtime/src/Mutator/MutatorManager.h:17:
/root/cj_build/impl_relocation_receipt_queue5-mutant/src/runtime/src/Base/GcLog.h:217:45: warning: format string is not a string literal [-Wformat-nonliteral]
        int n = vsnprintf(buf, sizeof(buf), format, args);
                                            ^~~~~~
In file included from /root/cj_build/impl_relocation_receipt_queue5-mutant/src/runtime/src/CpuProfiler/CpuProfiler.cpp:9:
In file included from /root/cj_build/impl_relocation_receipt_queue5-mutant/src/runtime/src/Mutator/MutatorManager.h:23:
In file included from /root/cj_build/impl_relocation_receipt_queue5-mutant/src/runtime/src/Mutator/Mutator.h:16:
In file included from /root/cj_build/impl_relocation_receipt_queue5-mutant/src/runtime/src/Heap/Allocator/Allocator.h:11:
In file included from /root/cj_build/impl_relocation_receipt_queue5-mutant/src/runtime/src/Heap/Allocator/AllocBufferManager.h:15:
In file included from /root/cj_build/impl_relocation_receipt_queue5-mutant/src/runtime/src/Heap/Allocator/AllocBuffer.h:16:
In file included from /root/cj_build/impl_relocation_receipt_queue5-mutant/src/runtime/src/Heap/Allocator/RegionList.h:11:
In file included from /root/cj_build/impl_relocation_receipt_queue5-mutant/src/runtime/src/Heap/Allocator/RegionInfo.h:41:
/root/cj_build/impl_relocation_receipt_queue5-mutant/src/runtime/src/Heap/Verify/AllocPhaseDiag.h:57:1: warning: inline variables are a C++17 extension [-Wc++17-extensions]
inline Slot g_table[kCap] = {};
^
/root/cj_build/impl_relocation_receipt_queue5-mutant/src/runtime/src/Heap/Verify/AllocPhaseDiag.h:58:1: warning: inline variables are a C++17 extension [-Wc++17-extensions]
inline NearEntry g_near[kNearCap] = {};
^
In file included from /root/cj_build/impl_relocation_receipt_queue5-mutant/src/runtime/src/CpuProfiler/CpuProfiler.cpp:9:
In file included from /root/cj_build/impl_relocation_receipt_queue5-mutant/src/runtime/src/Mutator/MutatorManager.h:23:
In file included from /root/cj_build/impl_relocation_receipt_queue5-mutant/src/runtime/src/Mutator/Mutator.h:16:
In file included from /root/cj_build/impl_relocation_receipt_queue5-mutant/src/runtime/src/Heap/Allocator/Allocator.h:11:
In file included from /root/cj_build/impl_relocation_receipt_queue5-mutant/src/runtime/src/Heap/Allocator/AllocBufferManager.h:15:
In file included from /root/cj_build/impl_relocation_receipt_queue5-mutant/src/runtime/src/Heap/Allocator/AllocBuffer.h:16:
In file included from /root/cj_build/impl_relocation_receipt_queue5-mutant/src/runtime/src/Heap/Allocator/RegionList.h:11:
In file included from /root/cj_build/impl_relocation_receipt_queue5-mutant/src/runtime/src/Heap/Allocator/RegionInfo.h:43:
/root/cj_build/impl_relocation_receipt_queue5-mutant/src/runtime/src/Heap/Verify/NullRouteCaller.h:34:1: warning: inline variables are a C++17 extension [-Wc++17-extensions]
inline thread_local const char* g_tag = nullptr;
^
/root/cj_build/impl_relocation_receipt_queue5-mutant/src/runtime/src/Heap/Verify/NullRouteCaller.h:35:1: warning: inline variables are a C++17 extension [-Wc++17-extensions]
inline thread_local const char* g_edgeSrc = nullptr;
^
/root/cj_build/impl_relocation_receipt_queue5-mutant/src/runtime/src/Heap/Verify/NullRouteCaller.h:36:1: warning: inline variables are a C++17 extension [-Wc++17-extensions]
inline thread_local uintptr_t g_slot = 0;
^
/root/cj_build/impl_relocation_receipt_queue5-mutant/src/runtime/src/Heap/Verify/NullRouteCaller.h:37:1: warning: inline variables are a C++17 extension [-Wc++17-extensions]
inline thread_local void* g_host = nullptr;
^
In file included from /root/cj_build/impl_relocation_receipt_queue5-mutant/src/runtime/src/CpuProfiler/CpuProfiler.cpp:9:
In file included from /root/cj_build/impl_relocation_receipt_queue5-mutant/src/runtime/src/Mutator/MutatorManager.h:23:
In file included from /root/cj_build/impl_relocation_receipt_queue5-mutant/src/runtime/src/Mutator/Mutator.h:16:
In file included from /root/cj_build/impl_relocation_receipt_queue5-mutant/src/runtime/src/Heap/Allocator/Allocator.h:11:
In file included from /root/cj_build/impl_relocation_receipt_queue5-mutant/src/runtime/src/Heap/Allocator/AllocBufferManager.h:15:
In file included from /root/cj_build/impl_relocation_receipt_queue5-mutant/src/runtime/src/Heap/Allocator/AllocBuffer.h:16:
In file included from /root/cj_build/impl_relocation_receipt_queue5-mutant/src/runtime/src/Heap/Allocator/RegionList.h:11:
In file included from /root/cj_build/impl_relocation_receipt_queue5-mutant/src/runtime/src/Heap/Allocator/RegionInfo.h:53:
/root/cj_build/impl_relocation_receipt_queue5-mutant/src/runtime/src/Heap/Verify/MutatorRelocate.h:102:8: warning: constexpr if is a C++17 extension [-Wc++17-extensions]
    if constexpr (kWaitRegionPublish) {
       ^
8 warnings generated.
[ 62%] Building CXX object src/CpuProfiler/CMakeFiles/CpuProfiler.dir/SamplesRecord.cpp.o
In file included from /root/cj_build/impl_relocation_receipt_queue5-mutant/src/runtime/src/Heap/Allocator/RouteDestHold.cpp:7:
In file included from /root/cj_build/impl_relocation_receipt_queue5-mutant/src/runtime/src/Heap/Allocator/RegionInfo.h:41:
/root/cj_build/impl_relocation_receipt_queue5-mutant/src/runtime/src/Heap/Verify/AllocPhaseDiag.h:57:1: warning: inline variables are a C++17 extension [-Wc++17-extensions]
inline Slot g_table[kCap] = {};
^
/root/cj_build/impl_relocation_receipt_queue5-mutant/src/runtime/src/Heap/Verify/AllocPhaseDiag.h:58:1: warning: inline variables are a C++17 extension [-Wc++17-extensions]
inline NearEntry g_near[kNearCap] = {};
^
In file included from /root/cj_build/impl_relocation_receipt_queue5-mutant/src/runtime/src/Heap/Allocator/RouteDestHold.cpp:7:
In file included from /root/cj_build/impl_relocation_receipt_queue5-mutant/src/runtime/src/Heap/Allocator/RegionInfo.h:43:
/root/cj_build/impl_relocation_receipt_queue5-mutant/src/runtime/src/Heap/Verify/NullRouteCaller.h:34:1: warning: inline variables are a C++17 extension [-Wc++17-extensions]
inline thread_local const char* g_tag = nullptr;
^
/root/cj_build/impl_relocation_receipt_queue5-mutant/src/runtime/src/Heap/Verify/NullRouteCaller.h:35:1: warning: inline variables are a C++17 extension [-Wc++17-extensions]
inline thread_local const char* g_edgeSrc = nullptr;
^
/root/cj_build/impl_relocation_receipt_queue5-mutant/src/runtime/src/Heap/Verify/NullRouteCaller.h:36:1: warning: inline variables are a C++17 extension [-Wc++17-extensions]
inline thread_local uintptr_t g_slot = 0;
^
/root/cj_build/impl_relocation_receipt_queue5-mutant/src/runtime/src/Heap/Verify/NullRouteCaller.h:37:1: warning: inline variables are a C++17 extension [-Wc++17-extensions]
inline thread_local void* g_host = nullptr;
^
In file included from /root/cj_build/impl_relocation_receipt_queue5-mutant/src/runtime/src/Heap/Allocator/RouteDestHold.cpp:7:
In file included from /root/cj_build/impl_relocation_receipt_queue5-mutant/src/runtime/src/Heap/Allocator/RegionInfo.h:53:
/root/cj_build/impl_relocation_receipt_queue5-mutant/src/runtime/src/Heap/Verify/MutatorRelocate.h:102:8: warning: constexpr if is a C++17 extension [-Wc++17-extensions]
    if constexpr (kWaitRegionPublish) {
       ^
7 warnings generated.
[ 63%] Building CXX object src/Heap/Allocator/CMakeFiles/Allocator.dir/HeapFiller.cpp.o
In file included from /root/cj_build/impl_relocation_receipt_queue5-mutant/src/runtime/src/Heap/Allocator/CartesianTree.cpp:10:
In file included from /root/cj_build/impl_relocation_receipt_queue5-mutant/src/runtime/src/Heap/Allocator/RegionInfo.h:41:
/root/cj_build/impl_relocation_receipt_queue5-mutant/src/runtime/src/Heap/Verify/AllocPhaseDiag.h:57:1: warning: inline variables are a C++17 extension [-Wc++17-extensions]
inline Slot g_table[kCap] = {};
^
/root/cj_build/impl_relocation_receipt_queue5-mutant/src/runtime/src/Heap/Verify/AllocPhaseDiag.h:58:1: warning: inline variables are a C++17 extension [-Wc++17-extensions]
inline NearEntry g_near[kNearCap] = {};
^
In file included from /root/cj_build/impl_relocation_receipt_queue5-mutant/src/runtime/src/Heap/Allocator/CartesianTree.cpp:10:
In file included from /root/cj_build/impl_relocation_receipt_queue5-mutant/src/runtime/src/Heap/Allocator/RegionInfo.h:43:
/root/cj_build/impl_relocation_receipt_queue5-mutant/src/runtime/src/Heap/Verify/NullRouteCaller.h:34:1: warning: inline variables are a C++17 extension [-Wc++17-extensions]
inline thread_local const char* g_tag = nullptr;
^
/root/cj_build/impl_relocation_receipt_queue5-mutant/src/runtime/src/Heap/Verify/NullRouteCaller.h:35:1: warning: inline variables are a C++17 extension [-Wc++17-extensions]
inline thread_local const char* g_edgeSrc = nullptr;
^
/root/cj_build/impl_relocation_receipt_queue5-mutant/src/runtime/src/Heap/Verify/NullRouteCaller.h:36:1: warning: inline variables are a C++17 extension [-Wc++17-extensions]
inline thread_local uintptr_t g_slot = 0;
^
/root/cj_build/impl_relocation_receipt_queue5-mutant/src/runtime/src/Heap/Verify/NullRouteCaller.h:37:1: warning: inline variables are a C++17 extension [-Wc++17-extensions]
inline thread_local void* g_host = nullptr;
^
In file included from /root/cj_build/impl_relocation_receipt_queue5-mutant/src/runtime/src/Heap/Allocator/CartesianTree.cpp:10:
In file included from /root/cj_build/impl_relocation_receipt_queue5-mutant/src/runtime/src/Heap/Allocator/RegionInfo.h:53:
/root/cj_build/impl_relocation_receipt_queue5-mutant/src/runtime/src/Heap/Verify/MutatorRelocate.h:102:8: warning: constexpr if is a C++17 extension [-Wc++17-extensions]
    if constexpr (kWaitRegionPublish) {
       ^
7 warnings generated.
In file included from /root/cj_build/impl_relocation_receipt_queue5-mutant/src/runtime/src/Heap/WCollector/ForwardBarrier.cpp:14:
In file included from /root/cj_build/impl_relocation_receipt_queue5-mutant/src/runtime/src/Mutator/Mutator.h:16:
In file included from /root/cj_build/impl_relocation_receipt_queue5-mutant/src/runtime/src/Heap/Allocator/Allocator.h:11:
In file included from /root/cj_build/impl_relocation_receipt_queue5-mutant/src/runtime/src/Heap/Allocator/AllocBufferManager.h:15:
In file included from /root/cj_build/impl_relocation_receipt_queue5-mutant/src/runtime/src/Heap/Allocator/AllocBuffer.h:16:
In file included from /root/cj_build/impl_relocation_receipt_queue5-mutant/src/runtime/src/Heap/Allocator/RegionList.h:11:
In file included from /root/cj_build/impl_relocation_receipt_queue5-mutant/src/runtime/src/Heap/Allocator/RegionInfo.h:41:
/root/cj_build/impl_relocation_receipt_queue5-mutant/src/runtime/src/Heap/Verify/AllocPhaseDiag.h:57:1: warning: inline variables are a C++17 extension [-Wc++17-extensions]
inline Slot g_table[kCap] = {};
^
/root/cj_build/impl_relocation_receipt_queue5-mutant/src/runtime/src/Heap/Verify/AllocPhaseDiag.h:58:1: warning: inline variables are a C++17 extension [-Wc++17-extensions]
inline NearEntry g_near[kNearCap] = {};
^
In file included from /root/cj_build/impl_relocation_receipt_queue5-mutant/src/runtime/src/Heap/WCollector/ForwardBarrier.cpp:14:
In file included from /root/cj_build/impl_relocation_receipt_queue5-mutant/src/runtime/src/Mutator/Mutator.h:16:
In file included from /root/cj_build/impl_relocation_receipt_queue5-mutant/src/runtime/src/Heap/Allocator/Allocator.h:11:
In file included from /root/cj_build/impl_relocation_receipt_queue5-mutant/src/runtime/src/Heap/Allocator/AllocBufferManager.h:15:
In file included from /root/cj_build/impl_relocation_receipt_queue5-mutant/src/runtime/src/Heap/Allocator/AllocBuffer.h:16:
In file included from /root/cj_build/impl_relocation_receipt_queue5-mutant/src/runtime/src/Heap/Allocator/RegionList.h:11:
In file included from /root/cj_build/impl_relocation_receipt_queue5-mutant/src/runtime/src/Heap/Allocator/RegionInfo.h:43:
/root/cj_build/impl_relocation_receipt_queue5-mutant/src/runtime/src/Heap/Verify/NullRouteCaller.h:34:1: warning: inline variables are a C++17 extension [-Wc++17-extensions]
inline thread_local const char* g_tag = nullptr;
^
/root/cj_build/impl_relocation_receipt_queue5-mutant/src/runtime/src/Heap/Verify/NullRouteCaller.h:35:1: warning: inline variables are a C++17 extension [-Wc++17-extensions]
inline thread_local const char* g_edgeSrc = nullptr;
^
/root/cj_build/impl_relocation_receipt_queue5-mutant/src/runtime/src/Heap/Verify/NullRouteCaller.h:36:1: warning: inline variables are a C++17 extension [-Wc++17-extensions]
inline thread_local uintptr_t g_slot = 0;
^
/root/cj_build/impl_relocation_receipt_queue5-mutant/src/runtime/src/Heap/Verify/NullRouteCaller.h:37:1: warning: inline variables are a C++17 extension [-Wc++17-extensions]
inline thread_local void* g_host = nullptr;
^
In file included from /root/cj_build/impl_relocation_receipt_queue5-mutant/src/runtime/src/Heap/WCollector/ForwardBarrier.cpp:14:
In file included from /root/cj_build/impl_relocation_receipt_queue5-mutant/src/runtime/src/Mutator/Mutator.h:16:
In file included from /root/cj_build/impl_relocation_receipt_queue5-mutant/src/runtime/src/Heap/Allocator/Allocator.h:11:
In file included from /root/cj_build/impl_relocation_receipt_queue5-mutant/src/runtime/src/Heap/Allocator/AllocBufferManager.h:15:
In file included from /root/cj_build/impl_relocation_receipt_queue5-mutant/src/runtime/src/Heap/Allocator/AllocBuffer.h:16:
In file included from /root/cj_build/impl_relocation_receipt_queue5-mutant/src/runtime/src/Heap/Allocator/RegionList.h:11:
In file included from /root/cj_build/impl_relocation_receipt_queue5-mutant/src/runtime/src/Heap/Allocator/RegionInfo.h:53:
/root/cj_build/impl_relocation_receipt_queue5-mutant/src/runtime/src/Heap/Verify/MutatorRelocate.h:102:8: warning: constexpr if is a C++17 extension [-Wc++17-extensions]
    if constexpr (kWaitRegionPublish) {
       ^
7 warnings generated.
[ 63%] Building CXX object src/UnwindStack/CMakeFiles/UnwindStack.dir/PrintStackInfo.cpp.o
[ 63%] Building CXX object src/Heap/WCollector/CMakeFiles/WCollector.dir/WCollector.cpp.o
[ 63%] Linking CXX static library ../../../../output/temp/ar/x86_64_Release/libAllocator.a
[ 63%] Built target Allocator
[ 63%] Building CXX object src/Interpreter/CMakeFiles/Interpreter.dir/InterpreterSpecific.cpp.o
[ 63%] Linking CXX static library ../../../output/temp/ar/x86_64_Release/libCpuProfiler.a
[ 63%] Built target CpuProfiler
[ 64%] Building CXX object src/UnwindStack/CMakeFiles/UnwindStack.dir/PrintSignalStackInfo.cpp.o
[ 64%] Building CXX object src/UnwindStack/CMakeFiles/UnwindStack.dir/MachineFrame.cpp.o
In file included from /root/cj_build/impl_relocation_receipt_queue5-mutant/src/runtime/src/Heap/Collector/TracingCollector.cpp:7:
In file included from /root/cj_build/impl_relocation_receipt_queue5-mutant/src/runtime/src/Heap/Collector/TracingCollector.h:17:
In file included from /root/cj_build/impl_relocation_receipt_queue5-mutant/src/runtime/src/Heap/Allocator/RegionSpace.h:19:
In file included from /root/cj_build/impl_relocation_receipt_queue5-mutant/src/runtime/src/Heap/Allocator/Allocator.h:11:
In file included from /root/cj_build/impl_relocation_receipt_queue5-mutant/src/runtime/src/Heap/Allocator/AllocBufferManager.h:15:
In file included from /root/cj_build/impl_relocation_receipt_queue5-mutant/src/runtime/src/Heap/Allocator/AllocBuffer.h:16:
In file included from /root/cj_build/impl_relocation_receipt_queue5-mutant/src/runtime/src/Heap/Allocator/RegionList.h:11:
In file included from /root/cj_build/impl_relocation_receipt_queue5-mutant/src/runtime/src/Heap/Allocator/RegionInfo.h:41:
/root/cj_build/impl_relocation_receipt_queue5-mutant/src/runtime/src/Heap/Verify/AllocPhaseDiag.h:57:1: warning: inline variables are a C++17 extension [-Wc++17-extensions]
inline Slot g_table[kCap] = {};
^
/root/cj_build/impl_relocation_receipt_queue5-mutant/src/runtime/src/Heap/Verify/AllocPhaseDiag.h:58:1: warning: inline variables are a C++17 extension [-Wc++17-extensions]
inline NearEntry g_near[kNearCap] = {};
^
In file included from /root/cj_build/impl_relocation_receipt_queue5-mutant/src/runtime/src/Heap/Collector/TracingCollector.cpp:7:
In file included from /root/cj_build/impl_relocation_receipt_queue5-mutant/src/runtime/src/Heap/Collector/TracingCollector.h:17:
In file included from /root/cj_build/impl_relocation_receipt_queue5-mutant/src/runtime/src/Heap/Allocator/RegionSpace.h:19:
In file included from /root/cj_build/impl_relocation_receipt_queue5-mutant/src/runtime/src/Heap/Allocator/Allocator.h:11:
In file included from /root/cj_build/impl_relocation_receipt_queue5-mutant/src/runtime/src/Heap/Allocator/AllocBufferManager.h:15:
In file included from /root/cj_build/impl_relocation_receipt_queue5-mutant/src/runtime/src/Heap/Allocator/AllocBuffer.h:16:
In file included from /root/cj_build/impl_relocation_receipt_queue5-mutant/src/runtime/src/Heap/Allocator/RegionList.h:11:
In file included from /root/cj_build/impl_relocation_receipt_queue5-mutant/src/runtime/src/Heap/Allocator/RegionInfo.h:43:
/root/cj_build/impl_relocation_receipt_queue5-mutant/src/runtime/src/Heap/Verify/NullRouteCaller.h:34:1: warning: inline variables are a C++17 extension [-Wc++17-extensions]
inline thread_local const char* g_tag = nullptr;
^
/root/cj_build/impl_relocation_receipt_queue5-mutant/src/runtime/src/Heap/Verify/NullRouteCaller.h:35:1: warning: inline variables are a C++17 extension [-Wc++17-extensions]
inline thread_local const char* g_edgeSrc = nullptr;
^
/root/cj_build/impl_relocation_receipt_queue5-mutant/src/runtime/src/Heap/Verify/NullRouteCaller.h:36:1: warning: inline variables are a C++17 extension [-Wc++17-extensions]
inline thread_local uintptr_t g_slot = 0;
^
/root/cj_build/impl_relocation_receipt_queue5-mutant/src/runtime/src/Heap/Verify/NullRouteCaller.h:37:1: warning: inline variables are a C++17 extension [-Wc++17-extensions]
inline thread_local void* g_host = nullptr;
^
In file included from /root/cj_build/impl_relocation_receipt_queue5-mutant/src/runtime/src/Heap/Collector/TracingCollector.cpp:7:
In file included from /root/cj_build/impl_relocation_receipt_queue5-mutant/src/runtime/src/Heap/Collector/TracingCollector.h:17:
In file included from /root/cj_build/impl_relocation_receipt_queue5-mutant/src/runtime/src/Heap/Allocator/RegionSpace.h:19:
In file included from /root/cj_build/impl_relocation_receipt_queue5-mutant/src/runtime/src/Heap/Allocator/Allocator.h:11:
In file included from /root/cj_build/impl_relocation_receipt_queue5-mutant/src/runtime/src/Heap/Allocator/AllocBufferManager.h:15:
In file included from /root/cj_build/impl_relocation_receipt_queue5-mutant/src/runtime/src/Heap/Allocator/AllocBuffer.h:16:
In file included from /root/cj_build/impl_relocation_receipt_queue5-mutant/src/runtime/src/Heap/Allocator/RegionList.h:11:
In file included from /root/cj_build/impl_relocation_receipt_queue5-mutant/src/runtime/src/Heap/Allocator/RegionInfo.h:53:
/root/cj_build/impl_relocation_receipt_queue5-mutant/src/runtime/src/Heap/Verify/MutatorRelocate.h:102:8: warning: constexpr if is a C++17 extension [-Wc++17-extensions]
    if constexpr (kWaitRegionPublish) {
       ^
In file included from /root/cj_build/impl_relocation_receipt_queue5-mutant/src/runtime/src/Heap/Collector/TracingCollector.cpp:7:
In file included from /root/cj_build/impl_relocation_receipt_queue5-mutant/src/runtime/src/Heap/Collector/TracingCollector.h:17:
In file included from /root/cj_build/impl_relocation_receipt_queue5-mutant/src/runtime/src/Heap/Allocator/RegionSpace.h:22:
In file included from /root/cj_build/impl_relocation_receipt_queue5-mutant/src/runtime/src/Heap/Allocator/RegionManager.h:25:
In file included from /root/cj_build/impl_relocation_receipt_queue5-mutant/src/runtime/src/Heap/Allocator/FreeRegionManager.h:15:
In file included from /root/cj_build/impl_relocation_receipt_queue5-mutant/src/runtime/src/Common/ScopedObjectAccess.h:11:
In file included from /root/cj_build/impl_relocation_receipt_queue5-mutant/src/runtime/src/Mutator/Mutator.inline.h:11:
In file included from /root/cj_build/impl_relocation_receipt_queue5-mutant/src/runtime/src/Mutator/MutatorManager.h:17:
/root/cj_build/impl_relocation_receipt_queue5-mutant/src/runtime/src/Base/GcLog.h:217:45: warning: format string is not a string literal [-Wformat-nonliteral]
        int n = vsnprintf(buf, sizeof(buf), format, args);
                                            ^~~~~~
In file included from /root/cj_build/impl_relocation_receipt_queue5-mutant/src/runtime/src/Heap/Collector/TracingCollector.cpp:7:
/root/cj_build/impl_relocation_receipt_queue5-mutant/src/runtime/src/Heap/Collector/TracingCollector.h:352:20: warning: unused variable 'objSize' [-Wunused-variable]
            size_t objSize = obj->GetSize();
                   ^
9 warnings generated.
[ 64%] Building CXX object src/Heap/Collector/CMakeFiles/Collector.dir/MarkPartialArray.cpp.o
[ 64%] Building CXX object src/UnwindStack/CMakeFiles/UnwindStack.dir/UnwindContext.cpp.o
In file included from /root/cj_build/impl_relocation_receipt_queue5-mutant/src/runtime/src/ObjectModel/MethodInfo.cpp:10:
In file included from /root/cj_build/impl_relocation_receipt_queue5-mutant/src/runtime/src/ObjectManager.inline.h:18:
In file included from /root/cj_build/impl_relocation_receipt_queue5-mutant/src/runtime/src/ObjectModel/MArray.inline.h:16:
In file included from /root/cj_build/impl_relocation_receipt_queue5-mutant/src/runtime/src/HeapManager.inline.h:14:
In file included from /root/cj_build/impl_relocation_receipt_queue5-mutant/src/runtime/src/Mutator/Mutator.h:16:
In file included from /root/cj_build/impl_relocation_receipt_queue5-mutant/src/runtime/src/Heap/Allocator/Allocator.h:11:
In file included from /root/cj_build/impl_relocation_receipt_queue5-mutant/src/runtime/src/Heap/Allocator/AllocBufferManager.h:15:
In file included from /root/cj_build/impl_relocation_receipt_queue5-mutant/src/runtime/src/Heap/Allocator/AllocBuffer.h:16:
In file included from /root/cj_build/impl_relocation_receipt_queue5-mutant/src/runtime/src/Heap/Allocator/RegionList.h:11:
In file included from /root/cj_build/impl_relocation_receipt_queue5-mutant/src/runtime/src/Heap/Allocator/RegionInfo.h:41:
/root/cj_build/impl_relocation_receipt_queue5-mutant/src/runtime/src/Heap/Verify/AllocPhaseDiag.h:57:1: warning: inline variables are a C++17 extension [-Wc++17-extensions]
inline Slot g_table[kCap] = {};
^
/root/cj_build/impl_relocation_receipt_queue5-mutant/src/runtime/src/Heap/Verify/AllocPhaseDiag.h:58:1: warning: inline variables are a C++17 extension [-Wc++17-extensions]
inline NearEntry g_near[kNearCap] = {};
^
In file included from /root/cj_build/impl_relocation_receipt_queue5-mutant/src/runtime/src/ObjectModel/MethodInfo.cpp:10:
In file included from /root/cj_build/impl_relocation_receipt_queue5-mutant/src/runtime/src/ObjectManager.inline.h:18:
In file included from /root/cj_build/impl_relocation_receipt_queue5-mutant/src/runtime/src/ObjectModel/MArray.inline.h:16:
In file included from /root/cj_build/impl_relocation_receipt_queue5-mutant/src/runtime/src/HeapManager.inline.h:14:
In file included from /root/cj_build/impl_relocation_receipt_queue5-mutant/src/runtime/src/Mutator/Mutator.h:16:
In file included from /root/cj_build/impl_relocation_receipt_queue5-mutant/src/runtime/src/Heap/Allocator/Allocator.h:11:
In file included from /root/cj_build/impl_relocation_receipt_queue5-mutant/src/runtime/src/Heap/Allocator/AllocBufferManager.h:15:
In file included from /root/cj_build/impl_relocation_receipt_queue5-mutant/src/runtime/src/Heap/Allocator/AllocBuffer.h:16:
In file included from /root/cj_build/impl_relocation_receipt_queue5-mutant/src/runtime/src/Heap/Allocator/RegionList.h:11:
In file included from /root/cj_build/impl_relocation_receipt_queue5-mutant/src/runtime/src/Heap/Allocator/RegionInfo.h:43:
/root/cj_build/impl_relocation_receipt_queue5-mutant/src/runtime/src/Heap/Verify/NullRouteCaller.h:34:1: warning: inline variables are a C++17 extension [-Wc++17-extensions]
inline thread_local const char* g_tag = nullptr;
^
/root/cj_build/impl_relocation_receipt_queue5-mutant/src/runtime/src/Heap/Verify/NullRouteCaller.h:35:1: warning: inline variables are a C++17 extension [-Wc++17-extensions]
inline thread_local const char* g_edgeSrc = nullptr;
^
/root/cj_build/impl_relocation_receipt_queue5-mutant/src/runtime/src/Heap/Verify/NullRouteCaller.h:36:1: warning: inline variables are a C++17 extension [-Wc++17-extensions]
inline thread_local uintptr_t g_slot = 0;
^
/root/cj_build/impl_relocation_receipt_queue5-mutant/src/runtime/src/Heap/Verify/NullRouteCaller.h:37:1: warning: inline variables are a C++17 extension [-Wc++17-extensions]
inline thread_local void* g_host = nullptr;
^
In file included from /root/cj_build/impl_relocation_receipt_queue5-mutant/src/runtime/src/ObjectModel/MethodInfo.cpp:10:
In file included from /root/cj_build/impl_relocation_receipt_queue5-mutant/src/runtime/src/ObjectManager.inline.h:18:
In file included from /root/cj_build/impl_relocation_receipt_queue5-mutant/src/runtime/src/ObjectModel/MArray.inline.h:16:
In file included from /root/cj_build/impl_relocation_receipt_queue5-mutant/src/runtime/src/HeapManager.inline.h:14:
In file included from /root/cj_build/impl_relocation_receipt_queue5-mutant/src/runtime/src/Mutator/Mutator.h:16:
In file included from /root/cj_build/impl_relocation_receipt_queue5-mutant/src/runtime/src/Heap/Allocator/Allocator.h:11:
In file included from /root/cj_build/impl_relocation_receipt_queue5-mutant/src/runtime/src/Heap/Allocator/AllocBufferManager.h:15:
In file included from /root/cj_build/impl_relocation_receipt_queue5-mutant/src/runtime/src/Heap/Allocator/AllocBuffer.h:16:
In file included from /root/cj_build/impl_relocation_receipt_queue5-mutant/src/runtime/src/Heap/Allocator/RegionList.h:11:
In file included from /root/cj_build/impl_relocation_receipt_queue5-mutant/src/runtime/src/Heap/Allocator/RegionInfo.h:53:
/root/cj_build/impl_relocation_receipt_queue5-mutant/src/runtime/src/Heap/Verify/MutatorRelocate.h:102:8: warning: constexpr if is a C++17 extension [-Wc++17-extensions]
    if constexpr (kWaitRegionPublish) {
       ^
In file included from /root/cj_build/impl_relocation_receipt_queue5-mutant/src/runtime/src/ObjectModel/MethodInfo.cpp:10:
In file included from /root/cj_build/impl_relocation_receipt_queue5-mutant/src/runtime/src/ObjectManager.inline.h:18:
In file included from /root/cj_build/impl_relocation_receipt_queue5-mutant/src/runtime/src/ObjectModel/MArray.inline.h:16:
In file included from /root/cj_build/impl_relocation_receipt_queue5-mutant/src/runtime/src/HeapManager.inline.h:15:
In file included from /root/cj_build/impl_relocation_receipt_queue5-mutant/src/runtime/src/Mutator/MutatorManager.h:17:
/root/cj_build/impl_relocation_receipt_queue5-mutant/src/runtime/src/Base/GcLog.h:217:45: warning: format string is not a string literal [-Wformat-nonliteral]
        int n = vsnprintf(buf, sizeof(buf), format, args);
                                            ^~~~~~
8 warnings generated.
[ 65%] Linking CXX static library ../../../output/temp/ar/x86_64_Release/libObjectModel.a
[ 65%] Built target ObjectModel
[ 67%] Building CXX object src/Signal/CMakeFiles/Signal.dir/SignalStack.cpp.o
[ 67%] Building CXX object src/Sanitizer/CMakeFiles/Sanitizer.dir/GwpAddressSanitizer/GwpAsanInterface.cpp.o
[ 67%] Building CXX object src/Heap/Collector/CMakeFiles/Collector.dir/MarkStripe.cpp.o
In file included from /root/cj_build/impl_relocation_receipt_queue5-mutant/src/runtime/src/UnwindStack/StackGrowStackInfo.cpp:12:
In file included from /root/cj_build/impl_relocation_receipt_queue5-mutant/src/runtime/src/UnwindStack/../Heap/Collector/TracingCollector.h:17:
In file included from /root/cj_build/impl_relocation_receipt_queue5-mutant/src/runtime/src/Heap/Allocator/RegionSpace.h:19:
In file included from /root/cj_build/impl_relocation_receipt_queue5-mutant/src/runtime/src/Heap/Allocator/Allocator.h:11:
In file included from /root/cj_build/impl_relocation_receipt_queue5-mutant/src/runtime/src/Heap/Allocator/AllocBufferManager.h:15:
In file included from /root/cj_build/impl_relocation_receipt_queue5-mutant/src/runtime/src/Heap/Allocator/AllocBuffer.h:16:
In file included from /root/cj_build/impl_relocation_receipt_queue5-mutant/src/runtime/src/Heap/Allocator/RegionList.h:11:
In file included from /root/cj_build/impl_relocation_receipt_queue5-mutant/src/runtime/src/Heap/Allocator/RegionInfo.h:41:
/root/cj_build/impl_relocation_receipt_queue5-mutant/src/runtime/src/Heap/Verify/AllocPhaseDiag.h:57:1: warning: inline variables are a C++17 extension [-Wc++17-extensions]
inline Slot g_table[kCap] = {};
^
/root/cj_build/impl_relocation_receipt_queue5-mutant/src/runtime/src/Heap/Verify/AllocPhaseDiag.h:58:1: warning: inline variables are a C++17 extension [-Wc++17-extensions]
inline NearEntry g_near[kNearCap] = {};
^
In file included from /root/cj_build/impl_relocation_receipt_queue5-mutant/src/runtime/src/UnwindStack/StackGrowStackInfo.cpp:12:
In file included from /root/cj_build/impl_relocation_receipt_queue5-mutant/src/runtime/src/UnwindStack/../Heap/Collector/TracingCollector.h:17:
In file included from /root/cj_build/impl_relocation_receipt_queue5-mutant/src/runtime/src/Heap/Allocator/RegionSpace.h:19:
In file included from /root/cj_build/impl_relocation_receipt_queue5-mutant/src/runtime/src/Heap/Allocator/Allocator.h:11:
In file included from /root/cj_build/impl_relocation_receipt_queue5-mutant/src/runtime/src/Heap/Allocator/AllocBufferManager.h:15:
In file included from /root/cj_build/impl_relocation_receipt_queue5-mutant/src/runtime/src/Heap/Allocator/AllocBuffer.h:16:
In file included from /root/cj_build/impl_relocation_receipt_queue5-mutant/src/runtime/src/Heap/Allocator/RegionList.h:11:
In file included from /root/cj_build/impl_relocation_receipt_queue5-mutant/src/runtime/src/Heap/Allocator/RegionInfo.h:43:
/root/cj_build/impl_relocation_receipt_queue5-mutant/src/runtime/src/Heap/Verify/NullRouteCaller.h:34:1: warning: inline variables are a C++17 extension [-Wc++17-extensions]
inline thread_local const char* g_tag = nullptr;
^
/root/cj_build/impl_relocation_receipt_queue5-mutant/src/runtime/src/Heap/Verify/NullRouteCaller.h:35:1: warning: inline variables are a C++17 extension [-Wc++17-extensions]
inline thread_local const char* g_edgeSrc = nullptr;
^
/root/cj_build/impl_relocation_receipt_queue5-mutant/src/runtime/src/Heap/Verify/NullRouteCaller.h:36:1: warning: inline variables are a C++17 extension [-Wc++17-extensions]
inline thread_local uintptr_t g_slot = 0;
^
/root/cj_build/impl_relocation_receipt_queue5-mutant/src/runtime/src/Heap/Verify/NullRouteCaller.h:37:1: warning: inline variables are a C++17 extension [-Wc++17-extensions]
inline thread_local void* g_host = nullptr;
^
In file included from /root/cj_build/impl_relocation_receipt_queue5-mutant/src/runtime/src/UnwindStack/StackGrowStackInfo.cpp:12:
In file included from /root/cj_build/impl_relocation_receipt_queue5-mutant/src/runtime/src/UnwindStack/../Heap/Collector/TracingCollector.h:17:
In file included from /root/cj_build/impl_relocation_receipt_queue5-mutant/src/runtime/src/Heap/Allocator/RegionSpace.h:19:
In file included from /root/cj_build/impl_relocation_receipt_queue5-mutant/src/runtime/src/Heap/Allocator/Allocator.h:11:
In file included from /root/cj_build/impl_relocation_receipt_queue5-mutant/src/runtime/src/Heap/Allocator/AllocBufferManager.h:15:
In file included from /root/cj_build/impl_relocation_receipt_queue5-mutant/src/runtime/src/Heap/Allocator/AllocBuffer.h:16:
In file included from /root/cj_build/impl_relocation_receipt_queue5-mutant/src/runtime/src/Heap/Allocator/RegionList.h:11:
In file included from /root/cj_build/impl_relocation_receipt_queue5-mutant/src/runtime/src/Heap/Allocator/RegionInfo.h:53:
/root/cj_build/impl_relocation_receipt_queue5-mutant/src/runtime/src/Heap/Verify/MutatorRelocate.h:102:8: warning: constexpr if is a C++17 extension [-Wc++17-extensions]
    if constexpr (kWaitRegionPublish) {
       ^
In file included from /root/cj_build/impl_relocation_receipt_queue5-mutant/src/runtime/src/UnwindStack/StackGrowStackInfo.cpp:12:
In file included from /root/cj_build/impl_relocation_receipt_queue5-mutant/src/runtime/src/UnwindStack/../Heap/Collector/TracingCollector.h:17:
In file included from /root/cj_build/impl_relocation_receipt_queue5-mutant/src/runtime/src/Heap/Allocator/RegionSpace.h:22:
In file included from /root/cj_build/impl_relocation_receipt_queue5-mutant/src/runtime/src/Heap/Allocator/RegionManager.h:25:
In file included from /root/cj_build/impl_relocation_receipt_queue5-mutant/src/runtime/src/Heap/Allocator/FreeRegionManager.h:15:
In file included from /root/cj_build/impl_relocation_receipt_queue5-mutant/src/runtime/src/Common/ScopedObjectAccess.h:11:
In file included from /root/cj_build/impl_relocation_receipt_queue5-mutant/src/runtime/src/Mutator/Mutator.inline.h:11:
In file included from /root/cj_build/impl_relocation_receipt_queue5-mutant/src/runtime/src/Mutator/MutatorManager.h:17:
/root/cj_build/impl_relocation_receipt_queue5-mutant/src/runtime/src/Base/GcLog.h:217:45: warning: format string is not a string literal [-Wformat-nonliteral]
        int n = vsnprintf(buf, sizeof(buf), format, args);
                                            ^~~~~~
In file included from /root/cj_build/impl_relocation_receipt_queue5-mutant/src/runtime/src/UnwindStack/StackGrowStackInfo.cpp:12:
/root/cj_build/impl_relocation_receipt_queue5-mutant/src/runtime/src/UnwindStack/../Heap/Collector/TracingCollector.h:352:20: warning: unused variable 'objSize' [-Wunused-variable]
            size_t objSize = obj->GetSize();
                   ^
9 warnings generated.
[ 68%] Building CXX object src/UnwindStack/CMakeFiles/UnwindStack.dir/UnwindCApi.cpp.o
[ 68%] Building CXX object src/Signal/CMakeFiles/Signal.dir/SignalUtils.cpp.o
[ 68%] Linking CXX static library ../../../output/temp/ar/x86_64_Release/libSignal.a
In file included from /root/cj_build/impl_relocation_receipt_queue5-mutant/src/runtime/src/Heap/WCollector/WCollector.cpp:8:
In file included from /root/cj_build/impl_relocation_receipt_queue5-mutant/src/runtime/src/Heap/WCollector/WCollector.h:22:
In file included from /root/cj_build/impl_relocation_receipt_queue5-mutant/src/runtime/src/Heap/Allocator/RegionSpace.h:19:
In file included from /root/cj_build/impl_relocation_receipt_queue5-mutant/src/runtime/src/Heap/Allocator/Allocator.h:11:
In file included from /root/cj_build/impl_relocation_receipt_queue5-mutant/src/runtime/src/Heap/Allocator/AllocBufferManager.h:15:
In file included from /root/cj_build/impl_relocation_receipt_queue5-mutant/src/runtime/src/Heap/Allocator/AllocBuffer.h:16:
In file included from /root/cj_build/impl_relocation_receipt_queue5-mutant/src/runtime/src/Heap/Allocator/RegionList.h:11:
In file included from /root/cj_build/impl_relocation_receipt_queue5-mutant/src/runtime/src/Heap/Allocator/RegionInfo.h:41:
/root/cj_build/impl_relocation_receipt_queue5-mutant/src/runtime/src/Heap/Verify/AllocPhaseDiag.h:57:1: warning: inline variables are a C++17 extension [-Wc++17-extensions]
inline Slot g_table[kCap] = {};
^
/root/cj_build/impl_relocation_receipt_queue5-mutant/src/runtime/src/Heap/Verify/AllocPhaseDiag.h:58:1: warning: inline variables are a C++17 extension [-Wc++17-extensions]
inline NearEntry g_near[kNearCap] = {};
^
In file included from /root/cj_build/impl_relocation_receipt_queue5-mutant/src/runtime/src/Heap/WCollector/WCollector.cpp:8:
In file included from /root/cj_build/impl_relocation_receipt_queue5-mutant/src/runtime/src/Heap/WCollector/WCollector.h:22:
In file included from /root/cj_build/impl_relocation_receipt_queue5-mutant/src/runtime/src/Heap/Allocator/RegionSpace.h:19:
In file included from /root/cj_build/impl_relocation_receipt_queue5-mutant/src/runtime/src/Heap/Allocator/Allocator.h:11:
In file included from /root/cj_build/impl_relocation_receipt_queue5-mutant/src/runtime/src/Heap/Allocator/AllocBufferManager.h:15:
In file included from /root/cj_build/impl_relocation_receipt_queue5-mutant/src/runtime/src/Heap/Allocator/AllocBuffer.h:16:
In file included from /root/cj_build/impl_relocation_receipt_queue5-mutant/src/runtime/src/Heap/Allocator/RegionList.h:11:
In file included from /root/cj_build/impl_relocation_receipt_queue5-mutant/src/runtime/src/Heap/Allocator/RegionInfo.h:43:
/root/cj_build/impl_relocation_receipt_queue5-mutant/src/runtime/src/Heap/Verify/NullRouteCaller.h:34:1: warning: inline variables are a C++17 extension [-Wc++17-extensions]
inline thread_local const char* g_tag = nullptr;
^
/root/cj_build/impl_relocation_receipt_queue5-mutant/src/runtime/src/Heap/Verify/NullRouteCaller.h:35:1: warning: inline variables are a C++17 extension [-Wc++17-extensions]
inline thread_local const char* g_edgeSrc = nullptr;
^
/root/cj_build/impl_relocation_receipt_queue5-mutant/src/runtime/src/Heap/Verify/NullRouteCaller.h:36:1: warning: inline variables are a C++17 extension [-Wc++17-extensions]
inline thread_local uintptr_t g_slot = 0;
^
/root/cj_build/impl_relocation_receipt_queue5-mutant/src/runtime/src/Heap/Verify/NullRouteCaller.h:37:1: warning: inline variables are a C++17 extension [-Wc++17-extensions]
inline thread_local void* g_host = nullptr;
^
In file included from /root/cj_build/impl_relocation_receipt_queue5-mutant/src/runtime/src/Heap/WCollector/WCollector.cpp:8:
In file included from /root/cj_build/impl_relocation_receipt_queue5-mutant/src/runtime/src/Heap/WCollector/WCollector.h:22:
In file included from /root/cj_build/impl_relocation_receipt_queue5-mutant/src/runtime/src/Heap/Allocator/RegionSpace.h:19:
In file included from /root/cj_build/impl_relocation_receipt_queue5-mutant/src/runtime/src/Heap/Allocator/Allocator.h:11:
In file included from /root/cj_build/impl_relocation_receipt_queue5-mutant/src/runtime/src/Heap/Allocator/AllocBufferManager.h:15:
In file included from /root/cj_build/impl_relocation_receipt_queue5-mutant/src/runtime/src/Heap/Allocator/AllocBuffer.h:16:
In file included from /root/cj_build/impl_relocation_receipt_queue5-mutant/src/runtime/src/Heap/Allocator/RegionList.h:11:
In file included from /root/cj_build/impl_relocation_receipt_queue5-mutant/src/runtime/src/Heap/Allocator/RegionInfo.h:53:
/root/cj_build/impl_relocation_receipt_queue5-mutant/src/runtime/src/Heap/Verify/MutatorRelocate.h:102:8: warning: constexpr if is a C++17 extension [-Wc++17-extensions]
    if constexpr (kWaitRegionPublish) {
       ^
In file included from /root/cj_build/impl_relocation_receipt_queue5-mutant/src/runtime/src/Heap/WCollector/WCollector.cpp:8:
In file included from /root/cj_build/impl_relocation_receipt_queue5-mutant/src/runtime/src/Heap/WCollector/WCollector.h:22:
In file included from /root/cj_build/impl_relocation_receipt_queue5-mutant/src/runtime/src/Heap/Allocator/RegionSpace.h:22:
In file included from /root/cj_build/impl_relocation_receipt_queue5-mutant/src/runtime/src/Heap/Allocator/RegionManager.h:25:
In file included from /root/cj_build/impl_relocation_receipt_queue5-mutant/src/runtime/src/Heap/Allocator/FreeRegionManager.h:15:
In file included from /root/cj_build/impl_relocation_receipt_queue5-mutant/src/runtime/src/Common/ScopedObjectAccess.h:11:
In file included from /root/cj_build/impl_relocation_receipt_queue5-mutant/src/runtime/src/Mutator/Mutator.inline.h:11:
In file included from /root/cj_build/impl_relocation_receipt_queue5-mutant/src/runtime/src/Mutator/MutatorManager.h:17:
/root/cj_build/impl_relocation_receipt_queue5-mutant/src/runtime/src/Base/GcLog.h:217:45: warning: format string is not a string literal [-Wformat-nonliteral]
        int n = vsnprintf(buf, sizeof(buf), format, args);
                                            ^~~~~~
In file included from /root/cj_build/impl_relocation_receipt_queue5-mutant/src/runtime/src/Heap/WCollector/WCollector.cpp:8:
In file included from /root/cj_build/impl_relocation_receipt_queue5-mutant/src/runtime/src/Heap/WCollector/WCollector.h:24:
In file included from /root/cj_build/impl_relocation_receipt_queue5-mutant/src/runtime/src/Heap/Collector/CopyCollector.h:13:
/root/cj_build/impl_relocation_receipt_queue5-mutant/src/runtime/src/Heap/Collector/TracingCollector.h:352:20: warning: unused variable 'objSize' [-Wunused-variable]
            size_t objSize = obj->GetSize();
                   ^
In file included from /root/cj_build/impl_relocation_receipt_queue5-mutant/src/runtime/src/Heap/WCollector/WCollector.cpp:8:
/root/cj_build/impl_relocation_receipt_queue5-mutant/src/runtime/src/Heap/WCollector/WCollector.h:425:12: warning: constexpr if is a C++17 extension [-Wc++17-extensions]
        if constexpr (ForwardingTable::kEntriesSoleWhenArmed) {
           ^
/root/cj_build/impl_relocation_receipt_queue5-mutant/src/runtime/src/Heap/WCollector/WCollector.h:450:12: warning: constexpr if is a C++17 extension [-Wc++17-extensions]
        if constexpr (ForwardingTable::kEntriesSoleWhenArmed) {
           ^
/root/cj_build/impl_relocation_receipt_queue5-mutant/src/runtime/src/Heap/WCollector/WCollector.h:344:38: warning: unused variable 'nonHeapCount' [-Wunused-variable]
        static std::atomic<uint64_t> nonHeapCount{ 0 };
                                     ^
/root/cj_build/impl_relocation_receipt_queue5-mutant/src/runtime/src/Heap/WCollector/WCollector.h:345:38: warning: unused variable 'noGhostCount' [-Wunused-variable]
        static std::atomic<uint64_t> noGhostCount{ 0 };
                                     ^
/root/cj_build/impl_relocation_receipt_queue5-mutant/src/runtime/src/Heap/WCollector/WCollector.h:347:38: warning: unused variable 'receiptCount' [-Wunused-variable]
        static std::atomic<uint64_t> receiptCount{ 0 };
                                     ^
/root/cj_build/impl_relocation_receipt_queue5-mutant/src/runtime/src/Heap/WCollector/WCollector.h:346:38: warning: unused variable 'routeNullCount' [-Wunused-variable]
        static std::atomic<uint64_t> routeNullCount{ 0 };
                                     ^
/root/cj_build/impl_relocation_receipt_queue5-mutant/src/runtime/src/Heap/WCollector/WCollector.h:357:20: warning: unused variable 'funnel' [-Wunused-variable]
        const bool funnel = RemapFunnelOn();
                   ^
/root/cj_build/impl_relocation_receipt_queue5-mutant/src/runtime/src/Heap/WCollector/WCollector.h:349:38: warning: unused variable 'giveFromCount' [-Wunused-variable]
        static std::atomic<uint64_t> giveFromCount{ 0 };
                                     ^
/root/cj_build/impl_relocation_receipt_queue5-mutant/src/runtime/src/Heap/WCollector/WCollector.h:343:38: warning: unused variable 'callCount' [-Wunused-variable]
        static std::atomic<uint64_t> callCount{ 0 };
                                     ^
/root/cj_build/impl_relocation_receipt_queue5-mutant/src/runtime/src/Heap/WCollector/WCollector.h:348:38: warning: unused variable 'waitCount' [-Wunused-variable]
        static std::atomic<uint64_t> waitCount{ 0 };
                                     ^
/root/cj_build/impl_relocation_receipt_queue5-mutant/src/runtime/src/Heap/WCollector/WCollector.h:622:12: warning: constexpr if is a C++17 extension [-Wc++17-extensions]
        if constexpr (ForwardingTable::kEntriesSoleWhenArmed) {
           ^
/root/cj_build/impl_relocation_receipt_queue5-mutant/src/runtime/src/Heap/WCollector/WCollector.h:677:12: warning: constexpr if is a C++17 extension [-Wc++17-extensions]
        if constexpr (ForwardingTable::kConsumeEntries) {
           ^
/root/cj_build/impl_relocation_receipt_queue5-mutant/src/runtime/src/Heap/WCollector/WCollector.h:682:16: warning: constexpr if is a C++17 extension [-Wc++17-extensions]
            if constexpr (ForwardingTable::kEntriesSoleWhenArmed) {
               ^
/root/cj_build/impl_relocation_receipt_queue5-mutant/src/runtime/src/Heap/WCollector/WCollector.h:713:12: warning: constexpr if is a C++17 extension [-Wc++17-extensions]
        if constexpr (ForwardingTable::kConsumeEntries) {
           ^
23 warnings generated.
[ 69%] Building CXX object src/Heap/WCollector/CMakeFiles/WCollector.dir/__/Collector/Generation.cpp.o
In file included from /root/cj_build/impl_relocation_receipt_queue5-mutant/src/runtime/src/UnwindStack/MachineFrame.cpp:11:
In file included from /root/cj_build/impl_relocation_receipt_queue5-mutant/src/runtime/src/Interpreter/InterpreterSpecific.h:16:
In file included from /root/cj_build/impl_relocation_receipt_queue5-mutant/src/runtime/src/Mutator/Mutator.h:16:
In file included from /root/cj_build/impl_relocation_receipt_queue5-mutant/src/runtime/src/Heap/Allocator/Allocator.h:11:
In file included from /root/cj_build/impl_relocation_receipt_queue5-mutant/src/runtime/src/Heap/Allocator/AllocBufferManager.h:15:
In file included from /root/cj_build/impl_relocation_receipt_queue5-mutant/src/runtime/src/Heap/Allocator/AllocBuffer.h:16:
In file included from /root/cj_build/impl_relocation_receipt_queue5-mutant/src/runtime/src/Heap/Allocator/RegionList.h:11:
In file included from /root/cj_build/impl_relocation_receipt_queue5-mutant/src/runtime/src/Heap/Allocator/RegionInfo.h:41:
/root/cj_build/impl_relocation_receipt_queue5-mutant/src/runtime/src/Heap/Verify/AllocPhaseDiag.h:57:1: warning: inline variables are a C++17 extension [-Wc++17-extensions]
inline Slot g_table[kCap] = {};
^
/root/cj_build/impl_relocation_receipt_queue5-mutant/src/runtime/src/Heap/Verify/AllocPhaseDiag.h:58:1: warning: inline variables are a C++17 extension [-Wc++17-extensions]
inline NearEntry g_near[kNearCap] = {};
^
In file included from /root/cj_build/impl_relocation_receipt_queue5-mutant/src/runtime/src/UnwindStack/MachineFrame.cpp:11:
In file included from /root/cj_build/impl_relocation_receipt_queue5-mutant/src/runtime/src/Interpreter/InterpreterSpecific.h:16:
In file included from /root/cj_build/impl_relocation_receipt_queue5-mutant/src/runtime/src/Mutator/Mutator.h:16:
In file included from /root/cj_build/impl_relocation_receipt_queue5-mutant/src/runtime/src/Heap/Allocator/Allocator.h:11:
In file included from /root/cj_build/impl_relocation_receipt_queue5-mutant/src/runtime/src/Heap/Allocator/AllocBufferManager.h:15:
In file included from /root/cj_build/impl_relocation_receipt_queue5-mutant/src/runtime/src/Heap/Allocator/AllocBuffer.h:16:
In file included from /root/cj_build/impl_relocation_receipt_queue5-mutant/src/runtime/src/Heap/Allocator/RegionList.h:11:
In file included from /root/cj_build/impl_relocation_receipt_queue5-mutant/src/runtime/src/Heap/Allocator/RegionInfo.h:43:
/root/cj_build/impl_relocation_receipt_queue5-mutant/src/runtime/src/Heap/Verify/NullRouteCaller.h:34:1: warning: inline variables are a C++17 extension [-Wc++17-extensions]
inline thread_local const char* g_tag = nullptr;
^
/root/cj_build/impl_relocation_receipt_queue5-mutant/src/runtime/src/Heap/Verify/NullRouteCaller.h:35:1: warning: inline variables are a C++17 extension [-Wc++17-extensions]
inline thread_local const char* g_edgeSrc = nullptr;
^
/root/cj_build/impl_relocation_receipt_queue5-mutant/src/runtime/src/Heap/Verify/NullRouteCaller.h:36:1: warning: inline variables are a C++17 extension [-Wc++17-extensions]
inline thread_local uintptr_t g_slot = 0;
^
/root/cj_build/impl_relocation_receipt_queue5-mutant/src/runtime/src/Heap/Verify/NullRouteCaller.h:37:1: warning: inline variables are a C++17 extension [-Wc++17-extensions]
inline thread_local void* g_host = nullptr;
^
In file included from /root/cj_build/impl_relocation_receipt_queue5-mutant/src/runtime/src/UnwindStack/MachineFrame.cpp:11:
In file included from /root/cj_build/impl_relocation_receipt_queue5-mutant/src/runtime/src/Interpreter/InterpreterSpecific.h:16:
In file included from /root/cj_build/impl_relocation_receipt_queue5-mutant/src/runtime/src/Mutator/Mutator.h:16:
In file included from /root/cj_build/impl_relocation_receipt_queue5-mutant/src/runtime/src/Heap/Allocator/Allocator.h:11:
In file included from /root/cj_build/impl_relocation_receipt_queue5-mutant/src/runtime/src/Heap/Allocator/AllocBufferManager.h:15:
In file included from /root/cj_build/impl_relocation_receipt_queue5-mutant/src/runtime/src/Heap/Allocator/AllocBuffer.h:16:
In file included from /root/cj_build/impl_relocation_receipt_queue5-mutant/src/runtime/src/Heap/Allocator/RegionList.h:11:
In file included from /root/cj_build/impl_relocation_receipt_queue5-mutant/src/runtime/src/Heap/Allocator/RegionInfo.h:53:
/root/cj_build/impl_relocation_receipt_queue5-mutant/src/runtime/src/Heap/Verify/MutatorRelocate.h:102:8: warning: constexpr if is a C++17 extension [-Wc++17-extensions]
    if constexpr (kWaitRegionPublish) {
       ^
7 warnings generated.
[ 69%] Building CXX object src/Heap/WCollector/CMakeFiles/WCollector.dir/__/Collector/Mark.cpp.o
[ 69%] Built target Signal
[ 69%] Building CXX object src/UnwindStack/CMakeFiles/UnwindStack.dir/FrameInfo.cpp.o
In file included from /root/cj_build/impl_relocation_receipt_queue5-mutant/src/runtime/src/Interpreter/InterpreterSpecific.cpp:6:
In file included from /root/cj_build/impl_relocation_receipt_queue5-mutant/src/runtime/src/Interpreter/InterpreterSpecific.h:16:
In file included from /root/cj_build/impl_relocation_receipt_queue5-mutant/src/runtime/src/Mutator/Mutator.h:16:
In file included from /root/cj_build/impl_relocation_receipt_queue5-mutant/src/runtime/src/Heap/Allocator/Allocator.h:11:
In file included from /root/cj_build/impl_relocation_receipt_queue5-mutant/src/runtime/src/Heap/Allocator/AllocBufferManager.h:15:
In file included from /root/cj_build/impl_relocation_receipt_queue5-mutant/src/runtime/src/Heap/Allocator/AllocBuffer.h:16:
In file included from /root/cj_build/impl_relocation_receipt_queue5-mutant/src/runtime/src/Heap/Allocator/RegionList.h:11:
In file included from /root/cj_build/impl_relocation_receipt_queue5-mutant/src/runtime/src/Heap/Allocator/RegionInfo.h:41:
/root/cj_build/impl_relocation_receipt_queue5-mutant/src/runtime/src/Heap/Verify/AllocPhaseDiag.h:57:1: warning: inline variables are a C++17 extension [-Wc++17-extensions]
inline Slot g_table[kCap] = {};
^
/root/cj_build/impl_relocation_receipt_queue5-mutant/src/runtime/src/Heap/Verify/AllocPhaseDiag.h:58:1: warning: inline variables are a C++17 extension [-Wc++17-extensions]
inline NearEntry g_near[kNearCap] = {};
^
In file included from /root/cj_build/impl_relocation_receipt_queue5-mutant/src/runtime/src/Interpreter/InterpreterSpecific.cpp:6:
In file included from /root/cj_build/impl_relocation_receipt_queue5-mutant/src/runtime/src/Interpreter/InterpreterSpecific.h:16:
In file included from /root/cj_build/impl_relocation_receipt_queue5-mutant/src/runtime/src/Mutator/Mutator.h:16:
In file included from /root/cj_build/impl_relocation_receipt_queue5-mutant/src/runtime/src/Heap/Allocator/Allocator.h:11:
In file included from /root/cj_build/impl_relocation_receipt_queue5-mutant/src/runtime/src/Heap/Allocator/AllocBufferManager.h:15:
In file included from /root/cj_build/impl_relocation_receipt_queue5-mutant/src/runtime/src/Heap/Allocator/AllocBuffer.h:16:
In file included from /root/cj_build/impl_relocation_receipt_queue5-mutant/src/runtime/src/Heap/Allocator/RegionList.h:11:
In file included from /root/cj_build/impl_relocation_receipt_queue5-mutant/src/runtime/src/Heap/Allocator/RegionInfo.h:43:
/root/cj_build/impl_relocation_receipt_queue5-mutant/src/runtime/src/Heap/Verify/NullRouteCaller.h:34:1: warning: inline variables are a C++17 extension [-Wc++17-extensions]
inline thread_local const char* g_tag = nullptr;
^
/root/cj_build/impl_relocation_receipt_queue5-mutant/src/runtime/src/Heap/Verify/NullRouteCaller.h:35:1: warning: inline variables are a C++17 extension [-Wc++17-extensions]
inline thread_local const char* g_edgeSrc = nullptr;
^
/root/cj_build/impl_relocation_receipt_queue5-mutant/src/runtime/src/Heap/Verify/NullRouteCaller.h:36:1: warning: inline variables are a C++17 extension [-Wc++17-extensions]
inline thread_local uintptr_t g_slot = 0;
^
/root/cj_build/impl_relocation_receipt_queue5-mutant/src/runtime/src/Heap/Verify/NullRouteCaller.h:37:1: warning: inline variables are a C++17 extension [-Wc++17-extensions]
inline thread_local void* g_host = nullptr;
^
In file included from /root/cj_build/impl_relocation_receipt_queue5-mutant/src/runtime/src/Interpreter/InterpreterSpecific.cpp:6:
In file included from /root/cj_build/impl_relocation_receipt_queue5-mutant/src/runtime/src/Interpreter/InterpreterSpecific.h:16:
In file included from /root/cj_build/impl_relocation_receipt_queue5-mutant/src/runtime/src/Mutator/Mutator.h:16:
In file included from /root/cj_build/impl_relocation_receipt_queue5-mutant/src/runtime/src/Heap/Allocator/Allocator.h:11:
In file included from /root/cj_build/impl_relocation_receipt_queue5-mutant/src/runtime/src/Heap/Allocator/AllocBufferManager.h:15:
In file included from /root/cj_build/impl_relocation_receipt_queue5-mutant/src/runtime/src/Heap/Allocator/AllocBuffer.h:16:
In file included from /root/cj_build/impl_relocation_receipt_queue5-mutant/src/runtime/src/Heap/Allocator/RegionList.h:11:
In file included from /root/cj_build/impl_relocation_receipt_queue5-mutant/src/runtime/src/Heap/Allocator/RegionInfo.h:53:
/root/cj_build/impl_relocation_receipt_queue5-mutant/src/runtime/src/Heap/Verify/MutatorRelocate.h:102:8: warning: constexpr if is a C++17 extension [-Wc++17-extensions]
    if constexpr (kWaitRegionPublish) {
       ^
In file included from /root/cj_build/impl_relocation_receipt_queue5-mutant/src/runtime/src/Interpreter/InterpreterSpecific.cpp:12:
In file included from /root/cj_build/impl_relocation_receipt_queue5-mutant/src/runtime/src/Common/ScopedObjectAccess.h:11:
In file included from /root/cj_build/impl_relocation_receipt_queue5-mutant/src/runtime/src/Mutator/Mutator.inline.h:11:
In file included from /root/cj_build/impl_relocation_receipt_queue5-mutant/src/runtime/src/Mutator/MutatorManager.h:17:
/root/cj_build/impl_relocation_receipt_queue5-mutant/src/runtime/src/Base/GcLog.h:217:45: warning: format string is not a string literal [-Wformat-nonliteral]
        int n = vsnprintf(buf, sizeof(buf), format, args);
                                            ^~~~~~
8 warnings generated.
[ 70%] Linking CXX static library ../../../output/temp/ar/x86_64_Release/libInterpreter.a
[ 70%] Built target Interpreter
[ 71%] Building CXX object src/UnwindStack/CMakeFiles/UnwindStack.dir/MangleNameHelper.cpp.o
[ 71%] Building CXX object src/UnwindStack/CMakeFiles/UnwindStack.dir/StackMetadataHelper.cpp.o
[ 71%] Building CXX object src/UnwindStack/CMakeFiles/UnwindStack.dir/__/Demangler/Demangler.cpp.o
In file included from /root/cj_build/impl_relocation_receipt_queue5-mutant/src/runtime/src/Heap/Collector/MarkStripe.cpp:13:
In file included from /root/cj_build/impl_relocation_receipt_queue5-mutant/src/runtime/src/Heap/Allocator/RegionInfo.h:41:
/root/cj_build/impl_relocation_receipt_queue5-mutant/src/runtime/src/Heap/Verify/AllocPhaseDiag.h:57:1: warning: inline variables are a C++17 extension [-Wc++17-extensions]
inline Slot g_table[kCap] = {};
^
/root/cj_build/impl_relocation_receipt_queue5-mutant/src/runtime/src/Heap/Verify/AllocPhaseDiag.h:58:1: warning: inline variables are a C++17 extension [-Wc++17-extensions]
inline NearEntry g_near[kNearCap] = {};
^
In file included from /root/cj_build/impl_relocation_receipt_queue5-mutant/src/runtime/src/Heap/Collector/MarkStripe.cpp:13:
In file included from /root/cj_build/impl_relocation_receipt_queue5-mutant/src/runtime/src/Heap/Allocator/RegionInfo.h:43:
/root/cj_build/impl_relocation_receipt_queue5-mutant/src/runtime/src/Heap/Verify/NullRouteCaller.h:34:1: warning: inline variables are a C++17 extension [-Wc++17-extensions]
inline thread_local const char* g_tag = nullptr;
^
/root/cj_build/impl_relocation_receipt_queue5-mutant/src/runtime/src/Heap/Verify/NullRouteCaller.h:35:1: warning: inline variables are a C++17 extension [-Wc++17-extensions]
inline thread_local const char* g_edgeSrc = nullptr;
^
/root/cj_build/impl_relocation_receipt_queue5-mutant/src/runtime/src/Heap/Verify/NullRouteCaller.h:36:1: warning: inline variables are a C++17 extension [-Wc++17-extensions]
inline thread_local uintptr_t g_slot = 0;
^
/root/cj_build/impl_relocation_receipt_queue5-mutant/src/runtime/src/Heap/Verify/NullRouteCaller.h:37:1: warning: inline variables are a C++17 extension [-Wc++17-extensions]
inline thread_local void* g_host = nullptr;
^
In file included from /root/cj_build/impl_relocation_receipt_queue5-mutant/src/runtime/src/Heap/Collector/MarkStripe.cpp:13:
In file included from /root/cj_build/impl_relocation_receipt_queue5-mutant/src/runtime/src/Heap/Allocator/RegionInfo.h:53:
/root/cj_build/impl_relocation_receipt_queue5-mutant/src/runtime/src/Heap/Verify/MutatorRelocate.h:102:8: warning: constexpr if is a C++17 extension [-Wc++17-extensions]
    if constexpr (kWaitRegionPublish) {
       ^
7 warnings generated.
[ 72%] Building CXX object src/Heap/Collector/CMakeFiles/Collector.dir/TaskQueue.cpp.o
In file included from /root/cj_build/impl_relocation_receipt_queue5-mutant/src/runtime/src/UnwindStack/UnwindCApi.cpp:12:
In file included from /root/cj_build/impl_relocation_receipt_queue5-mutant/src/runtime/src/Mutator/Mutator.inline.h:11:
In file included from /root/cj_build/impl_relocation_receipt_queue5-mutant/src/runtime/src/Mutator/MutatorManager.h:17:
/root/cj_build/impl_relocation_receipt_queue5-mutant/src/runtime/src/Base/GcLog.h:217:45: warning: format string is not a string literal [-Wformat-nonliteral]
        int n = vsnprintf(buf, sizeof(buf), format, args);
                                            ^~~~~~
In file included from /root/cj_build/impl_relocation_receipt_queue5-mutant/src/runtime/src/UnwindStack/UnwindCApi.cpp:12:
In file included from /root/cj_build/impl_relocation_receipt_queue5-mutant/src/runtime/src/Mutator/Mutator.inline.h:11:
In file included from /root/cj_build/impl_relocation_receipt_queue5-mutant/src/runtime/src/Mutator/MutatorManager.h:23:
In file included from /root/cj_build/impl_relocation_receipt_queue5-mutant/src/runtime/src/Mutator/Mutator.h:16:
In file included from /root/cj_build/impl_relocation_receipt_queue5-mutant/src/runtime/src/Heap/Allocator/Allocator.h:11:
In file included from /root/cj_build/impl_relocation_receipt_queue5-mutant/src/runtime/src/Heap/Allocator/AllocBufferManager.h:15:
In file included from /root/cj_build/impl_relocation_receipt_queue5-mutant/src/runtime/src/Heap/Allocator/AllocBuffer.h:16:
In file included from /root/cj_build/impl_relocation_receipt_queue5-mutant/src/runtime/src/Heap/Allocator/RegionList.h:11:
In file included from /root/cj_build/impl_relocation_receipt_queue5-mutant/src/runtime/src/Heap/Allocator/RegionInfo.h:41:
/root/cj_build/impl_relocation_receipt_queue5-mutant/src/runtime/src/Heap/Verify/AllocPhaseDiag.h:57:1: warning: inline variables are a C++17 extension [-Wc++17-extensions]
inline Slot g_table[kCap] = {};
^
/root/cj_build/impl_relocation_receipt_queue5-mutant/src/runtime/src/Heap/Verify/AllocPhaseDiag.h:58:1: warning: inline variables are a C++17 extension [-Wc++17-extensions]
inline NearEntry g_near[kNearCap] = {};
^
In file included from /root/cj_build/impl_relocation_receipt_queue5-mutant/src/runtime/src/UnwindStack/UnwindCApi.cpp:12:
In file included from /root/cj_build/impl_relocation_receipt_queue5-mutant/src/runtime/src/Mutator/Mutator.inline.h:11:
In file included from /root/cj_build/impl_relocation_receipt_queue5-mutant/src/runtime/src/Mutator/MutatorManager.h:23:
In file included from /root/cj_build/impl_relocation_receipt_queue5-mutant/src/runtime/src/Mutator/Mutator.h:16:
In file included from /root/cj_build/impl_relocation_receipt_queue5-mutant/src/runtime/src/Heap/Allocator/Allocator.h:11:
In file included from /root/cj_build/impl_relocation_receipt_queue5-mutant/src/runtime/src/Heap/Allocator/AllocBufferManager.h:15:
In file included from /root/cj_build/impl_relocation_receipt_queue5-mutant/src/runtime/src/Heap/Allocator/AllocBuffer.h:16:
In file included from /root/cj_build/impl_relocation_receipt_queue5-mutant/src/runtime/src/Heap/Allocator/RegionList.h:11:
In file included from /root/cj_build/impl_relocation_receipt_queue5-mutant/src/runtime/src/Heap/Allocator/RegionInfo.h:43:
/root/cj_build/impl_relocation_receipt_queue5-mutant/src/runtime/src/Heap/Verify/NullRouteCaller.h:34:1: warning: inline variables are a C++17 extension [-Wc++17-extensions]
inline thread_local const char* g_tag = nullptr;
^
/root/cj_build/impl_relocation_receipt_queue5-mutant/src/runtime/src/Heap/Verify/NullRouteCaller.h:35:1: warning: inline variables are a C++17 extension [-Wc++17-extensions]
inline thread_local const char* g_edgeSrc = nullptr;
^
/root/cj_build/impl_relocation_receipt_queue5-mutant/src/runtime/src/Heap/Verify/NullRouteCaller.h:36:1: warning: inline variables are a C++17 extension [-Wc++17-extensions]
inline thread_local uintptr_t g_slot = 0;
^
/root/cj_build/impl_relocation_receipt_queue5-mutant/src/runtime/src/Heap/Verify/NullRouteCaller.h:37:1: warning: inline variables are a C++17 extension [-Wc++17-extensions]
inline thread_local void* g_host = nullptr;
^
In file included from /root/cj_build/impl_relocation_receipt_queue5-mutant/src/runtime/src/UnwindStack/UnwindCApi.cpp:12:
In file included from /root/cj_build/impl_relocation_receipt_queue5-mutant/src/runtime/src/Mutator/Mutator.inline.h:11:
In file included from /root/cj_build/impl_relocation_receipt_queue5-mutant/src/runtime/src/Mutator/MutatorManager.h:23:
In file included from /root/cj_build/impl_relocation_receipt_queue5-mutant/src/runtime/src/Mutator/Mutator.h:16:
In file included from /root/cj_build/impl_relocation_receipt_queue5-mutant/src/runtime/src/Heap/Allocator/Allocator.h:11:
In file included from /root/cj_build/impl_relocation_receipt_queue5-mutant/src/runtime/src/Heap/Allocator/AllocBufferManager.h:15:
In file included from /root/cj_build/impl_relocation_receipt_queue5-mutant/src/runtime/src/Heap/Allocator/AllocBuffer.h:16:
In file included from /root/cj_build/impl_relocation_receipt_queue5-mutant/src/runtime/src/Heap/Allocator/RegionList.h:11:
In file included from /root/cj_build/impl_relocation_receipt_queue5-mutant/src/runtime/src/Heap/Allocator/RegionInfo.h:53:
/root/cj_build/impl_relocation_receipt_queue5-mutant/src/runtime/src/Heap/Verify/MutatorRelocate.h:102:8: warning: constexpr if is a C++17 extension [-Wc++17-extensions]
    if constexpr (kWaitRegionPublish) {
       ^
8 warnings generated.
[ 72%] Building CXX object src/Heap/Collector/CMakeFiles/Collector.dir/FinalizerProcessor.cpp.o
In file included from /root/cj_build/impl_relocation_receipt_queue5-mutant/src/runtime/src/Sanitizer/GwpAddressSanitizer/GwpAsanInterface.cpp:15:
In file included from /root/cj_build/impl_relocation_receipt_queue5-mutant/src/runtime/src/Heap/Allocator/Allocator.h:11:
In file included from /root/cj_build/impl_relocation_receipt_queue5-mutant/src/runtime/src/Heap/Allocator/AllocBufferManager.h:15:
In file included from /root/cj_build/impl_relocation_receipt_queue5-mutant/src/runtime/src/Heap/Allocator/AllocBuffer.h:16:
In file included from /root/cj_build/impl_relocation_receipt_queue5-mutant/src/runtime/src/Heap/Allocator/RegionList.h:11:
In file included from /root/cj_build/impl_relocation_receipt_queue5-mutant/src/runtime/src/Heap/Allocator/RegionInfo.h:41:
/root/cj_build/impl_relocation_receipt_queue5-mutant/src/runtime/src/Heap/Verify/AllocPhaseDiag.h:57:1: warning: inline variables are a C++17 extension [-Wc++17-extensions]
inline Slot g_table[kCap] = {};
^
/root/cj_build/impl_relocation_receipt_queue5-mutant/src/runtime/src/Heap/Verify/AllocPhaseDiag.h:58:1: warning: inline variables are a C++17 extension [-Wc++17-extensions]
inline NearEntry g_near[kNearCap] = {};
^
In file included from /root/cj_build/impl_relocation_receipt_queue5-mutant/src/runtime/src/Sanitizer/GwpAddressSanitizer/GwpAsanInterface.cpp:15:
In file included from /root/cj_build/impl_relocation_receipt_queue5-mutant/src/runtime/src/Heap/Allocator/Allocator.h:11:
In file included from /root/cj_build/impl_relocation_receipt_queue5-mutant/src/runtime/src/Heap/Allocator/AllocBufferManager.h:15:
In file included from /root/cj_build/impl_relocation_receipt_queue5-mutant/src/runtime/src/Heap/Allocator/AllocBuffer.h:16:
In file included from /root/cj_build/impl_relocation_receipt_queue5-mutant/src/runtime/src/Heap/Allocator/RegionList.h:11:
In file included from /root/cj_build/impl_relocation_receipt_queue5-mutant/src/runtime/src/Heap/Allocator/RegionInfo.h:43:
/root/cj_build/impl_relocation_receipt_queue5-mutant/src/runtime/src/Heap/Verify/NullRouteCaller.h:34:1: warning: inline variables are a C++17 extension [-Wc++17-extensions]
inline thread_local const char* g_tag = nullptr;
^
/root/cj_build/impl_relocation_receipt_queue5-mutant/src/runtime/src/Heap/Verify/NullRouteCaller.h:35:1: warning: inline variables are a C++17 extension [-Wc++17-extensions]
inline thread_local const char* g_edgeSrc = nullptr;
^
/root/cj_build/impl_relocation_receipt_queue5-mutant/src/runtime/src/Heap/Verify/NullRouteCaller.h:36:1: warning: inline variables are a C++17 extension [-Wc++17-extensions]
inline thread_local uintptr_t g_slot = 0;
^
/root/cj_build/impl_relocation_receipt_queue5-mutant/src/runtime/src/Heap/Verify/NullRouteCaller.h:37:1: warning: inline variables are a C++17 extension [-Wc++17-extensions]
inline thread_local void* g_host = nullptr;
^
In file included from /root/cj_build/impl_relocation_receipt_queue5-mutant/src/runtime/src/Sanitizer/GwpAddressSanitizer/GwpAsanInterface.cpp:15:
In file included from /root/cj_build/impl_relocation_receipt_queue5-mutant/src/runtime/src/Heap/Allocator/Allocator.h:11:
In file included from /root/cj_build/impl_relocation_receipt_queue5-mutant/src/runtime/src/Heap/Allocator/AllocBufferManager.h:15:
In file included from /root/cj_build/impl_relocation_receipt_queue5-mutant/src/runtime/src/Heap/Allocator/AllocBuffer.h:16:
In file included from /root/cj_build/impl_relocation_receipt_queue5-mutant/src/runtime/src/Heap/Allocator/RegionList.h:11:
In file included from /root/cj_build/impl_relocation_receipt_queue5-mutant/src/runtime/src/Heap/Allocator/RegionInfo.h:53:
/root/cj_build/impl_relocation_receipt_queue5-mutant/src/runtime/src/Heap/Verify/MutatorRelocate.h:102:8: warning: constexpr if is a C++17 extension [-Wc++17-extensions]
    if constexpr (kWaitRegionPublish) {
       ^
In file included from /root/cj_build/impl_relocation_receipt_queue5-mutant/src/runtime/src/Sanitizer/GwpAddressSanitizer/GwpAsanInterface.cpp:16:
In file included from /root/cj_build/impl_relocation_receipt_queue5-mutant/src/runtime/src/ObjectModel/MArray.inline.h:16:
In file included from /root/cj_build/impl_relocation_receipt_queue5-mutant/src/runtime/src/HeapManager.inline.h:15:
In file included from /root/cj_build/impl_relocation_receipt_queue5-mutant/src/runtime/src/Mutator/MutatorManager.h:17:
/root/cj_build/impl_relocation_receipt_queue5-mutant/src/runtime/src/Base/GcLog.h:217:45: warning: format string is not a string literal [-Wformat-nonliteral]
        int n = vsnprintf(buf, sizeof(buf), format, args);
                                            ^~~~~~
8 warnings generated.
[ 72%] Linking CXX static library ../../../output/temp/ar/x86_64_Release/libSanitizer.a
[ 74%] Building CXX object src/UnwindStack/CMakeFiles/UnwindStack.dir/__/Demangler/DeCompression.cpp.o
[ 74%] Built target Sanitizer
[ 74%] Building CXX object src/Heap/Collector/CMakeFiles/Collector.dir/CopyCollector.cpp.o
[ 75%] Building CXX object src/Heap/Collector/CMakeFiles/Collector.dir/LiveInfo.cpp.o
[ 75%] Linking CXX static library ../../../output/temp/ar/x86_64_Release/libUnwindStack.a
[ 75%] Built target UnwindStack
[ 75%] Building CXX object src/Heap/Collector/CMakeFiles/Collector.dir/ForwardDataManager.cpp.o
In file included from /root/cj_build/impl_relocation_receipt_queue5-mutant/src/runtime/src/Heap/Collector/Generation.cpp:8:
In file included from /root/cj_build/impl_relocation_receipt_queue5-mutant/src/runtime/src/Heap/WCollector/WCollector.h:22:
In file included from /root/cj_build/impl_relocation_receipt_queue5-mutant/src/runtime/src/Heap/Allocator/RegionSpace.h:19:
In file included from /root/cj_build/impl_relocation_receipt_queue5-mutant/src/runtime/src/Heap/Allocator/Allocator.h:11:
In file included from /root/cj_build/impl_relocation_receipt_queue5-mutant/src/runtime/src/Heap/Allocator/AllocBufferManager.h:15:
In file included from /root/cj_build/impl_relocation_receipt_queue5-mutant/src/runtime/src/Heap/Allocator/AllocBuffer.h:16:
In file included from /root/cj_build/impl_relocation_receipt_queue5-mutant/src/runtime/src/Heap/Allocator/RegionList.h:11:
In file included from /root/cj_build/impl_relocation_receipt_queue5-mutant/src/runtime/src/Heap/Allocator/RegionInfo.h:41:
/root/cj_build/impl_relocation_receipt_queue5-mutant/src/runtime/src/Heap/Verify/AllocPhaseDiag.h:57:1: warning: inline variables are a C++17 extension [-Wc++17-extensions]
inline Slot g_table[kCap] = {};
^
/root/cj_build/impl_relocation_receipt_queue5-mutant/src/runtime/src/Heap/Verify/AllocPhaseDiag.h:58:1: warning: inline variables are a C++17 extension [-Wc++17-extensions]
inline NearEntry g_near[kNearCap] = {};
^
In file included from /root/cj_build/impl_relocation_receipt_queue5-mutant/src/runtime/src/Heap/Collector/Generation.cpp:8:
In file included from /root/cj_build/impl_relocation_receipt_queue5-mutant/src/runtime/src/Heap/WCollector/WCollector.h:22:
In file included from /root/cj_build/impl_relocation_receipt_queue5-mutant/src/runtime/src/Heap/Allocator/RegionSpace.h:19:
In file included from /root/cj_build/impl_relocation_receipt_queue5-mutant/src/runtime/src/Heap/Allocator/Allocator.h:11:
In file included from /root/cj_build/impl_relocation_receipt_queue5-mutant/src/runtime/src/Heap/Allocator/AllocBufferManager.h:15:
In file included from /root/cj_build/impl_relocation_receipt_queue5-mutant/src/runtime/src/Heap/Allocator/AllocBuffer.h:16:
In file included from /root/cj_build/impl_relocation_receipt_queue5-mutant/src/runtime/src/Heap/Allocator/RegionList.h:11:
In file included from /root/cj_build/impl_relocation_receipt_queue5-mutant/src/runtime/src/Heap/Allocator/RegionInfo.h:43:
/root/cj_build/impl_relocation_receipt_queue5-mutant/src/runtime/src/Heap/Verify/NullRouteCaller.h:34:1: warning: inline variables are a C++17 extension [-Wc++17-extensions]
inline thread_local const char* g_tag = nullptr;
^
/root/cj_build/impl_relocation_receipt_queue5-mutant/src/runtime/src/Heap/Verify/NullRouteCaller.h:35:1: warning: inline variables are a C++17 extension [-Wc++17-extensions]
inline thread_local const char* g_edgeSrc = nullptr;
^
/root/cj_build/impl_relocation_receipt_queue5-mutant/src/runtime/src/Heap/Verify/NullRouteCaller.h:36:1: warning: inline variables are a C++17 extension [-Wc++17-extensions]
inline thread_local uintptr_t g_slot = 0;
^
/root/cj_build/impl_relocation_receipt_queue5-mutant/src/runtime/src/Heap/Verify/NullRouteCaller.h:37:1: warning: inline variables are a C++17 extension [-Wc++17-extensions]
inline thread_local void* g_host = nullptr;
^
In file included from /root/cj_build/impl_relocation_receipt_queue5-mutant/src/runtime/src/Heap/Collector/Generation.cpp:8:
In file included from /root/cj_build/impl_relocation_receipt_queue5-mutant/src/runtime/src/Heap/WCollector/WCollector.h:22:
In file included from /root/cj_build/impl_relocation_receipt_queue5-mutant/src/runtime/src/Heap/Allocator/RegionSpace.h:19:
In file included from /root/cj_build/impl_relocation_receipt_queue5-mutant/src/runtime/src/Heap/Allocator/Allocator.h:11:
In file included from /root/cj_build/impl_relocation_receipt_queue5-mutant/src/runtime/src/Heap/Allocator/AllocBufferManager.h:15:
In file included from /root/cj_build/impl_relocation_receipt_queue5-mutant/src/runtime/src/Heap/Allocator/AllocBuffer.h:16:
In file included from /root/cj_build/impl_relocation_receipt_queue5-mutant/src/runtime/src/Heap/Allocator/RegionList.h:11:
In file included from /root/cj_build/impl_relocation_receipt_queue5-mutant/src/runtime/src/Heap/Allocator/RegionInfo.h:53:
/root/cj_build/impl_relocation_receipt_queue5-mutant/src/runtime/src/Heap/Verify/MutatorRelocate.h:102:8: warning: constexpr if is a C++17 extension [-Wc++17-extensions]
    if constexpr (kWaitRegionPublish) {
       ^
In file included from /root/cj_build/impl_relocation_receipt_queue5-mutant/src/runtime/src/Heap/Collector/Generation.cpp:8:
In file included from /root/cj_build/impl_relocation_receipt_queue5-mutant/src/runtime/src/Heap/WCollector/WCollector.h:22:
In file included from /root/cj_build/impl_relocation_receipt_queue5-mutant/src/runtime/src/Heap/Allocator/RegionSpace.h:22:
In file included from /root/cj_build/impl_relocation_receipt_queue5-mutant/src/runtime/src/Heap/Allocator/RegionManager.h:25:
In file included from /root/cj_build/impl_relocation_receipt_queue5-mutant/src/runtime/src/Heap/Allocator/FreeRegionManager.h:15:
In file included from /root/cj_build/impl_relocation_receipt_queue5-mutant/src/runtime/src/Common/ScopedObjectAccess.h:11:
In file included from /root/cj_build/impl_relocation_receipt_queue5-mutant/src/runtime/src/Mutator/Mutator.inline.h:11:
In file included from /root/cj_build/impl_relocation_receipt_queue5-mutant/src/runtime/src/Mutator/MutatorManager.h:17:
/root/cj_build/impl_relocation_receipt_queue5-mutant/src/runtime/src/Base/GcLog.h:217:45: warning: format string is not a string literal [-Wformat-nonliteral]
        int n = vsnprintf(buf, sizeof(buf), format, args);
                                            ^~~~~~
In file included from /root/cj_build/impl_relocation_receipt_queue5-mutant/src/runtime/src/Heap/Collector/Generation.cpp:8:
In file included from /root/cj_build/impl_relocation_receipt_queue5-mutant/src/runtime/src/Heap/WCollector/WCollector.h:24:
In file included from /root/cj_build/impl_relocation_receipt_queue5-mutant/src/runtime/src/Heap/Collector/CopyCollector.h:13:
/root/cj_build/impl_relocation_receipt_queue5-mutant/src/runtime/src/Heap/Collector/TracingCollector.h:352:20: warning: unused variable 'objSize' [-Wunused-variable]
            size_t objSize = obj->GetSize();
                   ^
In file included from /root/cj_build/impl_relocation_receipt_queue5-mutant/src/runtime/src/Heap/Collector/Generation.cpp:8:
/root/cj_build/impl_relocation_receipt_queue5-mutant/src/runtime/src/Heap/WCollector/WCollector.h:425:12: warning: constexpr if is a C++17 extension [-Wc++17-extensions]
        if constexpr (ForwardingTable::kEntriesSoleWhenArmed) {
           ^
/root/cj_build/impl_relocation_receipt_queue5-mutant/src/runtime/src/Heap/WCollector/WCollector.h:450:12: warning: constexpr if is a C++17 extension [-Wc++17-extensions]
        if constexpr (ForwardingTable::kEntriesSoleWhenArmed) {
           ^
/root/cj_build/impl_relocation_receipt_queue5-mutant/src/runtime/src/Heap/WCollector/WCollector.h:344:38: warning: unused variable 'nonHeapCount' [-Wunused-variable]
        static std::atomic<uint64_t> nonHeapCount{ 0 };
                                     ^
/root/cj_build/impl_relocation_receipt_queue5-mutant/src/runtime/src/Heap/WCollector/WCollector.h:345:38: warning: unused variable 'noGhostCount' [-Wunused-variable]
        static std::atomic<uint64_t> noGhostCount{ 0 };
                                     ^
/root/cj_build/impl_relocation_receipt_queue5-mutant/src/runtime/src/Heap/WCollector/WCollector.h:347:38: warning: unused variable 'receiptCount' [-Wunused-variable]
        static std::atomic<uint64_t> receiptCount{ 0 };
                                     ^
/root/cj_build/impl_relocation_receipt_queue5-mutant/src/runtime/src/Heap/WCollector/WCollector.h:346:38: warning: unused variable 'routeNullCount' [-Wunused-variable]
        static std::atomic<uint64_t> routeNullCount{ 0 };
                                     ^
/root/cj_build/impl_relocation_receipt_queue5-mutant/src/runtime/src/Heap/WCollector/WCollector.h:357:20: warning: unused variable 'funnel' [-Wunused-variable]
        const bool funnel = RemapFunnelOn();
                   ^
/root/cj_build/impl_relocation_receipt_queue5-mutant/src/runtime/src/Heap/WCollector/WCollector.h:349:38: warning: unused variable 'giveFromCount' [-Wunused-variable]
        static std::atomic<uint64_t> giveFromCount{ 0 };
                                     ^
/root/cj_build/impl_relocation_receipt_queue5-mutant/src/runtime/src/Heap/WCollector/WCollector.h:343:38: warning: unused variable 'callCount' [-Wunused-variable]
        static std::atomic<uint64_t> callCount{ 0 };
                                     ^
/root/cj_build/impl_relocation_receipt_queue5-mutant/src/runtime/src/Heap/WCollector/WCollector.h:348:38: warning: unused variable 'waitCount' [-Wunused-variable]
        static std::atomic<uint64_t> waitCount{ 0 };
                                     ^
/root/cj_build/impl_relocation_receipt_queue5-mutant/src/runtime/src/Heap/WCollector/WCollector.h:622:12: warning: constexpr if is a C++17 extension [-Wc++17-extensions]
        if constexpr (ForwardingTable::kEntriesSoleWhenArmed) {
           ^
/root/cj_build/impl_relocation_receipt_queue5-mutant/src/runtime/src/Heap/WCollector/WCollector.h:677:12: warning: constexpr if is a C++17 extension [-Wc++17-extensions]
        if constexpr (ForwardingTable::kConsumeEntries) {
           ^
/root/cj_build/impl_relocation_receipt_queue5-mutant/src/runtime/src/Heap/WCollector/WCollector.h:682:16: warning: constexpr if is a C++17 extension [-Wc++17-extensions]
            if constexpr (ForwardingTable::kEntriesSoleWhenArmed) {
               ^
/root/cj_build/impl_relocation_receipt_queue5-mutant/src/runtime/src/Heap/WCollector/WCollector.h:713:12: warning: constexpr if is a C++17 extension [-Wc++17-extensions]
        if constexpr (ForwardingTable::kConsumeEntries) {
           ^
/root/cj_build/impl_relocation_receipt_queue5-mutant/src/runtime/src/Heap/Collector/Generation.cpp:1018:50: warning: lambda capture 'this' is not used [-Wunused-lambda-capture]
                        object->ForEachRefField([this, &reachableSlots](RefField<>& field) {
                                                 ^~~~~
/root/cj_build/impl_relocation_receipt_queue5-mutant/src/runtime/src/Heap/Collector/Generation.cpp:1390:65: warning: lambda capture 'object' is not used [-Wunused-lambda-capture]
                object->ForEachRefField([this, &blackmarkExtra, object, &fixpointRefFields,
                                                              ~~^~~~~~
25 warnings generated.
[ 75%] Building CXX object src/Heap/WCollector/CMakeFiles/WCollector.dir/__/Collector/Relocate.cpp.o
In file included from /root/cj_build/impl_relocation_receipt_queue5-mutant/src/runtime/src/Heap/Collector/FinalizerProcessor.cpp:11:
In file included from /root/cj_build/impl_relocation_receipt_queue5-mutant/src/runtime/src/Common/ScopedObjectAccess.h:11:
In file included from /root/cj_build/impl_relocation_receipt_queue5-mutant/src/runtime/src/Mutator/Mutator.inline.h:11:
In file included from /root/cj_build/impl_relocation_receipt_queue5-mutant/src/runtime/src/Mutator/MutatorManager.h:17:
/root/cj_build/impl_relocation_receipt_queue5-mutant/src/runtime/src/Base/GcLog.h:217:45: warning: format string is not a string literal [-Wformat-nonliteral]
        int n = vsnprintf(buf, sizeof(buf), format, args);
                                            ^~~~~~
In file included from /root/cj_build/impl_relocation_receipt_queue5-mutant/src/runtime/src/Heap/Collector/FinalizerProcessor.cpp:11:
In file included from /root/cj_build/impl_relocation_receipt_queue5-mutant/src/runtime/src/Common/ScopedObjectAccess.h:11:
In file included from /root/cj_build/impl_relocation_receipt_queue5-mutant/src/runtime/src/Mutator/Mutator.inline.h:11:
In file included from /root/cj_build/impl_relocation_receipt_queue5-mutant/src/runtime/src/Mutator/MutatorManager.h:23:
In file included from /root/cj_build/impl_relocation_receipt_queue5-mutant/src/runtime/src/Mutator/Mutator.h:16:
In file included from /root/cj_build/impl_relocation_receipt_queue5-mutant/src/runtime/src/Heap/Allocator/Allocator.h:11:
In file included from /root/cj_build/impl_relocation_receipt_queue5-mutant/src/runtime/src/Heap/Allocator/AllocBufferManager.h:15:
In file included from /root/cj_build/impl_relocation_receipt_queue5-mutant/src/runtime/src/Heap/Allocator/AllocBuffer.h:16:
In file included from /root/cj_build/impl_relocation_receipt_queue5-mutant/src/runtime/src/Heap/Allocator/RegionList.h:11:
In file included from /root/cj_build/impl_relocation_receipt_queue5-mutant/src/runtime/src/Heap/Allocator/RegionInfo.h:41:
/root/cj_build/impl_relocation_receipt_queue5-mutant/src/runtime/src/Heap/Verify/AllocPhaseDiag.h:57:1: warning: inline variables are a C++17 extension [-Wc++17-extensions]
inline Slot g_table[kCap] = {};
^
/root/cj_build/impl_relocation_receipt_queue5-mutant/src/runtime/src/Heap/Verify/AllocPhaseDiag.h:58:1: warning: inline variables are a C++17 extension [-Wc++17-extensions]
inline NearEntry g_near[kNearCap] = {};
^
In file included from /root/cj_build/impl_relocation_receipt_queue5-mutant/src/runtime/src/Heap/Collector/FinalizerProcessor.cpp:11:
In file included from /root/cj_build/impl_relocation_receipt_queue5-mutant/src/runtime/src/Common/ScopedObjectAccess.h:11:
In file included from /root/cj_build/impl_relocation_receipt_queue5-mutant/src/runtime/src/Mutator/Mutator.inline.h:11:
In file included from /root/cj_build/impl_relocation_receipt_queue5-mutant/src/runtime/src/Mutator/MutatorManager.h:23:
In file included from /root/cj_build/impl_relocation_receipt_queue5-mutant/src/runtime/src/Mutator/Mutator.h:16:
In file included from /root/cj_build/impl_relocation_receipt_queue5-mutant/src/runtime/src/Heap/Allocator/Allocator.h:11:
In file included from /root/cj_build/impl_relocation_receipt_queue5-mutant/src/runtime/src/Heap/Allocator/AllocBufferManager.h:15:
In file included from /root/cj_build/impl_relocation_receipt_queue5-mutant/src/runtime/src/Heap/Allocator/AllocBuffer.h:16:
In file included from /root/cj_build/impl_relocation_receipt_queue5-mutant/src/runtime/src/Heap/Allocator/RegionList.h:11:
In file included from /root/cj_build/impl_relocation_receipt_queue5-mutant/src/runtime/src/Heap/Allocator/RegionInfo.h:43:
/root/cj_build/impl_relocation_receipt_queue5-mutant/src/runtime/src/Heap/Verify/NullRouteCaller.h:34:1: warning: inline variables are a C++17 extension [-Wc++17-extensions]
inline thread_local const char* g_tag = nullptr;
^
/root/cj_build/impl_relocation_receipt_queue5-mutant/src/runtime/src/Heap/Verify/NullRouteCaller.h:35:1: warning: inline variables are a C++17 extension [-Wc++17-extensions]
inline thread_local const char* g_edgeSrc = nullptr;
^
/root/cj_build/impl_relocation_receipt_queue5-mutant/src/runtime/src/Heap/Verify/NullRouteCaller.h:36:1: warning: inline variables are a C++17 extension [-Wc++17-extensions]
inline thread_local uintptr_t g_slot = 0;
^
/root/cj_build/impl_relocation_receipt_queue5-mutant/src/runtime/src/Heap/Verify/NullRouteCaller.h:37:1: warning: inline variables are a C++17 extension [-Wc++17-extensions]
inline thread_local void* g_host = nullptr;
^
In file included from /root/cj_build/impl_relocation_receipt_queue5-mutant/src/runtime/src/Heap/Collector/FinalizerProcessor.cpp:11:
In file included from /root/cj_build/impl_relocation_receipt_queue5-mutant/src/runtime/src/Common/ScopedObjectAccess.h:11:
In file included from /root/cj_build/impl_relocation_receipt_queue5-mutant/src/runtime/src/Mutator/Mutator.inline.h:11:
In file included from /root/cj_build/impl_relocation_receipt_queue5-mutant/src/runtime/src/Mutator/MutatorManager.h:23:
In file included from /root/cj_build/impl_relocation_receipt_queue5-mutant/src/runtime/src/Mutator/Mutator.h:16:
In file included from /root/cj_build/impl_relocation_receipt_queue5-mutant/src/runtime/src/Heap/Allocator/Allocator.h:11:
In file included from /root/cj_build/impl_relocation_receipt_queue5-mutant/src/runtime/src/Heap/Allocator/AllocBufferManager.h:15:
In file included from /root/cj_build/impl_relocation_receipt_queue5-mutant/src/runtime/src/Heap/Allocator/AllocBuffer.h:16:
In file included from /root/cj_build/impl_relocation_receipt_queue5-mutant/src/runtime/src/Heap/Allocator/RegionList.h:11:
In file included from /root/cj_build/impl_relocation_receipt_queue5-mutant/src/runtime/src/Heap/Allocator/RegionInfo.h:53:
/root/cj_build/impl_relocation_receipt_queue5-mutant/src/runtime/src/Heap/Verify/MutatorRelocate.h:102:8: warning: constexpr if is a C++17 extension [-Wc++17-extensions]
    if constexpr (kWaitRegionPublish) {
       ^
8 warnings generated.
[ 76%] Building CXX object src/Heap/Collector/CMakeFiles/Collector.dir/PromotedRegionDomain.cpp.o
In file included from /root/cj_build/impl_relocation_receipt_queue5-mutant/src/runtime/src/Heap/Collector/TaskQueue.cpp:10:
In file included from /root/cj_build/impl_relocation_receipt_queue5-mutant/src/runtime/src/Heap/Collector/CollectorProxy.h:14:
In file included from /root/cj_build/impl_relocation_receipt_queue5-mutant/src/runtime/src/Heap/WCollector/WCollector.h:22:
In file included from /root/cj_build/impl_relocation_receipt_queue5-mutant/src/runtime/src/Heap/Allocator/RegionSpace.h:19:
In file included from /root/cj_build/impl_relocation_receipt_queue5-mutant/src/runtime/src/Heap/Allocator/Allocator.h:11:
In file included from /root/cj_build/impl_relocation_receipt_queue5-mutant/src/runtime/src/Heap/Allocator/AllocBufferManager.h:15:
In file included from /root/cj_build/impl_relocation_receipt_queue5-mutant/src/runtime/src/Heap/Allocator/AllocBuffer.h:16:
In file included from /root/cj_build/impl_relocation_receipt_queue5-mutant/src/runtime/src/Heap/Allocator/RegionList.h:11:
In file included from /root/cj_build/impl_relocation_receipt_queue5-mutant/src/runtime/src/Heap/Allocator/RegionInfo.h:41:
/root/cj_build/impl_relocation_receipt_queue5-mutant/src/runtime/src/Heap/Verify/AllocPhaseDiag.h:57:1: warning: inline variables are a C++17 extension [-Wc++17-extensions]
inline Slot g_table[kCap] = {};
^
/root/cj_build/impl_relocation_receipt_queue5-mutant/src/runtime/src/Heap/Verify/AllocPhaseDiag.h:58:1: warning: inline variables are a C++17 extension [-Wc++17-extensions]
inline NearEntry g_near[kNearCap] = {};
^
In file included from /root/cj_build/impl_relocation_receipt_queue5-mutant/src/runtime/src/Heap/Collector/TaskQueue.cpp:10:
In file included from /root/cj_build/impl_relocation_receipt_queue5-mutant/src/runtime/src/Heap/Collector/CollectorProxy.h:14:
In file included from /root/cj_build/impl_relocation_receipt_queue5-mutant/src/runtime/src/Heap/WCollector/WCollector.h:22:
In file included from /root/cj_build/impl_relocation_receipt_queue5-mutant/src/runtime/src/Heap/Allocator/RegionSpace.h:19:
In file included from /root/cj_build/impl_relocation_receipt_queue5-mutant/src/runtime/src/Heap/Allocator/Allocator.h:11:
In file included from /root/cj_build/impl_relocation_receipt_queue5-mutant/src/runtime/src/Heap/Allocator/AllocBufferManager.h:15:
In file included from /root/cj_build/impl_relocation_receipt_queue5-mutant/src/runtime/src/Heap/Allocator/AllocBuffer.h:16:
In file included from /root/cj_build/impl_relocation_receipt_queue5-mutant/src/runtime/src/Heap/Allocator/RegionList.h:11:
In file included from /root/cj_build/impl_relocation_receipt_queue5-mutant/src/runtime/src/Heap/Allocator/RegionInfo.h:43:
/root/cj_build/impl_relocation_receipt_queue5-mutant/src/runtime/src/Heap/Verify/NullRouteCaller.h:34:1: warning: inline variables are a C++17 extension [-Wc++17-extensions]
inline thread_local const char* g_tag = nullptr;
^
/root/cj_build/impl_relocation_receipt_queue5-mutant/src/runtime/src/Heap/Verify/NullRouteCaller.h:35:1: warning: inline variables are a C++17 extension [-Wc++17-extensions]
inline thread_local const char* g_edgeSrc = nullptr;
^
/root/cj_build/impl_relocation_receipt_queue5-mutant/src/runtime/src/Heap/Verify/NullRouteCaller.h:36:1: warning: inline variables are a C++17 extension [-Wc++17-extensions]
inline thread_local uintptr_t g_slot = 0;
^
/root/cj_build/impl_relocation_receipt_queue5-mutant/src/runtime/src/Heap/Verify/NullRouteCaller.h:37:1: warning: inline variables are a C++17 extension [-Wc++17-extensions]
inline thread_local void* g_host = nullptr;
^
In file included from /root/cj_build/impl_relocation_receipt_queue5-mutant/src/runtime/src/Heap/Collector/TaskQueue.cpp:10:
In file included from /root/cj_build/impl_relocation_receipt_queue5-mutant/src/runtime/src/Heap/Collector/CollectorProxy.h:14:
In file included from /root/cj_build/impl_relocation_receipt_queue5-mutant/src/runtime/src/Heap/WCollector/WCollector.h:22:
In file included from /root/cj_build/impl_relocation_receipt_queue5-mutant/src/runtime/src/Heap/Allocator/RegionSpace.h:19:
In file included from /root/cj_build/impl_relocation_receipt_queue5-mutant/src/runtime/src/Heap/Allocator/Allocator.h:11:
In file included from /root/cj_build/impl_relocation_receipt_queue5-mutant/src/runtime/src/Heap/Allocator/AllocBufferManager.h:15:
In file included from /root/cj_build/impl_relocation_receipt_queue5-mutant/src/runtime/src/Heap/Allocator/AllocBuffer.h:16:
In file included from /root/cj_build/impl_relocation_receipt_queue5-mutant/src/runtime/src/Heap/Allocator/RegionList.h:11:
In file included from /root/cj_build/impl_relocation_receipt_queue5-mutant/src/runtime/src/Heap/Allocator/RegionInfo.h:53:
/root/cj_build/impl_relocation_receipt_queue5-mutant/src/runtime/src/Heap/Verify/MutatorRelocate.h:102:8: warning: constexpr if is a C++17 extension [-Wc++17-extensions]
    if constexpr (kWaitRegionPublish) {
       ^
In file included from /root/cj_build/impl_relocation_receipt_queue5-mutant/src/runtime/src/Heap/Collector/TaskQueue.cpp:10:
In file included from /root/cj_build/impl_relocation_receipt_queue5-mutant/src/runtime/src/Heap/Collector/CollectorProxy.h:14:
In file included from /root/cj_build/impl_relocation_receipt_queue5-mutant/src/runtime/src/Heap/WCollector/WCollector.h:22:
In file included from /root/cj_build/impl_relocation_receipt_queue5-mutant/src/runtime/src/Heap/Allocator/RegionSpace.h:22:
In file included from /root/cj_build/impl_relocation_receipt_queue5-mutant/src/runtime/src/Heap/Allocator/RegionManager.h:25:
In file included from /root/cj_build/impl_relocation_receipt_queue5-mutant/src/runtime/src/Heap/Allocator/FreeRegionManager.h:15:
In file included from /root/cj_build/impl_relocation_receipt_queue5-mutant/src/runtime/src/Common/ScopedObjectAccess.h:11:
In file included from /root/cj_build/impl_relocation_receipt_queue5-mutant/src/runtime/src/Mutator/Mutator.inline.h:11:
In file included from /root/cj_build/impl_relocation_receipt_queue5-mutant/src/runtime/src/Mutator/MutatorManager.h:17:
/root/cj_build/impl_relocation_receipt_queue5-mutant/src/runtime/src/Base/GcLog.h:217:45: warning: format string is not a string literal [-Wformat-nonliteral]
        int n = vsnprintf(buf, sizeof(buf), format, args);
                                            ^~~~~~
In file included from /root/cj_build/impl_relocation_receipt_queue5-mutant/src/runtime/src/Heap/Collector/TaskQueue.cpp:10:
In file included from /root/cj_build/impl_relocation_receipt_queue5-mutant/src/runtime/src/Heap/Collector/CollectorProxy.h:14:
In file included from /root/cj_build/impl_relocation_receipt_queue5-mutant/src/runtime/src/Heap/WCollector/WCollector.h:24:
In file included from /root/cj_build/impl_relocation_receipt_queue5-mutant/src/runtime/src/Heap/Collector/CopyCollector.h:13:
/root/cj_build/impl_relocation_receipt_queue5-mutant/src/runtime/src/Heap/Collector/TracingCollector.h:352:20: warning: unused variable 'objSize' [-Wunused-variable]
            size_t objSize = obj->GetSize();
                   ^
In file included from /root/cj_build/impl_relocation_receipt_queue5-mutant/src/runtime/src/Heap/Collector/TaskQueue.cpp:10:
In file included from /root/cj_build/impl_relocation_receipt_queue5-mutant/src/runtime/src/Heap/Collector/CollectorProxy.h:14:
/root/cj_build/impl_relocation_receipt_queue5-mutant/src/runtime/src/Heap/WCollector/WCollector.h:425:12: warning: constexpr if is a C++17 extension [-Wc++17-extensions]
        if constexpr (ForwardingTable::kEntriesSoleWhenArmed) {
           ^
/root/cj_build/impl_relocation_receipt_queue5-mutant/src/runtime/src/Heap/WCollector/WCollector.h:450:12: warning: constexpr if is a C++17 extension [-Wc++17-extensions]
        if constexpr (ForwardingTable::kEntriesSoleWhenArmed) {
           ^
/root/cj_build/impl_relocation_receipt_queue5-mutant/src/runtime/src/Heap/WCollector/WCollector.h:348:38: warning: unused variable 'waitCount' [-Wunused-variable]
        static std::atomic<uint64_t> waitCount{ 0 };
                                     ^
/root/cj_build/impl_relocation_receipt_queue5-mutant/src/runtime/src/Heap/WCollector/WCollector.h:347:38: warning: unused variable 'receiptCount' [-Wunused-variable]
        static std::atomic<uint64_t> receiptCount{ 0 };
                                     ^
/root/cj_build/impl_relocation_receipt_queue5-mutant/src/runtime/src/Heap/WCollector/WCollector.h:344:38: warning: unused variable 'nonHeapCount' [-Wunused-variable]
        static std::atomic<uint64_t> nonHeapCount{ 0 };
                                     ^
/root/cj_build/impl_relocation_receipt_queue5-mutant/src/runtime/src/Heap/WCollector/WCollector.h:349:38: warning: unused variable 'giveFromCount' [-Wunused-variable]
        static std::atomic<uint64_t> giveFromCount{ 0 };
                                     ^
/root/cj_build/impl_relocation_receipt_queue5-mutant/src/runtime/src/Heap/WCollector/WCollector.h:346:38: warning: unused variable 'routeNullCount' [-Wunused-variable]
        static std::atomic<uint64_t> routeNullCount{ 0 };
                                     ^
/root/cj_build/impl_relocation_receipt_queue5-mutant/src/runtime/src/Heap/WCollector/WCollector.h:343:38: warning: unused variable 'callCount' [-Wunused-variable]
        static std::atomic<uint64_t> callCount{ 0 };
                                     ^
/root/cj_build/impl_relocation_receipt_queue5-mutant/src/runtime/src/Heap/WCollector/WCollector.h:357:20: warning: unused variable 'funnel' [-Wunused-variable]
        const bool funnel = RemapFunnelOn();
                   ^
/root/cj_build/impl_relocation_receipt_queue5-mutant/src/runtime/src/Heap/WCollector/WCollector.h:345:38: warning: unused variable 'noGhostCount' [-Wunused-variable]
        static std::atomic<uint64_t> noGhostCount{ 0 };
                                     ^
/root/cj_build/impl_relocation_receipt_queue5-mutant/src/runtime/src/Heap/WCollector/WCollector.h:622:12: warning: constexpr if is a C++17 extension [-Wc++17-extensions]
        if constexpr (ForwardingTable::kEntriesSoleWhenArmed) {
           ^
/root/cj_build/impl_relocation_receipt_queue5-mutant/src/runtime/src/Heap/WCollector/WCollector.h:677:12: warning: constexpr if is a C++17 extension [-Wc++17-extensions]
        if constexpr (ForwardingTable::kConsumeEntries) {
           ^
/root/cj_build/impl_relocation_receipt_queue5-mutant/src/runtime/src/Heap/WCollector/WCollector.h:682:16: warning: constexpr if is a C++17 extension [-Wc++17-extensions]
            if constexpr (ForwardingTable::kEntriesSoleWhenArmed) {
               ^
/root/cj_build/impl_relocation_receipt_queue5-mutant/src/runtime/src/Heap/WCollector/WCollector.h:713:12: warning: constexpr if is a C++17 extension [-Wc++17-extensions]
        if constexpr (ForwardingTable::kConsumeEntries) {
           ^
23 warnings generated.
[ 76%] Building CXX object src/Heap/Collector/CMakeFiles/Collector.dir/RelocationRequestQueue.cpp.o
In file included from /root/cj_build/impl_relocation_receipt_queue5-mutant/src/runtime/src/Heap/Collector/LiveInfo.cpp:9:
In file included from /root/cj_build/impl_relocation_receipt_queue5-mutant/src/runtime/src/Heap/Allocator/RegionInfo.h:41:
/root/cj_build/impl_relocation_receipt_queue5-mutant/src/runtime/src/Heap/Verify/AllocPhaseDiag.h:57:1: warning: inline variables are a C++17 extension [-Wc++17-extensions]
inline Slot g_table[kCap] = {};
^
/root/cj_build/impl_relocation_receipt_queue5-mutant/src/runtime/src/Heap/Verify/AllocPhaseDiag.h:58:1: warning: inline variables are a C++17 extension [-Wc++17-extensions]
inline NearEntry g_near[kNearCap] = {};
^
In file included from /root/cj_build/impl_relocation_receipt_queue5-mutant/src/runtime/src/Heap/Collector/LiveInfo.cpp:9:
In file included from /root/cj_build/impl_relocation_receipt_queue5-mutant/src/runtime/src/Heap/Allocator/RegionInfo.h:43:
/root/cj_build/impl_relocation_receipt_queue5-mutant/src/runtime/src/Heap/Verify/NullRouteCaller.h:34:1: warning: inline variables are a C++17 extension [-Wc++17-extensions]
inline thread_local const char* g_tag = nullptr;
^
/root/cj_build/impl_relocation_receipt_queue5-mutant/src/runtime/src/Heap/Verify/NullRouteCaller.h:35:1: warning: inline variables are a C++17 extension [-Wc++17-extensions]
inline thread_local const char* g_edgeSrc = nullptr;
^
/root/cj_build/impl_relocation_receipt_queue5-mutant/src/runtime/src/Heap/Verify/NullRouteCaller.h:36:1: warning: inline variables are a C++17 extension [-Wc++17-extensions]
inline thread_local uintptr_t g_slot = 0;
^
/root/cj_build/impl_relocation_receipt_queue5-mutant/src/runtime/src/Heap/Verify/NullRouteCaller.h:37:1: warning: inline variables are a C++17 extension [-Wc++17-extensions]
inline thread_local void* g_host = nullptr;
^
In file included from /root/cj_build/impl_relocation_receipt_queue5-mutant/src/runtime/src/Heap/Collector/LiveInfo.cpp:9:
In file included from /root/cj_build/impl_relocation_receipt_queue5-mutant/src/runtime/src/Heap/Allocator/RegionInfo.h:53:
/root/cj_build/impl_relocation_receipt_queue5-mutant/src/runtime/src/Heap/Verify/MutatorRelocate.h:102:8: warning: constexpr if is a C++17 extension [-Wc++17-extensions]
    if constexpr (kWaitRegionPublish) {
       ^
In file included from /root/cj_build/impl_relocation_receipt_queue5-mutant/src/runtime/src/Heap/Collector/LiveInfo.cpp:10:
In file included from /root/cj_build/impl_relocation_receipt_queue5-mutant/src/runtime/src/Heap/Allocator/RegionSpace.h:22:
In file included from /root/cj_build/impl_relocation_receipt_queue5-mutant/src/runtime/src/Heap/Allocator/RegionManager.h:25:
In file included from /root/cj_build/impl_relocation_receipt_queue5-mutant/src/runtime/src/Heap/Allocator/FreeRegionManager.h:15:
In file included from /root/cj_build/impl_relocation_receipt_queue5-mutant/src/runtime/src/Common/ScopedObjectAccess.h:11:
In file included from /root/cj_build/impl_relocation_receipt_queue5-mutant/src/runtime/src/Mutator/Mutator.inline.h:11:
In file included from /root/cj_build/impl_relocation_receipt_queue5-mutant/src/runtime/src/Mutator/MutatorManager.h:17:
/root/cj_build/impl_relocation_receipt_queue5-mutant/src/runtime/src/Base/GcLog.h:217:45: warning: format string is not a string literal [-Wformat-nonliteral]
        int n = vsnprintf(buf, sizeof(buf), format, args);
                                            ^~~~~~
8 warnings generated.
[ 76%] Building CXX object src/Heap/Collector/CMakeFiles/Collector.dir/ZForwardingLife.cpp.o
In file included from /root/cj_build/impl_relocation_receipt_queue5-mutant/src/runtime/src/Heap/Collector/CopyCollector.cpp:8:
In file included from /root/cj_build/impl_relocation_receipt_queue5-mutant/src/runtime/src/Heap/Collector/CopyCollector.h:11:
In file included from /root/cj_build/impl_relocation_receipt_queue5-mutant/src/runtime/src/Heap/Allocator/RegionSpace.h:19:
In file included from /root/cj_build/impl_relocation_receipt_queue5-mutant/src/runtime/src/Heap/Allocator/Allocator.h:11:
In file included from /root/cj_build/impl_relocation_receipt_queue5-mutant/src/runtime/src/Heap/Allocator/AllocBufferManager.h:15:
In file included from /root/cj_build/impl_relocation_receipt_queue5-mutant/src/runtime/src/Heap/Allocator/AllocBuffer.h:16:
In file included from /root/cj_build/impl_relocation_receipt_queue5-mutant/src/runtime/src/Heap/Allocator/RegionList.h:11:
In file included from /root/cj_build/impl_relocation_receipt_queue5-mutant/src/runtime/src/Heap/Allocator/RegionInfo.h:41:
/root/cj_build/impl_relocation_receipt_queue5-mutant/src/runtime/src/Heap/Verify/AllocPhaseDiag.h:57:1: warning: inline variables are a C++17 extension [-Wc++17-extensions]
inline Slot g_table[kCap] = {};
^
/root/cj_build/impl_relocation_receipt_queue5-mutant/src/runtime/src/Heap/Verify/AllocPhaseDiag.h:58:1: warning: inline variables are a C++17 extension [-Wc++17-extensions]
inline NearEntry g_near[kNearCap] = {};
^
In file included from /root/cj_build/impl_relocation_receipt_queue5-mutant/src/runtime/src/Heap/Collector/CopyCollector.cpp:8:
In file included from /root/cj_build/impl_relocation_receipt_queue5-mutant/src/runtime/src/Heap/Collector/CopyCollector.h:11:
In file included from /root/cj_build/impl_relocation_receipt_queue5-mutant/src/runtime/src/Heap/Allocator/RegionSpace.h:19:
In file included from /root/cj_build/impl_relocation_receipt_queue5-mutant/src/runtime/src/Heap/Allocator/Allocator.h:11:
In file included from /root/cj_build/impl_relocation_receipt_queue5-mutant/src/runtime/src/Heap/Allocator/AllocBufferManager.h:15:
In file included from /root/cj_build/impl_relocation_receipt_queue5-mutant/src/runtime/src/Heap/Allocator/AllocBuffer.h:16:
In file included from /root/cj_build/impl_relocation_receipt_queue5-mutant/src/runtime/src/Heap/Allocator/RegionList.h:11:
In file included from /root/cj_build/impl_relocation_receipt_queue5-mutant/src/runtime/src/Heap/Allocator/RegionInfo.h:43:
/root/cj_build/impl_relocation_receipt_queue5-mutant/src/runtime/src/Heap/Verify/NullRouteCaller.h:34:1: warning: inline variables are a C++17 extension [-Wc++17-extensions]
inline thread_local const char* g_tag = nullptr;
^
/root/cj_build/impl_relocation_receipt_queue5-mutant/src/runtime/src/Heap/Verify/NullRouteCaller.h:35:1: warning: inline variables are a C++17 extension [-Wc++17-extensions]
inline thread_local const char* g_edgeSrc = nullptr;
^
/root/cj_build/impl_relocation_receipt_queue5-mutant/src/runtime/src/Heap/Verify/NullRouteCaller.h:36:1: warning: inline variables are a C++17 extension [-Wc++17-extensions]
inline thread_local uintptr_t g_slot = 0;
^
/root/cj_build/impl_relocation_receipt_queue5-mutant/src/runtime/src/Heap/Verify/NullRouteCaller.h:37:1: warning: inline variables are a C++17 extension [-Wc++17-extensions]
inline thread_local void* g_host = nullptr;
^
In file included from /root/cj_build/impl_relocation_receipt_queue5-mutant/src/runtime/src/Heap/Collector/CopyCollector.cpp:8:
In file included from /root/cj_build/impl_relocation_receipt_queue5-mutant/src/runtime/src/Heap/Collector/CopyCollector.h:11:
In file included from /root/cj_build/impl_relocation_receipt_queue5-mutant/src/runtime/src/Heap/Allocator/RegionSpace.h:19:
In file included from /root/cj_build/impl_relocation_receipt_queue5-mutant/src/runtime/src/Heap/Allocator/Allocator.h:11:
In file included from /root/cj_build/impl_relocation_receipt_queue5-mutant/src/runtime/src/Heap/Allocator/AllocBufferManager.h:15:
In file included from /root/cj_build/impl_relocation_receipt_queue5-mutant/src/runtime/src/Heap/Allocator/AllocBuffer.h:16:
In file included from /root/cj_build/impl_relocation_receipt_queue5-mutant/src/runtime/src/Heap/Allocator/RegionList.h:11:
In file included from /root/cj_build/impl_relocation_receipt_queue5-mutant/src/runtime/src/Heap/Allocator/RegionInfo.h:53:
/root/cj_build/impl_relocation_receipt_queue5-mutant/src/runtime/src/Heap/Verify/MutatorRelocate.h:102:8: warning: constexpr if is a C++17 extension [-Wc++17-extensions]
    if constexpr (kWaitRegionPublish) {
       ^
In file included from /root/cj_build/impl_relocation_receipt_queue5-mutant/src/runtime/src/Heap/Collector/CopyCollector.cpp:8:
In file included from /root/cj_build/impl_relocation_receipt_queue5-mutant/src/runtime/src/Heap/Collector/CopyCollector.h:11:
In file included from /root/cj_build/impl_relocation_receipt_queue5-mutant/src/runtime/src/Heap/Allocator/RegionSpace.h:22:
In file included from /root/cj_build/impl_relocation_receipt_queue5-mutant/src/runtime/src/Heap/Allocator/RegionManager.h:25:
In file included from /root/cj_build/impl_relocation_receipt_queue5-mutant/src/runtime/src/Heap/Allocator/FreeRegionManager.h:15:
In file included from /root/cj_build/impl_relocation_receipt_queue5-mutant/src/runtime/src/Common/ScopedObjectAccess.h:11:
In file included from /root/cj_build/impl_relocation_receipt_queue5-mutant/src/runtime/src/Mutator/Mutator.inline.h:11:
In file included from /root/cj_build/impl_relocation_receipt_queue5-mutant/src/runtime/src/Mutator/MutatorManager.h:17:
/root/cj_build/impl_relocation_receipt_queue5-mutant/src/runtime/src/Base/GcLog.h:217:45: warning: format string is not a string literal [-Wformat-nonliteral]
        int n = vsnprintf(buf, sizeof(buf), format, args);
                                            ^~~~~~
In file included from /root/cj_build/impl_relocation_receipt_queue5-mutant/src/runtime/src/Heap/Collector/CopyCollector.cpp:8:
In file included from /root/cj_build/impl_relocation_receipt_queue5-mutant/src/runtime/src/Heap/Collector/CopyCollector.h:13:
/root/cj_build/impl_relocation_receipt_queue5-mutant/src/runtime/src/Heap/Collector/TracingCollector.h:352:20: warning: unused variable 'objSize' [-Wunused-variable]
            size_t objSize = obj->GetSize();
                   ^
In file included from /root/cj_build/impl_relocation_receipt_queue5-mutant/src/runtime/src/Heap/Collector/CopyCollector.cpp:17:
/root/cj_build/impl_relocation_receipt_queue5-mutant/src/runtime/src/Heap/Collector/GcTrigger.h:477:8: warning: constexpr if is a C++17 extension [-Wc++17-extensions]
    if constexpr (kGcTriggerMajorAllocRateEnabled) {
       ^
/root/cj_build/impl_relocation_receipt_queue5-mutant/src/runtime/src/Heap/Collector/GcTrigger.h:496:8: warning: constexpr if is a C++17 extension [-Wc++17-extensions]
    if constexpr (kGcTriggerProactiveEnabled) {
       ^
/root/cj_build/impl_relocation_receipt_queue5-mutant/src/runtime/src/Heap/Collector/CopyCollector.cpp:189:12: warning: constexpr if is a C++17 extension [-Wc++17-extensions]
        if constexpr (kGcTriggerDynamicWorkersEnabled) {
           ^
12 warnings generated.
[ 77%] Building CXX object src/Heap/WCollector/CMakeFiles/WCollector.dir/__/Collector/Remembered.cpp.o
[ 77%] Building CXX object src/Heap/WCollector/CMakeFiles/WCollector.dir/__/Collector/RelocationSet.cpp.o
In file included from /root/cj_build/impl_relocation_receipt_queue5-mutant/src/runtime/src/Heap/Collector/ForwardDataManager.cpp:15:
In file included from /root/cj_build/impl_relocation_receipt_queue5-mutant/src/runtime/src/Heap/Allocator/RegionInfo.h:41:
/root/cj_build/impl_relocation_receipt_queue5-mutant/src/runtime/src/Heap/Verify/AllocPhaseDiag.h:57:1: warning: inline variables are a C++17 extension [-Wc++17-extensions]
inline Slot g_table[kCap] = {};
^
/root/cj_build/impl_relocation_receipt_queue5-mutant/src/runtime/src/Heap/Verify/AllocPhaseDiag.h:58:1: warning: inline variables are a C++17 extension [-Wc++17-extensions]
inline NearEntry g_near[kNearCap] = {};
^
In file included from /root/cj_build/impl_relocation_receipt_queue5-mutant/src/runtime/src/Heap/Collector/ForwardDataManager.cpp:15:
In file included from /root/cj_build/impl_relocation_receipt_queue5-mutant/src/runtime/src/Heap/Allocator/RegionInfo.h:43:
/root/cj_build/impl_relocation_receipt_queue5-mutant/src/runtime/src/Heap/Verify/NullRouteCaller.h:34:1: warning: inline variables are a C++17 extension [-Wc++17-extensions]
inline thread_local const char* g_tag = nullptr;
^
/root/cj_build/impl_relocation_receipt_queue5-mutant/src/runtime/src/Heap/Verify/NullRouteCaller.h:35:1: warning: inline variables are a C++17 extension [-Wc++17-extensions]
inline thread_local const char* g_edgeSrc = nullptr;
^
/root/cj_build/impl_relocation_receipt_queue5-mutant/src/runtime/src/Heap/Verify/NullRouteCaller.h:36:1: warning: inline variables are a C++17 extension [-Wc++17-extensions]
inline thread_local uintptr_t g_slot = 0;
^
/root/cj_build/impl_relocation_receipt_queue5-mutant/src/runtime/src/Heap/Verify/NullRouteCaller.h:37:1: warning: inline variables are a C++17 extension [-Wc++17-extensions]
inline thread_local void* g_host = nullptr;
^
In file included from /root/cj_build/impl_relocation_receipt_queue5-mutant/src/runtime/src/Heap/Collector/ForwardDataManager.cpp:15:
In file included from /root/cj_build/impl_relocation_receipt_queue5-mutant/src/runtime/src/Heap/Allocator/RegionInfo.h:53:
/root/cj_build/impl_relocation_receipt_queue5-mutant/src/runtime/src/Heap/Verify/MutatorRelocate.h:102:8: warning: constexpr if is a C++17 extension [-Wc++17-extensions]
    if constexpr (kWaitRegionPublish) {
       ^
In file included from /root/cj_build/impl_relocation_receipt_queue5-mutant/src/runtime/src/Heap/Collector/ForwardDataManager.cpp:16:
In file included from /root/cj_build/impl_relocation_receipt_queue5-mutant/src/runtime/src/Heap/Allocator/RegionManager.h:25:
In file included from /root/cj_build/impl_relocation_receipt_queue5-mutant/src/runtime/src/Heap/Allocator/FreeRegionManager.h:15:
In file included from /root/cj_build/impl_relocation_receipt_queue5-mutant/src/runtime/src/Common/ScopedObjectAccess.h:11:
In file included from /root/cj_build/impl_relocation_receipt_queue5-mutant/src/runtime/src/Mutator/Mutator.inline.h:11:
In file included from /root/cj_build/impl_relocation_receipt_queue5-mutant/src/runtime/src/Mutator/MutatorManager.h:17:
/root/cj_build/impl_relocation_receipt_queue5-mutant/src/runtime/src/Base/GcLog.h:217:45: warning: format string is not a string literal [-Wformat-nonliteral]
        int n = vsnprintf(buf, sizeof(buf), format, args);
                                            ^~~~~~
8 warnings generated.
[ 77%] Building CXX object src/Heap/Verify/CMakeFiles/Verify.dir/StatHealDiag.cpp.o
[ 78%] Building CXX object src/Heap/Verify/CMakeFiles/Verify.dir/VerifyOption.cpp.o
[ 78%] Building CXX object src/Heap/Verify/CMakeFiles/Verify.dir/Zap.cpp.o
In file included from /root/cj_build/impl_relocation_receipt_queue5-mutant/src/runtime/src/Heap/Collector/PromotedRegionDomain.cpp:20:
In file included from /root/cj_build/impl_relocation_receipt_queue5-mutant/src/runtime/src/Heap/Allocator/RegionInfo.h:41:
/root/cj_build/impl_relocation_receipt_queue5-mutant/src/runtime/src/Heap/Verify/AllocPhaseDiag.h:57:1: warning: inline variables are a C++17 extension [-Wc++17-extensions]
inline Slot g_table[kCap] = {};
^
/root/cj_build/impl_relocation_receipt_queue5-mutant/src/runtime/src/Heap/Verify/AllocPhaseDiag.h:58:1: warning: inline variables are a C++17 extension [-Wc++17-extensions]
inline NearEntry g_near[kNearCap] = {};
^
In file included from /root/cj_build/impl_relocation_receipt_queue5-mutant/src/runtime/src/Heap/Collector/PromotedRegionDomain.cpp:20:
In file included from /root/cj_build/impl_relocation_receipt_queue5-mutant/src/runtime/src/Heap/Allocator/RegionInfo.h:43:
/root/cj_build/impl_relocation_receipt_queue5-mutant/src/runtime/src/Heap/Verify/NullRouteCaller.h:34:1: warning: inline variables are a C++17 extension [-Wc++17-extensions]
inline thread_local const char* g_tag = nullptr;
^
/root/cj_build/impl_relocation_receipt_queue5-mutant/src/runtime/src/Heap/Verify/NullRouteCaller.h:35:1: warning: inline variables are a C++17 extension [-Wc++17-extensions]
inline thread_local const char* g_edgeSrc = nullptr;
^
/root/cj_build/impl_relocation_receipt_queue5-mutant/src/runtime/src/Heap/Verify/NullRouteCaller.h:36:1: warning: inline variables are a C++17 extension [-Wc++17-extensions]
inline thread_local uintptr_t g_slot = 0;
^
/root/cj_build/impl_relocation_receipt_queue5-mutant/src/runtime/src/Heap/Verify/NullRouteCaller.h:37:1: warning: inline variables are a C++17 extension [-Wc++17-extensions]
inline thread_local void* g_host = nullptr;
^
In file included from /root/cj_build/impl_relocation_receipt_queue5-mutant/src/runtime/src/Heap/Collector/PromotedRegionDomain.cpp:20:
In file included from /root/cj_build/impl_relocation_receipt_queue5-mutant/src/runtime/src/Heap/Allocator/RegionInfo.h:53:
/root/cj_build/impl_relocation_receipt_queue5-mutant/src/runtime/src/Heap/Verify/MutatorRelocate.h:102:8: warning: constexpr if is a C++17 extension [-Wc++17-extensions]
    if constexpr (kWaitRegionPublish) {
       ^
/root/cj_build/impl_relocation_receipt_queue5-mutant/src/runtime/src/Heap/Collector/PromotedRegionDomain.cpp:508:18: warning: variable 'recE' set but not used [-Wunused-but-set-variable]
        uint64_t recE = 0;
                 ^
/root/cj_build/impl_relocation_receipt_queue5-mutant/src/runtime/src/Heap/Collector/PromotedRegionDomain.cpp:71:6: warning: unused function 'EnvIsOne' [-Wunused-function]
bool EnvIsOne(const char* name)
     ^
9 warnings generated.
[ 80%] Building CXX object src/Heap/Verify/CMakeFiles/Verify.dir/VerifyRegions.cpp.o
In file included from /root/cj_build/impl_relocation_receipt_queue5-mutant/src/runtime/src/Heap/Collector/RelocationRequestQueue.cpp:11:
In file included from /root/cj_build/impl_relocation_receipt_queue5-mutant/src/runtime/src/Mutator/Mutator.inline.h:11:
In file included from /root/cj_build/impl_relocation_receipt_queue5-mutant/src/runtime/src/Mutator/MutatorManager.h:17:
/root/cj_build/impl_relocation_receipt_queue5-mutant/src/runtime/src/Base/GcLog.h:217:45: warning: format string is not a string literal [-Wformat-nonliteral]
        int n = vsnprintf(buf, sizeof(buf), format, args);
                                            ^~~~~~
In file included from /root/cj_build/impl_relocation_receipt_queue5-mutant/src/runtime/src/Heap/Collector/RelocationRequestQueue.cpp:11:
In file included from /root/cj_build/impl_relocation_receipt_queue5-mutant/src/runtime/src/Mutator/Mutator.inline.h:11:
In file included from /root/cj_build/impl_relocation_receipt_queue5-mutant/src/runtime/src/Mutator/MutatorManager.h:23:
In file included from /root/cj_build/impl_relocation_receipt_queue5-mutant/src/runtime/src/Mutator/Mutator.h:16:
In file included from /root/cj_build/impl_relocation_receipt_queue5-mutant/src/runtime/src/Heap/Allocator/Allocator.h:11:
In file included from /root/cj_build/impl_relocation_receipt_queue5-mutant/src/runtime/src/Heap/Allocator/AllocBufferManager.h:15:
In file included from /root/cj_build/impl_relocation_receipt_queue5-mutant/src/runtime/src/Heap/Allocator/AllocBuffer.h:16:
In file included from /root/cj_build/impl_relocation_receipt_queue5-mutant/src/runtime/src/Heap/Allocator/RegionList.h:11:
In file included from /root/cj_build/impl_relocation_receipt_queue5-mutant/src/runtime/src/Heap/Allocator/RegionInfo.h:41:
/root/cj_build/impl_relocation_receipt_queue5-mutant/src/runtime/src/Heap/Verify/AllocPhaseDiag.h:57:1: warning: inline variables are a C++17 extension [-Wc++17-extensions]
inline Slot g_table[kCap] = {};
^
/root/cj_build/impl_relocation_receipt_queue5-mutant/src/runtime/src/Heap/Verify/AllocPhaseDiag.h:58:1: warning: inline variables are a C++17 extension [-Wc++17-extensions]
inline NearEntry g_near[kNearCap] = {};
^
In file included from /root/cj_build/impl_relocation_receipt_queue5-mutant/src/runtime/src/Heap/Collector/RelocationRequestQueue.cpp:11:
In file included from /root/cj_build/impl_relocation_receipt_queue5-mutant/src/runtime/src/Mutator/Mutator.inline.h:11:
In file included from /root/cj_build/impl_relocation_receipt_queue5-mutant/src/runtime/src/Mutator/MutatorManager.h:23:
In file included from /root/cj_build/impl_relocation_receipt_queue5-mutant/src/runtime/src/Mutator/Mutator.h:16:
In file included from /root/cj_build/impl_relocation_receipt_queue5-mutant/src/runtime/src/Heap/Allocator/Allocator.h:11:
In file included from /root/cj_build/impl_relocation_receipt_queue5-mutant/src/runtime/src/Heap/Allocator/AllocBufferManager.h:15:
In file included from /root/cj_build/impl_relocation_receipt_queue5-mutant/src/runtime/src/Heap/Allocator/AllocBuffer.h:16:
In file included from /root/cj_build/impl_relocation_receipt_queue5-mutant/src/runtime/src/Heap/Allocator/RegionList.h:11:
In file included from /root/cj_build/impl_relocation_receipt_queue5-mutant/src/runtime/src/Heap/Allocator/RegionInfo.h:43:
/root/cj_build/impl_relocation_receipt_queue5-mutant/src/runtime/src/Heap/Verify/NullRouteCaller.h:34:1: warning: inline variables are a C++17 extension [-Wc++17-extensions]
inline thread_local const char* g_tag = nullptr;
^
/root/cj_build/impl_relocation_receipt_queue5-mutant/src/runtime/src/Heap/Verify/NullRouteCaller.h:35:1: warning: inline variables are a C++17 extension [-Wc++17-extensions]
inline thread_local const char* g_edgeSrc = nullptr;
^
/root/cj_build/impl_relocation_receipt_queue5-mutant/src/runtime/src/Heap/Verify/NullRouteCaller.h:36:1: warning: inline variables are a C++17 extension [-Wc++17-extensions]
inline thread_local uintptr_t g_slot = 0;
^
/root/cj_build/impl_relocation_receipt_queue5-mutant/src/runtime/src/Heap/Verify/NullRouteCaller.h:37:1: warning: inline variables are a C++17 extension [-Wc++17-extensions]
inline thread_local void* g_host = nullptr;
^
In file included from /root/cj_build/impl_relocation_receipt_queue5-mutant/src/runtime/src/Heap/Collector/RelocationRequestQueue.cpp:11:
In file included from /root/cj_build/impl_relocation_receipt_queue5-mutant/src/runtime/src/Mutator/Mutator.inline.h:11:
In file included from /root/cj_build/impl_relocation_receipt_queue5-mutant/src/runtime/src/Mutator/MutatorManager.h:23:
In file included from /root/cj_build/impl_relocation_receipt_queue5-mutant/src/runtime/src/Mutator/Mutator.h:16:
In file included from /root/cj_build/impl_relocation_receipt_queue5-mutant/src/runtime/src/Heap/Allocator/Allocator.h:11:
In file included from /root/cj_build/impl_relocation_receipt_queue5-mutant/src/runtime/src/Heap/Allocator/AllocBufferManager.h:15:
In file included from /root/cj_build/impl_relocation_receipt_queue5-mutant/src/runtime/src/Heap/Allocator/AllocBuffer.h:16:
In file included from /root/cj_build/impl_relocation_receipt_queue5-mutant/src/runtime/src/Heap/Allocator/RegionList.h:11:
In file included from /root/cj_build/impl_relocation_receipt_queue5-mutant/src/runtime/src/Heap/Allocator/RegionInfo.h:53:
/root/cj_build/impl_relocation_receipt_queue5-mutant/src/runtime/src/Heap/Verify/MutatorRelocate.h:102:8: warning: constexpr if is a C++17 extension [-Wc++17-extensions]
    if constexpr (kWaitRegionPublish) {
       ^
8 warnings generated.
[ 81%] Linking CXX static library ../../../../output/temp/ar/x86_64_Release/libCollector.a
/root/cj_build/impl_relocation_receipt_queue5-mutant/src/runtime/src/Heap/Verify/Zap.cpp:17:6: warning: unused function 'EnvIsOne' [-Wunused-function]
bool EnvIsOne(const char* name)
     ^
1 warning generated.
[ 81%] Building CXX object src/Heap/Verify/CMakeFiles/Verify.dir/MinorGCALot.cpp.o
[ 81%] Built target Collector
[ 81%] Building CXX object src/Heap/Verify/CMakeFiles/Verify.dir/TraceClear.cpp.o
In file included from /root/cj_build/impl_relocation_receipt_queue5-mutant/src/runtime/src/Heap/Verify/SurvNodeDiag.cpp:15:
In file included from /root/cj_build/impl_relocation_receipt_queue5-mutant/src/runtime/src/Heap/Allocator/RegionInfo.h:41:
/root/cj_build/impl_relocation_receipt_queue5-mutant/src/runtime/src/Heap/Verify/AllocPhaseDiag.h:57:1: warning: inline variables are a C++17 extension [-Wc++17-extensions]
inline Slot g_table[kCap] = {};
^
/root/cj_build/impl_relocation_receipt_queue5-mutant/src/runtime/src/Heap/Verify/AllocPhaseDiag.h:58:1: warning: inline variables are a C++17 extension [-Wc++17-extensions]
inline NearEntry g_near[kNearCap] = {};
^
In file included from /root/cj_build/impl_relocation_receipt_queue5-mutant/src/runtime/src/Heap/Verify/SurvNodeDiag.cpp:15:
In file included from /root/cj_build/impl_relocation_receipt_queue5-mutant/src/runtime/src/Heap/Allocator/RegionInfo.h:43:
/root/cj_build/impl_relocation_receipt_queue5-mutant/src/runtime/src/Heap/Verify/NullRouteCaller.h:34:1: warning: inline variables are a C++17 extension [-Wc++17-extensions]
inline thread_local const char* g_tag = nullptr;
^
/root/cj_build/impl_relocation_receipt_queue5-mutant/src/runtime/src/Heap/Verify/NullRouteCaller.h:35:1: warning: inline variables are a C++17 extension [-Wc++17-extensions]
inline thread_local const char* g_edgeSrc = nullptr;
^
/root/cj_build/impl_relocation_receipt_queue5-mutant/src/runtime/src/Heap/Verify/NullRouteCaller.h:36:1: warning: inline variables are a C++17 extension [-Wc++17-extensions]
inline thread_local uintptr_t g_slot = 0;
^
/root/cj_build/impl_relocation_receipt_queue5-mutant/src/runtime/src/Heap/Verify/NullRouteCaller.h:37:1: warning: inline variables are a C++17 extension [-Wc++17-extensions]
inline thread_local void* g_host = nullptr;
^
In file included from /root/cj_build/impl_relocation_receipt_queue5-mutant/src/runtime/src/Heap/Verify/SurvNodeDiag.cpp:15:
In file included from /root/cj_build/impl_relocation_receipt_queue5-mutant/src/runtime/src/Heap/Allocator/RegionInfo.h:53:
/root/cj_build/impl_relocation_receipt_queue5-mutant/src/runtime/src/Heap/Verify/MutatorRelocate.h:102:8: warning: constexpr if is a C++17 extension [-Wc++17-extensions]
    if constexpr (kWaitRegionPublish) {
       ^
In file included from /root/cj_build/impl_relocation_receipt_queue5-mutant/src/runtime/src/Heap/Verify/SurvNodeDiag.cpp:16:
In file included from /root/cj_build/impl_relocation_receipt_queue5-mutant/src/runtime/src/Heap/Allocator/RegionSpace.h:22:
In file included from /root/cj_build/impl_relocation_receipt_queue5-mutant/src/runtime/src/Heap/Allocator/RegionManager.h:25:
In file included from /root/cj_build/impl_relocation_receipt_queue5-mutant/src/runtime/src/Heap/Allocator/FreeRegionManager.h:15:
In file included from /root/cj_build/impl_relocation_receipt_queue5-mutant/src/runtime/src/Common/ScopedObjectAccess.h:11:
In file included from /root/cj_build/impl_relocation_receipt_queue5-mutant/src/runtime/src/Mutator/Mutator.inline.h:11:
In file included from /root/cj_build/impl_relocation_receipt_queue5-mutant/src/runtime/src/Mutator/MutatorManager.h:17:
/root/cj_build/impl_relocation_receipt_queue5-mutant/src/runtime/src/Base/GcLog.h:217:45: warning: format string is not a string literal [-Wformat-nonliteral]
        int n = vsnprintf(buf, sizeof(buf), format, args);
                                            ^~~~~~
8 warnings generated.
[ 82%] Building CXX object src/Heap/Verify/CMakeFiles/Verify.dir/TagReuseProbe.cpp.o
In file included from /root/cj_build/impl_relocation_receipt_queue5-mutant/src/runtime/src/Heap/Collector/RelocationSet.cpp:8:
In file included from /root/cj_build/impl_relocation_receipt_queue5-mutant/src/runtime/src/Heap/WCollector/WCollector.h:22:
In file included from /root/cj_build/impl_relocation_receipt_queue5-mutant/src/runtime/src/Heap/Allocator/RegionSpace.h:19:
In file included from /root/cj_build/impl_relocation_receipt_queue5-mutant/src/runtime/src/Heap/Allocator/Allocator.h:11:
In file included from /root/cj_build/impl_relocation_receipt_queue5-mutant/src/runtime/src/Heap/Allocator/AllocBufferManager.h:15:
In file included from /root/cj_build/impl_relocation_receipt_queue5-mutant/src/runtime/src/Heap/Allocator/AllocBuffer.h:16:
In file included from /root/cj_build/impl_relocation_receipt_queue5-mutant/src/runtime/src/Heap/Allocator/RegionList.h:11:
In file included from /root/cj_build/impl_relocation_receipt_queue5-mutant/src/runtime/src/Heap/Allocator/RegionInfo.h:41:
/root/cj_build/impl_relocation_receipt_queue5-mutant/src/runtime/src/Heap/Verify/AllocPhaseDiag.h:57:1: warning: inline variables are a C++17 extension [-Wc++17-extensions]
inline Slot g_table[kCap] = {};
^
/root/cj_build/impl_relocation_receipt_queue5-mutant/src/runtime/src/Heap/Verify/AllocPhaseDiag.h:58:1: warning: inline variables are a C++17 extension [-Wc++17-extensions]
inline NearEntry g_near[kNearCap] = {};
^
In file included from /root/cj_build/impl_relocation_receipt_queue5-mutant/src/runtime/src/Heap/Collector/RelocationSet.cpp:8:
In file included from /root/cj_build/impl_relocation_receipt_queue5-mutant/src/runtime/src/Heap/WCollector/WCollector.h:22:
In file included from /root/cj_build/impl_relocation_receipt_queue5-mutant/src/runtime/src/Heap/Allocator/RegionSpace.h:19:
In file included from /root/cj_build/impl_relocation_receipt_queue5-mutant/src/runtime/src/Heap/Allocator/Allocator.h:11:
In file included from /root/cj_build/impl_relocation_receipt_queue5-mutant/src/runtime/src/Heap/Allocator/AllocBufferManager.h:15:
In file included from /root/cj_build/impl_relocation_receipt_queue5-mutant/src/runtime/src/Heap/Allocator/AllocBuffer.h:16:
In file included from /root/cj_build/impl_relocation_receipt_queue5-mutant/src/runtime/src/Heap/Allocator/RegionList.h:11:
In file included from /root/cj_build/impl_relocation_receipt_queue5-mutant/src/runtime/src/Heap/Allocator/RegionInfo.h:43:
/root/cj_build/impl_relocation_receipt_queue5-mutant/src/runtime/src/Heap/Verify/NullRouteCaller.h:34:1: warning: inline variables are a C++17 extension [-Wc++17-extensions]
inline thread_local const char* g_tag = nullptr;
^
/root/cj_build/impl_relocation_receipt_queue5-mutant/src/runtime/src/Heap/Verify/NullRouteCaller.h:35:1: warning: inline variables are a C++17 extension [-Wc++17-extensions]
inline thread_local const char* g_edgeSrc = nullptr;
^
/root/cj_build/impl_relocation_receipt_queue5-mutant/src/runtime/src/Heap/Verify/NullRouteCaller.h:36:1: warning: inline variables are a C++17 extension [-Wc++17-extensions]
inline thread_local uintptr_t g_slot = 0;
^
/root/cj_build/impl_relocation_receipt_queue5-mutant/src/runtime/src/Heap/Verify/NullRouteCaller.h:37:1: warning: inline variables are a C++17 extension [-Wc++17-extensions]
inline thread_local void* g_host = nullptr;
^
In file included from /root/cj_build/impl_relocation_receipt_queue5-mutant/src/runtime/src/Heap/Collector/RelocationSet.cpp:8:
In file included from /root/cj_build/impl_relocation_receipt_queue5-mutant/src/runtime/src/Heap/WCollector/WCollector.h:22:
In file included from /root/cj_build/impl_relocation_receipt_queue5-mutant/src/runtime/src/Heap/Allocator/RegionSpace.h:19:
In file included from /root/cj_build/impl_relocation_receipt_queue5-mutant/src/runtime/src/Heap/Allocator/Allocator.h:11:
In file included from /root/cj_build/impl_relocation_receipt_queue5-mutant/src/runtime/src/Heap/Allocator/AllocBufferManager.h:15:
In file included from /root/cj_build/impl_relocation_receipt_queue5-mutant/src/runtime/src/Heap/Allocator/AllocBuffer.h:16:
In file included from /root/cj_build/impl_relocation_receipt_queue5-mutant/src/runtime/src/Heap/Allocator/RegionList.h:11:
In file included from /root/cj_build/impl_relocation_receipt_queue5-mutant/src/runtime/src/Heap/Allocator/RegionInfo.h:53:
/root/cj_build/impl_relocation_receipt_queue5-mutant/src/runtime/src/Heap/Verify/MutatorRelocate.h:102:8: warning: constexpr if is a C++17 extension [-Wc++17-extensions]
    if constexpr (kWaitRegionPublish) {
       ^
In file included from /root/cj_build/impl_relocation_receipt_queue5-mutant/src/runtime/src/Heap/Collector/RelocationSet.cpp:8:
In file included from /root/cj_build/impl_relocation_receipt_queue5-mutant/src/runtime/src/Heap/WCollector/WCollector.h:22:
In file included from /root/cj_build/impl_relocation_receipt_queue5-mutant/src/runtime/src/Heap/Allocator/RegionSpace.h:22:
In file included from /root/cj_build/impl_relocation_receipt_queue5-mutant/src/runtime/src/Heap/Allocator/RegionManager.h:25:
In file included from /root/cj_build/impl_relocation_receipt_queue5-mutant/src/runtime/src/Heap/Allocator/FreeRegionManager.h:15:
In file included from /root/cj_build/impl_relocation_receipt_queue5-mutant/src/runtime/src/Common/ScopedObjectAccess.h:11:
In file included from /root/cj_build/impl_relocation_receipt_queue5-mutant/src/runtime/src/Mutator/Mutator.inline.h:11:
In file included from /root/cj_build/impl_relocation_receipt_queue5-mutant/src/runtime/src/Mutator/MutatorManager.h:17:
/root/cj_build/impl_relocation_receipt_queue5-mutant/src/runtime/src/Base/GcLog.h:217:45: warning: format string is not a string literal [-Wformat-nonliteral]
        int n = vsnprintf(buf, sizeof(buf), format, args);
                                            ^~~~~~
In file included from /root/cj_build/impl_relocation_receipt_queue5-mutant/src/runtime/src/Heap/Collector/RelocationSet.cpp:8:
In file included from /root/cj_build/impl_relocation_receipt_queue5-mutant/src/runtime/src/Heap/WCollector/WCollector.h:24:
In file included from /root/cj_build/impl_relocation_receipt_queue5-mutant/src/runtime/src/Heap/Collector/CopyCollector.h:13:
/root/cj_build/impl_relocation_receipt_queue5-mutant/src/runtime/src/Heap/Collector/TracingCollector.h:352:20: warning: unused variable 'objSize' [-Wunused-variable]
            size_t objSize = obj->GetSize();
                   ^
In file included from /root/cj_build/impl_relocation_receipt_queue5-mutant/src/runtime/src/Heap/Collector/RelocationSet.cpp:8:
/root/cj_build/impl_relocation_receipt_queue5-mutant/src/runtime/src/Heap/WCollector/WCollector.h:425:12: warning: constexpr if is a C++17 extension [-Wc++17-extensions]
        if constexpr (ForwardingTable::kEntriesSoleWhenArmed) {
           ^
/root/cj_build/impl_relocation_receipt_queue5-mutant/src/runtime/src/Heap/WCollector/WCollector.h:450:12: warning: constexpr if is a C++17 extension [-Wc++17-extensions]
        if constexpr (ForwardingTable::kEntriesSoleWhenArmed) {
           ^
/root/cj_build/impl_relocation_receipt_queue5-mutant/src/runtime/src/Heap/WCollector/WCollector.h:345:38: warning: unused variable 'noGhostCount' [-Wunused-variable]
        static std::atomic<uint64_t> noGhostCount{ 0 };
                                     ^
/root/cj_build/impl_relocation_receipt_queue5-mutant/src/runtime/src/Heap/WCollector/WCollector.h:348:38: warning: unused variable 'waitCount' [-Wunused-variable]
        static std::atomic<uint64_t> waitCount{ 0 };
                                     ^
/root/cj_build/impl_relocation_receipt_queue5-mutant/src/runtime/src/Heap/WCollector/WCollector.h:344:38: warning: unused variable 'nonHeapCount' [-Wunused-variable]
        static std::atomic<uint64_t> nonHeapCount{ 0 };
                                     ^
/root/cj_build/impl_relocation_receipt_queue5-mutant/src/runtime/src/Heap/WCollector/WCollector.h:346:38: warning: unused variable 'routeNullCount' [-Wunused-variable]
        static std::atomic<uint64_t> routeNullCount{ 0 };
                                     ^
/root/cj_build/impl_relocation_receipt_queue5-mutant/src/runtime/src/Heap/WCollector/WCollector.h:349:38: warning: unused variable 'giveFromCount' [-Wunused-variable]
        static std::atomic<uint64_t> giveFromCount{ 0 };
                                     ^
/root/cj_build/impl_relocation_receipt_queue5-mutant/src/runtime/src/Heap/WCollector/WCollector.h:343:38: warning: unused variable 'callCount' [-Wunused-variable]
        static std::atomic<uint64_t> callCount{ 0 };
                                     ^
/root/cj_build/impl_relocation_receipt_queue5-mutant/src/runtime/src/Heap/WCollector/WCollector.h:347:38: warning: unused variable 'receiptCount' [-Wunused-variable]
        static std::atomic<uint64_t> receiptCount{ 0 };
                                     ^
/root/cj_build/impl_relocation_receipt_queue5-mutant/src/runtime/src/Heap/WCollector/WCollector.h:357:20: warning: unused variable 'funnel' [-Wunused-variable]
        const bool funnel = RemapFunnelOn();
                   ^
/root/cj_build/impl_relocation_receipt_queue5-mutant/src/runtime/src/Heap/WCollector/WCollector.h:622:12: warning: constexpr if is a C++17 extension [-Wc++17-extensions]
        if constexpr (ForwardingTable::kEntriesSoleWhenArmed) {
           ^
/root/cj_build/impl_relocation_receipt_queue5-mutant/src/runtime/src/Heap/WCollector/WCollector.h:677:12: warning: constexpr if is a C++17 extension [-Wc++17-extensions]
        if constexpr (ForwardingTable::kConsumeEntries) {
           ^
/root/cj_build/impl_relocation_receipt_queue5-mutant/src/runtime/src/Heap/WCollector/WCollector.h:682:16: warning: constexpr if is a C++17 extension [-Wc++17-extensions]
            if constexpr (ForwardingTable::kEntriesSoleWhenArmed) {
               ^
/root/cj_build/impl_relocation_receipt_queue5-mutant/src/runtime/src/Heap/WCollector/WCollector.h:713:12: warning: constexpr if is a C++17 extension [-Wc++17-extensions]
        if constexpr (ForwardingTable::kConsumeEntries) {
           ^
23 warnings generated.
[ 82%] Building CXX object src/Heap/Verify/CMakeFiles/Verify.dir/MarkWhyProbe.cpp.o
In file included from /root/cj_build/impl_relocation_receipt_queue5-mutant/src/runtime/src/Heap/Verify/VerifyRegions.cpp:15:
In file included from /root/cj_build/impl_relocation_receipt_queue5-mutant/src/runtime/src/Heap/Verify/VerifyRegions.h:17:
In file included from /root/cj_build/impl_relocation_receipt_queue5-mutant/src/runtime/src/Heap/Allocator/RegionInfo.h:41:
/root/cj_build/impl_relocation_receipt_queue5-mutant/src/runtime/src/Heap/Verify/AllocPhaseDiag.h:57:1: warning: inline variables are a C++17 extension [-Wc++17-extensions]
inline Slot g_table[kCap] = {};
^
/root/cj_build/impl_relocation_receipt_queue5-mutant/src/runtime/src/Heap/Verify/AllocPhaseDiag.h:58:1: warning: inline variables are a C++17 extension [-Wc++17-extensions]
inline NearEntry g_near[kNearCap] = {};
^
In file included from /root/cj_build/impl_relocation_receipt_queue5-mutant/src/runtime/src/Heap/Verify/VerifyRegions.cpp:15:
In file included from /root/cj_build/impl_relocation_receipt_queue5-mutant/src/runtime/src/Heap/Verify/VerifyRegions.h:17:
In file included from /root/cj_build/impl_relocation_receipt_queue5-mutant/src/runtime/src/Heap/Allocator/RegionInfo.h:43:
/root/cj_build/impl_relocation_receipt_queue5-mutant/src/runtime/src/Heap/Verify/NullRouteCaller.h:34:1: warning: inline variables are a C++17 extension [-Wc++17-extensions]
inline thread_local const char* g_tag = nullptr;
^
/root/cj_build/impl_relocation_receipt_queue5-mutant/src/runtime/src/Heap/Verify/NullRouteCaller.h:35:1: warning: inline variables are a C++17 extension [-Wc++17-extensions]
inline thread_local const char* g_edgeSrc = nullptr;
^
/root/cj_build/impl_relocation_receipt_queue5-mutant/src/runtime/src/Heap/Verify/NullRouteCaller.h:36:1: warning: inline variables are a C++17 extension [-Wc++17-extensions]
inline thread_local uintptr_t g_slot = 0;
^
/root/cj_build/impl_relocation_receipt_queue5-mutant/src/runtime/src/Heap/Verify/NullRouteCaller.h:37:1: warning: inline variables are a C++17 extension [-Wc++17-extensions]
inline thread_local void* g_host = nullptr;
^
In file included from /root/cj_build/impl_relocation_receipt_queue5-mutant/src/runtime/src/Heap/Verify/VerifyRegions.cpp:15:
In file included from /root/cj_build/impl_relocation_receipt_queue5-mutant/src/runtime/src/Heap/Verify/VerifyRegions.h:17:
In file included from /root/cj_build/impl_relocation_receipt_queue5-mutant/src/runtime/src/Heap/Allocator/RegionInfo.h:53:
/root/cj_build/impl_relocation_receipt_queue5-mutant/src/runtime/src/Heap/Verify/MutatorRelocate.h:102:8: warning: constexpr if is a C++17 extension [-Wc++17-extensions]
    if constexpr (kWaitRegionPublish) {
       ^
In file included from /root/cj_build/impl_relocation_receipt_queue5-mutant/src/runtime/src/Heap/Verify/VerifyRegions.cpp:24:
In file included from /root/cj_build/impl_relocation_receipt_queue5-mutant/src/runtime/src/Heap/Allocator/RegionManager.h:25:
In file included from /root/cj_build/impl_relocation_receipt_queue5-mutant/src/runtime/src/Heap/Allocator/FreeRegionManager.h:15:
In file included from /root/cj_build/impl_relocation_receipt_queue5-mutant/src/runtime/src/Common/ScopedObjectAccess.h:11:
In file included from /root/cj_build/impl_relocation_receipt_queue5-mutant/src/runtime/src/Mutator/Mutator.inline.h:11:
In file included from /root/cj_build/impl_relocation_receipt_queue5-mutant/src/runtime/src/Mutator/MutatorManager.h:17:
/root/cj_build/impl_relocation_receipt_queue5-mutant/src/runtime/src/Base/GcLog.h:217:45: warning: format string is not a string literal [-Wformat-nonliteral]
        int n = vsnprintf(buf, sizeof(buf), format, args);
                                            ^~~~~~
/root/cj_build/impl_relocation_receipt_queue5-mutant/src/runtime/src/Heap/Verify/VerifyRegions.cpp:79:6: warning: unused function 'EnvIsOne' [-Wunused-function]
bool EnvIsOne(const char* name)
     ^
/root/cj_build/impl_relocation_receipt_queue5-mutant/src/runtime/src/Heap/Verify/VerifyRegions.cpp:85:8: warning: unused function 'EnvAsSize' [-Wunused-function]
size_t EnvAsSize(const char* name, size_t defaultValue)
       ^
10 warnings generated.
[ 82%] Building CXX object src/Heap/Verify/CMakeFiles/Verify.dir/StackFrameOracle.cpp.o
In file included from /root/cj_build/impl_relocation_receipt_queue5-mutant/src/runtime/src/Heap/Verify/MinorGCALot.cpp:17:
In file included from /root/cj_build/impl_relocation_receipt_queue5-mutant/src/runtime/src/Mutator/MutatorManager.h:17:
/root/cj_build/impl_relocation_receipt_queue5-mutant/src/runtime/src/Base/GcLog.h:217:45: warning: format string is not a string literal [-Wformat-nonliteral]
        int n = vsnprintf(buf, sizeof(buf), format, args);
                                            ^~~~~~
In file included from /root/cj_build/impl_relocation_receipt_queue5-mutant/src/runtime/src/Heap/Verify/MinorGCALot.cpp:17:
In file included from /root/cj_build/impl_relocation_receipt_queue5-mutant/src/runtime/src/Mutator/MutatorManager.h:23:
In file included from /root/cj_build/impl_relocation_receipt_queue5-mutant/src/runtime/src/Mutator/Mutator.h:16:
In file included from /root/cj_build/impl_relocation_receipt_queue5-mutant/src/runtime/src/Heap/Allocator/Allocator.h:11:
In file included from /root/cj_build/impl_relocation_receipt_queue5-mutant/src/runtime/src/Heap/Allocator/AllocBufferManager.h:15:
In file included from /root/cj_build/impl_relocation_receipt_queue5-mutant/src/runtime/src/Heap/Allocator/AllocBuffer.h:16:
In file included from /root/cj_build/impl_relocation_receipt_queue5-mutant/src/runtime/src/Heap/Allocator/RegionList.h:11:
In file included from /root/cj_build/impl_relocation_receipt_queue5-mutant/src/runtime/src/Heap/Allocator/RegionInfo.h:41:
/root/cj_build/impl_relocation_receipt_queue5-mutant/src/runtime/src/Heap/Verify/AllocPhaseDiag.h:57:1: warning: inline variables are a C++17 extension [-Wc++17-extensions]
inline Slot g_table[kCap] = {};
^
/root/cj_build/impl_relocation_receipt_queue5-mutant/src/runtime/src/Heap/Verify/AllocPhaseDiag.h:58:1: warning: inline variables are a C++17 extension [-Wc++17-extensions]
inline NearEntry g_near[kNearCap] = {};
^
In file included from /root/cj_build/impl_relocation_receipt_queue5-mutant/src/runtime/src/Heap/Verify/MinorGCALot.cpp:17:
In file included from /root/cj_build/impl_relocation_receipt_queue5-mutant/src/runtime/src/Mutator/MutatorManager.h:23:
In file included from /root/cj_build/impl_relocation_receipt_queue5-mutant/src/runtime/src/Mutator/Mutator.h:16:
In file included from /root/cj_build/impl_relocation_receipt_queue5-mutant/src/runtime/src/Heap/Allocator/Allocator.h:11:
In file included from /root/cj_build/impl_relocation_receipt_queue5-mutant/src/runtime/src/Heap/Allocator/AllocBufferManager.h:15:
In file included from /root/cj_build/impl_relocation_receipt_queue5-mutant/src/runtime/src/Heap/Allocator/AllocBuffer.h:16:
In file included from /root/cj_build/impl_relocation_receipt_queue5-mutant/src/runtime/src/Heap/Allocator/RegionList.h:11:
In file included from /root/cj_build/impl_relocation_receipt_queue5-mutant/src/runtime/src/Heap/Allocator/RegionInfo.h:43:
/root/cj_build/impl_relocation_receipt_queue5-mutant/src/runtime/src/Heap/Verify/NullRouteCaller.h:34:1: warning: inline variables are a C++17 extension [-Wc++17-extensions]
inline thread_local const char* g_tag = nullptr;
^
/root/cj_build/impl_relocation_receipt_queue5-mutant/src/runtime/src/Heap/Verify/NullRouteCaller.h:35:1: warning: inline variables are a C++17 extension [-Wc++17-extensions]
inline thread_local const char* g_edgeSrc = nullptr;
^
/root/cj_build/impl_relocation_receipt_queue5-mutant/src/runtime/src/Heap/Verify/NullRouteCaller.h:36:1: warning: inline variables are a C++17 extension [-Wc++17-extensions]
inline thread_local uintptr_t g_slot = 0;
^
/root/cj_build/impl_relocation_receipt_queue5-mutant/src/runtime/src/Heap/Verify/NullRouteCaller.h:37:1: warning: inline variables are a C++17 extension [-Wc++17-extensions]
inline thread_local void* g_host = nullptr;
^
In file included from /root/cj_build/impl_relocation_receipt_queue5-mutant/src/runtime/src/Heap/Verify/MinorGCALot.cpp:17:
In file included from /root/cj_build/impl_relocation_receipt_queue5-mutant/src/runtime/src/Mutator/MutatorManager.h:23:
In file included from /root/cj_build/impl_relocation_receipt_queue5-mutant/src/runtime/src/Mutator/Mutator.h:16:
In file included from /root/cj_build/impl_relocation_receipt_queue5-mutant/src/runtime/src/Heap/Allocator/Allocator.h:11:
In file included from /root/cj_build/impl_relocation_receipt_queue5-mutant/src/runtime/src/Heap/Allocator/AllocBufferManager.h:15:
In file included from /root/cj_build/impl_relocation_receipt_queue5-mutant/src/runtime/src/Heap/Allocator/AllocBuffer.h:16:
In file included from /root/cj_build/impl_relocation_receipt_queue5-mutant/src/runtime/src/Heap/Allocator/RegionList.h:11:
In file included from /root/cj_build/impl_relocation_receipt_queue5-mutant/src/runtime/src/Heap/Allocator/RegionInfo.h:53:
/root/cj_build/impl_relocation_receipt_queue5-mutant/src/runtime/src/Heap/Verify/MutatorRelocate.h:102:8: warning: constexpr if is a C++17 extension [-Wc++17-extensions]
    if constexpr (kWaitRegionPublish) {
       ^
8 warnings generated.
In file included from /root/cj_build/impl_relocation_receipt_queue5-mutant/src/runtime/src/Heap/Collector/Relocate.cpp:8:
In file included from /root/cj_build/impl_relocation_receipt_queue5-mutant/src/runtime/src/Heap/WCollector/WCollector.h:22:
In file included from /root/cj_build/impl_relocation_receipt_queue5-mutant/src/runtime/src/Heap/Allocator/RegionSpace.h:19:
In file included from /root/cj_build/impl_relocation_receipt_queue5-mutant/src/runtime/src/Heap/Allocator/Allocator.h:11:
In file included from /root/cj_build/impl_relocation_receipt_queue5-mutant/src/runtime/src/Heap/Allocator/AllocBufferManager.h:15:
In file included from /root/cj_build/impl_relocation_receipt_queue5-mutant/src/runtime/src/Heap/Allocator/AllocBuffer.h:16:
In file included from /root/cj_build/impl_relocation_receipt_queue5-mutant/src/runtime/src/Heap/Allocator/RegionList.h:11:
In file included from /root/cj_build/impl_relocation_receipt_queue5-mutant/src/runtime/src/Heap/Allocator/RegionInfo.h:41:
/root/cj_build/impl_relocation_receipt_queue5-mutant/src/runtime/src/Heap/Verify/AllocPhaseDiag.h:57:1: warning: inline variables are a C++17 extension [-Wc++17-extensions]
inline Slot g_table[kCap] = {};
^
/root/cj_build/impl_relocation_receipt_queue5-mutant/src/runtime/src/Heap/Verify/AllocPhaseDiag.h:58:1: warning: inline variables are a C++17 extension [-Wc++17-extensions]
inline NearEntry g_near[kNearCap] = {};
^
In file included from /root/cj_build/impl_relocation_receipt_queue5-mutant/src/runtime/src/Heap/Collector/Relocate.cpp:8:
In file included from /root/cj_build/impl_relocation_receipt_queue5-mutant/src/runtime/src/Heap/WCollector/WCollector.h:22:
In file included from /root/cj_build/impl_relocation_receipt_queue5-mutant/src/runtime/src/Heap/Allocator/RegionSpace.h:19:
In file included from /root/cj_build/impl_relocation_receipt_queue5-mutant/src/runtime/src/Heap/Allocator/Allocator.h:11:
In file included from /root/cj_build/impl_relocation_receipt_queue5-mutant/src/runtime/src/Heap/Allocator/AllocBufferManager.h:15:
In file included from /root/cj_build/impl_relocation_receipt_queue5-mutant/src/runtime/src/Heap/Allocator/AllocBuffer.h:16:
In file included from /root/cj_build/impl_relocation_receipt_queue5-mutant/src/runtime/src/Heap/Allocator/RegionList.h:11:
In file included from /root/cj_build/impl_relocation_receipt_queue5-mutant/src/runtime/src/Heap/Allocator/RegionInfo.h:43:
/root/cj_build/impl_relocation_receipt_queue5-mutant/src/runtime/src/Heap/Verify/NullRouteCaller.h:34:1: warning: inline variables are a C++17 extension [-Wc++17-extensions]
inline thread_local const char* g_tag = nullptr;
^
/root/cj_build/impl_relocation_receipt_queue5-mutant/src/runtime/src/Heap/Verify/NullRouteCaller.h:35:1: warning: inline variables are a C++17 extension [-Wc++17-extensions]
inline thread_local const char* g_edgeSrc = nullptr;
^
/root/cj_build/impl_relocation_receipt_queue5-mutant/src/runtime/src/Heap/Verify/NullRouteCaller.h:36:1: warning: inline variables are a C++17 extension [-Wc++17-extensions]
inline thread_local uintptr_t g_slot = 0;
^
/root/cj_build/impl_relocation_receipt_queue5-mutant/src/runtime/src/Heap/Verify/NullRouteCaller.h:37:1: warning: inline variables are a C++17 extension [-Wc++17-extensions]
inline thread_local void* g_host = nullptr;
^
In file included from /root/cj_build/impl_relocation_receipt_queue5-mutant/src/runtime/src/Heap/Collector/Relocate.cpp:8:
In file included from /root/cj_build/impl_relocation_receipt_queue5-mutant/src/runtime/src/Heap/WCollector/WCollector.h:22:
In file included from /root/cj_build/impl_relocation_receipt_queue5-mutant/src/runtime/src/Heap/Allocator/RegionSpace.h:19:
In file included from /root/cj_build/impl_relocation_receipt_queue5-mutant/src/runtime/src/Heap/Allocator/Allocator.h:11:
In file included from /root/cj_build/impl_relocation_receipt_queue5-mutant/src/runtime/src/Heap/Allocator/AllocBufferManager.h:15:
In file included from /root/cj_build/impl_relocation_receipt_queue5-mutant/src/runtime/src/Heap/Allocator/AllocBuffer.h:16:
In file included from /root/cj_build/impl_relocation_receipt_queue5-mutant/src/runtime/src/Heap/Allocator/RegionList.h:11:
In file included from /root/cj_build/impl_relocation_receipt_queue5-mutant/src/runtime/src/Heap/Allocator/RegionInfo.h:53:
/root/cj_build/impl_relocation_receipt_queue5-mutant/src/runtime/src/Heap/Verify/MutatorRelocate.h:102:8: warning: constexpr if is a C++17 extension [-Wc++17-extensions]
    if constexpr (kWaitRegionPublish) {
       ^
In file included from /root/cj_build/impl_relocation_receipt_queue5-mutant/src/runtime/src/Heap/Collector/Relocate.cpp:8:
In file included from /root/cj_build/impl_relocation_receipt_queue5-mutant/src/runtime/src/Heap/WCollector/WCollector.h:22:
In file included from /root/cj_build/impl_relocation_receipt_queue5-mutant/src/runtime/src/Heap/Allocator/RegionSpace.h:22:
In file included from /root/cj_build/impl_relocation_receipt_queue5-mutant/src/runtime/src/Heap/Allocator/RegionManager.h:25:
In file included from /root/cj_build/impl_relocation_receipt_queue5-mutant/src/runtime/src/Heap/Allocator/FreeRegionManager.h:15:
In file included from /root/cj_build/impl_relocation_receipt_queue5-mutant/src/runtime/src/Common/ScopedObjectAccess.h:11:
In file included from /root/cj_build/impl_relocation_receipt_queue5-mutant/src/runtime/src/Mutator/Mutator.inline.h:11:
In file included from /root/cj_build/impl_relocation_receipt_queue5-mutant/src/runtime/src/Mutator/MutatorManager.h:17:
/root/cj_build/impl_relocation_receipt_queue5-mutant/src/runtime/src/Base/GcLog.h:217:45: warning: format string is not a string literal [-Wformat-nonliteral]
        int n = vsnprintf(buf, sizeof(buf), format, args);
                                            ^~~~~~
In file included from /root/cj_build/impl_relocation_receipt_queue5-mutant/src/runtime/src/Heap/Collector/Relocate.cpp:8:
In file included from /root/cj_build/impl_relocation_receipt_queue5-mutant/src/runtime/src/Heap/WCollector/WCollector.h:24:
In file included from /root/cj_build/impl_relocation_receipt_queue5-mutant/src/runtime/src/Heap/Collector/CopyCollector.h:13:
/root/cj_build/impl_relocation_receipt_queue5-mutant/src/runtime/src/Heap/Collector/TracingCollector.h:352:20: warning: unused variable 'objSize' [-Wunused-variable]
            size_t objSize = obj->GetSize();
                   ^
In file included from /root/cj_build/impl_relocation_receipt_queue5-mutant/src/runtime/src/Heap/Collector/Relocate.cpp:8:
/root/cj_build/impl_relocation_receipt_queue5-mutant/src/runtime/src/Heap/WCollector/WCollector.h:425:12: warning: constexpr if is a C++17 extension [-Wc++17-extensions]
        if constexpr (ForwardingTable::kEntriesSoleWhenArmed) {
           ^
/root/cj_build/impl_relocation_receipt_queue5-mutant/src/runtime/src/Heap/WCollector/WCollector.h:450:12: warning: constexpr if is a C++17 extension [-Wc++17-extensions]
        if constexpr (ForwardingTable::kEntriesSoleWhenArmed) {
           ^
/root/cj_build/impl_relocation_receipt_queue5-mutant/src/runtime/src/Heap/WCollector/WCollector.h:346:38: warning: unused variable 'routeNullCount' [-Wunused-variable]
        static std::atomic<uint64_t> routeNullCount{ 0 };
                                     ^
/root/cj_build/impl_relocation_receipt_queue5-mutant/src/runtime/src/Heap/WCollector/WCollector.h:357:20: warning: unused variable 'funnel' [-Wunused-variable]
        const bool funnel = RemapFunnelOn();
                   ^
/root/cj_build/impl_relocation_receipt_queue5-mutant/src/runtime/src/Heap/WCollector/WCollector.h:349:38: warning: unused variable 'giveFromCount' [-Wunused-variable]
        static std::atomic<uint64_t> giveFromCount{ 0 };
                                     ^
/root/cj_build/impl_relocation_receipt_queue5-mutant/src/runtime/src/Heap/WCollector/WCollector.h:343:38: warning: unused variable 'callCount' [-Wunused-variable]
        static std::atomic<uint64_t> callCount{ 0 };
                                     ^
/root/cj_build/impl_relocation_receipt_queue5-mutant/src/runtime/src/Heap/WCollector/WCollector.h:348:38: warning: unused variable 'waitCount' [-Wunused-variable]
        static std::atomic<uint64_t> waitCount{ 0 };
                                     ^
/root/cj_build/impl_relocation_receipt_queue5-mutant/src/runtime/src/Heap/WCollector/WCollector.h:344:38: warning: unused variable 'nonHeapCount' [-Wunused-variable]
        static std::atomic<uint64_t> nonHeapCount{ 0 };
                                     ^
/root/cj_build/impl_relocation_receipt_queue5-mutant/src/runtime/src/Heap/WCollector/WCollector.h:345:38: warning: unused variable 'noGhostCount' [-Wunused-variable]
        static std::atomic<uint64_t> noGhostCount{ 0 };
                                     ^
/root/cj_build/impl_relocation_receipt_queue5-mutant/src/runtime/src/Heap/WCollector/WCollector.h:347:38: warning: unused variable 'receiptCount' [-Wunused-variable]
        static std::atomic<uint64_t> receiptCount{ 0 };
                                     ^
/root/cj_build/impl_relocation_receipt_queue5-mutant/src/runtime/src/Heap/WCollector/WCollector.h:622:12: warning: constexpr if is a C++17 extension [-Wc++17-extensions]
        if constexpr (ForwardingTable::kEntriesSoleWhenArmed) {
           ^
/root/cj_build/impl_relocation_receipt_queue5-mutant/src/runtime/src/Heap/WCollector/WCollector.h:677:12: warning: constexpr if is a C++17 extension [-Wc++17-extensions]
        if constexpr (ForwardingTable::kConsumeEntries) {
           ^
/root/cj_build/impl_relocation_receipt_queue5-mutant/src/runtime/src/Heap/WCollector/WCollector.h:682:16: warning: constexpr if is a C++17 extension [-Wc++17-extensions]
            if constexpr (ForwardingTable::kEntriesSoleWhenArmed) {
               ^
/root/cj_build/impl_relocation_receipt_queue5-mutant/src/runtime/src/Heap/WCollector/WCollector.h:713:12: warning: constexpr if is a C++17 extension [-Wc++17-extensions]
        if constexpr (ForwardingTable::kConsumeEntries) {
           ^
/root/cj_build/impl_relocation_receipt_queue5-mutant/src/runtime/src/Heap/Collector/Relocate.cpp:1510:56: warning: lambda capture 'this' is not used [-Wunused-lambda-capture]
    threadPool->AddWork(new (std::nothrow) LambdaWork([this, rootFix, derivedFix](size_t) {
                                                       ^~~~~
/root/cj_build/impl_relocation_receipt_queue5-mutant/src/runtime/src/Heap/Collector/Relocate.cpp:1518:56: warning: lambda capture 'this' is not used [-Wunused-lambda-capture]
    threadPool->AddWork(new (std::nothrow) LambdaWork([this, rootFix](size_t) {
                                                       ^~~~~
/root/cj_build/impl_relocation_receipt_queue5-mutant/src/runtime/src/Heap/Collector/Relocate.cpp:1522:56: warning: lambda capture 'this' is not used [-Wunused-lambda-capture]
    threadPool->AddWork(new (std::nothrow) LambdaWork([this, rootFix](size_t) {
                                                       ^~~~~
/root/cj_build/impl_relocation_receipt_queue5-mutant/src/runtime/src/Heap/Collector/Relocate.cpp:1530:56: warning: lambda capture 'this' is not used [-Wunused-lambda-capture]
    threadPool->AddWork(new (std::nothrow) LambdaWork([this, rootFix](size_t) {
                                                       ^~~~~
/root/cj_build/impl_relocation_receipt_queue5-mutant/src/runtime/src/Heap/Collector/Relocate.cpp:1668:33: warning: lambda capture 'this' is not used [-Wunused-lambda-capture]
    auto fixHeapParallelOnly = [this, &reachableVec, &remsetVec, &fixHeapSlice](GCThreadPool* pool) {
                                ^~~~~
/root/cj_build/impl_relocation_receipt_queue5-mutant/src/runtime/src/Heap/Collector/Relocate.cpp:2532:12: warning: constexpr if is a C++17 extension [-Wc++17-extensions]
        if constexpr (ForwardingTable::kEntriesSoleWhenArmed) {
           ^
/root/cj_build/impl_relocation_receipt_queue5-mutant/src/runtime/src/Heap/Collector/Relocate.cpp:2677:8: warning: constexpr if is a C++17 extension [-Wc++17-extensions]
    if constexpr (MutatorRelocate::kUnpublishedMeansKeepFrom) {
       ^
/root/cj_build/impl_relocation_receipt_queue5-mutant/src/runtime/src/Heap/Collector/Relocate.cpp:2774:8: warning: constexpr if is a C++17 extension [-Wc++17-extensions]
    if constexpr (!kResolveStoreValue) {
       ^
31 warnings generated.
[ 83%] Building CXX object src/Heap/Verify/CMakeFiles/Verify.dir/StackWatermarkOracle.cpp.o
[ 83%] Building CXX object src/Heap/Verify/CMakeFiles/Verify.dir/StackExposureOracle.cpp.o
In file included from /root/cj_build/impl_relocation_receipt_queue5-mutant/src/runtime/src/Heap/Verify/TraceClear.cpp:17:
In file included from /root/cj_build/impl_relocation_receipt_queue5-mutant/src/runtime/src/Heap/Allocator/RegionInfo.h:41:
/root/cj_build/impl_relocation_receipt_queue5-mutant/src/runtime/src/Heap/Verify/AllocPhaseDiag.h:57:1: warning: inline variables are a C++17 extension [-Wc++17-extensions]
inline Slot g_table[kCap] = {};
^
/root/cj_build/impl_relocation_receipt_queue5-mutant/src/runtime/src/Heap/Verify/AllocPhaseDiag.h:58:1: warning: inline variables are a C++17 extension [-Wc++17-extensions]
inline NearEntry g_near[kNearCap] = {};
^
In file included from /root/cj_build/impl_relocation_receipt_queue5-mutant/src/runtime/src/Heap/Verify/TraceClear.cpp:17:
In file included from /root/cj_build/impl_relocation_receipt_queue5-mutant/src/runtime/src/Heap/Allocator/RegionInfo.h:43:
/root/cj_build/impl_relocation_receipt_queue5-mutant/src/runtime/src/Heap/Verify/NullRouteCaller.h:34:1: warning: inline variables are a C++17 extension [-Wc++17-extensions]
inline thread_local const char* g_tag = nullptr;
^
/root/cj_build/impl_relocation_receipt_queue5-mutant/src/runtime/src/Heap/Verify/NullRouteCaller.h:35:1: warning: inline variables are a C++17 extension [-Wc++17-extensions]
inline thread_local const char* g_edgeSrc = nullptr;
^
/root/cj_build/impl_relocation_receipt_queue5-mutant/src/runtime/src/Heap/Verify/NullRouteCaller.h:36:1: warning: inline variables are a C++17 extension [-Wc++17-extensions]
inline thread_local uintptr_t g_slot = 0;
^
/root/cj_build/impl_relocation_receipt_queue5-mutant/src/runtime/src/Heap/Verify/NullRouteCaller.h:37:1: warning: inline variables are a C++17 extension [-Wc++17-extensions]
inline thread_local void* g_host = nullptr;
^
In file included from /root/cj_build/impl_relocation_receipt_queue5-mutant/src/runtime/src/Heap/Verify/TraceClear.cpp:17:
In file included from /root/cj_build/impl_relocation_receipt_queue5-mutant/src/runtime/src/Heap/Allocator/RegionInfo.h:53:
/root/cj_build/impl_relocation_receipt_queue5-mutant/src/runtime/src/Heap/Verify/MutatorRelocate.h:102:8: warning: constexpr if is a C++17 extension [-Wc++17-extensions]
    if constexpr (kWaitRegionPublish) {
       ^
/root/cj_build/impl_relocation_receipt_queue5-mutant/src/runtime/src/Heap/Verify/TraceClear.cpp:24:6: warning: unused function 'EnvIsOne' [-Wunused-function]
bool EnvIsOne(const char* name)
     ^
8 warnings generated.
[ 84%] Building CXX object src/Heap/Verify/CMakeFiles/Verify.dir/DiagGate.cpp.o
In file included from /root/cj_build/impl_relocation_receipt_queue5-mutant/src/runtime/src/Heap/Verify/TagReuseProbe.cpp:15:
In file included from /root/cj_build/impl_relocation_receipt_queue5-mutant/src/runtime/src/Heap/Allocator/RegionInfo.h:41:
/root/cj_build/impl_relocation_receipt_queue5-mutant/src/runtime/src/Heap/Verify/AllocPhaseDiag.h:57:1: warning: inline variables are a C++17 extension [-Wc++17-extensions]
inline Slot g_table[kCap] = {};
^
/root/cj_build/impl_relocation_receipt_queue5-mutant/src/runtime/src/Heap/Verify/AllocPhaseDiag.h:58:1: warning: inline variables are a C++17 extension [-Wc++17-extensions]
inline NearEntry g_near[kNearCap] = {};
^
In file included from /root/cj_build/impl_relocation_receipt_queue5-mutant/src/runtime/src/Heap/Verify/TagReuseProbe.cpp:15:
In file included from /root/cj_build/impl_relocation_receipt_queue5-mutant/src/runtime/src/Heap/Allocator/RegionInfo.h:43:
/root/cj_build/impl_relocation_receipt_queue5-mutant/src/runtime/src/Heap/Verify/NullRouteCaller.h:34:1: warning: inline variables are a C++17 extension [-Wc++17-extensions]
inline thread_local const char* g_tag = nullptr;
^
/root/cj_build/impl_relocation_receipt_queue5-mutant/src/runtime/src/Heap/Verify/NullRouteCaller.h:35:1: warning: inline variables are a C++17 extension [-Wc++17-extensions]
inline thread_local const char* g_edgeSrc = nullptr;
^
/root/cj_build/impl_relocation_receipt_queue5-mutant/src/runtime/src/Heap/Verify/NullRouteCaller.h:36:1: warning: inline variables are a C++17 extension [-Wc++17-extensions]
inline thread_local uintptr_t g_slot = 0;
^
/root/cj_build/impl_relocation_receipt_queue5-mutant/src/runtime/src/Heap/Verify/NullRouteCaller.h:37:1: warning: inline variables are a C++17 extension [-Wc++17-extensions]
inline thread_local void* g_host = nullptr;
^
In file included from /root/cj_build/impl_relocation_receipt_queue5-mutant/src/runtime/src/Heap/Verify/TagReuseProbe.cpp:15:
In file included from /root/cj_build/impl_relocation_receipt_queue5-mutant/src/runtime/src/Heap/Allocator/RegionInfo.h:53:
/root/cj_build/impl_relocation_receipt_queue5-mutant/src/runtime/src/Heap/Verify/MutatorRelocate.h:102:8: warning: constexpr if is a C++17 extension [-Wc++17-extensions]
    if constexpr (kWaitRegionPublish) {
       ^
In file included from /root/cj_build/impl_relocation_receipt_queue5-mutant/src/runtime/src/Heap/Verify/TagReuseProbe.cpp:16:
In file included from /root/cj_build/impl_relocation_receipt_queue5-mutant/src/runtime/src/Heap/Allocator/RegionManager.h:25:
In file included from /root/cj_build/impl_relocation_receipt_queue5-mutant/src/runtime/src/Heap/Allocator/FreeRegionManager.h:15:
In file included from /root/cj_build/impl_relocation_receipt_queue5-mutant/src/runtime/src/Common/ScopedObjectAccess.h:11:
In file included from /root/cj_build/impl_relocation_receipt_queue5-mutant/src/runtime/src/Mutator/Mutator.inline.h:11:
In file included from /root/cj_build/impl_relocation_receipt_queue5-mutant/src/runtime/src/Mutator/MutatorManager.h:17:
/root/cj_build/impl_relocation_receipt_queue5-mutant/src/runtime/src/Base/GcLog.h:217:45: warning: format string is not a string literal [-Wformat-nonliteral]
        int n = vsnprintf(buf, sizeof(buf), format, args);
                                            ^~~~~~
/root/cj_build/impl_relocation_receipt_queue5-mutant/src/runtime/src/Heap/Verify/TagReuseProbe.cpp:36:6: warning: unused function 'EnvIsOne' [-Wunused-function]
bool EnvIsOne(const char* name)
     ^
9 warnings generated.
[ 84%] Building CXX object src/Heap/Verify/CMakeFiles/Verify.dir/MutatorRelocate.cpp.o
In file included from /root/cj_build/impl_relocation_receipt_queue5-mutant/src/runtime/src/Heap/Collector/Mark.cpp:8:
In file included from /root/cj_build/impl_relocation_receipt_queue5-mutant/src/runtime/src/Heap/WCollector/WCollector.h:22:
In file included from /root/cj_build/impl_relocation_receipt_queue5-mutant/src/runtime/src/Heap/Allocator/RegionSpace.h:19:
In file included from /root/cj_build/impl_relocation_receipt_queue5-mutant/src/runtime/src/Heap/Allocator/Allocator.h:11:
In file included from /root/cj_build/impl_relocation_receipt_queue5-mutant/src/runtime/src/Heap/Allocator/AllocBufferManager.h:15:
In file included from /root/cj_build/impl_relocation_receipt_queue5-mutant/src/runtime/src/Heap/Allocator/AllocBuffer.h:16:
In file included from /root/cj_build/impl_relocation_receipt_queue5-mutant/src/runtime/src/Heap/Allocator/RegionList.h:11:
In file included from /root/cj_build/impl_relocation_receipt_queue5-mutant/src/runtime/src/Heap/Allocator/RegionInfo.h:41:
/root/cj_build/impl_relocation_receipt_queue5-mutant/src/runtime/src/Heap/Verify/AllocPhaseDiag.h:57:1: warning: inline variables are a C++17 extension [-Wc++17-extensions]
inline Slot g_table[kCap] = {};
^
/root/cj_build/impl_relocation_receipt_queue5-mutant/src/runtime/src/Heap/Verify/AllocPhaseDiag.h:58:1: warning: inline variables are a C++17 extension [-Wc++17-extensions]
inline NearEntry g_near[kNearCap] = {};
^
In file included from /root/cj_build/impl_relocation_receipt_queue5-mutant/src/runtime/src/Heap/Collector/Mark.cpp:8:
In file included from /root/cj_build/impl_relocation_receipt_queue5-mutant/src/runtime/src/Heap/WCollector/WCollector.h:22:
In file included from /root/cj_build/impl_relocation_receipt_queue5-mutant/src/runtime/src/Heap/Allocator/RegionSpace.h:19:
In file included from /root/cj_build/impl_relocation_receipt_queue5-mutant/src/runtime/src/Heap/Allocator/Allocator.h:11:
In file included from /root/cj_build/impl_relocation_receipt_queue5-mutant/src/runtime/src/Heap/Allocator/AllocBufferManager.h:15:
In file included from /root/cj_build/impl_relocation_receipt_queue5-mutant/src/runtime/src/Heap/Allocator/AllocBuffer.h:16:
In file included from /root/cj_build/impl_relocation_receipt_queue5-mutant/src/runtime/src/Heap/Allocator/RegionList.h:11:
In file included from /root/cj_build/impl_relocation_receipt_queue5-mutant/src/runtime/src/Heap/Allocator/RegionInfo.h:43:
/root/cj_build/impl_relocation_receipt_queue5-mutant/src/runtime/src/Heap/Verify/NullRouteCaller.h:34:1: warning: inline variables are a C++17 extension [-Wc++17-extensions]
inline thread_local const char* g_tag = nullptr;
^
/root/cj_build/impl_relocation_receipt_queue5-mutant/src/runtime/src/Heap/Verify/NullRouteCaller.h:35:1: warning: inline variables are a C++17 extension [-Wc++17-extensions]
inline thread_local const char* g_edgeSrc = nullptr;
^
/root/cj_build/impl_relocation_receipt_queue5-mutant/src/runtime/src/Heap/Verify/NullRouteCaller.h:36:1: warning: inline variables are a C++17 extension [-Wc++17-extensions]
inline thread_local uintptr_t g_slot = 0;
^
/root/cj_build/impl_relocation_receipt_queue5-mutant/src/runtime/src/Heap/Verify/NullRouteCaller.h:37:1: warning: inline variables are a C++17 extension [-Wc++17-extensions]
inline thread_local void* g_host = nullptr;
^
In file included from /root/cj_build/impl_relocation_receipt_queue5-mutant/src/runtime/src/Heap/Collector/Mark.cpp:8:
In file included from /root/cj_build/impl_relocation_receipt_queue5-mutant/src/runtime/src/Heap/WCollector/WCollector.h:22:
In file included from /root/cj_build/impl_relocation_receipt_queue5-mutant/src/runtime/src/Heap/Allocator/RegionSpace.h:19:
In file included from /root/cj_build/impl_relocation_receipt_queue5-mutant/src/runtime/src/Heap/Allocator/Allocator.h:11:
In file included from /root/cj_build/impl_relocation_receipt_queue5-mutant/src/runtime/src/Heap/Allocator/AllocBufferManager.h:15:
In file included from /root/cj_build/impl_relocation_receipt_queue5-mutant/src/runtime/src/Heap/Allocator/AllocBuffer.h:16:
In file included from /root/cj_build/impl_relocation_receipt_queue5-mutant/src/runtime/src/Heap/Allocator/RegionList.h:11:
In file included from /root/cj_build/impl_relocation_receipt_queue5-mutant/src/runtime/src/Heap/Allocator/RegionInfo.h:53:
/root/cj_build/impl_relocation_receipt_queue5-mutant/src/runtime/src/Heap/Verify/MutatorRelocate.h:102:8: warning: constexpr if is a C++17 extension [-Wc++17-extensions]
    if constexpr (kWaitRegionPublish) {
       ^
In file included from /root/cj_build/impl_relocation_receipt_queue5-mutant/src/runtime/src/Heap/Collector/Mark.cpp:8:
In file included from /root/cj_build/impl_relocation_receipt_queue5-mutant/src/runtime/src/Heap/WCollector/WCollector.h:22:
In file included from /root/cj_build/impl_relocation_receipt_queue5-mutant/src/runtime/src/Heap/Allocator/RegionSpace.h:22:
In file included from /root/cj_build/impl_relocation_receipt_queue5-mutant/src/runtime/src/Heap/Allocator/RegionManager.h:25:
In file included from /root/cj_build/impl_relocation_receipt_queue5-mutant/src/runtime/src/Heap/Allocator/FreeRegionManager.h:15:
In file included from /root/cj_build/impl_relocation_receipt_queue5-mutant/src/runtime/src/Common/ScopedObjectAccess.h:11:
In file included from /root/cj_build/impl_relocation_receipt_queue5-mutant/src/runtime/src/Mutator/Mutator.inline.h:11:
In file included from /root/cj_build/impl_relocation_receipt_queue5-mutant/src/runtime/src/Mutator/MutatorManager.h:17:
/root/cj_build/impl_relocation_receipt_queue5-mutant/src/runtime/src/Base/GcLog.h:217:45: warning: format string is not a string literal [-Wformat-nonliteral]
        int n = vsnprintf(buf, sizeof(buf), format, args);
                                            ^~~~~~
In file included from /root/cj_build/impl_relocation_receipt_queue5-mutant/src/runtime/src/Heap/Collector/Mark.cpp:8:
In file included from /root/cj_build/impl_relocation_receipt_queue5-mutant/src/runtime/src/Heap/WCollector/WCollector.h:24:
In file included from /root/cj_build/impl_relocation_receipt_queue5-mutant/src/runtime/src/Heap/Collector/CopyCollector.h:13:
/root/cj_build/impl_relocation_receipt_queue5-mutant/src/runtime/src/Heap/Collector/TracingCollector.h:352:20: warning: unused variable 'objSize' [-Wunused-variable]
            size_t objSize = obj->GetSize();
                   ^
In file included from /root/cj_build/impl_relocation_receipt_queue5-mutant/src/runtime/src/Heap/Collector/Mark.cpp:8:
/root/cj_build/impl_relocation_receipt_queue5-mutant/src/runtime/src/Heap/WCollector/WCollector.h:425:12: warning: constexpr if is a C++17 extension [-Wc++17-extensions]
        if constexpr (ForwardingTable::kEntriesSoleWhenArmed) {
           ^
/root/cj_build/impl_relocation_receipt_queue5-mutant/src/runtime/src/Heap/WCollector/WCollector.h:450:12: warning: constexpr if is a C++17 extension [-Wc++17-extensions]
        if constexpr (ForwardingTable::kEntriesSoleWhenArmed) {
           ^
/root/cj_build/impl_relocation_receipt_queue5-mutant/src/runtime/src/Heap/WCollector/WCollector.h:344:38: warning: unused variable 'nonHeapCount' [-Wunused-variable]
        static std::atomic<uint64_t> nonHeapCount{ 0 };
                                     ^
/root/cj_build/impl_relocation_receipt_queue5-mutant/src/runtime/src/Heap/WCollector/WCollector.h:345:38: warning: unused variable 'noGhostCount' [-Wunused-variable]
        static std::atomic<uint64_t> noGhostCount{ 0 };
                                     ^
/root/cj_build/impl_relocation_receipt_queue5-mutant/src/runtime/src/Heap/WCollector/WCollector.h:347:38: warning: unused variable 'receiptCount' [-Wunused-variable]
        static std::atomic<uint64_t> receiptCount{ 0 };
                                     ^
/root/cj_build/impl_relocation_receipt_queue5-mutant/src/runtime/src/Heap/WCollector/WCollector.h:346:38: warning: unused variable 'routeNullCount' [-Wunused-variable]
        static std::atomic<uint64_t> routeNullCount{ 0 };
                                     ^
/root/cj_build/impl_relocation_receipt_queue5-mutant/src/runtime/src/Heap/WCollector/WCollector.h:357:20: warning: unused variable 'funnel' [-Wunused-variable]
        const bool funnel = RemapFunnelOn();
                   ^
/root/cj_build/impl_relocation_receipt_queue5-mutant/src/runtime/src/Heap/WCollector/WCollector.h:349:38: warning: unused variable 'giveFromCount' [-Wunused-variable]
        static std::atomic<uint64_t> giveFromCount{ 0 };
                                     ^
/root/cj_build/impl_relocation_receipt_queue5-mutant/src/runtime/src/Heap/WCollector/WCollector.h:343:38: warning: unused variable 'callCount' [-Wunused-variable]
        static std::atomic<uint64_t> callCount{ 0 };
                                     ^
/root/cj_build/impl_relocation_receipt_queue5-mutant/src/runtime/src/Heap/WCollector/WCollector.h:348:38: warning: unused variable 'waitCount' [-Wunused-variable]
        static std::atomic<uint64_t> waitCount{ 0 };
                                     ^
/root/cj_build/impl_relocation_receipt_queue5-mutant/src/runtime/src/Heap/WCollector/WCollector.h:622:12: warning: constexpr if is a C++17 extension [-Wc++17-extensions]
        if constexpr (ForwardingTable::kEntriesSoleWhenArmed) {
           ^
/root/cj_build/impl_relocation_receipt_queue5-mutant/src/runtime/src/Heap/WCollector/WCollector.h:677:12: warning: constexpr if is a C++17 extension [-Wc++17-extensions]
        if constexpr (ForwardingTable::kConsumeEntries) {
           ^
/root/cj_build/impl_relocation_receipt_queue5-mutant/src/runtime/src/Heap/WCollector/WCollector.h:682:16: warning: constexpr if is a C++17 extension [-Wc++17-extensions]
            if constexpr (ForwardingTable::kEntriesSoleWhenArmed) {
               ^
/root/cj_build/impl_relocation_receipt_queue5-mutant/src/runtime/src/Heap/WCollector/WCollector.h:713:12: warning: constexpr if is a C++17 extension [-Wc++17-extensions]
        if constexpr (ForwardingTable::kConsumeEntries) {
           ^
/root/cj_build/impl_relocation_receipt_queue5-mutant/src/runtime/src/Heap/Collector/Mark.cpp:1874:8: warning: constexpr if is a C++17 extension [-Wc++17-extensions]
    if constexpr (kGcTriggerDynamicWorkersEnabled) {
       ^
/root/cj_build/impl_relocation_receipt_queue5-mutant/src/runtime/src/Heap/Collector/Mark.cpp:970:18: warning: unused variable 'kMarkStripeLocalCapacity' [-Wunused-const-variable]
constexpr size_t kMarkStripeLocalCapacity = 64;
                 ^
25 warnings generated.
[ 84%] Building CXX object src/Heap/Verify/CMakeFiles/Verify.dir/GarbRegionDiag.cpp.o
[ 85%] Building CXX object src/Heap/Verify/CMakeFiles/Verify.dir/PermWhoAdmit.cpp.o
In file included from /root/cj_build/impl_relocation_receipt_queue5-mutant/src/runtime/src/Heap/Verify/MutatorRelocate.cpp:1:
/root/cj_build/impl_relocation_receipt_queue5-mutant/src/runtime/src/Heap/Verify/MutatorRelocate.h:102:8: warning: constexpr if is a C++17 extension [-Wc++17-extensions]
    if constexpr (kWaitRegionPublish) {
       ^
1 warning generated.
[ 85%] Building CXX object src/Heap/Verify/CMakeFiles/Verify.dir/HealPairDiag.cpp.o
[ 85%] Building CXX object src/Heap/Verify/CMakeFiles/Verify.dir/ZgcSelfHealDiag.cpp.o
[ 87%] Building CXX object src/Heap/Verify/CMakeFiles/Verify.dir/ZgcInvariants.cpp.o
In file included from /root/cj_build/impl_relocation_receipt_queue5-mutant/src/runtime/src/Heap/Verify/MarkWhyProbe.cpp:20:
In file included from /root/cj_build/impl_relocation_receipt_queue5-mutant/src/runtime/src/Heap/Allocator/RegionInfo.h:41:
/root/cj_build/impl_relocation_receipt_queue5-mutant/src/runtime/src/Heap/Verify/AllocPhaseDiag.h:57:1: warning: inline variables are a C++17 extension [-Wc++17-extensions]
inline Slot g_table[kCap] = {};
^
/root/cj_build/impl_relocation_receipt_queue5-mutant/src/runtime/src/Heap/Verify/AllocPhaseDiag.h:58:1: warning: inline variables are a C++17 extension [-Wc++17-extensions]
inline NearEntry g_near[kNearCap] = {};
^
In file included from /root/cj_build/impl_relocation_receipt_queue5-mutant/src/runtime/src/Heap/Verify/MarkWhyProbe.cpp:20:
In file included from /root/cj_build/impl_relocation_receipt_queue5-mutant/src/runtime/src/Heap/Allocator/RegionInfo.h:43:
/root/cj_build/impl_relocation_receipt_queue5-mutant/src/runtime/src/Heap/Verify/NullRouteCaller.h:34:1: warning: inline variables are a C++17 extension [-Wc++17-extensions]
inline thread_local const char* g_tag = nullptr;
^
/root/cj_build/impl_relocation_receipt_queue5-mutant/src/runtime/src/Heap/Verify/NullRouteCaller.h:35:1: warning: inline variables are a C++17 extension [-Wc++17-extensions]
inline thread_local const char* g_edgeSrc = nullptr;
^
/root/cj_build/impl_relocation_receipt_queue5-mutant/src/runtime/src/Heap/Verify/NullRouteCaller.h:36:1: warning: inline variables are a C++17 extension [-Wc++17-extensions]
inline thread_local uintptr_t g_slot = 0;
^
/root/cj_build/impl_relocation_receipt_queue5-mutant/src/runtime/src/Heap/Verify/NullRouteCaller.h:37:1: warning: inline variables are a C++17 extension [-Wc++17-extensions]
inline thread_local void* g_host = nullptr;
^
In file included from /root/cj_build/impl_relocation_receipt_queue5-mutant/src/runtime/src/Heap/Verify/MarkWhyProbe.cpp:20:
In file included from /root/cj_build/impl_relocation_receipt_queue5-mutant/src/runtime/src/Heap/Allocator/RegionInfo.h:53:
/root/cj_build/impl_relocation_receipt_queue5-mutant/src/runtime/src/Heap/Verify/MutatorRelocate.h:102:8: warning: constexpr if is a C++17 extension [-Wc++17-extensions]
    if constexpr (kWaitRegionPublish) {
       ^
In file included from /root/cj_build/impl_relocation_receipt_queue5-mutant/src/runtime/src/Heap/Verify/MarkWhyProbe.cpp:25:
In file included from /root/cj_build/impl_relocation_receipt_queue5-mutant/src/runtime/src/Mutator/MutatorManager.h:17:
/root/cj_build/impl_relocation_receipt_queue5-mutant/src/runtime/src/Base/GcLog.h:217:45: warning: format string is not a string literal [-Wformat-nonliteral]
        int n = vsnprintf(buf, sizeof(buf), format, args);
                                            ^~~~~~
/root/cj_build/impl_relocation_receipt_queue5-mutant/src/runtime/src/Heap/Verify/MarkWhyProbe.cpp:424:73: warning: format specifies type 'size_t' (aka 'unsigned long') but the argument has type 'int' [-Wformat]
        MARKWHY_LOG("ARMED env=MRT_GCV2_MARK_WHY=1 sample=%zu site=%s", (65536) /* pinned:MRT_GCV2_MARK_WHY_SAMPLE */,
                                                          ~~~           ^~~~~~~
                                                          %d
/root/cj_build/impl_relocation_receipt_queue5-mutant/src/runtime/src/Heap/Verify/MarkWhyProbe.cpp:35:62: note: expanded from macro 'MARKWHY_LOG'
        std::fprintf(stderr, "[GCV2][mark-why] " fmt "\n", ##__VA_ARGS__);                                              \
                                                 ~~~         ^~~~~~~~~~~
/root/cj_build/impl_relocation_receipt_queue5-mutant/src/runtime/src/Heap/Verify/MarkWhyProbe.cpp:39:6: warning: unused function 'EnvIsOne' [-Wunused-function]
bool EnvIsOne(const char* name)
     ^
/root/cj_build/impl_relocation_receipt_queue5-mutant/src/runtime/src/Heap/Verify/MarkWhyProbe.cpp:45:8: warning: unused function 'EnvSizeT' [-Wunused-function]
size_t EnvSizeT(const char* name, size_t def)
       ^
11 warnings generated.
[ 87%] Building CXX object src/Heap/Verify/CMakeFiles/Verify.dir/HealCoverage.cpp.o
/root/cj_build/impl_relocation_receipt_queue5-mutant/src/runtime/src/Heap/Verify/ZgcSelfHealDiag.cpp:64:6: warning: unused function 'ReadFlag' [-Wunused-function]
bool ReadFlag(const char* name)
     ^
1 warning generated.
[ 88%] Building CXX object src/Heap/Verify/CMakeFiles/Verify.dir/Stw2CurrentAudit.cpp.o
In file included from /root/cj_build/impl_relocation_receipt_queue5-mutant/src/runtime/src/Heap/Verify/StackFrameOracle.cpp:18:
In file included from /root/cj_build/impl_relocation_receipt_queue5-mutant/src/runtime/src/Mutator/Mutator.h:16:
In file included from /root/cj_build/impl_relocation_receipt_queue5-mutant/src/runtime/src/Heap/Allocator/Allocator.h:11:
In file included from /root/cj_build/impl_relocation_receipt_queue5-mutant/src/runtime/src/Heap/Allocator/AllocBufferManager.h:15:
In file included from /root/cj_build/impl_relocation_receipt_queue5-mutant/src/runtime/src/Heap/Allocator/AllocBuffer.h:16:
In file included from /root/cj_build/impl_relocation_receipt_queue5-mutant/src/runtime/src/Heap/Allocator/RegionList.h:11:
In file included from /root/cj_build/impl_relocation_receipt_queue5-mutant/src/runtime/src/Heap/Allocator/RegionInfo.h:41:
/root/cj_build/impl_relocation_receipt_queue5-mutant/src/runtime/src/Heap/Verify/AllocPhaseDiag.h:57:1: warning: inline variables are a C++17 extension [-Wc++17-extensions]
inline Slot g_table[kCap] = {};
^
/root/cj_build/impl_relocation_receipt_queue5-mutant/src/runtime/src/Heap/Verify/AllocPhaseDiag.h:58:1: warning: inline variables are a C++17 extension [-Wc++17-extensions]
inline NearEntry g_near[kNearCap] = {};
^
In file included from /root/cj_build/impl_relocation_receipt_queue5-mutant/src/runtime/src/Heap/Verify/StackFrameOracle.cpp:18:
In file included from /root/cj_build/impl_relocation_receipt_queue5-mutant/src/runtime/src/Mutator/Mutator.h:16:
In file included from /root/cj_build/impl_relocation_receipt_queue5-mutant/src/runtime/src/Heap/Allocator/Allocator.h:11:
In file included from /root/cj_build/impl_relocation_receipt_queue5-mutant/src/runtime/src/Heap/Allocator/AllocBufferManager.h:15:
In file included from /root/cj_build/impl_relocation_receipt_queue5-mutant/src/runtime/src/Heap/Allocator/AllocBuffer.h:16:
In file included from /root/cj_build/impl_relocation_receipt_queue5-mutant/src/runtime/src/Heap/Allocator/RegionList.h:11:
In file included from /root/cj_build/impl_relocation_receipt_queue5-mutant/src/runtime/src/Heap/Allocator/RegionInfo.h:43:
/root/cj_build/impl_relocation_receipt_queue5-mutant/src/runtime/src/Heap/Verify/NullRouteCaller.h:34:1: warning: inline variables are a C++17 extension [-Wc++17-extensions]
inline thread_local const char* g_tag = nullptr;
^
/root/cj_build/impl_relocation_receipt_queue5-mutant/src/runtime/src/Heap/Verify/NullRouteCaller.h:35:1: warning: inline variables are a C++17 extension [-Wc++17-extensions]
inline thread_local const char* g_edgeSrc = nullptr;
^
/root/cj_build/impl_relocation_receipt_queue5-mutant/src/runtime/src/Heap/Verify/NullRouteCaller.h:36:1: warning: inline variables are a C++17 extension [-Wc++17-extensions]
inline thread_local uintptr_t g_slot = 0;
^
/root/cj_build/impl_relocation_receipt_queue5-mutant/src/runtime/src/Heap/Verify/NullRouteCaller.h:37:1: warning: inline variables are a C++17 extension [-Wc++17-extensions]
inline thread_local void* g_host = nullptr;
^
In file included from /root/cj_build/impl_relocation_receipt_queue5-mutant/src/runtime/src/Heap/Verify/StackFrameOracle.cpp:18:
In file included from /root/cj_build/impl_relocation_receipt_queue5-mutant/src/runtime/src/Mutator/Mutator.h:16:
In file included from /root/cj_build/impl_relocation_receipt_queue5-mutant/src/runtime/src/Heap/Allocator/Allocator.h:11:
In file included from /root/cj_build/impl_relocation_receipt_queue5-mutant/src/runtime/src/Heap/Allocator/AllocBufferManager.h:15:
In file included from /root/cj_build/impl_relocation_receipt_queue5-mutant/src/runtime/src/Heap/Allocator/AllocBuffer.h:16:
In file included from /root/cj_build/impl_relocation_receipt_queue5-mutant/src/runtime/src/Heap/Allocator/RegionList.h:11:
In file included from /root/cj_build/impl_relocation_receipt_queue5-mutant/src/runtime/src/Heap/Allocator/RegionInfo.h:53:
/root/cj_build/impl_relocation_receipt_queue5-mutant/src/runtime/src/Heap/Verify/MutatorRelocate.h:102:8: warning: constexpr if is a C++17 extension [-Wc++17-extensions]
    if constexpr (kWaitRegionPublish) {
       ^
In file included from /root/cj_build/impl_relocation_receipt_queue5-mutant/src/runtime/src/Heap/Verify/StackFrameOracle.cpp:19:
In file included from /root/cj_build/impl_relocation_receipt_queue5-mutant/src/runtime/src/Mutator/MutatorManager.h:17:
/root/cj_build/impl_relocation_receipt_queue5-mutant/src/runtime/src/Base/GcLog.h:217:45: warning: format string is not a string literal [-Wformat-nonliteral]
        int n = vsnprintf(buf, sizeof(buf), format, args);
                                            ^~~~~~
/root/cj_build/impl_relocation_receipt_queue5-mutant/src/runtime/src/Heap/Verify/StackFrameOracle.cpp:29:6: warning: unused function 'EnvIsOne' [-Wunused-function]
bool EnvIsOne(const char* name)
     ^
9 warnings generated.
[ 88%] Building CXX object src/Heap/Verify/CMakeFiles/Verify.dir/CsetEmptyWho.cpp.o
In file included from /root/cj_build/impl_relocation_receipt_queue5-mutant/src/runtime/src/Heap/Verify/StackWatermarkOracle.cpp:18:
In file included from /root/cj_build/impl_relocation_receipt_queue5-mutant/src/runtime/src/Mutator/Mutator.h:16:
In file included from /root/cj_build/impl_relocation_receipt_queue5-mutant/src/runtime/src/Heap/Allocator/Allocator.h:11:
In file included from /root/cj_build/impl_relocation_receipt_queue5-mutant/src/runtime/src/Heap/Allocator/AllocBufferManager.h:15:
In file included from /root/cj_build/impl_relocation_receipt_queue5-mutant/src/runtime/src/Heap/Allocator/AllocBuffer.h:16:
In file included from /root/cj_build/impl_relocation_receipt_queue5-mutant/src/runtime/src/Heap/Allocator/RegionList.h:11:
In file included from /root/cj_build/impl_relocation_receipt_queue5-mutant/src/runtime/src/Heap/Allocator/RegionInfo.h:41:
/root/cj_build/impl_relocation_receipt_queue5-mutant/src/runtime/src/Heap/Verify/AllocPhaseDiag.h:57:1: warning: inline variables are a C++17 extension [-Wc++17-extensions]
inline Slot g_table[kCap] = {};
^
/root/cj_build/impl_relocation_receipt_queue5-mutant/src/runtime/src/Heap/Verify/AllocPhaseDiag.h:58:1: warning: inline variables are a C++17 extension [-Wc++17-extensions]
inline NearEntry g_near[kNearCap] = {};
^
In file included from /root/cj_build/impl_relocation_receipt_queue5-mutant/src/runtime/src/Heap/Verify/StackWatermarkOracle.cpp:18:
In file included from /root/cj_build/impl_relocation_receipt_queue5-mutant/src/runtime/src/Mutator/Mutator.h:16:
In file included from /root/cj_build/impl_relocation_receipt_queue5-mutant/src/runtime/src/Heap/Allocator/Allocator.h:11:
In file included from /root/cj_build/impl_relocation_receipt_queue5-mutant/src/runtime/src/Heap/Allocator/AllocBufferManager.h:15:
In file included from /root/cj_build/impl_relocation_receipt_queue5-mutant/src/runtime/src/Heap/Allocator/AllocBuffer.h:16:
In file included from /root/cj_build/impl_relocation_receipt_queue5-mutant/src/runtime/src/Heap/Allocator/RegionList.h:11:
In file included from /root/cj_build/impl_relocation_receipt_queue5-mutant/src/runtime/src/Heap/Allocator/RegionInfo.h:43:
/root/cj_build/impl_relocation_receipt_queue5-mutant/src/runtime/src/Heap/Verify/NullRouteCaller.h:34:1: warning: inline variables are a C++17 extension [-Wc++17-extensions]
inline thread_local const char* g_tag = nullptr;
^
/root/cj_build/impl_relocation_receipt_queue5-mutant/src/runtime/src/Heap/Verify/NullRouteCaller.h:35:1: warning: inline variables are a C++17 extension [-Wc++17-extensions]
inline thread_local const char* g_edgeSrc = nullptr;
^
/root/cj_build/impl_relocation_receipt_queue5-mutant/src/runtime/src/Heap/Verify/NullRouteCaller.h:36:1: warning: inline variables are a C++17 extension [-Wc++17-extensions]
inline thread_local uintptr_t g_slot = 0;
^
/root/cj_build/impl_relocation_receipt_queue5-mutant/src/runtime/src/Heap/Verify/NullRouteCaller.h:37:1: warning: inline variables are a C++17 extension [-Wc++17-extensions]
inline thread_local void* g_host = nullptr;
^
In file included from /root/cj_build/impl_relocation_receipt_queue5-mutant/src/runtime/src/Heap/Verify/StackWatermarkOracle.cpp:18:
In file included from /root/cj_build/impl_relocation_receipt_queue5-mutant/src/runtime/src/Mutator/Mutator.h:16:
In file included from /root/cj_build/impl_relocation_receipt_queue5-mutant/src/runtime/src/Heap/Allocator/Allocator.h:11:
In file included from /root/cj_build/impl_relocation_receipt_queue5-mutant/src/runtime/src/Heap/Allocator/AllocBufferManager.h:15:
In file included from /root/cj_build/impl_relocation_receipt_queue5-mutant/src/runtime/src/Heap/Allocator/AllocBuffer.h:16:
In file included from /root/cj_build/impl_relocation_receipt_queue5-mutant/src/runtime/src/Heap/Allocator/RegionList.h:11:
In file included from /root/cj_build/impl_relocation_receipt_queue5-mutant/src/runtime/src/Heap/Allocator/RegionInfo.h:53:
/root/cj_build/impl_relocation_receipt_queue5-mutant/src/runtime/src/Heap/Verify/MutatorRelocate.h:102:8: warning: constexpr if is a C++17 extension [-Wc++17-extensions]
    if constexpr (kWaitRegionPublish) {
       ^
In file included from /root/cj_build/impl_relocation_receipt_queue5-mutant/src/runtime/src/Heap/Verify/StackWatermarkOracle.cpp:19:
In file included from /root/cj_build/impl_relocation_receipt_queue5-mutant/src/runtime/src/Mutator/MutatorManager.h:17:
/root/cj_build/impl_relocation_receipt_queue5-mutant/src/runtime/src/Base/GcLog.h:217:45: warning: format string is not a string literal [-Wformat-nonliteral]
        int n = vsnprintf(buf, sizeof(buf), format, args);
                                            ^~~~~~
/root/cj_build/impl_relocation_receipt_queue5-mutant/src/runtime/src/Heap/Verify/StackWatermarkOracle.cpp:29:6: warning: unused function 'EnvIsOne' [-Wunused-function]
bool EnvIsOne(const char* name)
     ^
/root/cj_build/impl_relocation_receipt_queue5-mutant/src/runtime/src/Heap/Verify/StackWatermarkOracle.cpp:35:13: warning: unused function 'EnvStr' [-Wunused-function]
const char* EnvStr(const char* name)
            ^
10 warnings generated.
In file included from /root/cj_build/impl_relocation_receipt_queue5-mutant/src/runtime/src/Heap/Verify/StackExposureOracle.cpp:18:
In file included from /root/cj_build/impl_relocation_receipt_queue5-mutant/src/runtime/src/Mutator/Mutator.h:16:
In file included from /root/cj_build/impl_relocation_receipt_queue5-mutant/src/runtime/src/Heap/Allocator/Allocator.h:11:
In file included from /root/cj_build/impl_relocation_receipt_queue5-mutant/src/runtime/src/Heap/Allocator/AllocBufferManager.h:15:
In file included from /root/cj_build/impl_relocation_receipt_queue5-mutant/src/runtime/src/Heap/Allocator/AllocBuffer.h:16:
In file included from /root/cj_build/impl_relocation_receipt_queue5-mutant/src/runtime/src/Heap/Allocator/RegionList.h:11:
In file included from /root/cj_build/impl_relocation_receipt_queue5-mutant/src/runtime/src/Heap/Allocator/RegionInfo.h:41:
/root/cj_build/impl_relocation_receipt_queue5-mutant/src/runtime/src/Heap/Verify/AllocPhaseDiag.h:57:1: warning: inline variables are a C++17 extension [-Wc++17-extensions]
inline Slot g_table[kCap] = {};
^
/root/cj_build/impl_relocation_receipt_queue5-mutant/src/runtime/src/Heap/Verify/AllocPhaseDiag.h:58:1: warning: inline variables are a C++17 extension [-Wc++17-extensions]
inline NearEntry g_near[kNearCap] = {};
^
In file included from /root/cj_build/impl_relocation_receipt_queue5-mutant/src/runtime/src/Heap/Verify/StackExposureOracle.cpp:18:
In file included from /root/cj_build/impl_relocation_receipt_queue5-mutant/src/runtime/src/Mutator/Mutator.h:16:
In file included from /root/cj_build/impl_relocation_receipt_queue5-mutant/src/runtime/src/Heap/Allocator/Allocator.h:11:
In file included from /root/cj_build/impl_relocation_receipt_queue5-mutant/src/runtime/src/Heap/Allocator/AllocBufferManager.h:15:
In file included from /root/cj_build/impl_relocation_receipt_queue5-mutant/src/runtime/src/Heap/Allocator/AllocBuffer.h:16:
In file included from /root/cj_build/impl_relocation_receipt_queue5-mutant/src/runtime/src/Heap/Allocator/RegionList.h:11:
In file included from /root/cj_build/impl_relocation_receipt_queue5-mutant/src/runtime/src/Heap/Allocator/RegionInfo.h:43:
/root/cj_build/impl_relocation_receipt_queue5-mutant/src/runtime/src/Heap/Verify/NullRouteCaller.h:34:1: warning: inline variables are a C++17 extension [-Wc++17-extensions]
inline thread_local const char* g_tag = nullptr;
^
/root/cj_build/impl_relocation_receipt_queue5-mutant/src/runtime/src/Heap/Verify/NullRouteCaller.h:35:1: warning: inline variables are a C++17 extension [-Wc++17-extensions]
inline thread_local const char* g_edgeSrc = nullptr;
^
/root/cj_build/impl_relocation_receipt_queue5-mutant/src/runtime/src/Heap/Verify/NullRouteCaller.h:36:1: warning: inline variables are a C++17 extension [-Wc++17-extensions]
inline thread_local uintptr_t g_slot = 0;
^
/root/cj_build/impl_relocation_receipt_queue5-mutant/src/runtime/src/Heap/Verify/NullRouteCaller.h:37:1: warning: inline variables are a C++17 extension [-Wc++17-extensions]
inline thread_local void* g_host = nullptr;
^
In file included from /root/cj_build/impl_relocation_receipt_queue5-mutant/src/runtime/src/Heap/Verify/StackExposureOracle.cpp:18:
In file included from /root/cj_build/impl_relocation_receipt_queue5-mutant/src/runtime/src/Mutator/Mutator.h:16:
In file included from /root/cj_build/impl_relocation_receipt_queue5-mutant/src/runtime/src/Heap/Allocator/Allocator.h:11:
In file included from /root/cj_build/impl_relocation_receipt_queue5-mutant/src/runtime/src/Heap/Allocator/AllocBufferManager.h:15:
In file included from /root/cj_build/impl_relocation_receipt_queue5-mutant/src/runtime/src/Heap/Allocator/AllocBuffer.h:16:
In file included from /root/cj_build/impl_relocation_receipt_queue5-mutant/src/runtime/src/Heap/Allocator/RegionList.h:11:
In file included from /root/cj_build/impl_relocation_receipt_queue5-mutant/src/runtime/src/Heap/Allocator/RegionInfo.h:53:
/root/cj_build/impl_relocation_receipt_queue5-mutant/src/runtime/src/Heap/Verify/MutatorRelocate.h:102:8: warning: constexpr if is a C++17 extension [-Wc++17-extensions]
    if constexpr (kWaitRegionPublish) {
       ^
In file included from /root/cj_build/impl_relocation_receipt_queue5-mutant/src/runtime/src/Heap/Verify/StackExposureOracle.cpp:19:
In file included from /root/cj_build/impl_relocation_receipt_queue5-mutant/src/runtime/src/Mutator/MutatorManager.h:17:
/root/cj_build/impl_relocation_receipt_queue5-mutant/src/runtime/src/Base/GcLog.h:217:45: warning: format string is not a string literal [-Wformat-nonliteral]
        int n = vsnprintf(buf, sizeof(buf), format, args);
                                            ^~~~~~
/root/cj_build/impl_relocation_receipt_queue5-mutant/src/runtime/src/Heap/Verify/StackExposureOracle.cpp:30:6: warning: unused function 'EnvIsOne' [-Wunused-function]
bool EnvIsOne(const char* name)
     ^
/root/cj_build/impl_relocation_receipt_queue5-mutant/src/runtime/src/Heap/Verify/StackExposureOracle.cpp:36:13: warning: unused function 'EnvStr' [-Wunused-function]
const char* EnvStr(const char* name)
            ^
10 warnings generated.
[ 88%] Building CXX object src/Heap/Verify/CMakeFiles/Verify.dir/FillerZeroDiag.cpp.o
[ 89%] Building CXX object src/Heap/Verify/CMakeFiles/Verify.dir/HoleWhoDiag.cpp.o
In file included from /root/cj_build/impl_relocation_receipt_queue5-mutant/src/runtime/src/Heap/Verify/HealCoverage.cpp:8:
In file included from /root/cj_build/impl_relocation_receipt_queue5-mutant/src/runtime/src/Heap/Allocator/RegionInfo.h:41:
/root/cj_build/impl_relocation_receipt_queue5-mutant/src/runtime/src/Heap/Verify/AllocPhaseDiag.h:57:1: warning: inline variables are a C++17 extension [-Wc++17-extensions]
inline Slot g_table[kCap] = {};
^
/root/cj_build/impl_relocation_receipt_queue5-mutant/src/runtime/src/Heap/Verify/AllocPhaseDiag.h:58:1: warning: inline variables are a C++17 extension [-Wc++17-extensions]
inline NearEntry g_near[kNearCap] = {};
^
In file included from /root/cj_build/impl_relocation_receipt_queue5-mutant/src/runtime/src/Heap/Verify/HealCoverage.cpp:8:
In file included from /root/cj_build/impl_relocation_receipt_queue5-mutant/src/runtime/src/Heap/Allocator/RegionInfo.h:43:
/root/cj_build/impl_relocation_receipt_queue5-mutant/src/runtime/src/Heap/Verify/NullRouteCaller.h:34:1: warning: inline variables are a C++17 extension [-Wc++17-extensions]
inline thread_local const char* g_tag = nullptr;
^
/root/cj_build/impl_relocation_receipt_queue5-mutant/src/runtime/src/Heap/Verify/NullRouteCaller.h:35:1: warning: inline variables are a C++17 extension [-Wc++17-extensions]
inline thread_local const char* g_edgeSrc = nullptr;
^
/root/cj_build/impl_relocation_receipt_queue5-mutant/src/runtime/src/Heap/Verify/NullRouteCaller.h:36:1: warning: inline variables are a C++17 extension [-Wc++17-extensions]
inline thread_local uintptr_t g_slot = 0;
^
/root/cj_build/impl_relocation_receipt_queue5-mutant/src/runtime/src/Heap/Verify/NullRouteCaller.h:37:1: warning: inline variables are a C++17 extension [-Wc++17-extensions]
inline thread_local void* g_host = nullptr;
^
In file included from /root/cj_build/impl_relocation_receipt_queue5-mutant/src/runtime/src/Heap/Verify/HealCoverage.cpp:8:
In file included from /root/cj_build/impl_relocation_receipt_queue5-mutant/src/runtime/src/Heap/Allocator/RegionInfo.h:53:
/root/cj_build/impl_relocation_receipt_queue5-mutant/src/runtime/src/Heap/Verify/MutatorRelocate.h:102:8: warning: constexpr if is a C++17 extension [-Wc++17-extensions]
    if constexpr (kWaitRegionPublish) {
       ^
7 warnings generated.
[ 89%] Building CXX object src/Heap/Verify/CMakeFiles/Verify.dir/FromPageDetachCheck.cpp.o
In file included from /root/cj_build/impl_relocation_receipt_queue5-mutant/src/runtime/src/Heap/Verify/ZgcInvariants.cpp:16:
In file included from /root/cj_build/impl_relocation_receipt_queue5-mutant/src/runtime/src/Heap/Allocator/RegionInfo.h:41:
/root/cj_build/impl_relocation_receipt_queue5-mutant/src/runtime/src/Heap/Verify/AllocPhaseDiag.h:57:1: warning: inline variables are a C++17 extension [-Wc++17-extensions]
inline Slot g_table[kCap] = {};
^
/root/cj_build/impl_relocation_receipt_queue5-mutant/src/runtime/src/Heap/Verify/AllocPhaseDiag.h:58:1: warning: inline variables are a C++17 extension [-Wc++17-extensions]
inline NearEntry g_near[kNearCap] = {};
^
In file included from /root/cj_build/impl_relocation_receipt_queue5-mutant/src/runtime/src/Heap/Verify/ZgcInvariants.cpp:16:
In file included from /root/cj_build/impl_relocation_receipt_queue5-mutant/src/runtime/src/Heap/Allocator/RegionInfo.h:43:
/root/cj_build/impl_relocation_receipt_queue5-mutant/src/runtime/src/Heap/Verify/NullRouteCaller.h:34:1: warning: inline variables are a C++17 extension [-Wc++17-extensions]
inline thread_local const char* g_tag = nullptr;
^
/root/cj_build/impl_relocation_receipt_queue5-mutant/src/runtime/src/Heap/Verify/NullRouteCaller.h:35:1: warning: inline variables are a C++17 extension [-Wc++17-extensions]
inline thread_local const char* g_edgeSrc = nullptr;
^
/root/cj_build/impl_relocation_receipt_queue5-mutant/src/runtime/src/Heap/Verify/NullRouteCaller.h:36:1: warning: inline variables are a C++17 extension [-Wc++17-extensions]
inline thread_local uintptr_t g_slot = 0;
^
/root/cj_build/impl_relocation_receipt_queue5-mutant/src/runtime/src/Heap/Verify/NullRouteCaller.h:37:1: warning: inline variables are a C++17 extension [-Wc++17-extensions]
inline thread_local void* g_host = nullptr;
^
In file included from /root/cj_build/impl_relocation_receipt_queue5-mutant/src/runtime/src/Heap/Verify/ZgcInvariants.cpp:16:
In file included from /root/cj_build/impl_relocation_receipt_queue5-mutant/src/runtime/src/Heap/Allocator/RegionInfo.h:53:
/root/cj_build/impl_relocation_receipt_queue5-mutant/src/runtime/src/Heap/Verify/MutatorRelocate.h:102:8: warning: constexpr if is a C++17 extension [-Wc++17-extensions]
    if constexpr (kWaitRegionPublish) {
       ^
7 warnings generated.
In file included from /root/cj_build/impl_relocation_receipt_queue5-mutant/src/runtime/src/Heap/Verify/Stw2CurrentAudit.cpp:11:
In file included from /root/cj_build/impl_relocation_receipt_queue5-mutant/src/runtime/src/Heap/Allocator/AllocBuffer.h:16:
In file included from /root/cj_build/impl_relocation_receipt_queue5-mutant/src/runtime/src/Heap/Allocator/RegionList.h:11:
In file included from /root/cj_build/impl_relocation_receipt_queue5-mutant/src/runtime/src/Heap/Allocator/RegionInfo.h:41:
/root/cj_build/impl_relocation_receipt_queue5-mutant/src/runtime/src/Heap/Verify/AllocPhaseDiag.h:57:1: warning: inline variables are a C++17 extension [-Wc++17-extensions]
inline Slot g_table[kCap] = {};
^
/root/cj_build/impl_relocation_receipt_queue5-mutant/src/runtime/src/Heap/Verify/AllocPhaseDiag.h:58:1: warning: inline variables are a C++17 extension [-Wc++17-extensions]
inline NearEntry g_near[kNearCap] = {};
^
In file included from /root/cj_build/impl_relocation_receipt_queue5-mutant/src/runtime/src/Heap/Verify/Stw2CurrentAudit.cpp:11:
In file included from /root/cj_build/impl_relocation_receipt_queue5-mutant/src/runtime/src/Heap/Allocator/AllocBuffer.h:16:
In file included from /root/cj_build/impl_relocation_receipt_queue5-mutant/src/runtime/src/Heap/Allocator/RegionList.h:11:
In file included from /root/cj_build/impl_relocation_receipt_queue5-mutant/src/runtime/src/Heap/Allocator/RegionInfo.h:43:
/root/cj_build/impl_relocation_receipt_queue5-mutant/src/runtime/src/Heap/Verify/NullRouteCaller.h:34:1: warning: inline variables are a C++17 extension [-Wc++17-extensions]
inline thread_local const char* g_tag = nullptr;
^
/root/cj_build/impl_relocation_receipt_queue5-mutant/src/runtime/src/Heap/Verify/NullRouteCaller.h:35:1: warning: inline variables are a C++17 extension [-Wc++17-extensions]
inline thread_local const char* g_edgeSrc = nullptr;
^
/root/cj_build/impl_relocation_receipt_queue5-mutant/src/runtime/src/Heap/Verify/NullRouteCaller.h:36:1: warning: inline variables are a C++17 extension [-Wc++17-extensions]
inline thread_local uintptr_t g_slot = 0;
^
/root/cj_build/impl_relocation_receipt_queue5-mutant/src/runtime/src/Heap/Verify/NullRouteCaller.h:37:1: warning: inline variables are a C++17 extension [-Wc++17-extensions]
inline thread_local void* g_host = nullptr;
^
In file included from /root/cj_build/impl_relocation_receipt_queue5-mutant/src/runtime/src/Heap/Verify/Stw2CurrentAudit.cpp:11:
In file included from /root/cj_build/impl_relocation_receipt_queue5-mutant/src/runtime/src/Heap/Allocator/AllocBuffer.h:16:
In file included from /root/cj_build/impl_relocation_receipt_queue5-mutant/src/runtime/src/Heap/Allocator/RegionList.h:11:
In file included from /root/cj_build/impl_relocation_receipt_queue5-mutant/src/runtime/src/Heap/Allocator/RegionInfo.h:53:
/root/cj_build/impl_relocation_receipt_queue5-mutant/src/runtime/src/Heap/Verify/MutatorRelocate.h:102:8: warning: constexpr if is a C++17 extension [-Wc++17-extensions]
    if constexpr (kWaitRegionPublish) {
       ^
In file included from /root/cj_build/impl_relocation_receipt_queue5-mutant/src/runtime/src/Heap/Verify/Stw2CurrentAudit.cpp:14:
In file included from /root/cj_build/impl_relocation_receipt_queue5-mutant/src/runtime/src/Heap/Allocator/RegionSpace.h:22:
In file included from /root/cj_build/impl_relocation_receipt_queue5-mutant/src/runtime/src/Heap/Allocator/RegionManager.h:25:
In file included from /root/cj_build/impl_relocation_receipt_queue5-mutant/src/runtime/src/Heap/Allocator/FreeRegionManager.h:15:
In file included from /root/cj_build/impl_relocation_receipt_queue5-mutant/src/runtime/src/Common/ScopedObjectAccess.h:11:
In file included from /root/cj_build/impl_relocation_receipt_queue5-mutant/src/runtime/src/Mutator/Mutator.inline.h:11:
In file included from /root/cj_build/impl_relocation_receipt_queue5-mutant/src/runtime/src/Mutator/MutatorManager.h:17:
/root/cj_build/impl_relocation_receipt_queue5-mutant/src/runtime/src/Base/GcLog.h:217:45: warning: format string is not a string literal [-Wformat-nonliteral]
        int n = vsnprintf(buf, sizeof(buf), format, args);
                                            ^~~~~~
8 warnings generated.
In file included from /root/cj_build/impl_relocation_receipt_queue5-mutant/src/runtime/src/Heap/Verify/GarbRegionDiag.cpp:9:
In file included from /root/cj_build/impl_relocation_receipt_queue5-mutant/src/runtime/src/Heap/Allocator/RegionInfo.h:41:
/root/cj_build/impl_relocation_receipt_queue5-mutant/src/runtime/src/Heap/Verify/AllocPhaseDiag.h:57:1: warning: inline variables are a C++17 extension [-Wc++17-extensions]
inline Slot g_table[kCap] = {};
^
/root/cj_build/impl_relocation_receipt_queue5-mutant/src/runtime/src/Heap/Verify/AllocPhaseDiag.h:58:1: warning: inline variables are a C++17 extension [-Wc++17-extensions]
inline NearEntry g_near[kNearCap] = {};
^
In file included from /root/cj_build/impl_relocation_receipt_queue5-mutant/src/runtime/src/Heap/Verify/GarbRegionDiag.cpp:9:
In file included from /root/cj_build/impl_relocation_receipt_queue5-mutant/src/runtime/src/Heap/Allocator/RegionInfo.h:43:
/root/cj_build/impl_relocation_receipt_queue5-mutant/src/runtime/src/Heap/Verify/NullRouteCaller.h:34:1: warning: inline variables are a C++17 extension [-Wc++17-extensions]
inline thread_local const char* g_tag = nullptr;
^
/root/cj_build/impl_relocation_receipt_queue5-mutant/src/runtime/src/Heap/Verify/NullRouteCaller.h:35:1: warning: inline variables are a C++17 extension [-Wc++17-extensions]
inline thread_local const char* g_edgeSrc = nullptr;
^
/root/cj_build/impl_relocation_receipt_queue5-mutant/src/runtime/src/Heap/Verify/NullRouteCaller.h:36:1: warning: inline variables are a C++17 extension [-Wc++17-extensions]
inline thread_local uintptr_t g_slot = 0;
^
/root/cj_build/impl_relocation_receipt_queue5-mutant/src/runtime/src/Heap/Verify/NullRouteCaller.h:37:1: warning: inline variables are a C++17 extension [-Wc++17-extensions]
inline thread_local void* g_host = nullptr;
^
In file included from /root/cj_build/impl_relocation_receipt_queue5-mutant/src/runtime/src/Heap/Verify/GarbRegionDiag.cpp:9:
In file included from /root/cj_build/impl_relocation_receipt_queue5-mutant/src/runtime/src/Heap/Allocator/RegionInfo.h:53:
/root/cj_build/impl_relocation_receipt_queue5-mutant/src/runtime/src/Heap/Verify/MutatorRelocate.h:102:8: warning: constexpr if is a C++17 extension [-Wc++17-extensions]
    if constexpr (kWaitRegionPublish) {
       ^
7 warnings generated.
In file included from /root/cj_build/impl_relocation_receipt_queue5-mutant/src/runtime/src/Heap/Collector/Remembered.cpp:8:
In file included from /root/cj_build/impl_relocation_receipt_queue5-mutant/src/runtime/src/Heap/WCollector/WCollector.h:22:
In file included from /root/cj_build/impl_relocation_receipt_queue5-mutant/src/runtime/src/Heap/Allocator/RegionSpace.h:19:
In file included from /root/cj_build/impl_relocation_receipt_queue5-mutant/src/runtime/src/Heap/Allocator/Allocator.h:11:
In file included from /root/cj_build/impl_relocation_receipt_queue5-mutant/src/runtime/src/Heap/Allocator/AllocBufferManager.h:15:
In file included from /root/cj_build/impl_relocation_receipt_queue5-mutant/src/runtime/src/Heap/Allocator/AllocBuffer.h:16:
In file included from /root/cj_build/impl_relocation_receipt_queue5-mutant/src/runtime/src/Heap/Allocator/RegionList.h:11:
In file included from /root/cj_build/impl_relocation_receipt_queue5-mutant/src/runtime/src/Heap/Allocator/RegionInfo.h:41:
/root/cj_build/impl_relocation_receipt_queue5-mutant/src/runtime/src/Heap/Verify/AllocPhaseDiag.h:57:1: warning: inline variables are a C++17 extension [-Wc++17-extensions]
inline Slot g_table[kCap] = {};
^
/root/cj_build/impl_relocation_receipt_queue5-mutant/src/runtime/src/Heap/Verify/AllocPhaseDiag.h:58:1: warning: inline variables are a C++17 extension [-Wc++17-extensions]
inline NearEntry g_near[kNearCap] = {};
^
In file included from /root/cj_build/impl_relocation_receipt_queue5-mutant/src/runtime/src/Heap/Collector/Remembered.cpp:8:
In file included from /root/cj_build/impl_relocation_receipt_queue5-mutant/src/runtime/src/Heap/WCollector/WCollector.h:22:
In file included from /root/cj_build/impl_relocation_receipt_queue5-mutant/src/runtime/src/Heap/Allocator/RegionSpace.h:19:
In file included from /root/cj_build/impl_relocation_receipt_queue5-mutant/src/runtime/src/Heap/Allocator/Allocator.h:11:
In file included from /root/cj_build/impl_relocation_receipt_queue5-mutant/src/runtime/src/Heap/Allocator/AllocBufferManager.h:15:
In file included from /root/cj_build/impl_relocation_receipt_queue5-mutant/src/runtime/src/Heap/Allocator/AllocBuffer.h:16:
In file included from /root/cj_build/impl_relocation_receipt_queue5-mutant/src/runtime/src/Heap/Allocator/RegionList.h:11:
In file included from /root/cj_build/impl_relocation_receipt_queue5-mutant/src/runtime/src/Heap/Allocator/RegionInfo.h:43:
/root/cj_build/impl_relocation_receipt_queue5-mutant/src/runtime/src/Heap/Verify/NullRouteCaller.h:34:1: warning: inline variables are a C++17 extension [-Wc++17-extensions]
inline thread_local const char* g_tag = nullptr;
^
/root/cj_build/impl_relocation_receipt_queue5-mutant/src/runtime/src/Heap/Verify/NullRouteCaller.h:35:1: warning: inline variables are a C++17 extension [-Wc++17-extensions]
inline thread_local const char* g_edgeSrc = nullptr;
^
/root/cj_build/impl_relocation_receipt_queue5-mutant/src/runtime/src/Heap/Verify/NullRouteCaller.h:36:1: warning: inline variables are a C++17 extension [-Wc++17-extensions]
inline thread_local uintptr_t g_slot = 0;
^
/root/cj_build/impl_relocation_receipt_queue5-mutant/src/runtime/src/Heap/Verify/NullRouteCaller.h:37:1: warning: inline variables are a C++17 extension [-Wc++17-extensions]
inline thread_local void* g_host = nullptr;
^
In file included from /root/cj_build/impl_relocation_receipt_queue5-mutant/src/runtime/src/Heap/Collector/Remembered.cpp:8:
In file included from /root/cj_build/impl_relocation_receipt_queue5-mutant/src/runtime/src/Heap/WCollector/WCollector.h:22:
In file included from /root/cj_build/impl_relocation_receipt_queue5-mutant/src/runtime/src/Heap/Allocator/RegionSpace.h:19:
In file included from /root/cj_build/impl_relocation_receipt_queue5-mutant/src/runtime/src/Heap/Allocator/Allocator.h:11:
In file included from /root/cj_build/impl_relocation_receipt_queue5-mutant/src/runtime/src/Heap/Allocator/AllocBufferManager.h:15:
In file included from /root/cj_build/impl_relocation_receipt_queue5-mutant/src/runtime/src/Heap/Allocator/AllocBuffer.h:16:
In file included from /root/cj_build/impl_relocation_receipt_queue5-mutant/src/runtime/src/Heap/Allocator/RegionList.h:11:
In file included from /root/cj_build/impl_relocation_receipt_queue5-mutant/src/runtime/src/Heap/Allocator/RegionInfo.h:53:
/root/cj_build/impl_relocation_receipt_queue5-mutant/src/runtime/src/Heap/Verify/MutatorRelocate.h:102:8: warning: constexpr if is a C++17 extension [-Wc++17-extensions]
    if constexpr (kWaitRegionPublish) {
       ^
In file included from /root/cj_build/impl_relocation_receipt_queue5-mutant/src/runtime/src/Heap/Collector/Remembered.cpp:8:
In file included from /root/cj_build/impl_relocation_receipt_queue5-mutant/src/runtime/src/Heap/WCollector/WCollector.h:22:
In file included from /root/cj_build/impl_relocation_receipt_queue5-mutant/src/runtime/src/Heap/Allocator/RegionSpace.h:22:
In file included from /root/cj_build/impl_relocation_receipt_queue5-mutant/src/runtime/src/Heap/Allocator/RegionManager.h:25:
In file included from /root/cj_build/impl_relocation_receipt_queue5-mutant/src/runtime/src/Heap/Allocator/FreeRegionManager.h:15:
In file included from /root/cj_build/impl_relocation_receipt_queue5-mutant/src/runtime/src/Common/ScopedObjectAccess.h:11:
In file included from /root/cj_build/impl_relocation_receipt_queue5-mutant/src/runtime/src/Mutator/Mutator.inline.h:11:
In file included from /root/cj_build/impl_relocation_receipt_queue5-mutant/src/runtime/src/Mutator/MutatorManager.h:17:
/root/cj_build/impl_relocation_receipt_queue5-mutant/src/runtime/src/Base/GcLog.h:217:45: warning: format string is not a string literal [-Wformat-nonliteral]
        int n = vsnprintf(buf, sizeof(buf), format, args);
                                            ^~~~~~
In file included from /root/cj_build/impl_relocation_receipt_queue5-mutant/src/runtime/src/Heap/Collector/Remembered.cpp:8:
In file included from /root/cj_build/impl_relocation_receipt_queue5-mutant/src/runtime/src/Heap/WCollector/WCollector.h:24:
In file included from /root/cj_build/impl_relocation_receipt_queue5-mutant/src/runtime/src/Heap/Collector/CopyCollector.h:13:
/root/cj_build/impl_relocation_receipt_queue5-mutant/src/runtime/src/Heap/Collector/TracingCollector.h:352:20: warning: unused variable 'objSize' [-Wunused-variable]
            size_t objSize = obj->GetSize();
                   ^
In file included from /root/cj_build/impl_relocation_receipt_queue5-mutant/src/runtime/src/Heap/Collector/Remembered.cpp:8:
/root/cj_build/impl_relocation_receipt_queue5-mutant/src/runtime/src/Heap/WCollector/WCollector.h:425:12: warning: constexpr if is a C++17 extension [-Wc++17-extensions]
        if constexpr (ForwardingTable::kEntriesSoleWhenArmed) {
           ^
/root/cj_build/impl_relocation_receipt_queue5-mutant/src/runtime/src/Heap/WCollector/WCollector.h:450:12: warning: constexpr if is a C++17 extension [-Wc++17-extensions]
        if constexpr (ForwardingTable::kEntriesSoleWhenArmed) {
           ^
/root/cj_build/impl_relocation_receipt_queue5-mutant/src/runtime/src/Heap/WCollector/WCollector.h:346:38: warning: unused variable 'routeNullCount' [-Wunused-variable]
        static std::atomic<uint64_t> routeNullCount{ 0 };
                                     ^
/root/cj_build/impl_relocation_receipt_queue5-mutant/src/runtime/src/Heap/WCollector/WCollector.h:357:20: warning: unused variable 'funnel' [-Wunused-variable]
        const bool funnel = RemapFunnelOn();
                   ^
/root/cj_build/impl_relocation_receipt_queue5-mutant/src/runtime/src/Heap/WCollector/WCollector.h:349:38: warning: unused variable 'giveFromCount' [-Wunused-variable]
        static std::atomic<uint64_t> giveFromCount{ 0 };
                                     ^
/root/cj_build/impl_relocation_receipt_queue5-mutant/src/runtime/src/Heap/WCollector/WCollector.h:343:38: warning: unused variable 'callCount' [-Wunused-variable]
        static std::atomic<uint64_t> callCount{ 0 };
                                     ^
/root/cj_build/impl_relocation_receipt_queue5-mutant/src/runtime/src/Heap/WCollector/WCollector.h:348:38: warning: unused variable 'waitCount' [-Wunused-variable]
        static std::atomic<uint64_t> waitCount{ 0 };
                                     ^
/root/cj_build/impl_relocation_receipt_queue5-mutant/src/runtime/src/Heap/WCollector/WCollector.h:344:38: warning: unused variable 'nonHeapCount' [-Wunused-variable]
        static std::atomic<uint64_t> nonHeapCount{ 0 };
                                     ^
/root/cj_build/impl_relocation_receipt_queue5-mutant/src/runtime/src/Heap/WCollector/WCollector.h:345:38: warning: unused variable 'noGhostCount' [-Wunused-variable]
        static std::atomic<uint64_t> noGhostCount{ 0 };
                                     ^
/root/cj_build/impl_relocation_receipt_queue5-mutant/src/runtime/src/Heap/WCollector/WCollector.h:347:38: warning: unused variable 'receiptCount' [-Wunused-variable]
        static std::atomic<uint64_t> receiptCount{ 0 };
                                     ^
/root/cj_build/impl_relocation_receipt_queue5-mutant/src/runtime/src/Heap/WCollector/WCollector.h:622:12: warning: constexpr if is a C++17 extension [-Wc++17-extensions]
        if constexpr (ForwardingTable::kEntriesSoleWhenArmed) {
           ^
/root/cj_build/impl_relocation_receipt_queue5-mutant/src/runtime/src/Heap/WCollector/WCollector.h:677:12: warning: constexpr if is a C++17 extension [-Wc++17-extensions]
        if constexpr (ForwardingTable::kConsumeEntries) {
           ^
/root/cj_build/impl_relocation_receipt_queue5-mutant/src/runtime/src/Heap/WCollector/WCollector.h:682:16: warning: constexpr if is a C++17 extension [-Wc++17-extensions]
            if constexpr (ForwardingTable::kEntriesSoleWhenArmed) {
               ^
/root/cj_build/impl_relocation_receipt_queue5-mutant/src/runtime/src/Heap/WCollector/WCollector.h:713:12: warning: constexpr if is a C++17 extension [-Wc++17-extensions]
        if constexpr (ForwardingTable::kConsumeEntries) {
           ^
/root/cj_build/impl_relocation_receipt_queue5-mutant/src/runtime/src/Heap/Collector/Remembered.cpp:751:60: warning: lambda capture 'account' is not used [-Wunused-lambda-capture]
    auto walkRange = [&processObject, requireSurvivedMark, account](uintptr_t rangeStart, uintptr_t rangeEnd,
                                                         ~~^~~~~~~
/root/cj_build/impl_relocation_receipt_queue5-mutant/src/runtime/src/Heap/Collector/Remembered.cpp:876:60: warning: lambda capture 'this' is not used [-Wunused-lambda-capture]
        threadPool->AddWork(new (std::nothrow) LambdaWork([this, &rootAcc, &makeRootVisitor](size_t) {
                                                           ^~~~~
/root/cj_build/impl_relocation_receipt_queue5-mutant/src/runtime/src/Heap/Collector/Remembered.cpp:881:60: warning: lambda capture 'this' is not used [-Wunused-lambda-capture]
        threadPool->AddWork(new (std::nothrow) LambdaWork([this, &rootAcc, &makeRootVisitor](size_t) {
                                                           ^~~~~
/root/cj_build/impl_relocation_receipt_queue5-mutant/src/runtime/src/Heap/Collector/Remembered.cpp:885:60: warning: lambda capture 'this' is not used [-Wunused-lambda-capture]
        threadPool->AddWork(new (std::nothrow) LambdaWork([this, &rootAcc, &makeRootVisitor](size_t) {
                                                           ^~~~~
/root/cj_build/impl_relocation_receipt_queue5-mutant/src/runtime/src/Heap/Collector/Remembered.cpp:897:60: warning: lambda capture 'this' is not used [-Wunused-lambda-capture]
        threadPool->AddWork(new (std::nothrow) LambdaWork([this, &rootAcc, &makeRootVisitor](size_t) {
                                                           ^~~~~
28 warnings generated.
[ 89%] Linking CXX static library ../../../../output/temp/ar/x86_64_Release/libWCollector.a
[ 89%] Built target WCollector
In file included from /root/cj_build/impl_relocation_receipt_queue5-mutant/src/runtime/src/Heap/Verify/FillerZeroDiag.cpp:7:
In file included from /root/cj_build/impl_relocation_receipt_queue5-mutant/src/runtime/src/Heap/Allocator/RegionInfo.h:41:
/root/cj_build/impl_relocation_receipt_queue5-mutant/src/runtime/src/Heap/Verify/AllocPhaseDiag.h:57:1: warning: inline variables are a C++17 extension [-Wc++17-extensions]
inline Slot g_table[kCap] = {};
^
/root/cj_build/impl_relocation_receipt_queue5-mutant/src/runtime/src/Heap/Verify/AllocPhaseDiag.h:58:1: warning: inline variables are a C++17 extension [-Wc++17-extensions]
inline NearEntry g_near[kNearCap] = {};
^
In file included from /root/cj_build/impl_relocation_receipt_queue5-mutant/src/runtime/src/Heap/Verify/FillerZeroDiag.cpp:7:
In file included from /root/cj_build/impl_relocation_receipt_queue5-mutant/src/runtime/src/Heap/Allocator/RegionInfo.h:43:
/root/cj_build/impl_relocation_receipt_queue5-mutant/src/runtime/src/Heap/Verify/NullRouteCaller.h:34:1: warning: inline variables are a C++17 extension [-Wc++17-extensions]
inline thread_local const char* g_tag = nullptr;
^
/root/cj_build/impl_relocation_receipt_queue5-mutant/src/runtime/src/Heap/Verify/NullRouteCaller.h:35:1: warning: inline variables are a C++17 extension [-Wc++17-extensions]
inline thread_local const char* g_edgeSrc = nullptr;
^
/root/cj_build/impl_relocation_receipt_queue5-mutant/src/runtime/src/Heap/Verify/NullRouteCaller.h:36:1: warning: inline variables are a C++17 extension [-Wc++17-extensions]
inline thread_local uintptr_t g_slot = 0;
^
/root/cj_build/impl_relocation_receipt_queue5-mutant/src/runtime/src/Heap/Verify/NullRouteCaller.h:37:1: warning: inline variables are a C++17 extension [-Wc++17-extensions]
inline thread_local void* g_host = nullptr;
^
In file included from /root/cj_build/impl_relocation_receipt_queue5-mutant/src/runtime/src/Heap/Verify/FillerZeroDiag.cpp:7:
In file included from /root/cj_build/impl_relocation_receipt_queue5-mutant/src/runtime/src/Heap/Allocator/RegionInfo.h:53:
/root/cj_build/impl_relocation_receipt_queue5-mutant/src/runtime/src/Heap/Verify/MutatorRelocate.h:102:8: warning: constexpr if is a C++17 extension [-Wc++17-extensions]
    if constexpr (kWaitRegionPublish) {
       ^
7 warnings generated.
In file included from /root/cj_build/impl_relocation_receipt_queue5-mutant/src/runtime/src/Heap/Verify/CsetEmptyWho.cpp:18:
In file included from /root/cj_build/impl_relocation_receipt_queue5-mutant/src/runtime/src/Concurrency/ConcurrencyModel.h:17:
In file included from /root/cj_build/impl_relocation_receipt_queue5-mutant/src/runtime/src/Mutator/Mutator.h:16:
In file included from /root/cj_build/impl_relocation_receipt_queue5-mutant/src/runtime/src/Heap/Allocator/Allocator.h:11:
In file included from /root/cj_build/impl_relocation_receipt_queue5-mutant/src/runtime/src/Heap/Allocator/AllocBufferManager.h:15:
In file included from /root/cj_build/impl_relocation_receipt_queue5-mutant/src/runtime/src/Heap/Allocator/AllocBuffer.h:16:
In file included from /root/cj_build/impl_relocation_receipt_queue5-mutant/src/runtime/src/Heap/Allocator/RegionList.h:11:
In file included from /root/cj_build/impl_relocation_receipt_queue5-mutant/src/runtime/src/Heap/Allocator/RegionInfo.h:41:
/root/cj_build/impl_relocation_receipt_queue5-mutant/src/runtime/src/Heap/Verify/AllocPhaseDiag.h:57:1: warning: inline variables are a C++17 extension [-Wc++17-extensions]
inline Slot g_table[kCap] = {};
^
/root/cj_build/impl_relocation_receipt_queue5-mutant/src/runtime/src/Heap/Verify/AllocPhaseDiag.h:58:1: warning: inline variables are a C++17 extension [-Wc++17-extensions]
inline NearEntry g_near[kNearCap] = {};
^
In file included from /root/cj_build/impl_relocation_receipt_queue5-mutant/src/runtime/src/Heap/Verify/CsetEmptyWho.cpp:18:
In file included from /root/cj_build/impl_relocation_receipt_queue5-mutant/src/runtime/src/Concurrency/ConcurrencyModel.h:17:
In file included from /root/cj_build/impl_relocation_receipt_queue5-mutant/src/runtime/src/Mutator/Mutator.h:16:
In file included from /root/cj_build/impl_relocation_receipt_queue5-mutant/src/runtime/src/Heap/Allocator/Allocator.h:11:
In file included from /root/cj_build/impl_relocation_receipt_queue5-mutant/src/runtime/src/Heap/Allocator/AllocBufferManager.h:15:
In file included from /root/cj_build/impl_relocation_receipt_queue5-mutant/src/runtime/src/Heap/Allocator/AllocBuffer.h:16:
In file included from /root/cj_build/impl_relocation_receipt_queue5-mutant/src/runtime/src/Heap/Allocator/RegionList.h:11:
In file included from /root/cj_build/impl_relocation_receipt_queue5-mutant/src/runtime/src/Heap/Allocator/RegionInfo.h:43:
/root/cj_build/impl_relocation_receipt_queue5-mutant/src/runtime/src/Heap/Verify/NullRouteCaller.h:34:1: warning: inline variables are a C++17 extension [-Wc++17-extensions]
inline thread_local const char* g_tag = nullptr;
^
/root/cj_build/impl_relocation_receipt_queue5-mutant/src/runtime/src/Heap/Verify/NullRouteCaller.h:35:1: warning: inline variables are a C++17 extension [-Wc++17-extensions]
inline thread_local const char* g_edgeSrc = nullptr;
^
/root/cj_build/impl_relocation_receipt_queue5-mutant/src/runtime/src/Heap/Verify/NullRouteCaller.h:36:1: warning: inline variables are a C++17 extension [-Wc++17-extensions]
inline thread_local uintptr_t g_slot = 0;
^
/root/cj_build/impl_relocation_receipt_queue5-mutant/src/runtime/src/Heap/Verify/NullRouteCaller.h:37:1: warning: inline variables are a C++17 extension [-Wc++17-extensions]
inline thread_local void* g_host = nullptr;
^
In file included from /root/cj_build/impl_relocation_receipt_queue5-mutant/src/runtime/src/Heap/Verify/CsetEmptyWho.cpp:18:
In file included from /root/cj_build/impl_relocation_receipt_queue5-mutant/src/runtime/src/Concurrency/ConcurrencyModel.h:17:
In file included from /root/cj_build/impl_relocation_receipt_queue5-mutant/src/runtime/src/Mutator/Mutator.h:16:
In file included from /root/cj_build/impl_relocation_receipt_queue5-mutant/src/runtime/src/Heap/Allocator/Allocator.h:11:
In file included from /root/cj_build/impl_relocation_receipt_queue5-mutant/src/runtime/src/Heap/Allocator/AllocBufferManager.h:15:
In file included from /root/cj_build/impl_relocation_receipt_queue5-mutant/src/runtime/src/Heap/Allocator/AllocBuffer.h:16:
In file included from /root/cj_build/impl_relocation_receipt_queue5-mutant/src/runtime/src/Heap/Allocator/RegionList.h:11:
In file included from /root/cj_build/impl_relocation_receipt_queue5-mutant/src/runtime/src/Heap/Allocator/RegionInfo.h:53:
/root/cj_build/impl_relocation_receipt_queue5-mutant/src/runtime/src/Heap/Verify/MutatorRelocate.h:102:8: warning: constexpr if is a C++17 extension [-Wc++17-extensions]
    if constexpr (kWaitRegionPublish) {
       ^
In file included from /root/cj_build/impl_relocation_receipt_queue5-mutant/src/runtime/src/Heap/Verify/CsetEmptyWho.cpp:24:
In file included from /root/cj_build/impl_relocation_receipt_queue5-mutant/src/runtime/src/Mutator/MutatorManager.h:17:
/root/cj_build/impl_relocation_receipt_queue5-mutant/src/runtime/src/Base/GcLog.h:217:45: warning: format string is not a string literal [-Wformat-nonliteral]
        int n = vsnprintf(buf, sizeof(buf), format, args);
                                            ^~~~~~
8 warnings generated.
In file included from /root/cj_build/impl_relocation_receipt_queue5-mutant/src/runtime/src/Heap/Verify/HoleWhoDiag.cpp:10:
In file included from /root/cj_build/impl_relocation_receipt_queue5-mutant/src/runtime/src/Heap/Allocator/RegionInfo.h:41:
/root/cj_build/impl_relocation_receipt_queue5-mutant/src/runtime/src/Heap/Verify/AllocPhaseDiag.h:57:1: warning: inline variables are a C++17 extension [-Wc++17-extensions]
inline Slot g_table[kCap] = {};
^
/root/cj_build/impl_relocation_receipt_queue5-mutant/src/runtime/src/Heap/Verify/AllocPhaseDiag.h:58:1: warning: inline variables are a C++17 extension [-Wc++17-extensions]
inline NearEntry g_near[kNearCap] = {};
^
In file included from /root/cj_build/impl_relocation_receipt_queue5-mutant/src/runtime/src/Heap/Verify/HoleWhoDiag.cpp:10:
In file included from /root/cj_build/impl_relocation_receipt_queue5-mutant/src/runtime/src/Heap/Allocator/RegionInfo.h:43:
/root/cj_build/impl_relocation_receipt_queue5-mutant/src/runtime/src/Heap/Verify/NullRouteCaller.h:34:1: warning: inline variables are a C++17 extension [-Wc++17-extensions]
inline thread_local const char* g_tag = nullptr;
^
/root/cj_build/impl_relocation_receipt_queue5-mutant/src/runtime/src/Heap/Verify/NullRouteCaller.h:35:1: warning: inline variables are a C++17 extension [-Wc++17-extensions]
inline thread_local const char* g_edgeSrc = nullptr;
^
/root/cj_build/impl_relocation_receipt_queue5-mutant/src/runtime/src/Heap/Verify/NullRouteCaller.h:36:1: warning: inline variables are a C++17 extension [-Wc++17-extensions]
inline thread_local uintptr_t g_slot = 0;
^
/root/cj_build/impl_relocation_receipt_queue5-mutant/src/runtime/src/Heap/Verify/NullRouteCaller.h:37:1: warning: inline variables are a C++17 extension [-Wc++17-extensions]
inline thread_local void* g_host = nullptr;
^
In file included from /root/cj_build/impl_relocation_receipt_queue5-mutant/src/runtime/src/Heap/Verify/HoleWhoDiag.cpp:10:
In file included from /root/cj_build/impl_relocation_receipt_queue5-mutant/src/runtime/src/Heap/Allocator/RegionInfo.h:53:
/root/cj_build/impl_relocation_receipt_queue5-mutant/src/runtime/src/Heap/Verify/MutatorRelocate.h:102:8: warning: constexpr if is a C++17 extension [-Wc++17-extensions]
    if constexpr (kWaitRegionPublish) {
       ^
7 warnings generated.
In file included from /root/cj_build/impl_relocation_receipt_queue5-mutant/src/runtime/src/Heap/Verify/FromPageDetachCheck.cpp:16:
In file included from /root/cj_build/impl_relocation_receipt_queue5-mutant/src/runtime/src/Heap/Allocator/RegionInfo.h:41:
/root/cj_build/impl_relocation_receipt_queue5-mutant/src/runtime/src/Heap/Verify/AllocPhaseDiag.h:57:1: warning: inline variables are a C++17 extension [-Wc++17-extensions]
inline Slot g_table[kCap] = {};
^
/root/cj_build/impl_relocation_receipt_queue5-mutant/src/runtime/src/Heap/Verify/AllocPhaseDiag.h:58:1: warning: inline variables are a C++17 extension [-Wc++17-extensions]
inline NearEntry g_near[kNearCap] = {};
^
In file included from /root/cj_build/impl_relocation_receipt_queue5-mutant/src/runtime/src/Heap/Verify/FromPageDetachCheck.cpp:16:
In file included from /root/cj_build/impl_relocation_receipt_queue5-mutant/src/runtime/src/Heap/Allocator/RegionInfo.h:43:
/root/cj_build/impl_relocation_receipt_queue5-mutant/src/runtime/src/Heap/Verify/NullRouteCaller.h:34:1: warning: inline variables are a C++17 extension [-Wc++17-extensions]
inline thread_local const char* g_tag = nullptr;
^
/root/cj_build/impl_relocation_receipt_queue5-mutant/src/runtime/src/Heap/Verify/NullRouteCaller.h:35:1: warning: inline variables are a C++17 extension [-Wc++17-extensions]
inline thread_local const char* g_edgeSrc = nullptr;
^
/root/cj_build/impl_relocation_receipt_queue5-mutant/src/runtime/src/Heap/Verify/NullRouteCaller.h:36:1: warning: inline variables are a C++17 extension [-Wc++17-extensions]
inline thread_local uintptr_t g_slot = 0;
^
/root/cj_build/impl_relocation_receipt_queue5-mutant/src/runtime/src/Heap/Verify/NullRouteCaller.h:37:1: warning: inline variables are a C++17 extension [-Wc++17-extensions]
inline thread_local void* g_host = nullptr;
^
In file included from /root/cj_build/impl_relocation_receipt_queue5-mutant/src/runtime/src/Heap/Verify/FromPageDetachCheck.cpp:16:
In file included from /root/cj_build/impl_relocation_receipt_queue5-mutant/src/runtime/src/Heap/Allocator/RegionInfo.h:53:
/root/cj_build/impl_relocation_receipt_queue5-mutant/src/runtime/src/Heap/Verify/MutatorRelocate.h:102:8: warning: constexpr if is a C++17 extension [-Wc++17-extensions]
    if constexpr (kWaitRegionPublish) {
       ^
7 warnings generated.
[ 89%] Linking CXX static library ../../../../output/temp/ar/x86_64_Release/libVerify.a
[ 89%] Built target Verify
Scanning dependencies of target cangjie-runtime
[ 89%] Building CXX object src/CMakeFiles/cangjie-runtime.dir/ExceptionManager.cpp.o
[ 89%] Building CXX object src/CMakeFiles/cangjie-runtime.dir/LoaderManager.cpp.o
[ 91%] Building CXX object src/CMakeFiles/cangjie-runtime.dir/HeapManager.cpp.o
[ 91%] Building CXX object src/CMakeFiles/cangjie-runtime.dir/CompilerCalls.cpp.o
[ 91%] Building CXX object src/CMakeFiles/cangjie-runtime.dir/SignalManager.cpp.o
[ 91%] Building CXX object src/CMakeFiles/cangjie-runtime.dir/StackManager.cpp.o
[ 91%] Building CXX object src/CMakeFiles/cangjie-runtime.dir/LogManager.cpp.o
[ 92%] Building CXX object src/CMakeFiles/cangjie-runtime.dir/TypeInfoManager.cpp.o
[ 94%] Building CXX object src/CMakeFiles/cangjie-runtime.dir/CangjieRuntime.cpp.o
[ 94%] Building CXX object src/CMakeFiles/cangjie-runtime.dir/CjScheduler.cpp.o
[ 94%] Building CXX object src/CMakeFiles/cangjie-runtime.dir/CjTimer.cpp.o
[ 95%] Building CXX object src/CMakeFiles/cangjie-runtime.dir/CangjieRuntimeApi.cpp.o
In file included from /root/cj_build/impl_relocation_receipt_queue5-mutant/src/runtime/src/ExceptionManager.cpp:13:
In file included from /root/cj_build/impl_relocation_receipt_queue5-mutant/src/runtime/src/ExceptionManager.inline.h:14:
In file included from /root/cj_build/impl_relocation_receipt_queue5-mutant/src/runtime/src/Mutator/Mutator.h:16:
In file included from /root/cj_build/impl_relocation_receipt_queue5-mutant/src/runtime/src/Heap/Allocator/Allocator.h:11:
In file included from /root/cj_build/impl_relocation_receipt_queue5-mutant/src/runtime/src/Heap/Allocator/AllocBufferManager.h:15:
In file included from /root/cj_build/impl_relocation_receipt_queue5-mutant/src/runtime/src/Heap/Allocator/AllocBuffer.h:16:
In file included from /root/cj_build/impl_relocation_receipt_queue5-mutant/src/runtime/src/Heap/Allocator/RegionList.h:11:
In file included from /root/cj_build/impl_relocation_receipt_queue5-mutant/src/runtime/src/Heap/Allocator/RegionInfo.h:41:
/root/cj_build/impl_relocation_receipt_queue5-mutant/src/runtime/src/Heap/Verify/AllocPhaseDiag.h:57:1: warning: inline variables are a C++17 extension [-Wc++17-extensions]
inline Slot g_table[kCap] = {};
^
/root/cj_build/impl_relocation_receipt_queue5-mutant/src/runtime/src/Heap/Verify/AllocPhaseDiag.h:58:1: warning: inline variables are a C++17 extension [-Wc++17-extensions]
inline NearEntry g_near[kNearCap] = {};
^
In file included from /root/cj_build/impl_relocation_receipt_queue5-mutant/src/runtime/src/ExceptionManager.cpp:13:
In file included from /root/cj_build/impl_relocation_receipt_queue5-mutant/src/runtime/src/ExceptionManager.inline.h:14:
In file included from /root/cj_build/impl_relocation_receipt_queue5-mutant/src/runtime/src/Mutator/Mutator.h:16:
In file included from /root/cj_build/impl_relocation_receipt_queue5-mutant/src/runtime/src/Heap/Allocator/Allocator.h:11:
In file included from /root/cj_build/impl_relocation_receipt_queue5-mutant/src/runtime/src/Heap/Allocator/AllocBufferManager.h:15:
In file included from /root/cj_build/impl_relocation_receipt_queue5-mutant/src/runtime/src/Heap/Allocator/AllocBuffer.h:16:
In file included from /root/cj_build/impl_relocation_receipt_queue5-mutant/src/runtime/src/Heap/Allocator/RegionList.h:11:
In file included from /root/cj_build/impl_relocation_receipt_queue5-mutant/src/runtime/src/Heap/Allocator/RegionInfo.h:43:
/root/cj_build/impl_relocation_receipt_queue5-mutant/src/runtime/src/Heap/Verify/NullRouteCaller.h:34:1: warning: inline variables are a C++17 extension [-Wc++17-extensions]
inline thread_local const char* g_tag = nullptr;
^
/root/cj_build/impl_relocation_receipt_queue5-mutant/src/runtime/src/Heap/Verify/NullRouteCaller.h:35:1: warning: inline variables are a C++17 extension [-Wc++17-extensions]
inline thread_local const char* g_edgeSrc = nullptr;
^
/root/cj_build/impl_relocation_receipt_queue5-mutant/src/runtime/src/Heap/Verify/NullRouteCaller.h:36:1: warning: inline variables are a C++17 extension [-Wc++17-extensions]
inline thread_local uintptr_t g_slot = 0;
^
/root/cj_build/impl_relocation_receipt_queue5-mutant/src/runtime/src/Heap/Verify/NullRouteCaller.h:37:1: warning: inline variables are a C++17 extension [-Wc++17-extensions]
inline thread_local void* g_host = nullptr;
^
In file included from /root/cj_build/impl_relocation_receipt_queue5-mutant/src/runtime/src/ExceptionManager.cpp:13:
In file included from /root/cj_build/impl_relocation_receipt_queue5-mutant/src/runtime/src/ExceptionManager.inline.h:14:
In file included from /root/cj_build/impl_relocation_receipt_queue5-mutant/src/runtime/src/Mutator/Mutator.h:16:
In file included from /root/cj_build/impl_relocation_receipt_queue5-mutant/src/runtime/src/Heap/Allocator/Allocator.h:11:
In file included from /root/cj_build/impl_relocation_receipt_queue5-mutant/src/runtime/src/Heap/Allocator/AllocBufferManager.h:15:
In file included from /root/cj_build/impl_relocation_receipt_queue5-mutant/src/runtime/src/Heap/Allocator/AllocBuffer.h:16:
In file included from /root/cj_build/impl_relocation_receipt_queue5-mutant/src/runtime/src/Heap/Allocator/RegionList.h:11:
In file included from /root/cj_build/impl_relocation_receipt_queue5-mutant/src/runtime/src/Heap/Allocator/RegionInfo.h:53:
/root/cj_build/impl_relocation_receipt_queue5-mutant/src/runtime/src/Heap/Verify/MutatorRelocate.h:102:8: warning: constexpr if is a C++17 extension [-Wc++17-extensions]
    if constexpr (kWaitRegionPublish) {
       ^
In file included from /root/cj_build/impl_relocation_receipt_queue5-mutant/src/runtime/src/ExceptionManager.cpp:13:
In file included from /root/cj_build/impl_relocation_receipt_queue5-mutant/src/runtime/src/ExceptionManager.inline.h:15:
In file included from /root/cj_build/impl_relocation_receipt_queue5-mutant/src/runtime/src/Mutator/MutatorManager.h:17:
/root/cj_build/impl_relocation_receipt_queue5-mutant/src/runtime/src/Base/GcLog.h:217:45: warning: format string is not a string literal [-Wformat-nonliteral]
        int n = vsnprintf(buf, sizeof(buf), format, args);
                                            ^~~~~~
8 warnings generated.
[ 95%] Building ASM object src/CMakeFiles/cangjie-runtime.dir/arch/x86_64_linux/N2CStub.S.o
In file included from /root/cj_build/impl_relocation_receipt_queue5-mutant/src/runtime/src/SignalManager.cpp:15:
/root/cj_build/impl_relocation_receipt_queue5-mutant/src/runtime/src/Base/GcLog.h:217:45: warning: format string is not a string literal [-Wformat-nonliteral]
        int n = vsnprintf(buf, sizeof(buf), format, args);
                                            ^~~~~~
In file included from /root/cj_build/impl_relocation_receipt_queue5-mutant/src/runtime/src/SignalManager.cpp:20:
In file included from /root/cj_build/impl_relocation_receipt_queue5-mutant/src/runtime/src/Concurrency/ConcurrencyModel.h:17:
In file included from /root/cj_build/impl_relocation_receipt_queue5-mutant/src/runtime/src/Mutator/Mutator.h:16:
In file included from /root/cj_build/impl_relocation_receipt_queue5-mutant/src/runtime/src/Heap/Allocator/Allocator.h:11:
In file included from /root/cj_build/impl_relocation_receipt_queue5-mutant/src/runtime/src/Heap/Allocator/AllocBufferManager.h:15:
In file included from /root/cj_build/impl_relocation_receipt_queue5-mutant/src/runtime/src/Heap/Allocator/AllocBuffer.h:16:
In file included from /root/cj_build/impl_relocation_receipt_queue5-mutant/src/runtime/src/Heap/Allocator/RegionList.h:11:
In file included from /root/cj_build/impl_relocation_receipt_queue5-mutant/src/runtime/src/Heap/Allocator/RegionInfo.h:41:
/root/cj_build/impl_relocation_receipt_queue5-mutant/src/runtime/src/Heap/Verify/AllocPhaseDiag.h:57:1: warning: inline variables are a C++17 extension [-Wc++17-extensions]
inline Slot g_table[kCap] = {};
^
/root/cj_build/impl_relocation_receipt_queue5-mutant/src/runtime/src/Heap/Verify/AllocPhaseDiag.h:58:1: warning: inline variables are a C++17 extension [-Wc++17-extensions]
inline NearEntry g_near[kNearCap] = {};
^
In file included from /root/cj_build/impl_relocation_receipt_queue5-mutant/src/runtime/src/SignalManager.cpp:20:
In file included from /root/cj_build/impl_relocation_receipt_queue5-mutant/src/runtime/src/Concurrency/ConcurrencyModel.h:17:
In file included from /root/cj_build/impl_relocation_receipt_queue5-mutant/src/runtime/src/Mutator/Mutator.h:16:
In file included from /root/cj_build/impl_relocation_receipt_queue5-mutant/src/runtime/src/Heap/Allocator/Allocator.h:11:
In file included from /root/cj_build/impl_relocation_receipt_queue5-mutant/src/runtime/src/Heap/Allocator/AllocBufferManager.h:15:
In file included from /root/cj_build/impl_relocation_receipt_queue5-mutant/src/runtime/src/Heap/Allocator/AllocBuffer.h:16:
In file included from /root/cj_build/impl_relocation_receipt_queue5-mutant/src/runtime/src/Heap/Allocator/RegionList.h:11:
In file included from /root/cj_build/impl_relocation_receipt_queue5-mutant/src/runtime/src/Heap/Allocator/RegionInfo.h:43:
/root/cj_build/impl_relocation_receipt_queue5-mutant/src/runtime/src/Heap/Verify/NullRouteCaller.h:34:1: warning: inline variables are a C++17 extension [-Wc++17-extensions]
inline thread_local const char* g_tag = nullptr;
^
/root/cj_build/impl_relocation_receipt_queue5-mutant/src/runtime/src/Heap/Verify/NullRouteCaller.h:35:1: warning: inline variables are a C++17 extension [-Wc++17-extensions]
inline thread_local const char* g_edgeSrc = nullptr;
^
/root/cj_build/impl_relocation_receipt_queue5-mutant/src/runtime/src/Heap/Verify/NullRouteCaller.h:36:1: warning: inline variables are a C++17 extension [-Wc++17-extensions]
inline thread_local uintptr_t g_slot = 0;
^
/root/cj_build/impl_relocation_receipt_queue5-mutant/src/runtime/src/Heap/Verify/NullRouteCaller.h:37:1: warning: inline variables are a C++17 extension [-Wc++17-extensions]
inline thread_local void* g_host = nullptr;
^
In file included from /root/cj_build/impl_relocation_receipt_queue5-mutant/src/runtime/src/SignalManager.cpp:20:
In file included from /root/cj_build/impl_relocation_receipt_queue5-mutant/src/runtime/src/Concurrency/ConcurrencyModel.h:17:
In file included from /root/cj_build/impl_relocation_receipt_queue5-mutant/src/runtime/src/Mutator/Mutator.h:16:
In file included from /root/cj_build/impl_relocation_receipt_queue5-mutant/src/runtime/src/Heap/Allocator/Allocator.h:11:
In file included from /root/cj_build/impl_relocation_receipt_queue5-mutant/src/runtime/src/Heap/Allocator/AllocBufferManager.h:15:
In file included from /root/cj_build/impl_relocation_receipt_queue5-mutant/src/runtime/src/Heap/Allocator/AllocBuffer.h:16:
In file included from /root/cj_build/impl_relocation_receipt_queue5-mutant/src/runtime/src/Heap/Allocator/RegionList.h:11:
In file included from /root/cj_build/impl_relocation_receipt_queue5-mutant/src/runtime/src/Heap/Allocator/RegionInfo.h:53:
/root/cj_build/impl_relocation_receipt_queue5-mutant/src/runtime/src/Heap/Verify/MutatorRelocate.h:102:8: warning: constexpr if is a C++17 extension [-Wc++17-extensions]
    if constexpr (kWaitRegionPublish) {
       ^
In file included from /root/cj_build/impl_relocation_receipt_queue5-mutant/src/runtime/src/SignalManager.cpp:21:
/root/cj_build/impl_relocation_receipt_queue5-mutant/src/runtime/src/Heap/Collector/TracingCollector.h:352:20: warning: unused variable 'objSize' [-Wunused-variable]
            size_t objSize = obj->GetSize();
                   ^
9 warnings generated.
[ 95%] Building ASM object src/CMakeFiles/cangjie-runtime.dir/arch/x86_64_linux/C2NStub.S.o
[ 96%] Building ASM object src/CMakeFiles/cangjie-runtime.dir/arch/x86_64_linux/ExclusiveScope.S.o
[ 96%] Building ASM object src/CMakeFiles/cangjie-runtime.dir/arch/x86_64_linux/CalleeSavedStub.S.o
[ 97%] Building ASM object src/CMakeFiles/cangjie-runtime.dir/arch/x86_64_linux/StackGrowStub.S.o
[ 97%] Building ASM object src/CMakeFiles/cangjie-runtime.dir/arch/x86_64_linux/I2NStub.S.o
[ 97%] Building ASM object src/CMakeFiles/cangjie-runtime.dir/arch/x86_64_linux/HandleSafepointStub.S.o
[ 98%] Building CXX object src/CMakeFiles/cangjie-runtime.dir/os/Linux/Loader.cpp.o
[ 98%] Building CXX object src/CMakeFiles/cangjie-runtime.dir/os/Linux/Path.cpp.o
In file included from /root/cj_build/impl_relocation_receipt_queue5-mutant/src/runtime/src/CangjieRuntime.cpp:23:
In file included from /root/cj_build/impl_relocation_receipt_queue5-mutant/src/runtime/src/Common/ScopedObjectAccess.h:11:
In file included from /root/cj_build/impl_relocation_receipt_queue5-mutant/src/runtime/src/Mutator/Mutator.inline.h:11:
In file included from /root/cj_build/impl_relocation_receipt_queue5-mutant/src/runtime/src/Mutator/MutatorManager.h:17:
/root/cj_build/impl_relocation_receipt_queue5-mutant/src/runtime/src/Base/GcLog.h:217:45: warning: format string is not a string literal [-Wformat-nonliteral]
        int n = vsnprintf(buf, sizeof(buf), format, args);
                                            ^~~~~~
In file included from /root/cj_build/impl_relocation_receipt_queue5-mutant/src/runtime/src/CangjieRuntime.cpp:23:
In file included from /root/cj_build/impl_relocation_receipt_queue5-mutant/src/runtime/src/Common/ScopedObjectAccess.h:11:
In file included from /root/cj_build/impl_relocation_receipt_queue5-mutant/src/runtime/src/Mutator/Mutator.inline.h:11:
In file included from /root/cj_build/impl_relocation_receipt_queue5-mutant/src/runtime/src/Mutator/MutatorManager.h:23:
In file included from /root/cj_build/impl_relocation_receipt_queue5-mutant/src/runtime/src/Mutator/Mutator.h:16:
In file included from /root/cj_build/impl_relocation_receipt_queue5-mutant/src/runtime/src/Heap/Allocator/Allocator.h:11:
In file included from /root/cj_build/impl_relocation_receipt_queue5-mutant/src/runtime/src/Heap/Allocator/AllocBufferManager.h:15:
In file included from /root/cj_build/impl_relocation_receipt_queue5-mutant/src/runtime/src/Heap/Allocator/AllocBuffer.h:16:
In file included from /root/cj_build/impl_relocation_receipt_queue5-mutant/src/runtime/src/Heap/Allocator/RegionList.h:11:
In file included from /root/cj_build/impl_relocation_receipt_queue5-mutant/src/runtime/src/Heap/Allocator/RegionInfo.h:41:
/root/cj_build/impl_relocation_receipt_queue5-mutant/src/runtime/src/Heap/Verify/AllocPhaseDiag.h:57:1: warning: inline variables are a C++17 extension [-Wc++17-extensions]
inline Slot g_table[kCap] = {};
^
/root/cj_build/impl_relocation_receipt_queue5-mutant/src/runtime/src/Heap/Verify/AllocPhaseDiag.h:58:1: warning: inline variables are a C++17 extension [-Wc++17-extensions]
inline NearEntry g_near[kNearCap] = {};
^
In file included from /root/cj_build/impl_relocation_receipt_queue5-mutant/src/runtime/src/CangjieRuntime.cpp:23:
In file included from /root/cj_build/impl_relocation_receipt_queue5-mutant/src/runtime/src/Common/ScopedObjectAccess.h:11:
In file included from /root/cj_build/impl_relocation_receipt_queue5-mutant/src/runtime/src/Mutator/Mutator.inline.h:11:
In file included from /root/cj_build/impl_relocation_receipt_queue5-mutant/src/runtime/src/Mutator/MutatorManager.h:23:
In file included from /root/cj_build/impl_relocation_receipt_queue5-mutant/src/runtime/src/Mutator/Mutator.h:16:
In file included from /root/cj_build/impl_relocation_receipt_queue5-mutant/src/runtime/src/Heap/Allocator/Allocator.h:11:
In file included from /root/cj_build/impl_relocation_receipt_queue5-mutant/src/runtime/src/Heap/Allocator/AllocBufferManager.h:15:
In file included from /root/cj_build/impl_relocation_receipt_queue5-mutant/src/runtime/src/Heap/Allocator/AllocBuffer.h:16:
In file included from /root/cj_build/impl_relocation_receipt_queue5-mutant/src/runtime/src/Heap/Allocator/RegionList.h:11:
In file included from /root/cj_build/impl_relocation_receipt_queue5-mutant/src/runtime/src/Heap/Allocator/RegionInfo.h:43:
/root/cj_build/impl_relocation_receipt_queue5-mutant/src/runtime/src/Heap/Verify/NullRouteCaller.h:34:1: warning: inline variables are a C++17 extension [-Wc++17-extensions]
inline thread_local const char* g_tag = nullptr;
^
/root/cj_build/impl_relocation_receipt_queue5-mutant/src/runtime/src/Heap/Verify/NullRouteCaller.h:35:1: warning: inline variables are a C++17 extension [-Wc++17-extensions]
inline thread_local const char* g_edgeSrc = nullptr;
^
/root/cj_build/impl_relocation_receipt_queue5-mutant/src/runtime/src/Heap/Verify/NullRouteCaller.h:36:1: warning: inline variables are a C++17 extension [-Wc++17-extensions]
inline thread_local uintptr_t g_slot = 0;
^
/root/cj_build/impl_relocation_receipt_queue5-mutant/src/runtime/src/Heap/Verify/NullRouteCaller.h:37:1: warning: inline variables are a C++17 extension [-Wc++17-extensions]
inline thread_local void* g_host = nullptr;
^
In file included from /root/cj_build/impl_relocation_receipt_queue5-mutant/src/runtime/src/CangjieRuntime.cpp:23:
In file included from /root/cj_build/impl_relocation_receipt_queue5-mutant/src/runtime/src/Common/ScopedObjectAccess.h:11:
In file included from /root/cj_build/impl_relocation_receipt_queue5-mutant/src/runtime/src/Mutator/Mutator.inline.h:11:
In file included from /root/cj_build/impl_relocation_receipt_queue5-mutant/src/runtime/src/Mutator/MutatorManager.h:23:
In file included from /root/cj_build/impl_relocation_receipt_queue5-mutant/src/runtime/src/Mutator/Mutator.h:16:
In file included from /root/cj_build/impl_relocation_receipt_queue5-mutant/src/runtime/src/Heap/Allocator/Allocator.h:11:
In file included from /root/cj_build/impl_relocation_receipt_queue5-mutant/src/runtime/src/Heap/Allocator/AllocBufferManager.h:15:
In file included from /root/cj_build/impl_relocation_receipt_queue5-mutant/src/runtime/src/Heap/Allocator/AllocBuffer.h:16:
In file included from /root/cj_build/impl_relocation_receipt_queue5-mutant/src/runtime/src/Heap/Allocator/RegionList.h:11:
In file included from /root/cj_build/impl_relocation_receipt_queue5-mutant/src/runtime/src/Heap/Allocator/RegionInfo.h:53:
/root/cj_build/impl_relocation_receipt_queue5-mutant/src/runtime/src/Heap/Verify/MutatorRelocate.h:102:8: warning: constexpr if is a C++17 extension [-Wc++17-extensions]
    if constexpr (kWaitRegionPublish) {
       ^
8 warnings generated.
In file included from /root/cj_build/impl_relocation_receipt_queue5-mutant/src/runtime/src/StackManager.cpp:13:
In file included from /root/cj_build/impl_relocation_receipt_queue5-mutant/src/runtime/src/ExceptionManager.inline.h:14:
In file included from /root/cj_build/impl_relocation_receipt_queue5-mutant/src/runtime/src/Mutator/Mutator.h:16:
In file included from /root/cj_build/impl_relocation_receipt_queue5-mutant/src/runtime/src/Heap/Allocator/Allocator.h:11:
In file included from /root/cj_build/impl_relocation_receipt_queue5-mutant/src/runtime/src/Heap/Allocator/AllocBufferManager.h:15:
In file included from /root/cj_build/impl_relocation_receipt_queue5-mutant/src/runtime/src/Heap/Allocator/AllocBuffer.h:16:
In file included from /root/cj_build/impl_relocation_receipt_queue5-mutant/src/runtime/src/Heap/Allocator/RegionList.h:11:
In file included from /root/cj_build/impl_relocation_receipt_queue5-mutant/src/runtime/src/Heap/Allocator/RegionInfo.h:41:
/root/cj_build/impl_relocation_receipt_queue5-mutant/src/runtime/src/Heap/Verify/AllocPhaseDiag.h:57:1: warning: inline variables are a C++17 extension [-Wc++17-extensions]
inline Slot g_table[kCap] = {};
^
/root/cj_build/impl_relocation_receipt_queue5-mutant/src/runtime/src/Heap/Verify/AllocPhaseDiag.h:58:1: warning: inline variables are a C++17 extension [-Wc++17-extensions]
inline NearEntry g_near[kNearCap] = {};
^
In file included from /root/cj_build/impl_relocation_receipt_queue5-mutant/src/runtime/src/StackManager.cpp:13:
In file included from /root/cj_build/impl_relocation_receipt_queue5-mutant/src/runtime/src/ExceptionManager.inline.h:14:
In file included from /root/cj_build/impl_relocation_receipt_queue5-mutant/src/runtime/src/Mutator/Mutator.h:16:
In file included from /root/cj_build/impl_relocation_receipt_queue5-mutant/src/runtime/src/Heap/Allocator/Allocator.h:11:
In file included from /root/cj_build/impl_relocation_receipt_queue5-mutant/src/runtime/src/Heap/Allocator/AllocBufferManager.h:15:
In file included from /root/cj_build/impl_relocation_receipt_queue5-mutant/src/runtime/src/Heap/Allocator/AllocBuffer.h:16:
In file included from /root/cj_build/impl_relocation_receipt_queue5-mutant/src/runtime/src/Heap/Allocator/RegionList.h:11:
In file included from /root/cj_build/impl_relocation_receipt_queue5-mutant/src/runtime/src/Heap/Allocator/RegionInfo.h:43:
/root/cj_build/impl_relocation_receipt_queue5-mutant/src/runtime/src/Heap/Verify/NullRouteCaller.h:34:1: warning: inline variables are a C++17 extension [-Wc++17-extensions]
inline thread_local const char* g_tag = nullptr;
^
/root/cj_build/impl_relocation_receipt_queue5-mutant/src/runtime/src/Heap/Verify/NullRouteCaller.h:35:1: warning: inline variables are a C++17 extension [-Wc++17-extensions]
inline thread_local const char* g_edgeSrc = nullptr;
^
/root/cj_build/impl_relocation_receipt_queue5-mutant/src/runtime/src/Heap/Verify/NullRouteCaller.h:36:1: warning: inline variables are a C++17 extension [-Wc++17-extensions]
inline thread_local uintptr_t g_slot = 0;
^
/root/cj_build/impl_relocation_receipt_queue5-mutant/src/runtime/src/Heap/Verify/NullRouteCaller.h:37:1: warning: inline variables are a C++17 extension [-Wc++17-extensions]
inline thread_local void* g_host = nullptr;
^
In file included from /root/cj_build/impl_relocation_receipt_queue5-mutant/src/runtime/src/StackManager.cpp:13:
In file included from /root/cj_build/impl_relocation_receipt_queue5-mutant/src/runtime/src/ExceptionManager.inline.h:14:
In file included from /root/cj_build/impl_relocation_receipt_queue5-mutant/src/runtime/src/Mutator/Mutator.h:16:
In file included from /root/cj_build/impl_relocation_receipt_queue5-mutant/src/runtime/src/Heap/Allocator/Allocator.h:11:
In file included from /root/cj_build/impl_relocation_receipt_queue5-mutant/src/runtime/src/Heap/Allocator/AllocBufferManager.h:15:
In file included from /root/cj_build/impl_relocation_receipt_queue5-mutant/src/runtime/src/Heap/Allocator/AllocBuffer.h:16:
In file included from /root/cj_build/impl_relocation_receipt_queue5-mutant/src/runtime/src/Heap/Allocator/RegionList.h:11:
In file included from /root/cj_build/impl_relocation_receipt_queue5-mutant/src/runtime/src/Heap/Allocator/RegionInfo.h:53:
/root/cj_build/impl_relocation_receipt_queue5-mutant/src/runtime/src/Heap/Verify/MutatorRelocate.h:102:8: warning: constexpr if is a C++17 extension [-Wc++17-extensions]
    if constexpr (kWaitRegionPublish) {
       ^
In file included from /root/cj_build/impl_relocation_receipt_queue5-mutant/src/runtime/src/StackManager.cpp:13:
In file included from /root/cj_build/impl_relocation_receipt_queue5-mutant/src/runtime/src/ExceptionManager.inline.h:15:
In file included from /root/cj_build/impl_relocation_receipt_queue5-mutant/src/runtime/src/Mutator/MutatorManager.h:17:
/root/cj_build/impl_relocation_receipt_queue5-mutant/src/runtime/src/Base/GcLog.h:217:45: warning: format string is not a string literal [-Wformat-nonliteral]
        int n = vsnprintf(buf, sizeof(buf), format, args);
                                            ^~~~~~
8 warnings generated.
In file included from /root/cj_build/impl_relocation_receipt_queue5-mutant/src/runtime/src/CjScheduler.cpp:26:
In file included from /root/cj_build/impl_relocation_receipt_queue5-mutant/src/runtime/src/Mutator/MutatorManager.h:17:
/root/cj_build/impl_relocation_receipt_queue5-mutant/src/runtime/src/Base/GcLog.h:217:45: warning: format string is not a string literal [-Wformat-nonliteral]
        int n = vsnprintf(buf, sizeof(buf), format, args);
                                            ^~~~~~
In file included from /root/cj_build/impl_relocation_receipt_queue5-mutant/src/runtime/src/CjScheduler.cpp:26:
In file included from /root/cj_build/impl_relocation_receipt_queue5-mutant/src/runtime/src/Mutator/MutatorManager.h:23:
In file included from /root/cj_build/impl_relocation_receipt_queue5-mutant/src/runtime/src/Mutator/Mutator.h:16:
In file included from /root/cj_build/impl_relocation_receipt_queue5-mutant/src/runtime/src/Heap/Allocator/Allocator.h:11:
In file included from /root/cj_build/impl_relocation_receipt_queue5-mutant/src/runtime/src/Heap/Allocator/AllocBufferManager.h:15:
In file included from /root/cj_build/impl_relocation_receipt_queue5-mutant/src/runtime/src/Heap/Allocator/AllocBuffer.h:16:
In file included from /root/cj_build/impl_relocation_receipt_queue5-mutant/src/runtime/src/Heap/Allocator/RegionList.h:11:
In file included from /root/cj_build/impl_relocation_receipt_queue5-mutant/src/runtime/src/Heap/Allocator/RegionInfo.h:41:
/root/cj_build/impl_relocation_receipt_queue5-mutant/src/runtime/src/Heap/Verify/AllocPhaseDiag.h:57:1: warning: inline variables are a C++17 extension [-Wc++17-extensions]
inline Slot g_table[kCap] = {};
^
/root/cj_build/impl_relocation_receipt_queue5-mutant/src/runtime/src/Heap/Verify/AllocPhaseDiag.h:58:1: warning: inline variables are a C++17 extension [-Wc++17-extensions]
inline NearEntry g_near[kNearCap] = {};
^
In file included from /root/cj_build/impl_relocation_receipt_queue5-mutant/src/runtime/src/CjScheduler.cpp:26:
In file included from /root/cj_build/impl_relocation_receipt_queue5-mutant/src/runtime/src/Mutator/MutatorManager.h:23:
In file included from /root/cj_build/impl_relocation_receipt_queue5-mutant/src/runtime/src/Mutator/Mutator.h:16:
In file included from /root/cj_build/impl_relocation_receipt_queue5-mutant/src/runtime/src/Heap/Allocator/Allocator.h:11:
In file included from /root/cj_build/impl_relocation_receipt_queue5-mutant/src/runtime/src/Heap/Allocator/AllocBufferManager.h:15:
In file included from /root/cj_build/impl_relocation_receipt_queue5-mutant/src/runtime/src/Heap/Allocator/AllocBuffer.h:16:
In file included from /root/cj_build/impl_relocation_receipt_queue5-mutant/src/runtime/src/Heap/Allocator/RegionList.h:11:
In file included from /root/cj_build/impl_relocation_receipt_queue5-mutant/src/runtime/src/Heap/Allocator/RegionInfo.h:43:
/root/cj_build/impl_relocation_receipt_queue5-mutant/src/runtime/src/Heap/Verify/NullRouteCaller.h:34:1: warning: inline variables are a C++17 extension [-Wc++17-extensions]
inline thread_local const char* g_tag = nullptr;
^
/root/cj_build/impl_relocation_receipt_queue5-mutant/src/runtime/src/Heap/Verify/NullRouteCaller.h:35:1: warning: inline variables are a C++17 extension [-Wc++17-extensions]
inline thread_local const char* g_edgeSrc = nullptr;
^
/root/cj_build/impl_relocation_receipt_queue5-mutant/src/runtime/src/Heap/Verify/NullRouteCaller.h:36:1: warning: inline variables are a C++17 extension [-Wc++17-extensions]
inline thread_local uintptr_t g_slot = 0;
^
/root/cj_build/impl_relocation_receipt_queue5-mutant/src/runtime/src/Heap/Verify/NullRouteCaller.h:37:1: warning: inline variables are a C++17 extension [-Wc++17-extensions]
inline thread_local void* g_host = nullptr;
^
In file included from /root/cj_build/impl_relocation_receipt_queue5-mutant/src/runtime/src/CjScheduler.cpp:26:
In file included from /root/cj_build/impl_relocation_receipt_queue5-mutant/src/runtime/src/Mutator/MutatorManager.h:23:
In file included from /root/cj_build/impl_relocation_receipt_queue5-mutant/src/runtime/src/Mutator/Mutator.h:16:
In file included from /root/cj_build/impl_relocation_receipt_queue5-mutant/src/runtime/src/Heap/Allocator/Allocator.h:11:
In file included from /root/cj_build/impl_relocation_receipt_queue5-mutant/src/runtime/src/Heap/Allocator/AllocBufferManager.h:15:
In file included from /root/cj_build/impl_relocation_receipt_queue5-mutant/src/runtime/src/Heap/Allocator/AllocBuffer.h:16:
In file included from /root/cj_build/impl_relocation_receipt_queue5-mutant/src/runtime/src/Heap/Allocator/RegionList.h:11:
In file included from /root/cj_build/impl_relocation_receipt_queue5-mutant/src/runtime/src/Heap/Allocator/RegionInfo.h:53:
/root/cj_build/impl_relocation_receipt_queue5-mutant/src/runtime/src/Heap/Verify/MutatorRelocate.h:102:8: warning: constexpr if is a C++17 extension [-Wc++17-extensions]
    if constexpr (kWaitRegionPublish) {
       ^
8 warnings generated.
In file included from /root/cj_build/impl_relocation_receipt_queue5-mutant/src/runtime/src/TypeInfoManager.cpp:12:
In file included from /root/cj_build/impl_relocation_receipt_queue5-mutant/src/runtime/src/ObjectManager.inline.h:18:
In file included from /root/cj_build/impl_relocation_receipt_queue5-mutant/src/runtime/src/ObjectModel/MArray.inline.h:16:
In file included from /root/cj_build/impl_relocation_receipt_queue5-mutant/src/runtime/src/HeapManager.inline.h:14:
In file included from /root/cj_build/impl_relocation_receipt_queue5-mutant/src/runtime/src/Mutator/Mutator.h:16:
In file included from /root/cj_build/impl_relocation_receipt_queue5-mutant/src/runtime/src/Heap/Allocator/Allocator.h:11:
In file included from /root/cj_build/impl_relocation_receipt_queue5-mutant/src/runtime/src/Heap/Allocator/AllocBufferManager.h:15:
In file included from /root/cj_build/impl_relocation_receipt_queue5-mutant/src/runtime/src/Heap/Allocator/AllocBuffer.h:16:
In file included from /root/cj_build/impl_relocation_receipt_queue5-mutant/src/runtime/src/Heap/Allocator/RegionList.h:11:
In file included from /root/cj_build/impl_relocation_receipt_queue5-mutant/src/runtime/src/Heap/Allocator/RegionInfo.h:41:
/root/cj_build/impl_relocation_receipt_queue5-mutant/src/runtime/src/Heap/Verify/AllocPhaseDiag.h:57:1: warning: inline variables are a C++17 extension [-Wc++17-extensions]
inline Slot g_table[kCap] = {};
^
/root/cj_build/impl_relocation_receipt_queue5-mutant/src/runtime/src/Heap/Verify/AllocPhaseDiag.h:58:1: warning: inline variables are a C++17 extension [-Wc++17-extensions]
inline NearEntry g_near[kNearCap] = {};
^
In file included from /root/cj_build/impl_relocation_receipt_queue5-mutant/src/runtime/src/TypeInfoManager.cpp:12:
In file included from /root/cj_build/impl_relocation_receipt_queue5-mutant/src/runtime/src/ObjectManager.inline.h:18:
In file included from /root/cj_build/impl_relocation_receipt_queue5-mutant/src/runtime/src/ObjectModel/MArray.inline.h:16:
In file included from /root/cj_build/impl_relocation_receipt_queue5-mutant/src/runtime/src/HeapManager.inline.h:14:
In file included from /root/cj_build/impl_relocation_receipt_queue5-mutant/src/runtime/src/Mutator/Mutator.h:16:
In file included from /root/cj_build/impl_relocation_receipt_queue5-mutant/src/runtime/src/Heap/Allocator/Allocator.h:11:
In file included from /root/cj_build/impl_relocation_receipt_queue5-mutant/src/runtime/src/Heap/Allocator/AllocBufferManager.h:15:
In file included from /root/cj_build/impl_relocation_receipt_queue5-mutant/src/runtime/src/Heap/Allocator/AllocBuffer.h:16:
In file included from /root/cj_build/impl_relocation_receipt_queue5-mutant/src/runtime/src/Heap/Allocator/RegionList.h:11:
In file included from /root/cj_build/impl_relocation_receipt_queue5-mutant/src/runtime/src/Heap/Allocator/RegionInfo.h:43:
/root/cj_build/impl_relocation_receipt_queue5-mutant/src/runtime/src/Heap/Verify/NullRouteCaller.h:34:1: warning: inline variables are a C++17 extension [-Wc++17-extensions]
inline thread_local const char* g_tag = nullptr;
^
/root/cj_build/impl_relocation_receipt_queue5-mutant/src/runtime/src/Heap/Verify/NullRouteCaller.h:35:1: warning: inline variables are a C++17 extension [-Wc++17-extensions]
inline thread_local const char* g_edgeSrc = nullptr;
^
/root/cj_build/impl_relocation_receipt_queue5-mutant/src/runtime/src/Heap/Verify/NullRouteCaller.h:36:1: warning: inline variables are a C++17 extension [-Wc++17-extensions]
inline thread_local uintptr_t g_slot = 0;
^
/root/cj_build/impl_relocation_receipt_queue5-mutant/src/runtime/src/Heap/Verify/NullRouteCaller.h:37:1: warning: inline variables are a C++17 extension [-Wc++17-extensions]
inline thread_local void* g_host = nullptr;
^
In file included from /root/cj_build/impl_relocation_receipt_queue5-mutant/src/runtime/src/TypeInfoManager.cpp:12:
In file included from /root/cj_build/impl_relocation_receipt_queue5-mutant/src/runtime/src/ObjectManager.inline.h:18:
In file included from /root/cj_build/impl_relocation_receipt_queue5-mutant/src/runtime/src/ObjectModel/MArray.inline.h:16:
In file included from /root/cj_build/impl_relocation_receipt_queue5-mutant/src/runtime/src/HeapManager.inline.h:14:
In file included from /root/cj_build/impl_relocation_receipt_queue5-mutant/src/runtime/src/Mutator/Mutator.h:16:
In file included from /root/cj_build/impl_relocation_receipt_queue5-mutant/src/runtime/src/Heap/Allocator/Allocator.h:11:
In file included from /root/cj_build/impl_relocation_receipt_queue5-mutant/src/runtime/src/Heap/Allocator/AllocBufferManager.h:15:
In file included from /root/cj_build/impl_relocation_receipt_queue5-mutant/src/runtime/src/Heap/Allocator/AllocBuffer.h:16:
In file included from /root/cj_build/impl_relocation_receipt_queue5-mutant/src/runtime/src/Heap/Allocator/RegionList.h:11:
In file included from /root/cj_build/impl_relocation_receipt_queue5-mutant/src/runtime/src/Heap/Allocator/RegionInfo.h:53:
/root/cj_build/impl_relocation_receipt_queue5-mutant/src/runtime/src/Heap/Verify/MutatorRelocate.h:102:8: warning: constexpr if is a C++17 extension [-Wc++17-extensions]
    if constexpr (kWaitRegionPublish) {
       ^
In file included from /root/cj_build/impl_relocation_receipt_queue5-mutant/src/runtime/src/TypeInfoManager.cpp:12:
In file included from /root/cj_build/impl_relocation_receipt_queue5-mutant/src/runtime/src/ObjectManager.inline.h:18:
In file included from /root/cj_build/impl_relocation_receipt_queue5-mutant/src/runtime/src/ObjectModel/MArray.inline.h:16:
In file included from /root/cj_build/impl_relocation_receipt_queue5-mutant/src/runtime/src/HeapManager.inline.h:15:
In file included from /root/cj_build/impl_relocation_receipt_queue5-mutant/src/runtime/src/Mutator/MutatorManager.h:17:
/root/cj_build/impl_relocation_receipt_queue5-mutant/src/runtime/src/Base/GcLog.h:217:45: warning: format string is not a string literal [-Wformat-nonliteral]
        int n = vsnprintf(buf, sizeof(buf), format, args);
                                            ^~~~~~
8 warnings generated.
In file included from /root/cj_build/impl_relocation_receipt_queue5-mutant/src/runtime/src/CangjieRuntimeApi.cpp:21:
In file included from /root/cj_build/impl_relocation_receipt_queue5-mutant/src/runtime/src/Concurrency/Concurrency.h:16:
In file included from /root/cj_build/impl_relocation_receipt_queue5-mutant/src/runtime/src/Concurrency/ConcurrencyModel.h:17:
In file included from /root/cj_build/impl_relocation_receipt_queue5-mutant/src/runtime/src/Mutator/Mutator.h:16:
In file included from /root/cj_build/impl_relocation_receipt_queue5-mutant/src/runtime/src/Heap/Allocator/Allocator.h:11:
In file included from /root/cj_build/impl_relocation_receipt_queue5-mutant/src/runtime/src/Heap/Allocator/AllocBufferManager.h:15:
In file included from /root/cj_build/impl_relocation_receipt_queue5-mutant/src/runtime/src/Heap/Allocator/AllocBuffer.h:16:
In file included from /root/cj_build/impl_relocation_receipt_queue5-mutant/src/runtime/src/Heap/Allocator/RegionList.h:11:
In file included from /root/cj_build/impl_relocation_receipt_queue5-mutant/src/runtime/src/Heap/Allocator/RegionInfo.h:41:
/root/cj_build/impl_relocation_receipt_queue5-mutant/src/runtime/src/Heap/Verify/AllocPhaseDiag.h:57:1: warning: inline variables are a C++17 extension [-Wc++17-extensions]
inline Slot g_table[kCap] = {};
^
/root/cj_build/impl_relocation_receipt_queue5-mutant/src/runtime/src/Heap/Verify/AllocPhaseDiag.h:58:1: warning: inline variables are a C++17 extension [-Wc++17-extensions]
inline NearEntry g_near[kNearCap] = {};
^
In file included from /root/cj_build/impl_relocation_receipt_queue5-mutant/src/runtime/src/CangjieRuntimeApi.cpp:21:
In file included from /root/cj_build/impl_relocation_receipt_queue5-mutant/src/runtime/src/Concurrency/Concurrency.h:16:
In file included from /root/cj_build/impl_relocation_receipt_queue5-mutant/src/runtime/src/Concurrency/ConcurrencyModel.h:17:
In file included from /root/cj_build/impl_relocation_receipt_queue5-mutant/src/runtime/src/Mutator/Mutator.h:16:
In file included from /root/cj_build/impl_relocation_receipt_queue5-mutant/src/runtime/src/Heap/Allocator/Allocator.h:11:
In file included from /root/cj_build/impl_relocation_receipt_queue5-mutant/src/runtime/src/Heap/Allocator/AllocBufferManager.h:15:
In file included from /root/cj_build/impl_relocation_receipt_queue5-mutant/src/runtime/src/Heap/Allocator/AllocBuffer.h:16:
In file included from /root/cj_build/impl_relocation_receipt_queue5-mutant/src/runtime/src/Heap/Allocator/RegionList.h:11:
In file included from /root/cj_build/impl_relocation_receipt_queue5-mutant/src/runtime/src/Heap/Allocator/RegionInfo.h:43:
/root/cj_build/impl_relocation_receipt_queue5-mutant/src/runtime/src/Heap/Verify/NullRouteCaller.h:34:1: warning: inline variables are a C++17 extension [-Wc++17-extensions]
inline thread_local const char* g_tag = nullptr;
^
/root/cj_build/impl_relocation_receipt_queue5-mutant/src/runtime/src/Heap/Verify/NullRouteCaller.h:35:1: warning: inline variables are a C++17 extension [-Wc++17-extensions]
inline thread_local const char* g_edgeSrc = nullptr;
^
/root/cj_build/impl_relocation_receipt_queue5-mutant/src/runtime/src/Heap/Verify/NullRouteCaller.h:36:1: warning: inline variables are a C++17 extension [-Wc++17-extensions]
inline thread_local uintptr_t g_slot = 0;
^
/root/cj_build/impl_relocation_receipt_queue5-mutant/src/runtime/src/Heap/Verify/NullRouteCaller.h:37:1: warning: inline variables are a C++17 extension [-Wc++17-extensions]
inline thread_local void* g_host = nullptr;
^
In file included from /root/cj_build/impl_relocation_receipt_queue5-mutant/src/runtime/src/CangjieRuntimeApi.cpp:21:
In file included from /root/cj_build/impl_relocation_receipt_queue5-mutant/src/runtime/src/Concurrency/Concurrency.h:16:
In file included from /root/cj_build/impl_relocation_receipt_queue5-mutant/src/runtime/src/Concurrency/ConcurrencyModel.h:17:
In file included from /root/cj_build/impl_relocation_receipt_queue5-mutant/src/runtime/src/Mutator/Mutator.h:16:
In file included from /root/cj_build/impl_relocation_receipt_queue5-mutant/src/runtime/src/Heap/Allocator/Allocator.h:11:
In file included from /root/cj_build/impl_relocation_receipt_queue5-mutant/src/runtime/src/Heap/Allocator/AllocBufferManager.h:15:
In file included from /root/cj_build/impl_relocation_receipt_queue5-mutant/src/runtime/src/Heap/Allocator/AllocBuffer.h:16:
In file included from /root/cj_build/impl_relocation_receipt_queue5-mutant/src/runtime/src/Heap/Allocator/RegionList.h:11:
In file included from /root/cj_build/impl_relocation_receipt_queue5-mutant/src/runtime/src/Heap/Allocator/RegionInfo.h:53:
/root/cj_build/impl_relocation_receipt_queue5-mutant/src/runtime/src/Heap/Verify/MutatorRelocate.h:102:8: warning: constexpr if is a C++17 extension [-Wc++17-extensions]
    if constexpr (kWaitRegionPublish) {
       ^
In file included from /root/cj_build/impl_relocation_receipt_queue5-mutant/src/runtime/src/CangjieRuntimeApi.cpp:22:
In file included from /root/cj_build/impl_relocation_receipt_queue5-mutant/src/runtime/src/ExceptionManager.inline.h:15:
In file included from /root/cj_build/impl_relocation_receipt_queue5-mutant/src/runtime/src/Mutator/MutatorManager.h:17:
/root/cj_build/impl_relocation_receipt_queue5-mutant/src/runtime/src/Base/GcLog.h:217:45: warning: format string is not a string literal [-Wformat-nonliteral]
        int n = vsnprintf(buf, sizeof(buf), format, args);
                                            ^~~~~~
8 warnings generated.
In file included from /root/cj_build/impl_relocation_receipt_queue5-mutant/src/runtime/src/CompilerCalls.cpp:17:
In file included from /root/cj_build/impl_relocation_receipt_queue5-mutant/src/runtime/src/ObjectManager.inline.h:18:
In file included from /root/cj_build/impl_relocation_receipt_queue5-mutant/src/runtime/src/ObjectModel/MArray.inline.h:16:
In file included from /root/cj_build/impl_relocation_receipt_queue5-mutant/src/runtime/src/HeapManager.inline.h:14:
In file included from /root/cj_build/impl_relocation_receipt_queue5-mutant/src/runtime/src/Mutator/Mutator.h:16:
In file included from /root/cj_build/impl_relocation_receipt_queue5-mutant/src/runtime/src/Heap/Allocator/Allocator.h:11:
In file included from /root/cj_build/impl_relocation_receipt_queue5-mutant/src/runtime/src/Heap/Allocator/AllocBufferManager.h:15:
In file included from /root/cj_build/impl_relocation_receipt_queue5-mutant/src/runtime/src/Heap/Allocator/AllocBuffer.h:16:
In file included from /root/cj_build/impl_relocation_receipt_queue5-mutant/src/runtime/src/Heap/Allocator/RegionList.h:11:
In file included from /root/cj_build/impl_relocation_receipt_queue5-mutant/src/runtime/src/Heap/Allocator/RegionInfo.h:41:
/root/cj_build/impl_relocation_receipt_queue5-mutant/src/runtime/src/Heap/Verify/AllocPhaseDiag.h:57:1: warning: inline variables are a C++17 extension [-Wc++17-extensions]
inline Slot g_table[kCap] = {};
^
/root/cj_build/impl_relocation_receipt_queue5-mutant/src/runtime/src/Heap/Verify/AllocPhaseDiag.h:58:1: warning: inline variables are a C++17 extension [-Wc++17-extensions]
inline NearEntry g_near[kNearCap] = {};
^
In file included from /root/cj_build/impl_relocation_receipt_queue5-mutant/src/runtime/src/CompilerCalls.cpp:17:
In file included from /root/cj_build/impl_relocation_receipt_queue5-mutant/src/runtime/src/ObjectManager.inline.h:18:
In file included from /root/cj_build/impl_relocation_receipt_queue5-mutant/src/runtime/src/ObjectModel/MArray.inline.h:16:
In file included from /root/cj_build/impl_relocation_receipt_queue5-mutant/src/runtime/src/HeapManager.inline.h:14:
In file included from /root/cj_build/impl_relocation_receipt_queue5-mutant/src/runtime/src/Mutator/Mutator.h:16:
In file included from /root/cj_build/impl_relocation_receipt_queue5-mutant/src/runtime/src/Heap/Allocator/Allocator.h:11:
In file included from /root/cj_build/impl_relocation_receipt_queue5-mutant/src/runtime/src/Heap/Allocator/AllocBufferManager.h:15:
In file included from /root/cj_build/impl_relocation_receipt_queue5-mutant/src/runtime/src/Heap/Allocator/AllocBuffer.h:16:
In file included from /root/cj_build/impl_relocation_receipt_queue5-mutant/src/runtime/src/Heap/Allocator/RegionList.h:11:
In file included from /root/cj_build/impl_relocation_receipt_queue5-mutant/src/runtime/src/Heap/Allocator/RegionInfo.h:43:
/root/cj_build/impl_relocation_receipt_queue5-mutant/src/runtime/src/Heap/Verify/NullRouteCaller.h:34:1: warning: inline variables are a C++17 extension [-Wc++17-extensions]
inline thread_local const char* g_tag = nullptr;
^
/root/cj_build/impl_relocation_receipt_queue5-mutant/src/runtime/src/Heap/Verify/NullRouteCaller.h:35:1: warning: inline variables are a C++17 extension [-Wc++17-extensions]
inline thread_local const char* g_edgeSrc = nullptr;
^
/root/cj_build/impl_relocation_receipt_queue5-mutant/src/runtime/src/Heap/Verify/NullRouteCaller.h:36:1: warning: inline variables are a C++17 extension [-Wc++17-extensions]
inline thread_local uintptr_t g_slot = 0;
^
/root/cj_build/impl_relocation_receipt_queue5-mutant/src/runtime/src/Heap/Verify/NullRouteCaller.h:37:1: warning: inline variables are a C++17 extension [-Wc++17-extensions]
inline thread_local void* g_host = nullptr;
^
In file included from /root/cj_build/impl_relocation_receipt_queue5-mutant/src/runtime/src/CompilerCalls.cpp:17:
In file included from /root/cj_build/impl_relocation_receipt_queue5-mutant/src/runtime/src/ObjectManager.inline.h:18:
In file included from /root/cj_build/impl_relocation_receipt_queue5-mutant/src/runtime/src/ObjectModel/MArray.inline.h:16:
In file included from /root/cj_build/impl_relocation_receipt_queue5-mutant/src/runtime/src/HeapManager.inline.h:14:
In file included from /root/cj_build/impl_relocation_receipt_queue5-mutant/src/runtime/src/Mutator/Mutator.h:16:
In file included from /root/cj_build/impl_relocation_receipt_queue5-mutant/src/runtime/src/Heap/Allocator/Allocator.h:11:
In file included from /root/cj_build/impl_relocation_receipt_queue5-mutant/src/runtime/src/Heap/Allocator/AllocBufferManager.h:15:
In file included from /root/cj_build/impl_relocation_receipt_queue5-mutant/src/runtime/src/Heap/Allocator/AllocBuffer.h:16:
In file included from /root/cj_build/impl_relocation_receipt_queue5-mutant/src/runtime/src/Heap/Allocator/RegionList.h:11:
In file included from /root/cj_build/impl_relocation_receipt_queue5-mutant/src/runtime/src/Heap/Allocator/RegionInfo.h:53:
/root/cj_build/impl_relocation_receipt_queue5-mutant/src/runtime/src/Heap/Verify/MutatorRelocate.h:102:8: warning: constexpr if is a C++17 extension [-Wc++17-extensions]
    if constexpr (kWaitRegionPublish) {
       ^
In file included from /root/cj_build/impl_relocation_receipt_queue5-mutant/src/runtime/src/CompilerCalls.cpp:17:
In file included from /root/cj_build/impl_relocation_receipt_queue5-mutant/src/runtime/src/ObjectManager.inline.h:18:
In file included from /root/cj_build/impl_relocation_receipt_queue5-mutant/src/runtime/src/ObjectModel/MArray.inline.h:16:
In file included from /root/cj_build/impl_relocation_receipt_queue5-mutant/src/runtime/src/HeapManager.inline.h:15:
In file included from /root/cj_build/impl_relocation_receipt_queue5-mutant/src/runtime/src/Mutator/MutatorManager.h:17:
/root/cj_build/impl_relocation_receipt_queue5-mutant/src/runtime/src/Base/GcLog.h:217:45: warning: format string is not a string literal [-Wformat-nonliteral]
        int n = vsnprintf(buf, sizeof(buf), format, args);
                                            ^~~~~~
8 warnings generated.
[100%] Linking CXX shared library ../../output/temp/lib/x86_64_Release/libcangjie-runtime.so
Running the deterministic GC unit suite against the runtime just built
[  PASS  ] MarkStripe.SmrHazardPreventsAbaReuse
[  PASS  ] MarkStripe.ConcurrentGlobalStealIsLiveAndLossless
[  PASS  ] PartialArray.EncodeDecodeRoundtrip
[  PASS  ] PartialArray.EmptyAndSingle
[  PASS  ] PartialArray.ThresholdExact
[  PASS  ] PartialArray.ThresholdMinusOne
[  PASS  ] PartialArray.ThresholdPlusOne
[  PASS  ] PartialArray.MultiChunk
[  PASS  ] PartialArray.BoundaryRefs
[  PASS  ] PartialArray.UnalignedStart
[  PASS  ] VerifyRoots.DefaultOffLeavesCorruptRootUnobserved
[  PASS  ] VerifyRoots.EnabledReportsColouredRootBeforeDereference
[  PASS  ] MemMapContract.NullAndInvalidInputsDoNotReachOS
[  PASS  ] MemMapContract.AccessorsBoundaryCommitProtectAndDestroy
[  PASS  ] MemMapContract.FallbackRegistryPreservesEveryAcquiredReservation
[  PASS  ] MemMapContract.BudgetRejectsBeforeReserve
[  PASS  ] MemMapContract.TwoNodeOwnershipRejectsCrossNodeFree
[  PASS  ] MemMapContract.RegionManagerInactiveAllocationUsesMemMapOwner
[========] 332 tests: 332 passed, 0 failed
GC_UNIT_RUN_DONE rc=0 wall_ms=263
GC_UNIT_GATE_NOT_RUN reason=NO_CJC cpp_suite=PASS(fresh) status=/root/cj_build/impl_relocation_receipt_queue5-mutant/src/runtime/output/temp/lib/x86_64_Release/gc_unit_gate.status
[100%] Built target cangjie-runtime
PRODUCT_BUILD_RC=0
e1e6303fc60fd1bb5484530ecc5c2f65580412d95f24d63722515aeefe3d614b  /root/cj_build/impl_relocation_receipt_queue5-mutant/src/runtime/output/temp/lib/x86_64_Release/libcangjie-runtime.so
DEFAULT_FORWARD_TASK_EXPORTS_BEGIN
DEFAULT_FORWARD_TASK_EXPORTS_END
DEFAULT_FORWARD_TASK_EXPORT_COUNT=0
In file included from /root/cj_build/impl_relocation_receipt_queue5-mutant/src/runtime/tests/gc_unit/test_defect_regressions.cpp:24:
/root/cj_build/impl_relocation_receipt_queue5-mutant/src/runtime/src/Heap/Collector/TracingCollector.h:352:20: warning: unused variable 'objSize' [-Wunused-variable]
            size_t objSize = obj->GetSize();
                   ^
/root/cj_build/impl_relocation_receipt_queue5-mutant/src/runtime/src/Heap/Collector/TracingCollector.h:360:47: warning: unused parameter 'ref' [-Wunused-parameter]
    virtual void EnumRefFieldRoot(RefField<>& ref, RootSet& rootSet) const {};
                                              ^
/root/cj_build/impl_relocation_receipt_queue5-mutant/src/runtime/src/Heap/Collector/TracingCollector.h:360:61: warning: unused parameter 'rootSet' [-Wunused-parameter]
    virtual void EnumRefFieldRoot(RefField<>& ref, RootSet& rootSet) const {};
                                                            ^
/root/cj_build/impl_relocation_receipt_queue5-mutant/src/runtime/src/Heap/Collector/TracingCollector.h:361:51: warning: unused parameter 'obj' [-Wunused-parameter]
    virtual void TraceObjectRefFields(BaseObject* obj, WorkStack& workStack)
                                                  ^
/root/cj_build/impl_relocation_receipt_queue5-mutant/src/runtime/src/Heap/Collector/TracingCollector.h:361:67: warning: unused parameter 'workStack' [-Wunused-parameter]
    virtual void TraceObjectRefFields(BaseObject* obj, WorkStack& workStack)
                                                                  ^
/root/cj_build/impl_relocation_receipt_queue5-mutant/src/runtime/src/Heap/Collector/TracingCollector.h:368:59: warning: unused parameter 'entry' [-Wunused-parameter]
    virtual void FollowPartialArray(const MarkStackEntry& entry, WorkStack& workStack)
                                                          ^
/root/cj_build/impl_relocation_receipt_queue5-mutant/src/runtime/src/Heap/Collector/TracingCollector.h:368:77: warning: unused parameter 'workStack' [-Wunused-parameter]
    virtual void FollowPartialArray(const MarkStackEntry& entry, WorkStack& workStack)
                                                                            ^
/root/cj_build/impl_relocation_receipt_queue5-mutant/src/runtime/src/Heap/Collector/TracingCollector.h:372:53: warning: unused parameter 'kind' [-Wunused-parameter]
    virtual BaseObject* GetAndTryTagObj(RefSlotKind kind, BaseObject* obj, RefField<>& field)
                                                    ^
/root/cj_build/impl_relocation_receipt_queue5-mutant/src/runtime/src/Heap/Collector/TracingCollector.h:372:71: warning: unused parameter 'obj' [-Wunused-parameter]
    virtual BaseObject* GetAndTryTagObj(RefSlotKind kind, BaseObject* obj, RefField<>& field)
                                                                      ^
/root/cj_build/impl_relocation_receipt_queue5-mutant/src/runtime/src/Heap/Collector/TracingCollector.h:372:88: warning: unused parameter 'field' [-Wunused-parameter]
    virtual BaseObject* GetAndTryTagObj(RefSlotKind kind, BaseObject* obj, RefField<>& field)
                                                                                       ^
/root/cj_build/impl_relocation_receipt_queue5-mutant/src/runtime/src/Heap/Collector/TracingCollector.h:453:27: warning: unused parameter 'heapMarked' [-Wunused-parameter]
    void ResetBitmap(bool heapMarked)
                          ^
/root/cj_build/impl_relocation_receipt_queue5-mutant/src/runtime/src/Heap/Collector/TracingCollector.h:491:47: warning: unused parameter 'root' [-Wunused-parameter]
    virtual void EnumAndTagRawRoot(ObjectRef& root, RootSet& rootSet) const
                                              ^
/root/cj_build/impl_relocation_receipt_queue5-mutant/src/runtime/src/Heap/Collector/TracingCollector.h:491:62: warning: unused parameter 'rootSet' [-Wunused-parameter]
    virtual void EnumAndTagRawRoot(ObjectRef& root, RootSet& rootSet) const
                                                             ^
13 warnings generated.
In file included from /root/cj_build/impl_relocation_receipt_queue5-mutant/src/runtime/tests/gc_unit/test_forwarding_no_geometry.cpp:12:
In file included from /root/cj_build/impl_relocation_receipt_queue5-mutant/src/runtime/src/Heap/WCollector/WCollector.h:24:
In file included from /root/cj_build/impl_relocation_receipt_queue5-mutant/src/runtime/src/Heap/Collector/CopyCollector.h:13:
/root/cj_build/impl_relocation_receipt_queue5-mutant/src/runtime/src/Heap/Collector/TracingCollector.h:352:20: warning: unused variable 'objSize' [-Wunused-variable]
            size_t objSize = obj->GetSize();
                   ^
/root/cj_build/impl_relocation_receipt_queue5-mutant/src/runtime/src/Heap/Collector/TracingCollector.h:360:47: warning: unused parameter 'ref' [-Wunused-parameter]
    virtual void EnumRefFieldRoot(RefField<>& ref, RootSet& rootSet) const {};
                                              ^
/root/cj_build/impl_relocation_receipt_queue5-mutant/src/runtime/src/Heap/Collector/TracingCollector.h:360:61: warning: unused parameter 'rootSet' [-Wunused-parameter]
    virtual void EnumRefFieldRoot(RefField<>& ref, RootSet& rootSet) const {};
                                                            ^
/root/cj_build/impl_relocation_receipt_queue5-mutant/src/runtime/src/Heap/Collector/TracingCollector.h:361:51: warning: unused parameter 'obj' [-Wunused-parameter]
    virtual void TraceObjectRefFields(BaseObject* obj, WorkStack& workStack)
                                                  ^
/root/cj_build/impl_relocation_receipt_queue5-mutant/src/runtime/src/Heap/Collector/TracingCollector.h:361:67: warning: unused parameter 'workStack' [-Wunused-parameter]
    virtual void TraceObjectRefFields(BaseObject* obj, WorkStack& workStack)
                                                                  ^
/root/cj_build/impl_relocation_receipt_queue5-mutant/src/runtime/src/Heap/Collector/TracingCollector.h:368:59: warning: unused parameter 'entry' [-Wunused-parameter]
    virtual void FollowPartialArray(const MarkStackEntry& entry, WorkStack& workStack)
                                                          ^
/root/cj_build/impl_relocation_receipt_queue5-mutant/src/runtime/src/Heap/Collector/TracingCollector.h:368:77: warning: unused parameter 'workStack' [-Wunused-parameter]
    virtual void FollowPartialArray(const MarkStackEntry& entry, WorkStack& workStack)
                                                                            ^
/root/cj_build/impl_relocation_receipt_queue5-mutant/src/runtime/src/Heap/Collector/TracingCollector.h:372:53: warning: unused parameter 'kind' [-Wunused-parameter]
    virtual BaseObject* GetAndTryTagObj(RefSlotKind kind, BaseObject* obj, RefField<>& field)
                                                    ^
/root/cj_build/impl_relocation_receipt_queue5-mutant/src/runtime/src/Heap/Collector/TracingCollector.h:372:71: warning: unused parameter 'obj' [-Wunused-parameter]
    virtual BaseObject* GetAndTryTagObj(RefSlotKind kind, BaseObject* obj, RefField<>& field)
                                                                      ^
/root/cj_build/impl_relocation_receipt_queue5-mutant/src/runtime/src/Heap/Collector/TracingCollector.h:372:88: warning: unused parameter 'field' [-Wunused-parameter]
    virtual BaseObject* GetAndTryTagObj(RefSlotKind kind, BaseObject* obj, RefField<>& field)
                                                                                       ^
/root/cj_build/impl_relocation_receipt_queue5-mutant/src/runtime/src/Heap/Collector/TracingCollector.h:453:27: warning: unused parameter 'heapMarked' [-Wunused-parameter]
    void ResetBitmap(bool heapMarked)
                          ^
/root/cj_build/impl_relocation_receipt_queue5-mutant/src/runtime/src/Heap/Collector/TracingCollector.h:491:47: warning: unused parameter 'root' [-Wunused-parameter]
    virtual void EnumAndTagRawRoot(ObjectRef& root, RootSet& rootSet) const
                                              ^
/root/cj_build/impl_relocation_receipt_queue5-mutant/src/runtime/src/Heap/Collector/TracingCollector.h:491:62: warning: unused parameter 'rootSet' [-Wunused-parameter]
    virtual void EnumAndTagRawRoot(ObjectRef& root, RootSet& rootSet) const
                                                             ^
In file included from /root/cj_build/impl_relocation_receipt_queue5-mutant/src/runtime/tests/gc_unit/test_forwarding_no_geometry.cpp:12:
/root/cj_build/impl_relocation_receipt_queue5-mutant/src/runtime/src/Heap/WCollector/WCollector.h:347:38: warning: unused variable 'receiptCount' [-Wunused-variable]
        static std::atomic<uint64_t> receiptCount{ 0 };
                                     ^
/root/cj_build/impl_relocation_receipt_queue5-mutant/src/runtime/src/Heap/WCollector/WCollector.h:344:38: warning: unused variable 'nonHeapCount' [-Wunused-variable]
        static std::atomic<uint64_t> nonHeapCount{ 0 };
                                     ^
/root/cj_build/impl_relocation_receipt_queue5-mutant/src/runtime/src/Heap/WCollector/WCollector.h:343:38: warning: unused variable 'callCount' [-Wunused-variable]
        static std::atomic<uint64_t> callCount{ 0 };
                                     ^
/root/cj_build/impl_relocation_receipt_queue5-mutant/src/runtime/src/Heap/WCollector/WCollector.h:346:38: warning: unused variable 'routeNullCount' [-Wunused-variable]
        static std::atomic<uint64_t> routeNullCount{ 0 };
                                     ^
/root/cj_build/impl_relocation_receipt_queue5-mutant/src/runtime/src/Heap/WCollector/WCollector.h:348:38: warning: unused variable 'waitCount' [-Wunused-variable]
        static std::atomic<uint64_t> waitCount{ 0 };
                                     ^
/root/cj_build/impl_relocation_receipt_queue5-mutant/src/runtime/src/Heap/WCollector/WCollector.h:357:20: warning: unused variable 'funnel' [-Wunused-variable]
        const bool funnel = RemapFunnelOn();
                   ^
/root/cj_build/impl_relocation_receipt_queue5-mutant/src/runtime/src/Heap/WCollector/WCollector.h:345:38: warning: unused variable 'noGhostCount' [-Wunused-variable]
        static std::atomic<uint64_t> noGhostCount{ 0 };
                                     ^
/root/cj_build/impl_relocation_receipt_queue5-mutant/src/runtime/src/Heap/WCollector/WCollector.h:349:38: warning: unused variable 'giveFromCount' [-Wunused-variable]
        static std::atomic<uint64_t> giveFromCount{ 0 };
                                     ^
21 warnings generated.
In file included from /root/cj_build/impl_relocation_receipt_queue5-mutant/src/runtime/tests/gc_unit/test_young_conc.cpp:41:
/root/cj_build/impl_relocation_receipt_queue5-mutant/src/runtime/src/Heap/Collector/TracingCollector.h:352:20: warning: unused variable 'objSize' [-Wunused-variable]
            size_t objSize = obj->GetSize();
                   ^
/root/cj_build/impl_relocation_receipt_queue5-mutant/src/runtime/src/Heap/Collector/TracingCollector.h:360:47: warning: unused parameter 'ref' [-Wunused-parameter]
    virtual void EnumRefFieldRoot(RefField<>& ref, RootSet& rootSet) const {};
                                              ^
/root/cj_build/impl_relocation_receipt_queue5-mutant/src/runtime/src/Heap/Collector/TracingCollector.h:360:61: warning: unused parameter 'rootSet' [-Wunused-parameter]
    virtual void EnumRefFieldRoot(RefField<>& ref, RootSet& rootSet) const {};
                                                            ^
/root/cj_build/impl_relocation_receipt_queue5-mutant/src/runtime/src/Heap/Collector/TracingCollector.h:361:51: warning: unused parameter 'obj' [-Wunused-parameter]
    virtual void TraceObjectRefFields(BaseObject* obj, WorkStack& workStack)
                                                  ^
/root/cj_build/impl_relocation_receipt_queue5-mutant/src/runtime/src/Heap/Collector/TracingCollector.h:361:67: warning: unused parameter 'workStack' [-Wunused-parameter]
    virtual void TraceObjectRefFields(BaseObject* obj, WorkStack& workStack)
                                                                  ^
/root/cj_build/impl_relocation_receipt_queue5-mutant/src/runtime/src/Heap/Collector/TracingCollector.h:368:59: warning: unused parameter 'entry' [-Wunused-parameter]
    virtual void FollowPartialArray(const MarkStackEntry& entry, WorkStack& workStack)
                                                          ^
/root/cj_build/impl_relocation_receipt_queue5-mutant/src/runtime/src/Heap/Collector/TracingCollector.h:368:77: warning: unused parameter 'workStack' [-Wunused-parameter]
    virtual void FollowPartialArray(const MarkStackEntry& entry, WorkStack& workStack)
                                                                            ^
/root/cj_build/impl_relocation_receipt_queue5-mutant/src/runtime/src/Heap/Collector/TracingCollector.h:372:53: warning: unused parameter 'kind' [-Wunused-parameter]
    virtual BaseObject* GetAndTryTagObj(RefSlotKind kind, BaseObject* obj, RefField<>& field)
                                                    ^
/root/cj_build/impl_relocation_receipt_queue5-mutant/src/runtime/src/Heap/Collector/TracingCollector.h:372:71: warning: unused parameter 'obj' [-Wunused-parameter]
    virtual BaseObject* GetAndTryTagObj(RefSlotKind kind, BaseObject* obj, RefField<>& field)
                                                                      ^
/root/cj_build/impl_relocation_receipt_queue5-mutant/src/runtime/src/Heap/Collector/TracingCollector.h:372:88: warning: unused parameter 'field' [-Wunused-parameter]
    virtual BaseObject* GetAndTryTagObj(RefSlotKind kind, BaseObject* obj, RefField<>& field)
                                                                                       ^
/root/cj_build/impl_relocation_receipt_queue5-mutant/src/runtime/src/Heap/Collector/TracingCollector.h:453:27: warning: unused parameter 'heapMarked' [-Wunused-parameter]
    void ResetBitmap(bool heapMarked)
                          ^
/root/cj_build/impl_relocation_receipt_queue5-mutant/src/runtime/src/Heap/Collector/TracingCollector.h:491:47: warning: unused parameter 'root' [-Wunused-parameter]
    virtual void EnumAndTagRawRoot(ObjectRef& root, RootSet& rootSet) const
                                              ^
/root/cj_build/impl_relocation_receipt_queue5-mutant/src/runtime/src/Heap/Collector/TracingCollector.h:491:62: warning: unused parameter 'rootSet' [-Wunused-parameter]
    virtual void EnumAndTagRawRoot(ObjectRef& root, RootSet& rootSet) const
                                                             ^
13 warnings generated.
In file included from /root/cj_build/impl_relocation_receipt_queue5-mutant/src/runtime/tests/gc_unit/test_gc_thread_pool.cpp:18:
In file included from /root/cj_build/impl_relocation_receipt_queue5-mutant/src/runtime/src/Heap/Collector/CollectorProxy.h:14:
In file included from /root/cj_build/impl_relocation_receipt_queue5-mutant/src/runtime/src/Heap/WCollector/WCollector.h:24:
In file included from /root/cj_build/impl_relocation_receipt_queue5-mutant/src/runtime/src/Heap/Collector/CopyCollector.h:13:
/root/cj_build/impl_relocation_receipt_queue5-mutant/src/runtime/src/Heap/Collector/TracingCollector.h:352:20: warning: unused variable 'objSize' [-Wunused-variable]
            size_t objSize = obj->GetSize();
                   ^
/root/cj_build/impl_relocation_receipt_queue5-mutant/src/runtime/src/Heap/Collector/TracingCollector.h:360:47: warning: unused parameter 'ref' [-Wunused-parameter]
    virtual void EnumRefFieldRoot(RefField<>& ref, RootSet& rootSet) const {};
                                              ^
/root/cj_build/impl_relocation_receipt_queue5-mutant/src/runtime/src/Heap/Collector/TracingCollector.h:360:61: warning: unused parameter 'rootSet' [-Wunused-parameter]
    virtual void EnumRefFieldRoot(RefField<>& ref, RootSet& rootSet) const {};
                                                            ^
/root/cj_build/impl_relocation_receipt_queue5-mutant/src/runtime/src/Heap/Collector/TracingCollector.h:361:51: warning: unused parameter 'obj' [-Wunused-parameter]
    virtual void TraceObjectRefFields(BaseObject* obj, WorkStack& workStack)
                                                  ^
/root/cj_build/impl_relocation_receipt_queue5-mutant/src/runtime/src/Heap/Collector/TracingCollector.h:361:67: warning: unused parameter 'workStack' [-Wunused-parameter]
    virtual void TraceObjectRefFields(BaseObject* obj, WorkStack& workStack)
                                                                  ^
/root/cj_build/impl_relocation_receipt_queue5-mutant/src/runtime/src/Heap/Collector/TracingCollector.h:368:59: warning: unused parameter 'entry' [-Wunused-parameter]
    virtual void FollowPartialArray(const MarkStackEntry& entry, WorkStack& workStack)
                                                          ^
/root/cj_build/impl_relocation_receipt_queue5-mutant/src/runtime/src/Heap/Collector/TracingCollector.h:368:77: warning: unused parameter 'workStack' [-Wunused-parameter]
    virtual void FollowPartialArray(const MarkStackEntry& entry, WorkStack& workStack)
                                                                            ^
/root/cj_build/impl_relocation_receipt_queue5-mutant/src/runtime/src/Heap/Collector/TracingCollector.h:372:53: warning: unused parameter 'kind' [-Wunused-parameter]
    virtual BaseObject* GetAndTryTagObj(RefSlotKind kind, BaseObject* obj, RefField<>& field)
                                                    ^
/root/cj_build/impl_relocation_receipt_queue5-mutant/src/runtime/src/Heap/Collector/TracingCollector.h:372:71: warning: unused parameter 'obj' [-Wunused-parameter]
    virtual BaseObject* GetAndTryTagObj(RefSlotKind kind, BaseObject* obj, RefField<>& field)
                                                                      ^
/root/cj_build/impl_relocation_receipt_queue5-mutant/src/runtime/src/Heap/Collector/TracingCollector.h:372:88: warning: unused parameter 'field' [-Wunused-parameter]
    virtual BaseObject* GetAndTryTagObj(RefSlotKind kind, BaseObject* obj, RefField<>& field)
                                                                                       ^
/root/cj_build/impl_relocation_receipt_queue5-mutant/src/runtime/src/Heap/Collector/TracingCollector.h:453:27: warning: unused parameter 'heapMarked' [-Wunused-parameter]
    void ResetBitmap(bool heapMarked)
                          ^
/root/cj_build/impl_relocation_receipt_queue5-mutant/src/runtime/src/Heap/Collector/TracingCollector.h:491:47: warning: unused parameter 'root' [-Wunused-parameter]
    virtual void EnumAndTagRawRoot(ObjectRef& root, RootSet& rootSet) const
                                              ^
/root/cj_build/impl_relocation_receipt_queue5-mutant/src/runtime/src/Heap/Collector/TracingCollector.h:491:62: warning: unused parameter 'rootSet' [-Wunused-parameter]
    virtual void EnumAndTagRawRoot(ObjectRef& root, RootSet& rootSet) const
                                                             ^
In file included from /root/cj_build/impl_relocation_receipt_queue5-mutant/src/runtime/tests/gc_unit/test_gc_thread_pool.cpp:18:
In file included from /root/cj_build/impl_relocation_receipt_queue5-mutant/src/runtime/src/Heap/Collector/CollectorProxy.h:14:
/root/cj_build/impl_relocation_receipt_queue5-mutant/src/runtime/src/Heap/WCollector/WCollector.h:348:38: warning: unused variable 'waitCount' [-Wunused-variable]
        static std::atomic<uint64_t> waitCount{ 0 };
                                     ^
/root/cj_build/impl_relocation_receipt_queue5-mutant/src/runtime/src/Heap/WCollector/WCollector.h:345:38: warning: unused variable 'noGhostCount' [-Wunused-variable]
        static std::atomic<uint64_t> noGhostCount{ 0 };
                                     ^
/root/cj_build/impl_relocation_receipt_queue5-mutant/src/runtime/src/Heap/WCollector/WCollector.h:344:38: warning: unused variable 'nonHeapCount' [-Wunused-variable]
        static std::atomic<uint64_t> nonHeapCount{ 0 };
                                     ^
/root/cj_build/impl_relocation_receipt_queue5-mutant/src/runtime/src/Heap/WCollector/WCollector.h:357:20: warning: unused variable 'funnel' [-Wunused-variable]
        const bool funnel = RemapFunnelOn();
                   ^
/root/cj_build/impl_relocation_receipt_queue5-mutant/src/runtime/src/Heap/WCollector/WCollector.h:346:38: warning: unused variable 'routeNullCount' [-Wunused-variable]
        static std::atomic<uint64_t> routeNullCount{ 0 };
                                     ^
/root/cj_build/impl_relocation_receipt_queue5-mutant/src/runtime/src/Heap/WCollector/WCollector.h:343:38: warning: unused variable 'callCount' [-Wunused-variable]
        static std::atomic<uint64_t> callCount{ 0 };
                                     ^
/root/cj_build/impl_relocation_receipt_queue5-mutant/src/runtime/src/Heap/WCollector/WCollector.h:349:38: warning: unused variable 'giveFromCount' [-Wunused-variable]
        static std::atomic<uint64_t> giveFromCount{ 0 };
                                     ^
/root/cj_build/impl_relocation_receipt_queue5-mutant/src/runtime/src/Heap/WCollector/WCollector.h:347:38: warning: unused variable 'receiptCount' [-Wunused-variable]
        static std::atomic<uint64_t> receiptCount{ 0 };
                                     ^
21 warnings generated.
LINKED_RUNTIME=/root/cj_build/impl_relocation_receipt_queue5-mutant/src/runtime/output/temp/lib/x86_64_Release
MRT_TESTABLE_INTERNALS=0
=== BINDING_PROOF (undefined in binary that resolve via runtime) ===
                 U _ZN12MapleRuntime11VerifyRoots10ResetStatsEv@CANGJIE
                 U _ZN12MapleRuntime11VerifyRoots12BadRootCountEv@CANGJIE
                 U _ZN12MapleRuntime11VerifyRoots17VerifyRootPayloadERKNS_17RootVerifyContextEPvPNS_10BaseObjectE@CANGJIE
                 U _ZN12MapleRuntime15ForwardingTable22ReceiptAllowsForwardedEm@CANGJIE
                 U _ZN12MapleRuntime22RelocationRequestQueue10BeginCycleEv@CANGJIE
                 U _ZN12MapleRuntime22RelocationRequestQueue12BeginWorkersEm@CANGJIE
                 U _ZN12MapleRuntime22RelocationRequestQueue13CompleteOwnerEPvRKSt8functionIFmmEE@CANGJIE
                 U _ZN12MapleRuntime22RelocationRequestQueue13PruneAndClaimEv@CANGJIE
                 U _ZN12MapleRuntime22RelocationRequestQueue15SynchronizePollEv@CANGJIE
                 U _ZN12MapleRuntime22RelocationRequestQueue3AddEPvm@CANGJIE
                 U _ZN12MapleRuntime22RelocationRequestQueue4FailEm@CANGJIE
                 U _ZN12MapleRuntime22RelocationRequestQueue4WaitERKSt10shared_ptrINS0_7RequestEE@CANGJIE
                 U _ZN12MapleRuntime22RelocationRequestQueue7PublishEmm@CANGJIE
                 U _ZN12MapleRuntime26PlausibleManagedObjectGateEPKcPNS_10BaseObjectE@CANGJIE
                 U _ZN12MapleRuntime9Collector16MarkGoodHeapGateEPKcPNS_10BaseObjectE@CANGJIE
                 U _ZN12MapleRuntime9Collector22TryRecoverInteriorBaseEPNS_10BaseObjectES2_@CANGJIE
                 U _ZN12MapleRuntime9Collector26PlausibleManagedObjectGateEPKcPNS_10BaseObjectE@CANGJIE
                 U _ZN12MapleRuntime9RouteInfo8GetRouteEm@CANGJIE
                 U _ZNK12MapleRuntime22RelocationRequestQueue12PendingCountEv@CANGJIE
                 U _ZNK12MapleRuntime22RelocationRequestQueue23SynchronizedWorkerCountEv@CANGJIE
                 U _ZNK12MapleRuntime7Barrier18RecordCrossGenEdgeEPNS_10BaseObjectEmS2_@CANGJIE
=== RUNTIME_EXPORTS (product .so) ===
00000000005432b0 T _ZN12MapleRuntime11VerifyRoots10RegionNameENS_10AddrRegionE@@CANGJIE
0000000000543990 T _ZN12MapleRuntime11VerifyRoots10ResetStatsEv@@CANGJIE
0000000000543970 T _ZN12MapleRuntime11VerifyRoots12BadRootCountEv@@CANGJIE
00000000005432e0 T _ZN12MapleRuntime11VerifyRoots12IsZapPatternEm@@CANGJIE
0000000000543980 T _ZN12MapleRuntime11VerifyRoots13InfoRootCountEv@@CANGJIE
00000000005432f0 T _ZN12MapleRuntime11VerifyRoots15ClassifyAddressEm@@CANGJIE
0000000000543360 T _ZN12MapleRuntime11VerifyRoots17VerifyRootPayloadERKNS_17RootVerifyContextEPvPNS_10BaseObjectE@@CANGJIE
00000000005437a0 T _ZN12MapleRuntime11VerifyRoots18BeforeCheckAndPushEPNS_10BaseObjectE@@CANGJIE
0000000000543900 T _ZN12MapleRuntime11VerifyRoots19MakeRegDebugVisitorERKNS_17RootVerifyContextE@@CANGJIE
0000000000543890 T _ZN12MapleRuntime11VerifyRoots20MakeSlotDebugVisitorERKNS_17RootVerifyContextE@@CANGJIE
0000000000543210 T _ZN12MapleRuntime11VerifyRoots7EnabledEv@@CANGJIE
0000000000543280 T _ZN12MapleRuntime11VerifyRoots8KindNameENS_8RootKindE@@CANGJIE
00000000004f10b0 T _ZN12MapleRuntime15ForwardingTable22ReceiptAllowsForwardedEm@@CANGJIE
000000000050dfe0 T _ZN12MapleRuntime22RelocationRequestQueue10BeginCycleEv@@CANGJIE
000000000050e160 T _ZN12MapleRuntime22RelocationRequestQueue12BeginWorkersEm@@CANGJIE
000000000050eaf0 T _ZN12MapleRuntime22RelocationRequestQueue13CompleteOwnerEPvRKSt8functionIFmmEE@@CANGJIE
000000000050f070 T _ZN12MapleRuntime22RelocationRequestQueue13PruneAndClaimEv@@CANGJIE
000000000050e650 T _ZN12MapleRuntime22RelocationRequestQueue14CompleteHandleERKSt10shared_ptrINS0_7RequestEEmNS0_5StateE@@CANGJIE
000000000050f0b0 T _ZN12MapleRuntime22RelocationRequestQueue15SynchronizePollEv@@CANGJIE
000000000050edc0 T _ZN12MapleRuntime22RelocationRequestQueue19PruneAndClaimLockedEv@@CANGJIE
00000000004d0300 W _ZN12MapleRuntime22RelocationRequestQueue20SelectBeforeOrdinaryERKSt8functionIFPvvEE@@CANGJIE
000000000050e220 T _ZN12MapleRuntime22RelocationRequestQueue3AddEPvm@@CANGJIE
000000000050ead0 T _ZN12MapleRuntime22RelocationRequestQueue4FailEm@@CANGJIE
000000000050e6b0 T _ZN12MapleRuntime22RelocationRequestQueue4WaitERKSt10shared_ptrINS0_7RequestEE@@CANGJIE
000000000050e8a0 T _ZN12MapleRuntime22RelocationRequestQueue7PublishEmm@@CANGJIE
000000000050e8c0 T _ZN12MapleRuntime22RelocationRequestQueue8CompleteEmmNS0_5StateE@@CANGJIE
00000000004fcb50 T _ZN12MapleRuntime26PlausibleManagedObjectGateEPKcPNS_10BaseObjectE@@CANGJIE
00000000004fcb10 T _ZN12MapleRuntime9Collector16MarkGoodHeapGateEPKcPNS_10BaseObjectE@@CANGJIE
00000000004fcea0 T _ZN12MapleRuntime9Collector22TryRecoverInteriorBaseEPNS_10BaseObjectES2_@@CANGJIE
00000000004fce90 T _ZN12MapleRuntime9Collector26PlausibleManagedObjectGateEPKcPNS_10BaseObjectE@@CANGJIE
00000000004fcb40 T _ZN12MapleRuntime9Collector28ReportMarkGoodHeapGateCountsEv@@CANGJIE
00000000004fd570 T _ZN12MapleRuntime9Collector38ReportPlausibleManagedObjectGateCountsEv@@CANGJIE
0000000000576b00 T _ZN12MapleRuntime9RouteInfo8GetRouteEm@@CANGJIE
000000000050f6a0 T _ZNK12MapleRuntime22RelocationRequestQueue12PendingCountEv@@CANGJIE
000000000050f6e0 T _ZNK12MapleRuntime22RelocationRequestQueue23SynchronizedWorkerCountEv@@CANGJIE
00000000004f3500 T _ZNK12MapleRuntime7Barrier18RecordCrossGenEdgeEPNS_10BaseObjectEmS2_@@CANGJIE
00000000004f3fe0 T _ZNK12MapleRuntime7Barrier27RecordCrossGenEdgesInStructEPNS_10BaseObjectEmmPKNS0_21StoreGoodPrevSnapshotE@@CANGJIE
00000000004f6480 T _ZNK12MapleRuntime7Barrier29RecordCrossGenEdgesInRefArrayEPNS_10BaseObjectEmmPKNS0_21StoreGoodPrevSnapshotE@@CANGJIE
000000000050f790 W _ZNSt10_HashtableImSt4pairIKmSt10shared_ptrIN12MapleRuntime22RelocationRequestQueue7RequestEEESaIS7_ENSt8__detail10_Select1stESt8equal_toImESt4hashImENS9_18_Mod_range_hashingENS9_20_Default_ranged_hashENS9_20_Prime_rehash_policyENS9_17_Hashtable_traitsILb0ELb0ELb1EEEE10_M_emplaceIJRmRS6_EEES0_INS9_14_Node_iteratorIS7_Lb0ELb0EEEbESt17integral_constantIbLb1EEDpOT_@@CANGJIE
000000000050f9d0 W _ZNSt10_HashtableImSt4pairIKmSt10shared_ptrIN12MapleRuntime22RelocationRequestQueue7RequestEEESaIS7_ENSt8__detail10_Select1stESt8equal_toImESt4hashImENS9_18_Mod_range_hashingENS9_20_Default_ranged_hashENS9_20_Prime_rehash_policyENS9_17_Hashtable_traitsILb0ELb0ELb1EEEE13_M_rehash_auxEmSt17integral_constantIbLb1EE@@CANGJIE
2026-08-24 01:03:53.613731 176624 E [GCV2][tailslot] REJECT site=gc_unit.tailslot obj=0x7357cda41658 tip=0x7fffda554758 objSize=16 regionEnd=0x7357cda41660 remain=8 n=1
2026-08-24 01:03:53.614027 176624 E [VALSIDE] armed first_store hdr=0x7fffda554710 sc=0 phase=0
[  PASS  ] ColourAddress.UncolorRoundTripAllRemapOneHot
[  PASS  ] ColourAddress.UncolorRoundTripWithMarkBits
[  PASS  ] ColourAddress.LoadBadMaskRejectsStaleRemap
[  PASS  ] ColourAddress.StaleRemapAlwaysLoadBad
[  PASS  ] ColourAddress.RootSlotRejectsColouredValue
[  PASS  ] ColourAddress.PeelForRootWriteBackClearsHighBits
[  PASS  ] ColourAddress.AddressAndColourMasksDisjoint
[  PASS  ] ColourAddress.BitFieldRemapOneHotMatrix
[  PASS  ] ColourAddress.BitFieldMarkBitsIndependentOfRemap
[  PASS  ] ZBitFieldPort.EncodeDecodeRoundTrips
[  PASS  ] ZListPort.InsertAndRemoveFirst
[  PASS  ] ZListPort.RemoveFirstAndLast
[  PASS  ] ZStat.PauseAndConcurrentAreSeparateAccounts
[  PASS  ] ZStat.KindIsSampledAtScopeEntry
[  PASS  ] ZStat.MaxPauseTracksLargestPauseSample
[  PASS  ] ZStat.RegistryEnumeratesObservedPhases
[  PASS  ] ZStat.StwDepthCounterClassifies
[  PASS  ] ZStat.ZeroDurationSampleStillCounts
[  PASS  ] TrustP1.TryUntagHeapSlotWritebackIsColoured
[  PASS  ] TrustP1.PlainUntagWritebackWouldBeCensusHit
[  PASS  ] TrustP1.RootSlotWritebackPlainIsPlain
[  PASS  ] TrustP1.HeapSlotMustNotUseRootPlainShape
[  PASS  ] TrustP1.DerivedInteriorPlainIsDistinctFromK1ObjectRoot
[  PASS  ] TrustP1.ColouredWriteGuardRejectsPlainShape
[  PASS  ] TrustP1.NullIsNotPlainResidual
[  PASS  ] RouteInfo.InsertLookupIdempotentRegion1
[  PASS  ] RouteInfo.MissingDomainReturnsNullNotGarbage
[  PASS  ] RouteInfo.SetRouteInfoOverwrites
[  PASS  ] RouteInfo.ToRegion1BoundaryInclusive
[  PASS  ] RouteInfo.ToRegion2WhenPreLiveExceedsTo1
[  PASS  ] RouteInfo.BindLiveInfo0FromLiveIfNull
[  PASS  ] ZLiveMapPort.OneObjectPageMarkAccountsLiveOnce
[  PASS  ] LiveMap.MarkAndSurvive
[  PASS  ] LiveMap.RetainedMarkWordsSurviveUnbindAndForwardEpochBump
[  PASS  ] LiveMap.RetainedCaptureUnionsYoungFaceBeforePromotion
[  PASS  ] LiveMap.RetainedCaptureSkipsYoungFaceAfterForwardingDone
[  PASS  ] LiveMap.RetainedCaptureUnionsYoungLargeFlagBeforePromotion
[  PASS  ] LiveMap.RetainedCaptureDoesNotUnionYoungFaceAfterPromotion
[  PASS  ] LiveMap.RetainedLargeMarkBitSurvivesCurrentFaceLoss
[  PASS  ] LiveMap.LiveInfo0SnapshotSurvivesClear
[  PASS  ] LiveMap.BindLiveInfo0AfterLateMark
[  PASS  ] LiveMap.NullBitmapNeverSurvived
[  PASS  ] LiveMap.YoungAndOldBitmapFacesAreIndependent
[  PASS  ] LiveMap.OwnerDispatchMarksYoungFace
[  PASS  ] LiveMap.RelocationReadUsesOwnerNotRouteGeneration
[  PASS  ] LiveMap.PromotionDoesNotInheritYoungBitmapMark
[  PASS  ] LiveMap.PromotionDoesNotInheritYoungLargeFlag
[  PASS  ] LiveMap.YoungAndOldLargeFlagsAreIndependent
[  PASS  ] LiveMap.MarkStartAllocWaterIsImplicitLive
[  PASS  ] ObjectGate.TipSmallIntRejected
[  PASS  ] ObjectGate.TipInHeapRejected
[  PASS  ] ObjectGate.PlausibleTipAccepted
[  PASS  ] ObjectGate.RawArrayPlus8RecoversBase
[  PASS  ] ObjectGate.GeomCrossEndRejectedOnActiveRegion
[  PASS  ] ObjectGate.NonInteriorNoFalseRecover
[  PASS  ] ObjectGate.HeaderConsumersRejectFreeRegion
[  PASS  ] ObjectGate.SlotListPopFrontRejectsColouredHead
[  PASS  ] ObjectGate.SlotListPopFrontDropsColouredNext
[  PASS  ] ObjectGate.FreePinnedPushFrontRejectsFreeRegion
[  PASS  ] Remset.CurrentMinorRootOverridesRetainedDeadSnapshotAndNullHeal
[  PASS  ] Remset.StickyBitmapDisabledByDefault
[  PASS  ] Remset.StickyBitmapTracksMutatorBarrierAcrossDrain
[  PASS  ] Remset.OldToYoungRecordedByBarrier
[  PASS  ] Remset.IdleBarrierOldToYoungRecorded
[  PASS  ] Remset.StaticRootNotRecorded
[  PASS  ] Remset.YoungToYoungNotRecorded
[  PASS  ] Remset.OldToOldRecordedBecauseBarrierConditionsOnSlot
[  PASS  ] Remset.EverRecordedStickyBitmapPositiveControl
[  PASS  ] Remset.DrainIsDestructiveSoAnEdgeWrittenOnceIsLost
[  PASS  ] Remset.ReRecordWhileConsumingLandsInTheNextCycleBuffer
[  PASS  ] DefectRegress.PregrantBeforeRouteDomainFreeze
[  PASS  ] DefectRegress.NonHeapTargetNeverCasNull
[  PASS  ] DefectRegress.MarkGoodHeapGateBlocksNonHeap
[  PASS  ] DefectRegress.RelroNonHeapSkipsSelfHealCas
[  PASS  ] DefectRegress.StaticRootObservedValueHeal
[  PASS  ] DefectRegress.StaticRootHealDoesNotClobberConcurrentStore
[  PASS  ] DefectRegress.MinorNo176624 E   #0  0x624c82ee7bf0 in sprintf_s from /root/cj_build/impl_relocation_receipt_queue5-mutant/src/runtime/tests/gc_unit/build_queue5_default/cj_gc_unit
176624 E   #0  0x624c82ee7bf0 in sprintf_s from /root/cj_build/impl_relocation_receipt_queue5-mutant/src/runtime/tests/gc_unit/build_queue5_default/cj_gc_unit
nHeapResolveNeverCasNull
[  PASS  ] DefectRegress.TipSmallIntRejectThenRecoverHost
[  PASS  ] DefectRegress.TipSmallIntRejectWithoutRecoverIsLoss_Contract
[  PASS  ] DefectRegress.FieldPlaceColourMustStripAtAbi
[  PASS  ] DefectRegress.GcCompletePublishSeesThisCycleStats
[  PASS  ] DefectRegress.GcCompleteHeuSuppressedAfterPublish
[  PASS  ] DefectRegress.YoungFinishDefersHeuAtMostOncePerMajor
[  PASS  ] DefectRegress.YoungFinishInsideExistingWindowDoesNotExtendHeuThrottle
[  PASS  ] DefectRegress.YoungFinishDoesNotDeferMajorUnderOldPressure
[  PASS  ] DefectRegress.YoungHeuDeferralKillSwitchDoesNotTouchSharedClockOrCredit
[  PASS  ] DefectRegress.GcCountExportReadsAtomic
[  PASS  ] DefectRegress.ExportHandleDoubleRemoveNoAlias
[  PASS  ] DefectRegress.LiveHolderOnAllocatingPageKeepsSlot
[  PASS  ] DefectRegress.ExportHandleStaleReuseDoesNotTouchNewOccupant
[  PASS  ] ZBitMapPort.StrongPairUnset
[  PASS  ] ZBitMapPort.StrongPairSet
[  PASS  ] RegionBitmap.BitCoverMatchesRegionSize
[  PASS  ] RegionBitmap.GetRegionBitmapSizeMonotonic
[  PASS  ] RegionBitmap.MarkBitsIdempotentAndDisjoint
[  PASS  ] RegionBitmap.MarkBitsAlreadyIsStartBitOnly
[  PASS  ] RegionBitmap.NearEndOffsetsInCover
[  PASS  ] RegionAge.YoungAgeRoundTrip
[  PASS  ] RegionAge.MaxYoungAgeBound
[  PASS  ] RegionAge.YoungFlagIndependentOfAge
[  PASS  ] RegionAge.GenerationIdEnumExists
[  PASS  ] UnwindRegress.SofFoldFlagIsNotAFrame
SIGNAL_FRAME_DIRECT_SPRINTF_CALLS=3 SIGNAL_FRAME_OVERLAPPING_SPRINTF_CALLS=0
[  PASS  ] UnwindRegress.SignalFrameAppendDoesNotOverlap
[  PASS  ] UnwindRegress.SignalFramePrintDoesNotAbort
[  PASS  ] UnwindRegress.FallbackZeroesPcAndLine
[  PASS  ] GctibZero.B_NullGctibSegvIsPointerArm
[  PASS  ] GctibZero.B_AfterCalculateGCTibWalks
[  PASS  ] GctibZero.C_OneRegionElseStillChecks
[  PASS  ] GctibZero.C_PlanSizedByBitmapFaceStaysInRegion1
PINROOT_RESULT futures=16 object_bytes=168 pinned_regions=1 total_pinned_regions=1 raw_pinned_region_pct=100 garbage_while_pinned=0 garbage_after_remove=2688 retained_bytes=2688 collateral_bytes=2520 count_while_pinned=1 count_after_remove=0
[  PASS  ] PinRoot.NativeHeldUnmarkedPinnedObjectSurvivesUntilRemove
[  PASS  ] RegionRetirement.CompactInPlaceLeavesRegionOnAListACollectorWalks
[  PASS  ] RegionRetirement.StayYoungAfterCompactInPlaceDoesNotRelinkRecentFull
[  PASS  ] RegionRetirement.StayYoungTransfersCompletedCompactTailFromThreadLocal
[  PASS  ] RegionRetirement.CompactTailDoesNotStealConcurrentRecentFullNode
[  PASS  ] FollowEdge.HolderSlotToLargePrimitiveArrayIsTraced
[  PASS  ] ZForwardingLife.RetainAfterReleaseRefuses
[  PASS  ] ZForwardingLife.DetachWaitsForLastReader
[  PASS  ] ZForwardingLife.ClaimInvertsAndLateRetainRefusesImmediately
[  PASS  ] ZForwardingLife.CopyInflightPairing
[  PASS  ] ZForwardingLife.RouteDestHoldDecisionDistribution
[  PASS  ] ZForwardingLife.CopyInflightDrainWakes
[  PASS  ] ZForwardingLife.ClaimedRetainRefusesImmediatelyAndResetIdle
[  PASS  ] ZForwardingLife.DetachCheckMeasuresAndHonorsGate
[  PASS  ] ColourIsChecks.EveryColourAtTheStartingEpoch
[  PASS  ] ColourIsChecks.EveryColourAcrossAnIrregularFlipSchedule
[  PASS  ] ColourIsChecks.UncolouredValueIsNeitherLoadGoodNorLoadBad
[  PASS  ] ColourIsChecks.RawNullIsGoodOrNullAndNeverBad
[  PASS  ] ColourIsChecks.RemapPairIsABijectionWithTheFourColours
[  PASS  ] ColourIsChecks.StoreGoodComplementAtTheStartingEpoch
[  PASS  ] ColourIsChecks.StoreGoodComplementAcrossAnIrregularFlipSchedule
[  PASS  ] RemapYoungRoots.IntersectionIsOneHot
[  PASS  ] RemapYoungRoots.YoungFlipXorWrapsAcceptedPair
[  PASS  ] RemapYoungRoots.TwoYoungFlipsWithoutRemapMakeOldColourGoodAgain
[  PASS  ] RemapYoungRoots.Phase8KeepsRootsFromWrappingToGood
[  PASS  ] RemapYoungRoots.RemapClearsDoubleBadOnColouredSlot
[  PASS  ] RemapYoungRoots.UncolouredStackRootIsNotPainted
[  PASS  ] RemapYoungRoots.DisabledPassLeavesDoubleBad
[  PASS  ] ZForwardingEntries.setup
[  PASS  ] ZForwardingEntries.find_empty
[  PASS  ] ZForwardingEntries.find_full
[  PASS  ] ZForwardingEntries.find_every_other
[  PASS  ] ZForwardingEntries.survives_without_2026-08-24 01:03:53.669339 176624 E [FWDTABLE] armed base=0x7357cda40660 size=8192 unit=4096 entries=3
geometry
[  PASS  ] ZForwardingEntries.OutOfRangeFromIndexUsesOverflowReceipt
[  PASS  ] ZForwardingEntries.OutOfRangeFromIndexIsRefusedNotTruncated
[  PASS  ] ZForwardingEntries.LargeFromIndexRoundTrip
[  PASS  ] ZForwardingEntries.FullTableInsertionUsesOverflowReceipt
[  PASS  ] ZForwardingEntries.FullTableProbeTerminatesInsteadOfSpinning
[  PASS  ] ZForwardingEntries.TableKnowsWhichRegionItWasBuiltFor
[  PASS  ] ZForwardingEntries.CoversRecordsRegionSpan
[  PASS  ] ForwardingNoGeometry.ArmedMissIsNullNotGeometry
[  PASS  ] ForwardingNoGeometry.ArmedLookupAndSuccessfulExclusiveCopyPublishProductReceipt
[  PASS  ] ZGranuleMap.GetPutRemove
[  PASS  ] ZForwarding.AttachedArraySitsAfterObject
[  PASS  ] ZForwarding.ProvisionalUsesRefCountProtocol
[  PASS  ] ZForwardingTable.kZfwdTableConsumeOn
[  PASS  ] ZForwardingTable.MembershipUnlinkKeepsEntries
[  PASS  ] YoungConc.PaintedObjectSkippedByShouldEnqueue
[  PASS  ] YoungConc.StaleOldMarkDoesNotSkipYoungEnqueue
[  PASS  ] YoungConc.TraceRegionSkipsSatbWithoutPaint
[  PASS  ] YoungConc.AllocBlackWhiteWhenConcMarkOff
[  PASS  ] YoungConc.AllocBlackPaintAndGreyWhenConcMarkOn
[  PASS  ] YoungConc.PaintWithoutGreyLedgerMissesWorkStack
[  PASS  ] YoungConc.YoungToYoungWriteNotInRemset
[  PASS  ] YoungConc.YoungToYoungDirtyHolderReachesWorkStack
[  PASS  ] YoungConc.OldToYoungStillRecorded
[  PASS  ] YoungConc.TraceStoreMarksNewYoungTarget
[  PASS  ] YoungConc.IdleStoreDoesNotMarkNewYoungTarget
[  PASS  ] YoungConc.PeekYoungAllocBlackDoesNotConsume
[  PASS  ] YoungConc.Stw2CurrentInjectForcesUncovered
[  PASS  ] YoungConc.ClassifyWaterBeatsMark
[  PASS  ] YoungConc.ClassifyMarkedWhenNoWater
[  PASS  ] YoungConc.ClassifyAllocBlackWhenUnmarked
[  PASS  ] YoungConc.ClassifyUncoveredYoung
[  PASS  ] YoungConc.ClassifySkipOldHolderTarget
[  PASS  ] YoungConc.MarkTerminateProtocolDefault
[  PASS  ] YoungConc.LegacyTerminationMissesUnfullSatbNode
[  PASS  ] RelocationSetSelector.EmptySet
[  PASS  ] RelocationSetSelector.AllSparseSelected
[  PASS  ] RelocationSetSelector.FragmentationLimitStopsPrefix
[  PASS  ] RelocationSetSelector.EqualLiveBytesStableOrder
[  PASS  ] RelocationSetSelector.LargeRegionsNeverSelected
[  PASS  ] RelocationSetSelector.PreFilterDropsLowGarbage
[  PASS  ] RelocationSetSelector.AllocatingPagesNeverSelected
[  PASS  ] StoreBuf.FullAutoFlushKeepsEveryEntry
[  PASS  ] StoreBuf.UnflushedPendingInvisibleToDrain
[  PASS  ] StoreBuf.FlushBeforeRelocateSnapshotPublishesPending
[  PASS  ] StoreBuf.MarkEndSnapshotLeavesCurrentForNextMinor
[  PASS  ] StoreBuf.FlushBeforeMinorDoesNotLoseEdges
[  PASS  ] StoreBuf.ThreadExitFlushRedeems
[  PASS  ] StoreBuf.ReRememberDoesNotFightBuffer
[  PASS  ] PageAgeRangeTest.test
[  PASS  ] PageAge.UntypeRoundTrip
[  PASS  ] TenuringThreshold.PromoteAllIsZero
[  PASS  ] TenuringThreshold.EmptyYoungIsZero
[  PASS  ] TenuringThreshold.GenerationalRaisesThreshold
[  PASS  ] TenuringThreshold.PressureLowersThreshold
[  PASS  ] TenuringThreshold.DistributionFlipBothDirections
[  PASS  ] TenuringThreshold.ComputeToAge
[  PASS  ] StayYoung.PolicySwitchIsWiredToTheDecision
[  PASS  ] StayYoung.BelowThresholdDoesNotPromote
[  PASS  ] StayYoung.BumpAgesAndKeepsYoung
[  PASS  ] StayYoung.AgeClampsAtSurvivor14
[  PASS  ] StayYoung.EnlistTypeMustNotStayLoneFrom
[  PASS  ] StayYoung.GarbageTypeSurvivesGhostAndAgeCas
[  PASS  ] StayYoung.InitRegionClearsGhostSuccessor
[  PASS  ] GcTrigger.SwitchDefaultOn
[  PASS  ] GcTrigger.YoungTriggerPinsAt32WhenAsked
[  PASS  ] GcTrigger.YoungTriggerFloorWithoutSample
[  PASS  ] GcTrigger.YoungTriggerRaisesOnHighSurvival
[  PASS  ] GcTrigger.YoungTriggerHoldsFloorOnLowSurvival
[  PASS  ] GcTrigger.YoungTriggerRaisesWhenLastMinorFreedLessThanFivePercent
[  PASS  ] GcTrigger.YoungTriggerHoldsFloorWhenDeadYoungIsSmallFractionOfHeap
[  PASS  ] GcTrigger.DirectorMinorIgnoresRaisedWatermark
[  PASS  ] TruncatedSeq.EmptyIsZero
[  PASS  ] TruncatedSeq.OneSamplePredictsItself
[  PASS  ] TruncatedSeq.ConstantWindowHasZeroSd
[  PASS  ] TruncatedSeq.WindowDropsOldest
[  PASS  ] GcTrigger.RateZeroDoesNotFireAllocRate
[  PASS  2026-08-24 01:03:53.686837 176624 E [GCV2][expire-kept] n=1 bytes=4096
2026-08-24 01:03:53.729570 176624 E [GCV2][exempt-kept] n=1 region=0x7357cda40550 start=0x7357cda40660 route=0 live=0
2026-08-24 01:03:53.729690 176624 E [GCV2][exempt-kept] n=2 region=0x7357cda40550 start=0x7357cda40660 route=0 live=0
2026-08-24 01:03:53.729733 176624 E [GCV2][exempt-kept] n=3 region=0x7357cda40550 start=0x7357cda40660 route=0 live=0
[GCV2][holewho] sample n=1 off=16 len=48 type=1 next_plausible=0 bucket=0 prev=? filler=1
[GCV2][holewho] sample n=2 off=16 len=48 type=1 next_plausible=0 bucket=0 prev=? filler=1
2026-08-24 01:03:53.749964 176624 E [GCV2][diag] legend: gates live (env-read). A zero means the arm did not fire. Confirm the probe is armed with MRT_GCV2_DIAG_ACTIVE=1 before reading any zero.
] GcTrigger.ConstantRateFiresWhenFreeCannotCoverGc
[  PASS  ] GcTrigger.ConstantRateHoldsWhenFreeCoversGc
[  PASS  ] GcTrigger.RateSpikeFiresViaSigma
[  PASS  ] GcTrigger.RemainingCannotCoverOneGc
[  PASS  ] GcTrigger.WarmupAtTenPercent
[  PASS  ] GcTrigger.WarmupBelowTenPercentSilent
[  PASS  ] GcTrigger.TwoRulesTimerBeatsAllocRate
[  PASS  ] GcTrigger.TwoRulesAllocRateBeatsHighUsage
[  PASS  ] GcTrigger.HighUsageAlone
[  PASS  ] GcTrigger.NotTrustableDisablesAllocRate
[  PASS  ] GcTrigger.SoftMaxIsFreeDenominator
[  PASS  ] GcTrigger.MajorAllocRateAmortizesExtraYoungTime
[  PASS  ] GcTrigger.MajorAllocRateOldGarbageCheaper
[  PASS  ] GcTrigger.MajorAllocRateUrgentWhenYoungSmallAndHighUsage
[  PASS  ] GcTrigger.MajorAllocRateDisabledWhenNotTrustable
[  PASS  ] GcTrigger.MinorUpgradesToMajorAllocRate
[  PASS  ] GcTrigger.ProactiveFiresAfterAcceptableInterval
[  PASS  ] GcTrigger.ProactiveHoldsWithoutGrowthOrTime
[  PASS  ] GcTrigger.ProactiveDisabledWhenCold
[  PASS  ] GcTrigger.DynamicWorkersDefaultOffUsesPoolCap
[  PASS  ] MutatorRelocate.UnpublishedTargetIsKeptRatherThanWaitedFor
[  PASS  ] MutatorRelocate.UnpublishedRegionWaitsForPublish
[  PASS  ] MutatorRelocate.TwoThreadsInsertSameFromLoserTakesWinner
[  PASS  ] MutatorRelocate.ForcedFirstCasFailureReturnsOneReceiptAndOneCompleter
[  PASS  ] MutatorRelocate.ForwardedPublicationRequiresNonNullReceipt
[  PASS  ] MutatorRelocate.ForwardedRegionNoEntryKeepsFrom
[  PASS  ] FwdSpin.LockedWaiterSeesInsertBeforeUnlock
[  PASS  ] MutatorRelocate.RelocateInnerRequiresForwardPhase
[  PASS  ] MutatorRelocate.RefcountZeroRetainRefusesThenWait
[  PASS  ] RelocationRequestQueue.RequestedReceiptIsClaimedBeforeOrdinaryAndCompletesOnce
[  PASS  ] RelocationRequestQueue.FailedOwnerCompletionReleasesWaiterWithoutReceipt
[  PASS  ] RelocationRequestQueue.LastWorkerAndAddHaveOneAtomicProgressDecision
[  PASS  ] RelocationRequestQueue.AddWakesAWorkerSynchronizedOnAnEmptyQueue
[  PASS  ] RelocationRequestQueue.RegionManagerCompletesRetainedOwnerThroughProductWiring
[  PASS  ] GCThreadPool.RelocationRequestHasOneCompletionOwnerBeforeWaitFinishReturns
[  PASS  ] GCThreadPool.ProductParallelEntryRegistersWorkersAndCompletesOrdinaryOwner
[  PASS  ] GCThreadPool.ProductSerialEntryRegistersWorkerAndCompletesClaimedOwner
[  PASS  ] IkeKeep.ExpireClearsKeptButLeavesForwarded
[  PASS  ] ExemptLife.DropRetiredCoveringRemovesFindTo
[  PASS  ] ExemptLife.RetiredOnlyLookupSurvivesGhostLoss
[  PASS  ] ReceiptLife.StaleToRegionEpochRejectsReceipt
[  PASS  ] ReceiptLife.DestLaterForwardedHeaderRejectsReceipt
[  PASS  ] ReceiptLife.KeptExpireLatchIsOnce
[  PASS  ] LifeClock.WideClockOutlivesLegacyWrapAndHasNo32kCollision
[  PASS  ] LifeClock.LegacyHoldBitSurvivesIndependentClockBump
[  PASS  ] LifeClock.ForgedOldMarkViewIsCountedAndEnforced
[  PASS  ] LifeClock.ForgedOldRouteInfoIsCountedAndEnforced
[  PASS  ] LifeClock.ReceiptAbaAfter128ReusesIsCountedAndEnforced
[  PASS  ] LifeClock.ArmedAndRetiredEntriesRejectOldFromPage
[  PASS  ] LifeClock.MissingRouteStampSurvivingBoundaryIsCounted
[  PASS  ] ExemptLife.ExemptWaitsForLockedThenPublishesDone
[  PASS  ] ExemptLife.InPlaceCopyMustNotPaintNormalBeforeUnlock
[  PASS  ] ExemptLife.FindHitDoesNotEnterCopyInflight
[  PASS  ] ExemptLife.ExemptAlreadyForwardedStillPublishesDone
[  PASS  ] ExemptLife.PrepareInstallStripsForwardedResidual
[  PASS  ] ExemptLife.PrepareInstallLeavesLockedAlone
[  PASS  ] ZForwardingLife.DrainScopeWaitsCopiedWhenRefCountZero
[  PASS  ] HealCoverage.NullAndPlainAreNotMisses
[  PASS  ] HealCoverage.CurrentColourIsLoadGood
[  PASS  ] HealCoverage.PreviousYoungColourIsStaleBeforeWrap
[  PASS  ] HealCoverage.InjectPositiveControlRings
[  PASS  ] HealCoverage.TwoYoungFlipsWrapStaleIntoLookingGood
[  PASS  ] HealCoverage.FaceOfSplitsTheFiveHealSurfaces
[  PASS  ] HealCoverage.CensusWordsCountsEachKind
[  PASS  ] DiagGate.LegacyEnvArmsTheGate
[  PASS  ] DiagGate.NullLegacyNameIsNotAnArm
[  PASS  ] DiagGate.UnsetLegacyEnvLeavesGateOff
[  PASS  ] DiagGate.AnnounceAndLegendAreIdempotent
[  PASS  ] InteriorEdgeClass.SlotNotRefWinsOverEveryth[GCV2][holewho] sample n=3 off=16 len=64 type=1 next_plausible=1 bucket=1 prev=? filler=0
[GCV2][zgcselfheal][census] why=armed armed=1 enter=0 null_skip=0 healed=0 fastpath_exit=0 retry=0 cas_fail=0 iter_max=0 spin_alarm=0 pre_ptr_fastpath=0 pre_heal_not_fastpath=0 pre_heal_not_remapped=0 mono_checks=0 mono_load_good=0 mono_mark_good=0 mono_store_good=0 mono_marked_young=0 mono_marked_old=0 mono_finalizable=0
[GCV2][zgcselfheal][census] why=periodic armed=1 enter=1 null_skip=0 healed=0 fastpath_exit=0 retry=0 cas_fail=0 iter_max=0 spin_alarm=0 pre_ptr_fastpath=0 pre_heal_not_fastpath=0 pre_heal_not_remapped=0 mono_checks=0 mono_load_good=0 mono_mark_good=0 mono_store_good=0 mono_marked_young=0 mono_marked_old=0 mono_finalizable=0
2026-08-24 01:03:53.750196 176624 E [ZGCINV][illegal] n=1 phase=6 barrier=forward flipSeq=0 target=0x7357cda406a0 slotRaw=0x17357cda406a0 slotRaw2=0x17357cda406a0 addrMatch=1 toVer=(nil) slotIsToVersion=0 route=0 young=0
[GCV2][verify][roots] BAD_ROOT kind=runtime-root phase=gc_unit-coloured-root reason=root-value-is-coloured func=? startIP=(nil) frameIP=(nil) frameFA=(nil) pcOff=0x0 slotBias=0 reg=-1 slotOrReg=0x7fffda554438 raw=0x17f1234567000 obj=(nil) objRegion=other tip=(nil) tipRegion=null typeByte=-1 env=MRT_GCV2_VERIFY_ROOTS=1
2026-08-24 01:03:53.790751 176624 E [ZGCINV][summary] why=atexit i1_checked=0 i1_violations=0 i1_forwarded=0 i1_zero_header=0 illegal=1 stw=0 idle=0 enum=0 trace=0 post_trace=0 preforward=0 forward=1 heal_return_checked=2 heal_return_failures=0
[GCV2][holewho] atexit n=3 bytes=160 never=2 after_neighbor=1 header_cleared=0 next_plausible=1 tl=3 rf=0
[GCV2][page-owner] point=atexit mismatch_attempts=0 first_paints=0 mode=assert
[FWDTABLE][refuse] atexit full=0 overflow=0 fallbackFull=0 fallbackOverflow=0 armedHit=2 armedMiss=2 unarmed=0
[GCV2][fillerzero] atexit
[GCV2][fillerzero] site=slot_extra n=16 bytes=2432 dense_n=0 dense_bytes=0 buckets= 2^7=16
[GCV2][fillerzero] site=clear_units n=0 bytes=0 dense_n=0 dense_bytes=0 buckets=
[GCV2][fillerzero] site=take_garbage n=0 bytes=0 dense_n=0 dense_bytes=0 buckets=
[GCV2][fillerzero] site=take_inactive n=0 bytes=0 dense_n=0 dense_bytes=0 buckets=
[GCV2][fillerzero] site=dirty_take n=0 bytes=0 dense_n=0 dense_bytes=0 buckets=
[GCV2][fillerzero] site=released_pre n=0 bytes=0 dense_n=0 dense_bytes=0 buckets=
[GCV2][fillerzero] site=compact n=0 bytes=0 dense_n=0 dense_bytes=0 buckets=
[GCV2][fillerzero] site=compact_partial n=0 bytes=0 dense_n=0 dense_bytes=0 buckets=
[GCV2][fillerzero] site=route_reserve n=0 bytes=0 dense_n=0 dense_bytes=0 buckets=
[GCV2][ike-keep] atexit trueEmpty=0 keep=0 keepBytes=0 nullFace=0 epoch=0
[GCV2][w1-store] atexit total=9 ghostFrom=0
[GCV2][w1-holder] atexit ghost=0 forwarded=0
[GCV2][tailslot] geom_cross_end=1
[GCV2][page-owner] point=atexit mismatch_attempts=0 first_paints=0 mode=assert
[GCV2][detach-check] phase=measure site=collect_from_garbage checks=0 evidence=0 blocked=0 active_table=0 retired_table=0 route_dest_held=0 fwd_positive=0 fwd_readers=0 fwd_claimed=0 fwd_released=0 copy_inflight=0
[GCV2][detach-check] phase=measure site=take_garbage checks=1 evidence=1 blocked=0 active_table=0 retired_table=1 route_dest_held=0 fwd_positive=0 fwd_readers=0 fwd_claimed=0 fwd_released=0 copy_inflight=0
[GCV2][detach-check] phase=measure site=take_after_dispel checks=0 evidence=0 blocked=0 active_table=0 retired_table=0 route_dest_held=0 fwd_positive=0 fwd_readers=0 fwd_claimed=0 fwd_released=0 copy_inflight=0
[GCV2][detach-check] phase=measure site=reclaim_dirty checks=0 evidence=0 blocked=0 active_table=0 retired_table=0 route_dest_held=0 fwd_positive=0 fwd_readers=0 fwd_claimed=0 fwd_released=0 copy_inflight=0
[GCV2][detach-check] phase=measure site=reclaim_mark_quarantine checks=0 evidence=0 blocked=0 active_table=0 retired_table=0 route_dest_held=0 fwd_positive=0 fwd_readers=0 fwd_claimed=0 fwd_released=0 copy_inflight=0
[GCV2][detach-check] phase=measure site=release_region checks=0 evidence=0 blocked=0 active_table=0 retired_table=0 route_dest_held=0 fwd_positive=0 fwd_readers=0 fwd_claimed=0 fwd_released=0 copy_inflight=0
[GCV2][detach-check] phase=measure site=release_garbage_units checks=0 evidence=0 blocked=0 active_table=0 retired_table=0 route_dest_held=0 fwd_positive=0 fwd_readers=0 fwd_claimed=0 fwd_released=0 copy_inflight=0
[GCV2][detach-check] phase=measure site=take_garbage_reuse checks=3 evidence=2 blocked=0 active_table=0 retired_table=0 route_dest_held=2 fwd_positive=2 fwd_readers=0 fwd_claimed=1 fwd_released=1 copy_inflight=2
[GCV2][detach-check] phase=measure site=take_dirty_reuse checks=0 evidence=0 blocked=0 active_table=0 retired_table=0 route_dest_held=0 fwd_positive=0 fwd_readers=0 fwd_claimed=0 fwd_released=0 copy_inflight=0
[GCV2][detach-check] phase=measure site=take_released_reuse checks=0 evidence=0 blocked=0 active_table=0 retired_table=0 route_dest_held=0 fwd_positive=0 fwd_readers=0 fwd_claimed=0 fwd_released=0 copy_inflight=0
[GCV2][detach-check] phase=measure site=clear_units checks=0 evidence=0 blocked=0 active_table=0 retired_table=0 route_dest_held=0 fwd_positive=0 fwd_readers=0 fwd_claimed=0 fwd_released=0 copy_inflight=0
[GCV2][detach-check] phase=measure site=release_units checks=0 evidence=0 blocked=0 active_table=0 retired_table=0 route_dest_held=0 fwd_positive=0 fwd_readers=0 fwd_claimed=0 fwd_released=0 copy_inflight=0
[GCV2][detach-check] phase=measure site=init_free_units checks=0 evidence=0 blocked=0 active_table=0 retired_table=0 route_dest_held=0 fwd_positive=0 fwd_readers=0 fwd_claimed=0 fwd_released=0 copy_inflight=0
[GCV2][detach-check] phase=measure site=init_region_info checks=66079 evidence=65870 blocked=0 active_table=8 retired_table=65870 route_dest_held=1 fwd_positive=0 fwd_readers=0 fwd_claimed=0 fwd_released=0 copy_inflight=0
[GCV2][detach-check] phase=measure site=major_recheck checks=0 evidence=0 blocked=0 active_table=0 retired_table=0 route_dest_held=0 fwd_positive=0 fwd_readers=0 fwd_claimed=0 fwd_released=0 copy_inflight=0
[GCV2][detach-quarantine] gate=0 admitted=0 released=0 recheck_held=0 peak_entries=0 max_entries=65536 max_rechecks=8
[GCV2][zlife] atexit refuse_released=4 refuse_claimed=3 detach_waited=1
ing
[  PASS  ] InteriorEdgeClass.InStreamLiveIsRecoverFail
[  PASS  ] InteriorEdgeClass.InStreamDeadIsBaseUnmarked
[  PASS  ] InteriorEdgeClass.RecoverWithoutStream
[  PASS  ] InteriorEdgeClass.TruncatedWalkIsNotValueCorrupt
[  PASS  ] InteriorEdgeClass.ValueCorruptIsTheResidual
[  PASS  ] InteriorEdgeClass.FourKindsExhaustiveAndNamed
[  PASS  ] IsFromReg.TryDeleteFromFailsAfterPinRetype
[  PASS  ] IsFromReg.UnlistedGarbageClaimIsRefusedUntilPrepend
[  PASS  ] IsFromReg.TakeGarbageSkipsRawPointerHold
[  PASS  ] TypeFence.SizeIsOneWord
[  PASS  ] TypeFence.NullDefault
[  PASS  ] TypeFence.FromResolvedRoundTrip
[  PASS  ] TypeFence.CopyPreservesBits
[  PASS  ] TypeFence.MaybeFromIsNotConstructible
[  PASS  ] FillerObj.ExplicitOffLeavesZeroGapUnwalkable
[  PASS  ] FillerObj.EnabledWalkCrossesFilledGap
[  PASS  ] FillerObj.RouteReserveGapWalkableWhenEnabled
[  PASS  ] I2ReadRef.ForwardedFromReturnsTo
[  PASS  ] FwdReturn.IllegalTuplePositiveControlIncrementsBacking
[  PASS  ] FwdReturn.HealAndReturnSameAddressPasses
[  PASS  ] FwdReturn.HealAndReturnMismatchAborts
[  PASS  ] FnlzRoots.RegisteredFinalizerIsRawPointerButNotStrongRoot
[  PASS  ] FnlzRoots.VisitFinalizersCountMatchesRegister
[  PASS  ] MarkStackEntry.ObjectPoliciesAreIndependent
[  PASS  ] MarkStackEntry.PartialArrayIsASeparateKind
[  PASS  ] MarkStackEntry.StackSplitPreservesPolicy
[  PASS  ] MarkStripe.NoSmrPositiveControlCorruptsHead
[  PASS  ] MarkStripe.SmrHazardPreventsAbaReuse
[  PASS  ] MarkStripe.ConcurrentGlobalStealIsLiveAndLossless
[  PASS  ] PartialArray.EncodeDecodeRoundtrip
[  PASS  ] PartialArray.EmptyAndSingle
[  PASS  ] PartialArray.ThresholdExact
[  PASS  ] PartialArray.ThresholdMinusOne
[  PASS  ] PartialArray.ThresholdPlusOne
[  PASS  ] PartialArray.MultiChunk
[  PASS  ] PartialArray.BoundaryRefs
[  PASS  ] PartialArray.UnalignedStart
[  PASS  ] VerifyRoots.DefaultOffLeavesCorruptRootUnobserved
[  PASS  ] VerifyRoots.EnabledReportsColouredRootBeforeDereference
[  PASS  ] MemMapContract.NullAndInvalidInputsDoNotReachOS
[  PASS  ] MemMapContract.AccessorsBoundaryCommitProtectAndDestroy
[  PASS  ] MemMapContract.FallbackRegistryPreservesEveryAcquiredReservation
[  PASS  ] MemMapContract.BudgetRejectsBeforeReserve
[  PASS  ] MemMapContract.TwoNodeOwnershipRejectsCrossNodeFree
[  PASS  ] MemMapContract.RegionManagerInactiveAllocationUsesMemMapOwner
[========] 332 tests: 332 passed, 0 failed
GC_UNIT_RUN_DONE rc=0 wall_ms=263
TEST_RC=0
2026-08-24T01:03:53+08:00
 01:03:53 up 33 days,  2:14,  1 user,  load average: 5.02, 5.13, 5.04
FINAL_RC=0
