PHASE=ordinary-owner-completion
2026-08-23T21:35:08+08:00
 21:35:08 up 32 days, 22:45,  1 user,  load average: 9.67, 7.02, 6.17
4d440c6a14f87a024f495b112365202067d4d762581f6c08bea6dabb7a9858b3  /root/cj_build/impl_relocation_receipt_queue4-mutant/src/runtime/src/Heap/Allocator/RegionManager.cpp
76a2b557dca3f16d8cb368ebc23b826241c087f5a446a6252dc28a21dc4f69d9  /root/cj_build/impl_relocation_receipt_queue4-mutant/src/runtime/src/Heap/Allocator/RegionManager.h
[  0%] Built target cjNativeStartAndEnd
[  1%] Checking that HeapSlot compare-exchange writes stay inside HealSlot
[  1%] Checking that a diagnostic documenting a gate is not an all-no-op implementation
[  5%] Built target Base
[ 15%] Built target Concurrency
[ 25%] Built target boundscheck
[ 28%] Built target Common
[ 29%] Built target cjthreadmodel
[ 30%] Built target Loader
[ 31%] Built target BinaryFile
[ 32%] Built target CjSemanticVersion
[ 32%] Built target CjFile
[ 34%] Built target CjFileLoader
[ 35%] Building CXX object src/Inspector/CMakeFiles/Inspector.dir/CjHeapData.cpp.o
[ 37%] Built target Exception
[ 38%] Building CXX object src/Heap/CMakeFiles/Heap.dir/Heap.cpp.o
Consolidate compiler generated dependencies of target Allocator
[ 38%] Building CXX object src/Heap/Barrier/CMakeFiles/Barrier.dir/Barrier.cpp.o
[ 38%] Building CXX object src/Heap/Collector/CMakeFiles/Collector.dir/Collector.cpp.o
[ 38%] Building CXX object src/Heap/Allocator/CMakeFiles/Allocator.dir/Allocator.cpp.o
DIAG_HOLLOW_GUARD PASS gated_subsystems=29
[ 38%] Building CXX object src/Heap/WCollector/CMakeFiles/WCollector.dir/EnumBarrier.cpp.o
[ 38%] Built target check_diag_not_hollow
[ 38%] Building CXX object src/Heap/Verify/CMakeFiles/Verify.dir/VerifyRememberedSet.cpp.o
In file included from /root/cj_build/impl_relocation_receipt_queue4-mutant/src/runtime/src/Heap/Collector/Collector.cpp:20:
In file included from /root/cj_build/impl_relocation_receipt_queue4-mutant/src/runtime/src/Heap/Allocator/RegionInfo.h:41:
/root/cj_build/impl_relocation_receipt_queue4-mutant/src/runtime/src/Heap/Verify/AllocPhaseDiag.h:57:1: warning: inline variables are a C++17 extension [-Wc++17-extensions]
inline Slot g_table[kCap] = {};
^
/root/cj_build/impl_relocation_receipt_queue4-mutant/src/runtime/src/Heap/Verify/AllocPhaseDiag.h:58:1: warning: inline variables are a C++17 extension [-Wc++17-extensions]
inline NearEntry g_near[kNearCap] = {};
^
In file included from /root/cj_build/impl_relocation_receipt_queue4-mutant/src/runtime/src/Heap/Collector/Collector.cpp:20:
In file included from /root/cj_build/impl_relocation_receipt_queue4-mutant/src/runtime/src/Heap/Allocator/RegionInfo.h:43:
/root/cj_build/impl_relocation_receipt_queue4-mutant/src/runtime/src/Heap/Verify/NullRouteCaller.h:34:1: warning: inline variables are a C++17 extension [-Wc++17-extensions]
inline thread_local const char* g_tag = nullptr;
^
/root/cj_build/impl_relocation_receipt_queue4-mutant/src/runtime/src/Heap/Verify/NullRouteCaller.h:35:1: warning: inline variables are a C++17 extension [-Wc++17-extensions]
inline thread_local const char* g_edgeSrc = nullptr;
^
/root/cj_build/impl_relocation_receipt_queue4-mutant/src/runtime/src/Heap/Verify/NullRouteCaller.h:36:1: warning: inline variables are a C++17 extension [-Wc++17-extensions]
inline thread_local uintptr_t g_slot = 0;
^
/root/cj_build/impl_relocation_receipt_queue4-mutant/src/runtime/src/Heap/Verify/NullRouteCaller.h:37:1: warning: inline variables are a C++17 extension [-Wc++17-extensions]
inline thread_local void* g_host = nullptr;
^
In file included from /root/cj_build/impl_relocation_receipt_queue4-mutant/src/runtime/src/Heap/Collector/Collector.cpp:20:
In file included from /root/cj_build/impl_relocation_receipt_queue4-mutant/src/runtime/src/Heap/Allocator/RegionInfo.h:52:
/root/cj_build/impl_relocation_receipt_queue4-mutant/src/runtime/src/Heap/Verify/MutatorRelocate.h:102:8: warning: constexpr if is a C++17 extension [-Wc++17-extensions]
    if constexpr (kWaitRegionPublish) {
       ^
In file included from /root/cj_build/impl_relocation_receipt_queue4-mutant/src/runtime/src/Heap/Collector/Collector.cpp:21:
In file included from /root/cj_build/impl_relocation_receipt_queue4-mutant/src/runtime/src/Heap/Allocator/RegionSpace.h:22:
In file included from /root/cj_build/impl_relocation_receipt_queue4-mutant/src/runtime/src/Heap/Allocator/RegionManager.h:25:
In file included from /root/cj_build/impl_relocation_receipt_queue4-mutant/src/runtime/src/Heap/Allocator/FreeRegionManager.h:15:
In file included from /root/cj_build/impl_relocation_receipt_queue4-mutant/src/runtime/src/Common/ScopedObjectAccess.h:11:
In file included from /root/cj_build/impl_relocation_receipt_queue4-mutant/src/runtime/src/Mutator/Mutator.inline.h:11:
In file included from /root/cj_build/impl_relocation_receipt_queue4-mutant/src/runtime/src/Mutator/MutatorManager.h:17:
/root/cj_build/impl_relocation_receipt_queue4-mutant/src/runtime/src/Base/GcLog.h:217:45: warning: format string is not a string literal [-Wformat-nonliteral]
        int n = vsnprintf(buf, sizeof(buf), format, args);
                                            ^~~~~~
8 warnings generated.
[ 40%] Building CXX object src/Heap/Collector/CMakeFiles/Collector.dir/CollectorProxy.cpp.o
In file included from /root/cj_build/impl_relocation_receipt_queue4-mutant/src/runtime/src/Heap/Allocator/Allocator.cpp:8:
In file included from /root/cj_build/impl_relocation_receipt_queue4-mutant/src/runtime/src/Heap/Allocator/Allocator.h:11:
In file included from /root/cj_build/impl_relocation_receipt_queue4-mutant/src/runtime/src/Heap/Allocator/AllocBufferManager.h:15:
In file included from /root/cj_build/impl_relocation_receipt_queue4-mutant/src/runtime/src/Heap/Allocator/AllocBuffer.h:16:
In file included from /root/cj_build/impl_relocation_receipt_queue4-mutant/src/runtime/src/Heap/Allocator/RegionList.h:11:
In file included from /root/cj_build/impl_relocation_receipt_queue4-mutant/src/runtime/src/Heap/Allocator/RegionInfo.h:41:
/root/cj_build/impl_relocation_receipt_queue4-mutant/src/runtime/src/Heap/Verify/AllocPhaseDiag.h:57:1: warning: inline variables are a C++17 extension [-Wc++17-extensions]
inline Slot g_table[kCap] = {};
^
/root/cj_build/impl_relocation_receipt_queue4-mutant/src/runtime/src/Heap/Verify/AllocPhaseDiag.h:58:1: warning: inline variables are a C++17 extension [-Wc++17-extensions]
inline NearEntry g_near[kNearCap] = {};
^
In file included from /root/cj_build/impl_relocation_receipt_queue4-mutant/src/runtime/src/Heap/Allocator/Allocator.cpp:8:
In file included from /root/cj_build/impl_relocation_receipt_queue4-mutant/src/runtime/src/Heap/Allocator/Allocator.h:11:
In file included from /root/cj_build/impl_relocation_receipt_queue4-mutant/src/runtime/src/Heap/Allocator/AllocBufferManager.h:15:
In file included from /root/cj_build/impl_relocation_receipt_queue4-mutant/src/runtime/src/Heap/Allocator/AllocBuffer.h:16:
In file included from /root/cj_build/impl_relocation_receipt_queue4-mutant/src/runtime/src/Heap/Allocator/RegionList.h:11:
In file included from /root/cj_build/impl_relocation_receipt_queue4-mutant/src/runtime/src/Heap/Allocator/RegionInfo.h:43:
/root/cj_build/impl_relocation_receipt_queue4-mutant/src/runtime/src/Heap/Verify/NullRouteCaller.h:34:1: warning: inline variables are a C++17 extension [-Wc++17-extensions]
inline thread_local const char* g_tag = nullptr;
^
/root/cj_build/impl_relocation_receipt_queue4-mutant/src/runtime/src/Heap/Verify/NullRouteCaller.h:35:1: warning: inline variables are a C++17 extension [-Wc++17-extensions]
inline thread_local const char* g_edgeSrc = nullptr;
^
/root/cj_build/impl_relocation_receipt_queue4-mutant/src/runtime/src/Heap/Verify/NullRouteCaller.h:36:1: warning: inline variables are a C++17 extension [-Wc++17-extensions]
inline thread_local uintptr_t g_slot = 0;
^
/root/cj_build/impl_relocation_receipt_queue4-mutant/src/runtime/src/Heap/Verify/NullRouteCaller.h:37:1: warning: inline variables are a C++17 extension [-Wc++17-extensions]
inline thread_local void* g_host = nullptr;
^
In file included from /root/cj_build/impl_relocation_receipt_queue4-mutant/src/runtime/src/Heap/Allocator/Allocator.cpp:8:
In file included from /root/cj_build/impl_relocation_receipt_queue4-mutant/src/runtime/src/Heap/Allocator/Allocator.h:11:
In file included from /root/cj_build/impl_relocation_receipt_queue4-mutant/src/runtime/src/Heap/Allocator/AllocBufferManager.h:15:
In file included from /root/cj_build/impl_relocation_receipt_queue4-mutant/src/runtime/src/Heap/Allocator/AllocBuffer.h:16:
In file included from /root/cj_build/impl_relocation_receipt_queue4-mutant/src/runtime/src/Heap/Allocator/RegionList.h:11:
In file included from /root/cj_build/impl_relocation_receipt_queue4-mutant/src/runtime/src/Heap/Allocator/RegionInfo.h:52:
/root/cj_build/impl_relocation_receipt_queue4-mutant/src/runtime/src/Heap/Verify/MutatorRelocate.h:102:8: warning: constexpr if is a C++17 extension [-Wc++17-extensions]
    if constexpr (kWaitRegionPublish) {
       ^
In file included from /root/cj_build/impl_relocation_receipt_queue4-mutant/src/runtime/src/Heap/Allocator/Allocator.cpp:15:
In file included from /root/cj_build/impl_relocation_receipt_queue4-mutant/src/runtime/src/Heap/Allocator/RegionSpace.h:22:
In file included from /root/cj_build/impl_relocation_receipt_queue4-mutant/src/runtime/src/Heap/Allocator/RegionManager.h:25:
In file included from /root/cj_build/impl_relocation_receipt_queue4-mutant/src/runtime/src/Heap/Allocator/FreeRegionManager.h:15:
In file included from /root/cj_build/impl_relocation_receipt_queue4-mutant/src/runtime/src/Common/ScopedObjectAccess.h:11:
In file included from /root/cj_build/impl_relocation_receipt_queue4-mutant/src/runtime/src/Mutator/Mutator.inline.h:11:
In file included from /root/cj_build/impl_relocation_receipt_queue4-mutant/src/runtime/src/Mutator/MutatorManager.h:17:
/root/cj_build/impl_relocation_receipt_queue4-mutant/src/runtime/src/Base/GcLog.h:217:45: warning: format string is not a string literal [-Wformat-nonliteral]
        int n = vsnprintf(buf, sizeof(buf), format, args);
                                            ^~~~~~
8 warnings generated.
[ 40%] Building CXX object src/Heap/Allocator/CMakeFiles/Allocator.dir/RegionSpace.cpp.o
In file included from /root/cj_build/impl_relocation_receipt_queue4-mutant/src/runtime/src/Heap/Verify/VerifyRememberedSet.cpp:19:
In file included from /root/cj_build/impl_relocation_receipt_queue4-mutant/src/runtime/src/Heap/Allocator/RegionInfo.h:41:
/root/cj_build/impl_relocation_receipt_queue4-mutant/src/runtime/src/Heap/Verify/AllocPhaseDiag.h:57:1: warning: inline variables are a C++17 extension [-Wc++17-extensions]
inline Slot g_table[kCap] = {};
^
/root/cj_build/impl_relocation_receipt_queue4-mutant/src/runtime/src/Heap/Verify/AllocPhaseDiag.h:58:1: warning: inline variables are a C++17 extension [-Wc++17-extensions]
inline NearEntry g_near[kNearCap] = {};
^
In file included from /root/cj_build/impl_relocation_receipt_queue4-mutant/src/runtime/src/Heap/Verify/VerifyRememberedSet.cpp:19:
In file included from /root/cj_build/impl_relocation_receipt_queue4-mutant/src/runtime/src/Heap/Allocator/RegionInfo.h:43:
/root/cj_build/impl_relocation_receipt_queue4-mutant/src/runtime/src/Heap/Verify/NullRouteCaller.h:34:1: warning: inline variables are a C++17 extension [-Wc++17-extensions]
inline thread_local const char* g_tag = nullptr;
^
/root/cj_build/impl_relocation_receipt_queue4-mutant/src/runtime/src/Heap/Verify/NullRouteCaller.h:35:1: warning: inline variables are a C++17 extension [-Wc++17-extensions]
inline thread_local const char* g_edgeSrc = nullptr;
^
/root/cj_build/impl_relocation_receipt_queue4-mutant/src/runtime/src/Heap/Verify/NullRouteCaller.h:36:1: warning: inline variables are a C++17 extension [-Wc++17-extensions]
inline thread_local uintptr_t g_slot = 0;
^
/root/cj_build/impl_relocation_receipt_queue4-mutant/src/runtime/src/Heap/Verify/NullRouteCaller.h:37:1: warning: inline variables are a C++17 extension [-Wc++17-extensions]
inline thread_local void* g_host = nullptr;
^
In file included from /root/cj_build/impl_relocation_receipt_queue4-mutant/src/runtime/src/Heap/Verify/VerifyRememberedSet.cpp:19:
In file included from /root/cj_build/impl_relocation_receipt_queue4-mutant/src/runtime/src/Heap/Allocator/RegionInfo.h:52:
/root/cj_build/impl_relocation_receipt_queue4-mutant/src/runtime/src/Heap/Verify/MutatorRelocate.h:102:8: warning: constexpr if is a C++17 extension [-Wc++17-extensions]
    if constexpr (kWaitRegionPublish) {
       ^
In file included from /root/cj_build/impl_relocation_receipt_queue4-mutant/src/runtime/src/Heap/Verify/VerifyRememberedSet.cpp:20:
In file included from /root/cj_build/impl_relocation_receipt_queue4-mutant/src/runtime/src/Heap/Allocator/RegionSpace.h:22:
In file included from /root/cj_build/impl_relocation_receipt_queue4-mutant/src/runtime/src/Heap/Allocator/RegionManager.h:25:
In file included from /root/cj_build/impl_relocation_receipt_queue4-mutant/src/runtime/src/Heap/Allocator/FreeRegionManager.h:15:
In file included from /root/cj_build/impl_relocation_receipt_queue4-mutant/src/runtime/src/Common/ScopedObjectAccess.h:11:
In file included from /root/cj_build/impl_relocation_receipt_queue4-mutant/src/runtime/src/Mutator/Mutator.inline.h:11:
In file included from /root/cj_build/impl_relocation_receipt_queue4-mutant/src/runtime/src/Mutator/MutatorManager.h:17:
/root/cj_build/impl_relocation_receipt_queue4-mutant/src/runtime/src/Base/GcLog.h:217:45: warning: format string is not a string literal [-Wformat-nonliteral]
        int n = vsnprintf(buf, sizeof(buf), format, args);
                                            ^~~~~~
8 warnings generated.
[ 41%] Building CXX object src/Heap/Verify/CMakeFiles/Verify.dir/MarkCompleteVerify.cpp.o
In file included from /root/cj_build/impl_relocation_receipt_queue4-mutant/src/runtime/src/Heap/WCollector/EnumBarrier.cpp:9:
In file included from /root/cj_build/impl_relocation_receipt_queue4-mutant/src/runtime/src/Heap/Allocator/RegionSpace.h:19:
In file included from /root/cj_build/impl_relocation_receipt_queue4-mutant/src/runtime/src/Heap/Allocator/Allocator.h:11:
In file included from /root/cj_build/impl_relocation_receipt_queue4-mutant/src/runtime/src/Heap/Allocator/AllocBufferManager.h:15:
In file included from /root/cj_build/impl_relocation_receipt_queue4-mutant/src/runtime/src/Heap/Allocator/AllocBuffer.h:16:
In file included from /root/cj_build/impl_relocation_receipt_queue4-mutant/src/runtime/src/Heap/Allocator/RegionList.h:11:
In file included from /root/cj_build/impl_relocation_receipt_queue4-mutant/src/runtime/src/Heap/Allocator/RegionInfo.h:41:
/root/cj_build/impl_relocation_receipt_queue4-mutant/src/runtime/src/Heap/Verify/AllocPhaseDiag.h:57:1: warning: inline variables are a C++17 extension [-Wc++17-extensions]
inline Slot g_table[kCap] = {};
^
/root/cj_build/impl_relocation_receipt_queue4-mutant/src/runtime/src/Heap/Verify/AllocPhaseDiag.h:58:1: warning: inline variables are a C++17 extension [-Wc++17-extensions]
inline NearEntry g_near[kNearCap] = {};
^
In file included from /root/cj_build/impl_relocation_receipt_queue4-mutant/src/runtime/src/Heap/WCollector/EnumBarrier.cpp:9:
In file included from /root/cj_build/impl_relocation_receipt_queue4-mutant/src/runtime/src/Heap/Allocator/RegionSpace.h:19:
In file included from /root/cj_build/impl_relocation_receipt_queue4-mutant/src/runtime/src/Heap/Allocator/Allocator.h:11:
In file included from /root/cj_build/impl_relocation_receipt_queue4-mutant/src/runtime/src/Heap/Allocator/AllocBufferManager.h:15:
In file included from /root/cj_build/impl_relocation_receipt_queue4-mutant/src/runtime/src/Heap/Allocator/AllocBuffer.h:16:
In file included from /root/cj_build/impl_relocation_receipt_queue4-mutant/src/runtime/src/Heap/Allocator/RegionList.h:11:
In file included from /root/cj_build/impl_relocation_receipt_queue4-mutant/src/runtime/src/Heap/Allocator/RegionInfo.h:43:
/root/cj_build/impl_relocation_receipt_queue4-mutant/src/runtime/src/Heap/Verify/NullRouteCaller.h:34:1: warning: inline variables are a C++17 extension [-Wc++17-extensions]
inline thread_local const char* g_tag = nullptr;
^
/root/cj_build/impl_relocation_receipt_queue4-mutant/src/runtime/src/Heap/Verify/NullRouteCaller.h:35:1: warning: inline variables are a C++17 extension [-Wc++17-extensions]
inline thread_local const char* g_edgeSrc = nullptr;
^
/root/cj_build/impl_relocation_receipt_queue4-mutant/src/runtime/src/Heap/Verify/NullRouteCaller.h:36:1: warning: inline variables are a C++17 extension [-Wc++17-extensions]
inline thread_local uintptr_t g_slot = 0;
^
/root/cj_build/impl_relocation_receipt_queue4-mutant/src/runtime/src/Heap/Verify/NullRouteCaller.h:37:1: warning: inline variables are a C++17 extension [-Wc++17-extensions]
inline thread_local void* g_host = nullptr;
^
In file included from /root/cj_build/impl_relocation_receipt_queue4-mutant/src/runtime/src/Heap/WCollector/EnumBarrier.cpp:9:
In file included from /root/cj_build/impl_relocation_receipt_queue4-mutant/src/runtime/src/Heap/Allocator/RegionSpace.h:19:
In file included from /root/cj_build/impl_relocation_receipt_queue4-mutant/src/runtime/src/Heap/Allocator/Allocator.h:11:
In file included from /root/cj_build/impl_relocation_receipt_queue4-mutant/src/runtime/src/Heap/Allocator/AllocBufferManager.h:15:
In file included from /root/cj_build/impl_relocation_receipt_queue4-mutant/src/runtime/src/Heap/Allocator/AllocBuffer.h:16:
In file included from /root/cj_build/impl_relocation_receipt_queue4-mutant/src/runtime/src/Heap/Allocator/RegionList.h:11:
In file included from /root/cj_build/impl_relocation_receipt_queue4-mutant/src/runtime/src/Heap/Allocator/RegionInfo.h:52:
/root/cj_build/impl_relocation_receipt_queue4-mutant/src/runtime/src/Heap/Verify/MutatorRelocate.h:102:8: warning: constexpr if is a C++17 extension [-Wc++17-extensions]
    if constexpr (kWaitRegionPublish) {
       ^
In file included from /root/cj_build/impl_relocation_receipt_queue4-mutant/src/runtime/src/Heap/WCollector/EnumBarrier.cpp:9:
In file included from /root/cj_build/impl_relocation_receipt_queue4-mutant/src/runtime/src/Heap/Allocator/RegionSpace.h:22:
In file included from /root/cj_build/impl_relocation_receipt_queue4-mutant/src/runtime/src/Heap/Allocator/RegionManager.h:25:
In file included from /root/cj_build/impl_relocation_receipt_queue4-mutant/src/runtime/src/Heap/Allocator/FreeRegionManager.h:15:
In file included from /root/cj_build/impl_relocation_receipt_queue4-mutant/src/runtime/src/Common/ScopedObjectAccess.h:11:
In file included from /root/cj_build/impl_relocation_receipt_queue4-mutant/src/runtime/src/Mutator/Mutator.inline.h:11:
In file included from /root/cj_build/impl_relocation_receipt_queue4-mutant/src/runtime/src/Mutator/MutatorManager.h:17:
/root/cj_build/impl_relocation_receipt_queue4-mutant/src/runtime/src/Base/GcLog.h:217:45: warning: format string is not a string literal [-Wformat-nonliteral]
        int n = vsnprintf(buf, sizeof(buf), format, args);
                                            ^~~~~~
In file included from /root/cj_build/impl_relocation_receipt_queue4-mutant/src/runtime/src/Heap/WCollector/EnumBarrier.cpp:13:
In file included from /root/cj_build/impl_relocation_receipt_queue4-mutant/src/runtime/src/Heap/Collector/CopyCollector.h:13:
/root/cj_build/impl_relocation_receipt_queue4-mutant/src/runtime/src/Heap/Collector/TracingCollector.h:352:20: warning: unused variable 'objSize' [-Wunused-variable]
            size_t objSize = obj->GetSize();
                   ^
9 warnings generated.
[ 42%] Building CXX object src/Heap/WCollector/CMakeFiles/WCollector.dir/TraceBarrier.cpp.o
In file included from /root/cj_build/impl_relocation_receipt_queue4-mutant/src/runtime/src/Heap/Heap.cpp:9:
In file included from /root/cj_build/impl_relocation_receipt_queue4-mutant/src/runtime/src/Heap/Collector/CollectorProxy.h:14:
In file included from /root/cj_build/impl_relocation_receipt_queue4-mutant/src/runtime/src/Heap/WCollector/WCollector.h:22:
In file included from /root/cj_build/impl_relocation_receipt_queue4-mutant/src/runtime/src/Heap/Allocator/RegionSpace.h:19:
In file included from /root/cj_build/impl_relocation_receipt_queue4-mutant/src/runtime/src/Heap/Allocator/Allocator.h:11:
In file included from /root/cj_build/impl_relocation_receipt_queue4-mutant/src/runtime/src/Heap/Allocator/AllocBufferManager.h:15:
In file included from /root/cj_build/impl_relocation_receipt_queue4-mutant/src/runtime/src/Heap/Allocator/AllocBuffer.h:16:
In file included from /root/cj_build/impl_relocation_receipt_queue4-mutant/src/runtime/src/Heap/Allocator/RegionList.h:11:
In file included from /root/cj_build/impl_relocation_receipt_queue4-mutant/src/runtime/src/Heap/Allocator/RegionInfo.h:41:
/root/cj_build/impl_relocation_receipt_queue4-mutant/src/runtime/src/Heap/Verify/AllocPhaseDiag.h:57:1: warning: inline variables are a C++17 extension [-Wc++17-extensions]
inline Slot g_table[kCap] = {};
^
/root/cj_build/impl_relocation_receipt_queue4-mutant/src/runtime/src/Heap/Verify/AllocPhaseDiag.h:58:1: warning: inline variables are a C++17 extension [-Wc++17-extensions]
inline NearEntry g_near[kNearCap] = {};
^
In file included from /root/cj_build/impl_relocation_receipt_queue4-mutant/src/runtime/src/Heap/Heap.cpp:9:
In file included from /root/cj_build/impl_relocation_receipt_queue4-mutant/src/runtime/src/Heap/Collector/CollectorProxy.h:14:
In file included from /root/cj_build/impl_relocation_receipt_queue4-mutant/src/runtime/src/Heap/WCollector/WCollector.h:22:
In file included from /root/cj_build/impl_relocation_receipt_queue4-mutant/src/runtime/src/Heap/Allocator/RegionSpace.h:19:
In file included from /root/cj_build/impl_relocation_receipt_queue4-mutant/src/runtime/src/Heap/Allocator/Allocator.h:11:
In file included from /root/cj_build/impl_relocation_receipt_queue4-mutant/src/runtime/src/Heap/Allocator/AllocBufferManager.h:15:
In file included from /root/cj_build/impl_relocation_receipt_queue4-mutant/src/runtime/src/Heap/Allocator/AllocBuffer.h:16:
In file included from /root/cj_build/impl_relocation_receipt_queue4-mutant/src/runtime/src/Heap/Allocator/RegionList.h:11:
In file included from /root/cj_build/impl_relocation_receipt_queue4-mutant/src/runtime/src/Heap/Allocator/RegionInfo.h:43:
/root/cj_build/impl_relocation_receipt_queue4-mutant/src/runtime/src/Heap/Verify/NullRouteCaller.h:34:1: warning: inline variables are a C++17 extension [-Wc++17-extensions]
inline thread_local const char* g_tag = nullptr;
^
/root/cj_build/impl_relocation_receipt_queue4-mutant/src/runtime/src/Heap/Verify/NullRouteCaller.h:35:1: warning: inline variables are a C++17 extension [-Wc++17-extensions]
inline thread_local const char* g_edgeSrc = nullptr;
^
/root/cj_build/impl_relocation_receipt_queue4-mutant/src/runtime/src/Heap/Verify/NullRouteCaller.h:36:1: warning: inline variables are a C++17 extension [-Wc++17-extensions]
inline thread_local uintptr_t g_slot = 0;
^
/root/cj_build/impl_relocation_receipt_queue4-mutant/src/runtime/src/Heap/Verify/NullRouteCaller.h:37:1: warning: inline variables are a C++17 extension [-Wc++17-extensions]
inline thread_local void* g_host = nullptr;
^
In file included from /root/cj_build/impl_relocation_receipt_queue4-mutant/src/runtime/src/Heap/Heap.cpp:9:
In file included from /root/cj_build/impl_relocation_receipt_queue4-mutant/src/runtime/src/Heap/Collector/CollectorProxy.h:14:
In file included from /root/cj_build/impl_relocation_receipt_queue4-mutant/src/runtime/src/Heap/WCollector/WCollector.h:22:
In file included from /root/cj_build/impl_relocation_receipt_queue4-mutant/src/runtime/src/Heap/Allocator/RegionSpace.h:19:
In file included from /root/cj_build/impl_relocation_receipt_queue4-mutant/src/runtime/src/Heap/Allocator/Allocator.h:11:
In file included from /root/cj_build/impl_relocation_receipt_queue4-mutant/src/runtime/src/Heap/Allocator/AllocBufferManager.h:15:
In file included from /root/cj_build/impl_relocation_receipt_queue4-mutant/src/runtime/src/Heap/Allocator/AllocBuffer.h:16:
In file included from /root/cj_build/impl_relocation_receipt_queue4-mutant/src/runtime/src/Heap/Allocator/RegionList.h:11:
In file included from /root/cj_build/impl_relocation_receipt_queue4-mutant/src/runtime/src/Heap/Allocator/RegionInfo.h:52:
/root/cj_build/impl_relocation_receipt_queue4-mutant/src/runtime/src/Heap/Verify/MutatorRelocate.h:102:8: warning: constexpr if is a C++17 extension [-Wc++17-extensions]
    if constexpr (kWaitRegionPublish) {
       ^
In file included from /root/cj_build/impl_relocation_receipt_queue4-mutant/src/runtime/src/Heap/Heap.cpp:9:
In file included from /root/cj_build/impl_relocation_receipt_queue4-mutant/src/runtime/src/Heap/Collector/CollectorProxy.h:14:
In file included from /root/cj_build/impl_relocation_receipt_queue4-mutant/src/runtime/src/Heap/WCollector/WCollector.h:22:
In file included from /root/cj_build/impl_relocation_receipt_queue4-mutant/src/runtime/src/Heap/Allocator/RegionSpace.h:22:
In file included from /root/cj_build/impl_relocation_receipt_queue4-mutant/src/runtime/src/Heap/Allocator/RegionManager.h:25:
In file included from /root/cj_build/impl_relocation_receipt_queue4-mutant/src/runtime/src/Heap/Allocator/FreeRegionManager.h:15:
In file included from /root/cj_build/impl_relocation_receipt_queue4-mutant/src/runtime/src/Common/ScopedObjectAccess.h:11:
In file included from /root/cj_build/impl_relocation_receipt_queue4-mutant/src/runtime/src/Mutator/Mutator.inline.h:11:
In file included from /root/cj_build/impl_relocation_receipt_queue4-mutant/src/runtime/src/Mutator/MutatorManager.h:17:
/root/cj_build/impl_relocation_receipt_queue4-mutant/src/runtime/src/Base/GcLog.h:217:45: warning: format string is not a string literal [-Wformat-nonliteral]
        int n = vsnprintf(buf, sizeof(buf), format, args);
                                            ^~~~~~
In file included from /root/cj_build/impl_relocation_receipt_queue4-mutant/src/runtime/src/Heap/Heap.cpp:9:
In file included from /root/cj_build/impl_relocation_receipt_queue4-mutant/src/runtime/src/Heap/Collector/CollectorProxy.h:14:
In file included from /root/cj_build/impl_relocation_receipt_queue4-mutant/src/runtime/src/Heap/WCollector/WCollector.h:24:
In file included from /root/cj_build/impl_relocation_receipt_queue4-mutant/src/runtime/src/Heap/Collector/CopyCollector.h:13:
/root/cj_build/impl_relocation_receipt_queue4-mutant/src/runtime/src/Heap/Collector/TracingCollector.h:352:20: warning: unused variable 'objSize' [-Wunused-variable]
            size_t objSize = obj->GetSize();
                   ^
In file included from /root/cj_build/impl_relocation_receipt_queue4-mutant/src/runtime/src/Heap/Heap.cpp:9:
In file included from /root/cj_build/impl_relocation_receipt_queue4-mutant/src/runtime/src/Heap/Collector/CollectorProxy.h:14:
/root/cj_build/impl_relocation_receipt_queue4-mutant/src/runtime/src/Heap/WCollector/WCollector.h:425:12: warning: constexpr if is a C++17 extension [-Wc++17-extensions]
        if constexpr (ForwardingTable::kEntriesSoleWhenArmed) {
           ^
/root/cj_build/impl_relocation_receipt_queue4-mutant/src/runtime/src/Heap/WCollector/WCollector.h:450:12: warning: constexpr if is a C++17 extension [-Wc++17-extensions]
        if constexpr (ForwardingTable::kEntriesSoleWhenArmed) {
           ^
/root/cj_build/impl_relocation_receipt_queue4-mutant/src/runtime/src/Heap/WCollector/WCollector.h:346:38: warning: unused variable 'routeNullCount' [-Wunused-variable]
        static std::atomic<uint64_t> routeNullCount{ 0 };
                                     ^
/root/cj_build/impl_relocation_receipt_queue4-mutant/src/runtime/src/Heap/WCollector/WCollector.h:349:38: warning: unused variable 'giveFromCount' [-Wunused-variable]
        static std::atomic<uint64_t> giveFromCount{ 0 };
                                     ^
/root/cj_build/impl_relocation_receipt_queue4-mutant/src/runtime/src/Heap/WCollector/WCollector.h:343:38: warning: unused variable 'callCount' [-Wunused-variable]
        static std::atomic<uint64_t> callCount{ 0 };
                                     ^
/root/cj_build/impl_relocation_receipt_queue4-mutant/src/runtime/src/Heap/WCollector/WCollector.h:357:20: warning: unused variable 'funnel' [-Wunused-variable]
        const bool funnel = RemapFunnelOn();
                   ^
/root/cj_build/impl_relocation_receipt_queue4-mutant/src/runtime/src/Heap/WCollector/WCollector.h:348:38: warning: unused variable 'waitCount' [-Wunused-variable]
        static std::atomic<uint64_t> waitCount{ 0 };
                                     ^
/root/cj_build/impl_relocation_receipt_queue4-mutant/src/runtime/src/Heap/WCollector/WCollector.h:344:38: warning: unused variable 'nonHeapCount' [-Wunused-variable]
        static std::atomic<uint64_t> nonHeapCount{ 0 };
                                     ^
/root/cj_build/impl_relocation_receipt_queue4-mutant/src/runtime/src/Heap/WCollector/WCollector.h:345:38: warning: unused variable 'noGhostCount' [-Wunused-variable]
        static std::atomic<uint64_t> noGhostCount{ 0 };
                                     ^
/root/cj_build/impl_relocation_receipt_queue4-mutant/src/runtime/src/Heap/WCollector/WCollector.h:347:38: warning: unused variable 'receiptCount' [-Wunused-variable]
        static std::atomic<uint64_t> receiptCount{ 0 };
                                     ^
/root/cj_build/impl_relocation_receipt_queue4-mutant/src/runtime/src/Heap/WCollector/WCollector.h:622:12: warning: constexpr if is a C++17 extension [-Wc++17-extensions]
        if constexpr (ForwardingTable::kEntriesSoleWhenArmed) {
           ^
/root/cj_build/impl_relocation_receipt_queue4-mutant/src/runtime/src/Heap/WCollector/WCollector.h:677:12: warning: constexpr if is a C++17 extension [-Wc++17-extensions]
        if constexpr (ForwardingTable::kConsumeEntries) {
           ^
/root/cj_build/impl_relocation_receipt_queue4-mutant/src/runtime/src/Heap/WCollector/WCollector.h:682:16: warning: constexpr if is a C++17 extension [-Wc++17-extensions]
            if constexpr (ForwardingTable::kEntriesSoleWhenArmed) {
               ^
/root/cj_build/impl_relocation_receipt_queue4-mutant/src/runtime/src/Heap/WCollector/WCollector.h:713:12: warning: constexpr if is a C++17 extension [-Wc++17-extensions]
        if constexpr (ForwardingTable::kConsumeEntries) {
           ^
23 warnings generated.
[ 42%] Linking CXX static library ../../../output/temp/ar/x86_64_Release/libHeap.a
[ 42%] Built target Heap
[ 42%] Building CXX object src/Mutator/CMakeFiles/Mutator.dir/Mutator.cpp.o
In file included from /root/cj_build/impl_relocation_receipt_queue4-mutant/src/runtime/src/Inspector/CjHeapData.cpp:13:
In file included from /root/cj_build/impl_relocation_receipt_queue4-mutant/src/runtime/src/Common/ScopedObjectAccess.h:11:
In file included from /root/cj_build/impl_relocation_receipt_queue4-mutant/src/runtime/src/Mutator/Mutator.inline.h:11:
In file included from /root/cj_build/impl_relocation_receipt_queue4-mutant/src/runtime/src/Mutator/MutatorManager.h:17:
/root/cj_build/impl_relocation_receipt_queue4-mutant/src/runtime/src/Base/GcLog.h:217:45: warning: format string is not a string literal [-Wformat-nonliteral]
        int n = vsnprintf(buf, sizeof(buf), format, args);
                                            ^~~~~~
In file included from /root/cj_build/impl_relocation_receipt_queue4-mutant/src/runtime/src/Inspector/CjHeapData.cpp:13:
In file included from /root/cj_build/impl_relocation_receipt_queue4-mutant/src/runtime/src/Common/ScopedObjectAccess.h:11:
In file included from /root/cj_build/impl_relocation_receipt_queue4-mutant/src/runtime/src/Mutator/Mutator.inline.h:11:
In file included from /root/cj_build/impl_relocation_receipt_queue4-mutant/src/runtime/src/Mutator/MutatorManager.h:23:
In file included from /root/cj_build/impl_relocation_receipt_queue4-mutant/src/runtime/src/Mutator/Mutator.h:16:
In file included from /root/cj_build/impl_relocation_receipt_queue4-mutant/src/runtime/src/Heap/Allocator/Allocator.h:11:
In file included from /root/cj_build/impl_relocation_receipt_queue4-mutant/src/runtime/src/Heap/Allocator/AllocBufferManager.h:15:
In file included from /root/cj_build/impl_relocation_receipt_queue4-mutant/src/runtime/src/Heap/Allocator/AllocBuffer.h:16:
In file included from /root/cj_build/impl_relocation_receipt_queue4-mutant/src/runtime/src/Heap/Allocator/RegionList.h:11:
In file included from /root/cj_build/impl_relocation_receipt_queue4-mutant/src/runtime/src/Heap/Allocator/RegionInfo.h:41:
/root/cj_build/impl_relocation_receipt_queue4-mutant/src/runtime/src/Heap/Verify/AllocPhaseDiag.h:57:1: warning: inline variables are a C++17 extension [-Wc++17-extensions]
inline Slot g_table[kCap] = {};
^
/root/cj_build/impl_relocation_receipt_queue4-mutant/src/runtime/src/Heap/Verify/AllocPhaseDiag.h:58:1: warning: inline variables are a C++17 extension [-Wc++17-extensions]
inline NearEntry g_near[kNearCap] = {};
^
In file included from /root/cj_build/impl_relocation_receipt_queue4-mutant/src/runtime/src/Inspector/CjHeapData.cpp:13:
In file included from /root/cj_build/impl_relocation_receipt_queue4-mutant/src/runtime/src/Common/ScopedObjectAccess.h:11:
In file included from /root/cj_build/impl_relocation_receipt_queue4-mutant/src/runtime/src/Mutator/Mutator.inline.h:11:
In file included from /root/cj_build/impl_relocation_receipt_queue4-mutant/src/runtime/src/Mutator/MutatorManager.h:23:
In file included from /root/cj_build/impl_relocation_receipt_queue4-mutant/src/runtime/src/Mutator/Mutator.h:16:
In file included from /root/cj_build/impl_relocation_receipt_queue4-mutant/src/runtime/src/Heap/Allocator/Allocator.h:11:
In file included from /root/cj_build/impl_relocation_receipt_queue4-mutant/src/runtime/src/Heap/Allocator/AllocBufferManager.h:15:
In file included from /root/cj_build/impl_relocation_receipt_queue4-mutant/src/runtime/src/Heap/Allocator/AllocBuffer.h:16:
In file included from /root/cj_build/impl_relocation_receipt_queue4-mutant/src/runtime/src/Heap/Allocator/RegionList.h:11:
In file included from /root/cj_build/impl_relocation_receipt_queue4-mutant/src/runtime/src/Heap/Allocator/RegionInfo.h:43:
/root/cj_build/impl_relocation_receipt_queue4-mutant/src/runtime/src/Heap/Verify/NullRouteCaller.h:34:1: warning: inline variables are a C++17 extension [-Wc++17-extensions]
inline thread_local const char* g_tag = nullptr;
^
/root/cj_build/impl_relocation_receipt_queue4-mutant/src/runtime/src/Heap/Verify/NullRouteCaller.h:35:1: warning: inline variables are a C++17 extension [-Wc++17-extensions]
inline thread_local const char* g_edgeSrc = nullptr;
^
/root/cj_build/impl_relocation_receipt_queue4-mutant/src/runtime/src/Heap/Verify/NullRouteCaller.h:36:1: warning: inline variables are a C++17 extension [-Wc++17-extensions]
inline thread_local uintptr_t g_slot = 0;
^
/root/cj_build/impl_relocation_receipt_queue4-mutant/src/runtime/src/Heap/Verify/NullRouteCaller.h:37:1: warning: inline variables are a C++17 extension [-Wc++17-extensions]
inline thread_local void* g_host = nullptr;
^
In file included from /root/cj_build/impl_relocation_receipt_queue4-mutant/src/runtime/src/Inspector/CjHeapData.cpp:13:
In file included from /root/cj_build/impl_relocation_receipt_queue4-mutant/src/runtime/src/Common/ScopedObjectAccess.h:11:
In file included from /root/cj_build/impl_relocation_receipt_queue4-mutant/src/runtime/src/Mutator/Mutator.inline.h:11:
In file included from /root/cj_build/impl_relocation_receipt_queue4-mutant/src/runtime/src/Mutator/MutatorManager.h:23:
In file included from /root/cj_build/impl_relocation_receipt_queue4-mutant/src/runtime/src/Mutator/Mutator.h:16:
In file included from /root/cj_build/impl_relocation_receipt_queue4-mutant/src/runtime/src/Heap/Allocator/Allocator.h:11:
In file included from /root/cj_build/impl_relocation_receipt_queue4-mutant/src/runtime/src/Heap/Allocator/AllocBufferManager.h:15:
In file included from /root/cj_build/impl_relocation_receipt_queue4-mutant/src/runtime/src/Heap/Allocator/AllocBuffer.h:16:
In file included from /root/cj_build/impl_relocation_receipt_queue4-mutant/src/runtime/src/Heap/Allocator/RegionList.h:11:
In file included from /root/cj_build/impl_relocation_receipt_queue4-mutant/src/runtime/src/Heap/Allocator/RegionInfo.h:52:
/root/cj_build/impl_relocation_receipt_queue4-mutant/src/runtime/src/Heap/Verify/MutatorRelocate.h:102:8: warning: constexpr if is a C++17 extension [-Wc++17-extensions]
    if constexpr (kWaitRegionPublish) {
       ^
In file included from /root/cj_build/impl_relocation_receipt_queue4-mutant/src/runtime/src/Inspector/CjHeapData.cpp:15:
/root/cj_build/impl_relocation_receipt_queue4-mutant/src/runtime/src/Heap/Collector/TracingCollector.h:352:20: warning: unused variable 'objSize' [-Wunused-variable]
            size_t objSize = obj->GetSize();
                   ^
9 warnings generated.
[ 42%] Linking CXX static library ../../../output/temp/ar/x86_64_Release/libInspector.a
[ 42%] Built target Inspector
[ 45%] Built target ObjectModel
[ 47%] Building CXX object src/UnwindStack/CMakeFiles/UnwindStack.dir/StackInfo.cpp.o
In file included from /root/cj_build/impl_relocation_receipt_queue4-mutant/src/runtime/src/Heap/Collector/CollectorProxy.cpp:8:
In file included from /root/cj_build/impl_relocation_receipt_queue4-mutant/src/runtime/src/Heap/Collector/CollectorProxy.h:14:
In file included from /root/cj_build/impl_relocation_receipt_queue4-mutant/src/runtime/src/Heap/WCollector/WCollector.h:22:
In file included from /root/cj_build/impl_relocation_receipt_queue4-mutant/src/runtime/src/Heap/Allocator/RegionSpace.h:19:
In file included from /root/cj_build/impl_relocation_receipt_queue4-mutant/src/runtime/src/Heap/Allocator/Allocator.h:11:
In file included from /root/cj_build/impl_relocation_receipt_queue4-mutant/src/runtime/src/Heap/Allocator/AllocBufferManager.h:15:
In file included from /root/cj_build/impl_relocation_receipt_queue4-mutant/src/runtime/src/Heap/Allocator/AllocBuffer.h:16:
In file included from /root/cj_build/impl_relocation_receipt_queue4-mutant/src/runtime/src/Heap/Allocator/RegionList.h:11:
In file included from /root/cj_build/impl_relocation_receipt_queue4-mutant/src/runtime/src/Heap/Allocator/RegionInfo.h:41:
/root/cj_build/impl_relocation_receipt_queue4-mutant/src/runtime/src/Heap/Verify/AllocPhaseDiag.h:57:1: warning: inline variables are a C++17 extension [-Wc++17-extensions]
inline Slot g_table[kCap] = {};
^
/root/cj_build/impl_relocation_receipt_queue4-mutant/src/runtime/src/Heap/Verify/AllocPhaseDiag.h:58:1: warning: inline variables are a C++17 extension [-Wc++17-extensions]
inline NearEntry g_near[kNearCap] = {};
^
In file included from /root/cj_build/impl_relocation_receipt_queue4-mutant/src/runtime/src/Heap/Collector/CollectorProxy.cpp:8:
In file included from /root/cj_build/impl_relocation_receipt_queue4-mutant/src/runtime/src/Heap/Collector/CollectorProxy.h:14:
In file included from /root/cj_build/impl_relocation_receipt_queue4-mutant/src/runtime/src/Heap/WCollector/WCollector.h:22:
In file included from /root/cj_build/impl_relocation_receipt_queue4-mutant/src/runtime/src/Heap/Allocator/RegionSpace.h:19:
In file included from /root/cj_build/impl_relocation_receipt_queue4-mutant/src/runtime/src/Heap/Allocator/Allocator.h:11:
In file included from /root/cj_build/impl_relocation_receipt_queue4-mutant/src/runtime/src/Heap/Allocator/AllocBufferManager.h:15:
In file included from /root/cj_build/impl_relocation_receipt_queue4-mutant/src/runtime/src/Heap/Allocator/AllocBuffer.h:16:
In file included from /root/cj_build/impl_relocation_receipt_queue4-mutant/src/runtime/src/Heap/Allocator/RegionList.h:11:
In file included from /root/cj_build/impl_relocation_receipt_queue4-mutant/src/runtime/src/Heap/Allocator/RegionInfo.h:43:
/root/cj_build/impl_relocation_receipt_queue4-mutant/src/runtime/src/Heap/Verify/NullRouteCaller.h:34:1: warning: inline variables are a C++17 extension [-Wc++17-extensions]
inline thread_local const char* g_tag = nullptr;
^
/root/cj_build/impl_relocation_receipt_queue4-mutant/src/runtime/src/Heap/Verify/NullRouteCaller.h:35:1: warning: inline variables are a C++17 extension [-Wc++17-extensions]
inline thread_local const char* g_edgeSrc = nullptr;
^
/root/cj_build/impl_relocation_receipt_queue4-mutant/src/runtime/src/Heap/Verify/NullRouteCaller.h:36:1: warning: inline variables are a C++17 extension [-Wc++17-extensions]
inline thread_local uintptr_t g_slot = 0;
^
/root/cj_build/impl_relocation_receipt_queue4-mutant/src/runtime/src/Heap/Verify/NullRouteCaller.h:37:1: warning: inline variables are a C++17 extension [-Wc++17-extensions]
inline thread_local void* g_host = nullptr;
^
In file included from /root/cj_build/impl_relocation_receipt_queue4-mutant/src/runtime/src/Heap/Collector/CollectorProxy.cpp:8:
In file included from /root/cj_build/impl_relocation_receipt_queue4-mutant/src/runtime/src/Heap/Collector/CollectorProxy.h:14:
In file included from /root/cj_build/impl_relocation_receipt_queue4-mutant/src/runtime/src/Heap/WCollector/WCollector.h:22:
In file included from /root/cj_build/impl_relocation_receipt_queue4-mutant/src/runtime/src/Heap/Allocator/RegionSpace.h:19:
In file included from /root/cj_build/impl_relocation_receipt_queue4-mutant/src/runtime/src/Heap/Allocator/Allocator.h:11:
In file included from /root/cj_build/impl_relocation_receipt_queue4-mutant/src/runtime/src/Heap/Allocator/AllocBufferManager.h:15:
In file included from /root/cj_build/impl_relocation_receipt_queue4-mutant/src/runtime/src/Heap/Allocator/AllocBuffer.h:16:
In file included from /root/cj_build/impl_relocation_receipt_queue4-mutant/src/runtime/src/Heap/Allocator/RegionList.h:11:
In file included from /root/cj_build/impl_relocation_receipt_queue4-mutant/src/runtime/src/Heap/Allocator/RegionInfo.h:52:
/root/cj_build/impl_relocation_receipt_queue4-mutant/src/runtime/src/Heap/Verify/MutatorRelocate.h:102:8: warning: constexpr if is a C++17 extension [-Wc++17-extensions]
    if constexpr (kWaitRegionPublish) {
       ^
In file included from /root/cj_build/impl_relocation_receipt_queue4-mutant/src/runtime/src/Heap/Collector/CollectorProxy.cpp:8:
In file included from /root/cj_build/impl_relocation_receipt_queue4-mutant/src/runtime/src/Heap/Collector/CollectorProxy.h:14:
In file included from /root/cj_build/impl_relocation_receipt_queue4-mutant/src/runtime/src/Heap/WCollector/WCollector.h:22:
In file included from /root/cj_build/impl_relocation_receipt_queue4-mutant/src/runtime/src/Heap/Allocator/RegionSpace.h:22:
In file included from /root/cj_build/impl_relocation_receipt_queue4-mutant/src/runtime/src/Heap/Allocator/RegionManager.h:25:
In file included from /root/cj_build/impl_relocation_receipt_queue4-mutant/src/runtime/src/Heap/Allocator/FreeRegionManager.h:15:
In file included from /root/cj_build/impl_relocation_receipt_queue4-mutant/src/runtime/src/Common/ScopedObjectAccess.h:11:
In file included from /root/cj_build/impl_relocation_receipt_queue4-mutant/src/runtime/src/Mutator/Mutator.inline.h:11:
In file included from /root/cj_build/impl_relocation_receipt_queue4-mutant/src/runtime/src/Mutator/MutatorManager.h:17:
/root/cj_build/impl_relocation_receipt_queue4-mutant/src/runtime/src/Base/GcLog.h:217:45: warning: format string is not a string literal [-Wformat-nonliteral]
        int n = vsnprintf(buf, sizeof(buf), format, args);
                                            ^~~~~~
In file included from /root/cj_build/impl_relocation_receipt_queue4-mutant/src/runtime/src/Heap/Collector/CollectorProxy.cpp:8:
In file included from /root/cj_build/impl_relocation_receipt_queue4-mutant/src/runtime/src/Heap/Collector/CollectorProxy.h:14:
In file included from /root/cj_build/impl_relocation_receipt_queue4-mutant/src/runtime/src/Heap/WCollector/WCollector.h:24:
In file included from /root/cj_build/impl_relocation_receipt_queue4-mutant/src/runtime/src/Heap/Collector/CopyCollector.h:13:
/root/cj_build/impl_relocation_receipt_queue4-mutant/src/runtime/src/Heap/Collector/TracingCollector.h:352:20: warning: unused variable 'objSize' [-Wunused-variable]
            size_t objSize = obj->GetSize();
                   ^
In file included from /root/cj_build/impl_relocation_receipt_queue4-mutant/src/runtime/src/Heap/Collector/CollectorProxy.cpp:8:
In file included from /root/cj_build/impl_relocation_receipt_queue4-mutant/src/runtime/src/Heap/Collector/CollectorProxy.h:14:
/root/cj_build/impl_relocation_receipt_queue4-mutant/src/runtime/src/Heap/WCollector/WCollector.h:425:12: warning: constexpr if is a C++17 extension [-Wc++17-extensions]
        if constexpr (ForwardingTable::kEntriesSoleWhenArmed) {
           ^
/root/cj_build/impl_relocation_receipt_queue4-mutant/src/runtime/src/Heap/WCollector/WCollector.h:450:12: warning: constexpr if is a C++17 extension [-Wc++17-extensions]
        if constexpr (ForwardingTable::kEntriesSoleWhenArmed) {
           ^
/root/cj_build/impl_relocation_receipt_queue4-mutant/src/runtime/src/Heap/WCollector/WCollector.h:357:20: warning: unused variable 'funnel' [-Wunused-variable]
        const bool funnel = RemapFunnelOn();
                   ^
/root/cj_build/impl_relocation_receipt_queue4-mutant/src/runtime/src/Heap/WCollector/WCollector.h:346:38: warning: unused variable 'routeNullCount' [-Wunused-variable]
        static std::atomic<uint64_t> routeNullCount{ 0 };
                                     ^
/root/cj_build/impl_relocation_receipt_queue4-mutant/src/runtime/src/Heap/WCollector/WCollector.h:349:38: warning: unused variable 'giveFromCount' [-Wunused-variable]
        static std::atomic<uint64_t> giveFromCount{ 0 };
                                     ^
/root/cj_build/impl_relocation_receipt_queue4-mutant/src/runtime/src/Heap/WCollector/WCollector.h:344:38: warning: unused variable 'nonHeapCount' [-Wunused-variable]
        static std::atomic<uint64_t> nonHeapCount{ 0 };
                                     ^
/root/cj_build/impl_relocation_receipt_queue4-mutant/src/runtime/src/Heap/WCollector/WCollector.h:347:38: warning: unused variable 'receiptCount' [-Wunused-variable]
        static std::atomic<uint64_t> receiptCount{ 0 };
                                     ^
/root/cj_build/impl_relocation_receipt_queue4-mutant/src/runtime/src/Heap/WCollector/WCollector.h:343:38: warning: unused variable 'callCount' [-Wunused-variable]
        static std::atomic<uint64_t> callCount{ 0 };
                                     ^
/root/cj_build/impl_relocation_receipt_queue4-mutant/src/runtime/src/Heap/WCollector/WCollector.h:348:38: warning: unused variable 'waitCount' [-Wunused-variable]
        static std::atomic<uint64_t> waitCount{ 0 };
                                     ^
/root/cj_build/impl_relocation_receipt_queue4-mutant/src/runtime/src/Heap/WCollector/WCollector.h:345:38: warning: unused variable 'noGhostCount' [-Wunused-variable]
        static std::atomic<uint64_t> noGhostCount{ 0 };
                                     ^
/root/cj_build/impl_relocation_receipt_queue4-mutant/src/runtime/src/Heap/WCollector/WCollector.h:622:12: warning: constexpr if is a C++17 extension [-Wc++17-extensions]
        if constexpr (ForwardingTable::kEntriesSoleWhenArmed) {
           ^
/root/cj_build/impl_relocation_receipt_queue4-mutant/src/runtime/src/Heap/WCollector/WCollector.h:677:12: warning: constexpr if is a C++17 extension [-Wc++17-extensions]
        if constexpr (ForwardingTable::kConsumeEntries) {
           ^
/root/cj_build/impl_relocation_receipt_queue4-mutant/src/runtime/src/Heap/WCollector/WCollector.h:682:16: warning: constexpr if is a C++17 extension [-Wc++17-extensions]
            if constexpr (ForwardingTable::kEntriesSoleWhenArmed) {
               ^
/root/cj_build/impl_relocation_receipt_queue4-mutant/src/runtime/src/Heap/WCollector/WCollector.h:713:12: warning: constexpr if is a C++17 extension [-Wc++17-extensions]
        if constexpr (ForwardingTable::kConsumeEntries) {
           ^
23 warnings generated.
[ 47%] Building CXX object src/Heap/Collector/CMakeFiles/Collector.dir/CollectorResources.cpp.o
In file included from /root/cj_build/impl_relocation_receipt_queue4-mutant/src/runtime/src/Heap/WCollector/TraceBarrier.cpp:9:
In file included from /root/cj_build/impl_relocation_receipt_queue4-mutant/src/runtime/src/Heap/Allocator/RegionSpace.h:19:
In file included from /root/cj_build/impl_relocation_receipt_queue4-mutant/src/runtime/src/Heap/Allocator/Allocator.h:11:
In file included from /root/cj_build/impl_relocation_receipt_queue4-mutant/src/runtime/src/Heap/Allocator/AllocBufferManager.h:15:
In file included from /root/cj_build/impl_relocation_receipt_queue4-mutant/src/runtime/src/Heap/Allocator/AllocBuffer.h:16:
In file included from /root/cj_build/impl_relocation_receipt_queue4-mutant/src/runtime/src/Heap/Allocator/RegionList.h:11:
In file included from /root/cj_build/impl_relocation_receipt_queue4-mutant/src/runtime/src/Heap/Allocator/RegionInfo.h:41:
/root/cj_build/impl_relocation_receipt_queue4-mutant/src/runtime/src/Heap/Verify/AllocPhaseDiag.h:57:1: warning: inline variables are a C++17 extension [-Wc++17-extensions]
inline Slot g_table[kCap] = {};
^
/root/cj_build/impl_relocation_receipt_queue4-mutant/src/runtime/src/Heap/Verify/AllocPhaseDiag.h:58:1: warning: inline variables are a C++17 extension [-Wc++17-extensions]
inline NearEntry g_near[kNearCap] = {};
^
In file included from /root/cj_build/impl_relocation_receipt_queue4-mutant/src/runtime/src/Heap/WCollector/TraceBarrier.cpp:9:
In file included from /root/cj_build/impl_relocation_receipt_queue4-mutant/src/runtime/src/Heap/Allocator/RegionSpace.h:19:
In file included from /root/cj_build/impl_relocation_receipt_queue4-mutant/src/runtime/src/Heap/Allocator/Allocator.h:11:
In file included from /root/cj_build/impl_relocation_receipt_queue4-mutant/src/runtime/src/Heap/Allocator/AllocBufferManager.h:15:
In file included from /root/cj_build/impl_relocation_receipt_queue4-mutant/src/runtime/src/Heap/Allocator/AllocBuffer.h:16:
In file included from /root/cj_build/impl_relocation_receipt_queue4-mutant/src/runtime/src/Heap/Allocator/RegionList.h:11:
In file included from /root/cj_build/impl_relocation_receipt_queue4-mutant/src/runtime/src/Heap/Allocator/RegionInfo.h:43:
/root/cj_build/impl_relocation_receipt_queue4-mutant/src/runtime/src/Heap/Verify/NullRouteCaller.h:34:1: warning: inline variables are a C++17 extension [-Wc++17-extensions]
inline thread_local const char* g_tag = nullptr;
^
/root/cj_build/impl_relocation_receipt_queue4-mutant/src/runtime/src/Heap/Verify/NullRouteCaller.h:35:1: warning: inline variables are a C++17 extension [-Wc++17-extensions]
inline thread_local const char* g_edgeSrc = nullptr;
^
/root/cj_build/impl_relocation_receipt_queue4-mutant/src/runtime/src/Heap/Verify/NullRouteCaller.h:36:1: warning: inline variables are a C++17 extension [-Wc++17-extensions]
inline thread_local uintptr_t g_slot = 0;
^
/root/cj_build/impl_relocation_receipt_queue4-mutant/src/runtime/src/Heap/Verify/NullRouteCaller.h:37:1: warning: inline variables are a C++17 extension [-Wc++17-extensions]
inline thread_local void* g_host = nullptr;
^
In file included from /root/cj_build/impl_relocation_receipt_queue4-mutant/src/runtime/src/Heap/WCollector/TraceBarrier.cpp:9:
In file included from /root/cj_build/impl_relocation_receipt_queue4-mutant/src/runtime/src/Heap/Allocator/RegionSpace.h:19:
In file included from /root/cj_build/impl_relocation_receipt_queue4-mutant/src/runtime/src/Heap/Allocator/Allocator.h:11:
In file included from /root/cj_build/impl_relocation_receipt_queue4-mutant/src/runtime/src/Heap/Allocator/AllocBufferManager.h:15:
In file included from /root/cj_build/impl_relocation_receipt_queue4-mutant/src/runtime/src/Heap/Allocator/AllocBuffer.h:16:
In file included from /root/cj_build/impl_relocation_receipt_queue4-mutant/src/runtime/src/Heap/Allocator/RegionList.h:11:
In file included from /root/cj_build/impl_relocation_receipt_queue4-mutant/src/runtime/src/Heap/Allocator/RegionInfo.h:52:
/root/cj_build/impl_relocation_receipt_queue4-mutant/src/runtime/src/Heap/Verify/MutatorRelocate.h:102:8: warning: constexpr if is a C++17 extension [-Wc++17-extensions]
    if constexpr (kWaitRegionPublish) {
       ^
In file included from /root/cj_build/impl_relocation_receipt_queue4-mutant/src/runtime/src/Heap/WCollector/TraceBarrier.cpp:9:
In file included from /root/cj_build/impl_relocation_receipt_queue4-mutant/src/runtime/src/Heap/Allocator/RegionSpace.h:22:
In file included from /root/cj_build/impl_relocation_receipt_queue4-mutant/src/runtime/src/Heap/Allocator/RegionManager.h:25:
In file included from /root/cj_build/impl_relocation_receipt_queue4-mutant/src/runtime/src/Heap/Allocator/FreeRegionManager.h:15:
In file included from /root/cj_build/impl_relocation_receipt_queue4-mutant/src/runtime/src/Common/ScopedObjectAccess.h:11:
In file included from /root/cj_build/impl_relocation_receipt_queue4-mutant/src/runtime/src/Mutator/Mutator.inline.h:11:
In file included from /root/cj_build/impl_relocation_receipt_queue4-mutant/src/runtime/src/Mutator/MutatorManager.h:17:
/root/cj_build/impl_relocation_receipt_queue4-mutant/src/runtime/src/Base/GcLog.h:217:45: warning: format string is not a string literal [-Wformat-nonliteral]
        int n = vsnprintf(buf, sizeof(buf), format, args);
                                            ^~~~~~
In file included from /root/cj_build/impl_relocation_receipt_queue4-mutant/src/runtime/src/Heap/WCollector/TraceBarrier.cpp:13:
In file included from /root/cj_build/impl_relocation_receipt_queue4-mutant/src/runtime/src/Heap/Collector/CopyCollector.h:13:
/root/cj_build/impl_relocation_receipt_queue4-mutant/src/runtime/src/Heap/Collector/TracingCollector.h:352:20: warning: unused variable 'objSize' [-Wunused-variable]
            size_t objSize = obj->GetSize();
                   ^
9 warnings generated.
[ 47%] Building CXX object src/Heap/WCollector/CMakeFiles/WCollector.dir/PreforwardBarrier.cpp.o
In file included from /root/cj_build/impl_relocation_receipt_queue4-mutant/src/runtime/src/Heap/Verify/MarkCompleteVerify.cpp:19:
In file included from /root/cj_build/impl_relocation_receipt_queue4-mutant/src/runtime/src/Heap/Allocator/RegionInfo.h:41:
/root/cj_build/impl_relocation_receipt_queue4-mutant/src/runtime/src/Heap/Verify/AllocPhaseDiag.h:57:1: warning: inline variables are a C++17 extension [-Wc++17-extensions]
inline Slot g_table[kCap] = {};
^
/root/cj_build/impl_relocation_receipt_queue4-mutant/src/runtime/src/Heap/Verify/AllocPhaseDiag.h:58:1: warning: inline variables are a C++17 extension [-Wc++17-extensions]
inline NearEntry g_near[kNearCap] = {};
^
In file included from /root/cj_build/impl_relocation_receipt_queue4-mutant/src/runtime/src/Heap/Verify/MarkCompleteVerify.cpp:19:
In file included from /root/cj_build/impl_relocation_receipt_queue4-mutant/src/runtime/src/Heap/Allocator/RegionInfo.h:43:
/root/cj_build/impl_relocation_receipt_queue4-mutant/src/runtime/src/Heap/Verify/NullRouteCaller.h:34:1: warning: inline variables are a C++17 extension [-Wc++17-extensions]
inline thread_local const char* g_tag = nullptr;
^
/root/cj_build/impl_relocation_receipt_queue4-mutant/src/runtime/src/Heap/Verify/NullRouteCaller.h:35:1: warning: inline variables are a C++17 extension [-Wc++17-extensions]
inline thread_local const char* g_edgeSrc = nullptr;
^
/root/cj_build/impl_relocation_receipt_queue4-mutant/src/runtime/src/Heap/Verify/NullRouteCaller.h:36:1: warning: inline variables are a C++17 extension [-Wc++17-extensions]
inline thread_local uintptr_t g_slot = 0;
^
/root/cj_build/impl_relocation_receipt_queue4-mutant/src/runtime/src/Heap/Verify/NullRouteCaller.h:37:1: warning: inline variables are a C++17 extension [-Wc++17-extensions]
inline thread_local void* g_host = nullptr;
^
In file included from /root/cj_build/impl_relocation_receipt_queue4-mutant/src/runtime/src/Heap/Verify/MarkCompleteVerify.cpp:19:
In file included from /root/cj_build/impl_relocation_receipt_queue4-mutant/src/runtime/src/Heap/Allocator/RegionInfo.h:52:
/root/cj_build/impl_relocation_receipt_queue4-mutant/src/runtime/src/Heap/Verify/MutatorRelocate.h:102:8: warning: constexpr if is a C++17 extension [-Wc++17-extensions]
    if constexpr (kWaitRegionPublish) {
       ^
In file included from /root/cj_build/impl_relocation_receipt_queue4-mutant/src/runtime/src/Heap/Verify/MarkCompleteVerify.cpp:20:
In file included from /root/cj_build/impl_relocation_receipt_queue4-mutant/src/runtime/src/Heap/Allocator/RegionSpace.h:22:
In file included from /root/cj_build/impl_relocation_receipt_queue4-mutant/src/runtime/src/Heap/Allocator/RegionManager.h:25:
In file included from /root/cj_build/impl_relocation_receipt_queue4-mutant/src/runtime/src/Heap/Allocator/FreeRegionManager.h:15:
In file included from /root/cj_build/impl_relocation_receipt_queue4-mutant/src/runtime/src/Common/ScopedObjectAccess.h:11:
In file included from /root/cj_build/impl_relocation_receipt_queue4-mutant/src/runtime/src/Mutator/Mutator.inline.h:11:
In file included from /root/cj_build/impl_relocation_receipt_queue4-mutant/src/runtime/src/Mutator/MutatorManager.h:17:
/root/cj_build/impl_relocation_receipt_queue4-mutant/src/runtime/src/Base/GcLog.h:217:45: warning: format string is not a string literal [-Wformat-nonliteral]
        int n = vsnprintf(buf, sizeof(buf), format, args);
                                            ^~~~~~
8 warnings generated.
[ 47%] Building CXX object src/Heap/Verify/CMakeFiles/Verify.dir/SurvNodeDiag.cpp.o
In file included from /root/cj_build/impl_relocation_receipt_queue4-mutant/src/runtime/src/Heap/Allocator/RegionSpace.cpp:8:
In file included from /root/cj_build/impl_relocation_receipt_queue4-mutant/src/runtime/src/Heap/Allocator/RegionSpace.h:19:
In file included from /root/cj_build/impl_relocation_receipt_queue4-mutant/src/runtime/src/Heap/Allocator/Allocator.h:11:
In file included from /root/cj_build/impl_relocation_receipt_queue4-mutant/src/runtime/src/Heap/Allocator/AllocBufferManager.h:15:
In file included from /root/cj_build/impl_relocation_receipt_queue4-mutant/src/runtime/src/Heap/Allocator/AllocBuffer.h:16:
In file included from /root/cj_build/impl_relocation_receipt_queue4-mutant/src/runtime/src/Heap/Allocator/RegionList.h:11:
In file included from /root/cj_build/impl_relocation_receipt_queue4-mutant/src/runtime/src/Heap/Allocator/RegionInfo.h:41:
/root/cj_build/impl_relocation_receipt_queue4-mutant/src/runtime/src/Heap/Verify/AllocPhaseDiag.h:57:1: warning: inline variables are a C++17 extension [-Wc++17-extensions]
inline Slot g_table[kCap] = {};
^
/root/cj_build/impl_relocation_receipt_queue4-mutant/src/runtime/src/Heap/Verify/AllocPhaseDiag.h:58:1: warning: inline variables are a C++17 extension [-Wc++17-extensions]
inline NearEntry g_near[kNearCap] = {};
^
In file included from /root/cj_build/impl_relocation_receipt_queue4-mutant/src/runtime/src/Heap/Allocator/RegionSpace.cpp:8:
In file included from /root/cj_build/impl_relocation_receipt_queue4-mutant/src/runtime/src/Heap/Allocator/RegionSpace.h:19:
In file included from /root/cj_build/impl_relocation_receipt_queue4-mutant/src/runtime/src/Heap/Allocator/Allocator.h:11:
In file included from /root/cj_build/impl_relocation_receipt_queue4-mutant/src/runtime/src/Heap/Allocator/AllocBufferManager.h:15:
In file included from /root/cj_build/impl_relocation_receipt_queue4-mutant/src/runtime/src/Heap/Allocator/AllocBuffer.h:16:
In file included from /root/cj_build/impl_relocation_receipt_queue4-mutant/src/runtime/src/Heap/Allocator/RegionList.h:11:
In file included from /root/cj_build/impl_relocation_receipt_queue4-mutant/src/runtime/src/Heap/Allocator/RegionInfo.h:43:
/root/cj_build/impl_relocation_receipt_queue4-mutant/src/runtime/src/Heap/Verify/NullRouteCaller.h:34:1: warning: inline variables are a C++17 extension [-Wc++17-extensions]
inline thread_local const char* g_tag = nullptr;
^
/root/cj_build/impl_relocation_receipt_queue4-mutant/src/runtime/src/Heap/Verify/NullRouteCaller.h:35:1: warning: inline variables are a C++17 extension [-Wc++17-extensions]
inline thread_local const char* g_edgeSrc = nullptr;
^
/root/cj_build/impl_relocation_receipt_queue4-mutant/src/runtime/src/Heap/Verify/NullRouteCaller.h:36:1: warning: inline variables are a C++17 extension [-Wc++17-extensions]
inline thread_local uintptr_t g_slot = 0;
^
/root/cj_build/impl_relocation_receipt_queue4-mutant/src/runtime/src/Heap/Verify/NullRouteCaller.h:37:1: warning: inline variables are a C++17 extension [-Wc++17-extensions]
inline thread_local void* g_host = nullptr;
^
In file included from /root/cj_build/impl_relocation_receipt_queue4-mutant/src/runtime/src/Heap/Allocator/RegionSpace.cpp:8:
In file included from /root/cj_build/impl_relocation_receipt_queue4-mutant/src/runtime/src/Heap/Allocator/RegionSpace.h:19:
In file included from /root/cj_build/impl_relocation_receipt_queue4-mutant/src/runtime/src/Heap/Allocator/Allocator.h:11:
In file included from /root/cj_build/impl_relocation_receipt_queue4-mutant/src/runtime/src/Heap/Allocator/AllocBufferManager.h:15:
In file included from /root/cj_build/impl_relocation_receipt_queue4-mutant/src/runtime/src/Heap/Allocator/AllocBuffer.h:16:
In file included from /root/cj_build/impl_relocation_receipt_queue4-mutant/src/runtime/src/Heap/Allocator/RegionList.h:11:
In file included from /root/cj_build/impl_relocation_receipt_queue4-mutant/src/runtime/src/Heap/Allocator/RegionInfo.h:52:
/root/cj_build/impl_relocation_receipt_queue4-mutant/src/runtime/src/Heap/Verify/MutatorRelocate.h:102:8: warning: constexpr if is a C++17 extension [-Wc++17-extensions]
    if constexpr (kWaitRegionPublish) {
       ^
In file included from /root/cj_build/impl_relocation_receipt_queue4-mutant/src/runtime/src/Heap/Allocator/RegionSpace.cpp:8:
In file included from /root/cj_build/impl_relocation_receipt_queue4-mutant/src/runtime/src/Heap/Allocator/RegionSpace.h:22:
In file included from /root/cj_build/impl_relocation_receipt_queue4-mutant/src/runtime/src/Heap/Allocator/RegionManager.h:25:
In file included from /root/cj_build/impl_relocation_receipt_queue4-mutant/src/runtime/src/Heap/Allocator/FreeRegionManager.h:15:
In file included from /root/cj_build/impl_relocation_receipt_queue4-mutant/src/runtime/src/Common/ScopedObjectAccess.h:11:
In file included from /root/cj_build/impl_relocation_receipt_queue4-mutant/src/runtime/src/Mutator/Mutator.inline.h:11:
In file included from /root/cj_build/impl_relocation_receipt_queue4-mutant/src/runtime/src/Mutator/MutatorManager.h:17:
/root/cj_build/impl_relocation_receipt_queue4-mutant/src/runtime/src/Base/GcLog.h:217:45: warning: format string is not a string literal [-Wformat-nonliteral]
        int n = vsnprintf(buf, sizeof(buf), format, args);
                                            ^~~~~~
8 warnings generated.
[ 47%] Building CXX object src/Heap/Allocator/CMakeFiles/Allocator.dir/RegionManager.cpp.o
In file included from /root/cj_build/impl_relocation_receipt_queue4-mutant/src/runtime/src/UnwindStack/StackInfo.cpp:13:
In file included from /root/cj_build/impl_relocation_receipt_queue4-mutant/src/runtime/src/UnwindStack/../Heap/Collector/TracingCollector.h:17:
In file included from /root/cj_build/impl_relocation_receipt_queue4-mutant/src/runtime/src/Heap/Allocator/RegionSpace.h:19:
In file included from /root/cj_build/impl_relocation_receipt_queue4-mutant/src/runtime/src/Heap/Allocator/Allocator.h:11:
In file included from /root/cj_build/impl_relocation_receipt_queue4-mutant/src/runtime/src/Heap/Allocator/AllocBufferManager.h:15:
In file included from /root/cj_build/impl_relocation_receipt_queue4-mutant/src/runtime/src/Heap/Allocator/AllocBuffer.h:16:
In file included from /root/cj_build/impl_relocation_receipt_queue4-mutant/src/runtime/src/Heap/Allocator/RegionList.h:11:
In file included from /root/cj_build/impl_relocation_receipt_queue4-mutant/src/runtime/src/Heap/Allocator/RegionInfo.h:41:
/root/cj_build/impl_relocation_receipt_queue4-mutant/src/runtime/src/Heap/Verify/AllocPhaseDiag.h:57:1: warning: inline variables are a C++17 extension [-Wc++17-extensions]
inline Slot g_table[kCap] = {};
^
/root/cj_build/impl_relocation_receipt_queue4-mutant/src/runtime/src/Heap/Verify/AllocPhaseDiag.h:58:1: warning: inline variables are a C++17 extension [-Wc++17-extensions]
inline NearEntry g_near[kNearCap] = {};
^
In file included from /root/cj_build/impl_relocation_receipt_queue4-mutant/src/runtime/src/UnwindStack/StackInfo.cpp:13:
In file included from /root/cj_build/impl_relocation_receipt_queue4-mutant/src/runtime/src/UnwindStack/../Heap/Collector/TracingCollector.h:17:
In file included from /root/cj_build/impl_relocation_receipt_queue4-mutant/src/runtime/src/Heap/Allocator/RegionSpace.h:19:
In file included from /root/cj_build/impl_relocation_receipt_queue4-mutant/src/runtime/src/Heap/Allocator/Allocator.h:11:
In file included from /root/cj_build/impl_relocation_receipt_queue4-mutant/src/runtime/src/Heap/Allocator/AllocBufferManager.h:15:
In file included from /root/cj_build/impl_relocation_receipt_queue4-mutant/src/runtime/src/Heap/Allocator/AllocBuffer.h:16:
In file included from /root/cj_build/impl_relocation_receipt_queue4-mutant/src/runtime/src/Heap/Allocator/RegionList.h:11:
In file included from /root/cj_build/impl_relocation_receipt_queue4-mutant/src/runtime/src/Heap/Allocator/RegionInfo.h:43:
/root/cj_build/impl_relocation_receipt_queue4-mutant/src/runtime/src/Heap/Verify/NullRouteCaller.h:34:1: warning: inline variables are a C++17 extension [-Wc++17-extensions]
inline thread_local const char* g_tag = nullptr;
^
/root/cj_build/impl_relocation_receipt_queue4-mutant/src/runtime/src/Heap/Verify/NullRouteCaller.h:35:1: warning: inline variables are a C++17 extension [-Wc++17-extensions]
inline thread_local const char* g_edgeSrc = nullptr;
^
/root/cj_build/impl_relocation_receipt_queue4-mutant/src/runtime/src/Heap/Verify/NullRouteCaller.h:36:1: warning: inline variables are a C++17 extension [-Wc++17-extensions]
inline thread_local uintptr_t g_slot = 0;
^
/root/cj_build/impl_relocation_receipt_queue4-mutant/src/runtime/src/Heap/Verify/NullRouteCaller.h:37:1: warning: inline variables are a C++17 extension [-Wc++17-extensions]
inline thread_local void* g_host = nullptr;
^
In file included from /root/cj_build/impl_relocation_receipt_queue4-mutant/src/runtime/src/UnwindStack/StackInfo.cpp:13:
In file included from /root/cj_build/impl_relocation_receipt_queue4-mutant/src/runtime/src/UnwindStack/../Heap/Collector/TracingCollector.h:17:
In file included from /root/cj_build/impl_relocation_receipt_queue4-mutant/src/runtime/src/Heap/Allocator/RegionSpace.h:19:
In file included from /root/cj_build/impl_relocation_receipt_queue4-mutant/src/runtime/src/Heap/Allocator/Allocator.h:11:
In file included from /root/cj_build/impl_relocation_receipt_queue4-mutant/src/runtime/src/Heap/Allocator/AllocBufferManager.h:15:
In file included from /root/cj_build/impl_relocation_receipt_queue4-mutant/src/runtime/src/Heap/Allocator/AllocBuffer.h:16:
In file included from /root/cj_build/impl_relocation_receipt_queue4-mutant/src/runtime/src/Heap/Allocator/RegionList.h:11:
In file included from /root/cj_build/impl_relocation_receipt_queue4-mutant/src/runtime/src/Heap/Allocator/RegionInfo.h:52:
/root/cj_build/impl_relocation_receipt_queue4-mutant/src/runtime/src/Heap/Verify/MutatorRelocate.h:102:8: warning: constexpr if is a C++17 extension [-Wc++17-extensions]
    if constexpr (kWaitRegionPublish) {
       ^
In file included from /root/cj_build/impl_relocation_receipt_queue4-mutant/src/runtime/src/UnwindStack/StackInfo.cpp:13:
In file included from /root/cj_build/impl_relocation_receipt_queue4-mutant/src/runtime/src/UnwindStack/../Heap/Collector/TracingCollector.h:17:
In file included from /root/cj_build/impl_relocation_receipt_queue4-mutant/src/runtime/src/Heap/Allocator/RegionSpace.h:22:
In file included from /root/cj_build/impl_relocation_receipt_queue4-mutant/src/runtime/src/Heap/Allocator/RegionManager.h:25:
In file included from /root/cj_build/impl_relocation_receipt_queue4-mutant/src/runtime/src/Heap/Allocator/FreeRegionManager.h:15:
In file included from /root/cj_build/impl_relocation_receipt_queue4-mutant/src/runtime/src/Common/ScopedObjectAccess.h:11:
In file included from /root/cj_build/impl_relocation_receipt_queue4-mutant/src/runtime/src/Mutator/Mutator.inline.h:11:
In file included from /root/cj_build/impl_relocation_receipt_queue4-mutant/src/runtime/src/Mutator/MutatorManager.h:17:
/root/cj_build/impl_relocation_receipt_queue4-mutant/src/runtime/src/Base/GcLog.h:217:45: warning: format string is not a string literal [-Wformat-nonliteral]
        int n = vsnprintf(buf, sizeof(buf), format, args);
                                            ^~~~~~
In file included from /root/cj_build/impl_relocation_receipt_queue4-mutant/src/runtime/src/UnwindStack/StackInfo.cpp:13:
/root/cj_build/impl_relocation_receipt_queue4-mutant/src/runtime/src/UnwindStack/../Heap/Collector/TracingCollector.h:352:20: warning: unused variable 'objSize' [-Wunused-variable]
            size_t objSize = obj->GetSize();
                   ^
9 warnings generated.
[ 47%] Building CXX object src/UnwindStack/CMakeFiles/UnwindStack.dir/GcStackInfo.cpp.o
In file included from /root/cj_build/impl_relocation_receipt_queue4-mutant/src/runtime/src/Mutator/Mutator.cpp:15:
In file included from /root/cj_build/impl_relocation_receipt_queue4-mutant/src/runtime/src/Mutator/../Heap/Collector/CopyCollector.h:11:
In file included from /root/cj_build/impl_relocation_receipt_queue4-mutant/src/runtime/src/Mutator/../Heap/Allocator/RegionSpace.h:19:
In file included from /root/cj_build/impl_relocation_receipt_queue4-mutant/src/runtime/src/Mutator/../Heap/Allocator/Allocator.h:11:
In file included from /root/cj_build/impl_relocation_receipt_queue4-mutant/src/runtime/src/Mutator/../Heap/Allocator/AllocBufferManager.h:15:
In file included from /root/cj_build/impl_relocation_receipt_queue4-mutant/src/runtime/src/Mutator/../Heap/Allocator/AllocBuffer.h:16:
In file included from /root/cj_build/impl_relocation_receipt_queue4-mutant/src/runtime/src/Mutator/../Heap/Allocator/RegionList.h:11:
In file included from /root/cj_build/impl_relocation_receipt_queue4-mutant/src/runtime/src/Mutator/../Heap/Allocator/RegionInfo.h:41:
/root/cj_build/impl_relocation_receipt_queue4-mutant/src/runtime/src/Heap/Verify/AllocPhaseDiag.h:57:1: warning: inline variables are a C++17 extension [-Wc++17-extensions]
inline Slot g_table[kCap] = {};
^
/root/cj_build/impl_relocation_receipt_queue4-mutant/src/runtime/src/Heap/Verify/AllocPhaseDiag.h:58:1: warning: inline variables are a C++17 extension [-Wc++17-extensions]
inline NearEntry g_near[kNearCap] = {};
^
In file included from /root/cj_build/impl_relocation_receipt_queue4-mutant/src/runtime/src/Mutator/Mutator.cpp:15:
In file included from /root/cj_build/impl_relocation_receipt_queue4-mutant/src/runtime/src/Mutator/../Heap/Collector/CopyCollector.h:11:
In file included from /root/cj_build/impl_relocation_receipt_queue4-mutant/src/runtime/src/Mutator/../Heap/Allocator/RegionSpace.h:19:
In file included from /root/cj_build/impl_relocation_receipt_queue4-mutant/src/runtime/src/Mutator/../Heap/Allocator/Allocator.h:11:
In file included from /root/cj_build/impl_relocation_receipt_queue4-mutant/src/runtime/src/Mutator/../Heap/Allocator/AllocBufferManager.h:15:
In file included from /root/cj_build/impl_relocation_receipt_queue4-mutant/src/runtime/src/Mutator/../Heap/Allocator/AllocBuffer.h:16:
In file included from /root/cj_build/impl_relocation_receipt_queue4-mutant/src/runtime/src/Mutator/../Heap/Allocator/RegionList.h:11:
In file included from /root/cj_build/impl_relocation_receipt_queue4-mutant/src/runtime/src/Mutator/../Heap/Allocator/RegionInfo.h:43:
/root/cj_build/impl_relocation_receipt_queue4-mutant/src/runtime/src/Heap/Verify/NullRouteCaller.h:34:1: warning: inline variables are a C++17 extension [-Wc++17-extensions]
inline thread_local const char* g_tag = nullptr;
^
/root/cj_build/impl_relocation_receipt_queue4-mutant/src/runtime/src/Heap/Verify/NullRouteCaller.h:35:1: warning: inline variables are a C++17 extension [-Wc++17-extensions]
inline thread_local const char* g_edgeSrc = nullptr;
^
/root/cj_build/impl_relocation_receipt_queue4-mutant/src/runtime/src/Heap/Verify/NullRouteCaller.h:36:1: warning: inline variables are a C++17 extension [-Wc++17-extensions]
inline thread_local uintptr_t g_slot = 0;
^
/root/cj_build/impl_relocation_receipt_queue4-mutant/src/runtime/src/Heap/Verify/NullRouteCaller.h:37:1: warning: inline variables are a C++17 extension [-Wc++17-extensions]
inline thread_local void* g_host = nullptr;
^
In file included from /root/cj_build/impl_relocation_receipt_queue4-mutant/src/runtime/src/Mutator/Mutator.cpp:15:
In file included from /root/cj_build/impl_relocation_receipt_queue4-mutant/src/runtime/src/Mutator/../Heap/Collector/CopyCollector.h:11:
In file included from /root/cj_build/impl_relocation_receipt_queue4-mutant/src/runtime/src/Mutator/../Heap/Allocator/RegionSpace.h:19:
In file included from /root/cj_build/impl_relocation_receipt_queue4-mutant/src/runtime/src/Mutator/../Heap/Allocator/Allocator.h:11:
In file included from /root/cj_build/impl_relocation_receipt_queue4-mutant/src/runtime/src/Mutator/../Heap/Allocator/AllocBufferManager.h:15:
In file included from /root/cj_build/impl_relocation_receipt_queue4-mutant/src/runtime/src/Mutator/../Heap/Allocator/AllocBuffer.h:16:
In file included from /root/cj_build/impl_relocation_receipt_queue4-mutant/src/runtime/src/Mutator/../Heap/Allocator/RegionList.h:11:
In file included from /root/cj_build/impl_relocation_receipt_queue4-mutant/src/runtime/src/Mutator/../Heap/Allocator/RegionInfo.h:52:
/root/cj_build/impl_relocation_receipt_queue4-mutant/src/runtime/src/Heap/Verify/MutatorRelocate.h:102:8: warning: constexpr if is a C++17 extension [-Wc++17-extensions]
    if constexpr (kWaitRegionPublish) {
       ^
In file included from /root/cj_build/impl_relocation_receipt_queue4-mutant/src/runtime/src/Mutator/Mutator.cpp:15:
In file included from /root/cj_build/impl_relocation_receipt_queue4-mutant/src/runtime/src/Mutator/../Heap/Collector/CopyCollector.h:11:
In file included from /root/cj_build/impl_relocation_receipt_queue4-mutant/src/runtime/src/Mutator/../Heap/Allocator/RegionSpace.h:22:
In file included from /root/cj_build/impl_relocation_receipt_queue4-mutant/src/runtime/src/Mutator/../Heap/Allocator/RegionManager.h:25:
In file included from /root/cj_build/impl_relocation_receipt_queue4-mutant/src/runtime/src/Mutator/../Heap/Allocator/FreeRegionManager.h:15:
In file included from /root/cj_build/impl_relocation_receipt_queue4-mutant/src/runtime/src/Common/ScopedObjectAccess.h:11:
In file included from /root/cj_build/impl_relocation_receipt_queue4-mutant/src/runtime/src/Mutator/Mutator.inline.h:11:
In file included from /root/cj_build/impl_relocation_receipt_queue4-mutant/src/runtime/src/Mutator/MutatorManager.h:17:
/root/cj_build/impl_relocation_receipt_queue4-mutant/src/runtime/src/Base/GcLog.h:217:45: warning: format string is not a string literal [-Wformat-nonliteral]
        int n = vsnprintf(buf, sizeof(buf), format, args);
                                            ^~~~~~
In file included from /root/cj_build/impl_relocation_receipt_queue4-mutant/src/runtime/src/Mutator/Mutator.cpp:15:
In file included from /root/cj_build/impl_relocation_receipt_queue4-mutant/src/runtime/src/Mutator/../Heap/Collector/CopyCollector.h:13:
/root/cj_build/impl_relocation_receipt_queue4-mutant/src/runtime/src/Mutator/../Heap/Collector/TracingCollector.h:352:20: warning: unused variable 'objSize' [-Wunused-variable]
            size_t objSize = obj->GetSize();
                   ^
In file included from /root/cj_build/impl_relocation_receipt_queue4-mutant/src/runtime/src/Mutator/Mutator.cpp:23:
/root/cj_build/impl_relocation_receipt_queue4-mutant/src/runtime/src/Heap/WCollector/WCollector.h:425:12: warning: constexpr if is a C++17 extension [-Wc++17-extensions]
        if constexpr (ForwardingTable::kEntriesSoleWhenArmed) {
           ^
/root/cj_build/impl_relocation_receipt_queue4-mutant/src/runtime/src/Heap/WCollector/WCollector.h:450:12: warning: constexpr if is a C++17 extension [-Wc++17-extensions]
        if constexpr (ForwardingTable::kEntriesSoleWhenArmed) {
           ^
/root/cj_build/impl_relocation_receipt_queue4-mutant/src/runtime/src/Heap/WCollector/WCollector.h:357:20: warning: unused variable 'funnel' [-Wunused-variable]
        const bool funnel = RemapFunnelOn();
                   ^
/root/cj_build/impl_relocation_receipt_queue4-mutant/src/runtime/src/Heap/WCollector/WCollector.h:346:38: warning: unused variable 'routeNullCount' [-Wunused-variable]
        static std::atomic<uint64_t> routeNullCount{ 0 };
                                     ^
/root/cj_build/impl_relocation_receipt_queue4-mutant/src/runtime/src/Heap/WCollector/WCollector.h:349:38: warning: unused variable 'giveFromCount' [-Wunused-variable]
        static std::atomic<uint64_t> giveFromCount{ 0 };
                                     ^
/root/cj_build/impl_relocation_receipt_queue4-mutant/src/runtime/src/Heap/WCollector/WCollector.h:344:38: warning: unused variable 'nonHeapCount' [-Wunused-variable]
        static std::atomic<uint64_t> nonHeapCount{ 0 };
                                     ^
/root/cj_build/impl_relocation_receipt_queue4-mutant/src/runtime/src/Heap/WCollector/WCollector.h:347:38: warning: unused variable 'receiptCount' [-Wunused-variable]
        static std::atomic<uint64_t> receiptCount{ 0 };
                                     ^
/root/cj_build/impl_relocation_receipt_queue4-mutant/src/runtime/src/Heap/WCollector/WCollector.h:343:38: warning: unused variable 'callCount' [-Wunused-variable]
        static std::atomic<uint64_t> callCount{ 0 };
                                     ^
/root/cj_build/impl_relocation_receipt_queue4-mutant/src/runtime/src/Heap/WCollector/WCollector.h:348:38: warning: unused variable 'waitCount' [-Wunused-variable]
        static std::atomic<uint64_t> waitCount{ 0 };
                                     ^
/root/cj_build/impl_relocation_receipt_queue4-mutant/src/runtime/src/Heap/WCollector/WCollector.h:345:38: warning: unused variable 'noGhostCount' [-Wunused-variable]
        static std::atomic<uint64_t> noGhostCount{ 0 };
                                     ^
/root/cj_build/impl_relocation_receipt_queue4-mutant/src/runtime/src/Heap/WCollector/WCollector.h:622:12: warning: constexpr if is a C++17 extension [-Wc++17-extensions]
        if constexpr (ForwardingTable::kEntriesSoleWhenArmed) {
           ^
/root/cj_build/impl_relocation_receipt_queue4-mutant/src/runtime/src/Heap/WCollector/WCollector.h:677:12: warning: constexpr if is a C++17 extension [-Wc++17-extensions]
        if constexpr (ForwardingTable::kConsumeEntries) {
           ^
/root/cj_build/impl_relocation_receipt_queue4-mutant/src/runtime/src/Heap/WCollector/WCollector.h:682:16: warning: constexpr if is a C++17 extension [-Wc++17-extensions]
            if constexpr (ForwardingTable::kEntriesSoleWhenArmed) {
               ^
/root/cj_build/impl_relocation_receipt_queue4-mutant/src/runtime/src/Heap/WCollector/WCollector.h:713:12: warning: constexpr if is a C++17 extension [-Wc++17-extensions]
        if constexpr (ForwardingTable::kConsumeEntries) {
           ^
/root/cj_build/impl_relocation_receipt_queue4-mutant/src/runtime/src/Mutator/Mutator.cpp:796:20: warning: decomposition declarations are a C++17 extension [-Wc++17-extensions]
        for (auto& [oldDerivedSlot, oldBase, offset] : derivedSlots) {
                   ^~~~~~~~~~~~~~~~~~~~~~~~~~~~~~~~~
24 warnings generated.
[ 47%] Building CXX object src/Mutator/CMakeFiles/Mutator.dir/SatbBuffer.cpp.o
HEAL_SLOT_GUARD PASS direct_calls=1 escaped=0 enum_sites=72 explicit_uses=87 other=0
[ 47%] Built target check_heal_slot_writes
[ 48%] Built target Sync
In file included from /root/cj_build/impl_relocation_receipt_queue4-mutant/src/runtime/src/Heap/Barrier/Barrier.cpp:10:
In file included from /root/cj_build/impl_relocation_receipt_queue4-mutant/src/runtime/src/Heap/Allocator/AllocBuffer.h:16:
In file included from /root/cj_build/impl_relocation_receipt_queue4-mutant/src/runtime/src/Heap/Allocator/RegionList.h:11:
In file included from /root/cj_build/impl_relocation_receipt_queue4-mutant/src/runtime/src/Heap/Allocator/RegionInfo.h:41:
/root/cj_build/impl_relocation_receipt_queue4-mutant/src/runtime/src/Heap/Verify/AllocPhaseDiag.h:57:1: warning: inline variables are a C++17 extension [-Wc++17-extensions]
inline Slot g_table[kCap] = {};
^
/root/cj_build/impl_relocation_receipt_queue4-mutant/src/runtime/src/Heap/Verify/AllocPhaseDiag.h:58:1: warning: inline variables are a C++17 extension [-Wc++17-extensions]
inline NearEntry g_near[kNearCap] = {};
^
In file included from /root/cj_build/impl_relocation_receipt_queue4-mutant/src/runtime/src/Heap/Barrier/Barrier.cpp:10:
In file included from /root/cj_build/impl_relocation_receipt_queue4-mutant/src/runtime/src/Heap/Allocator/AllocBuffer.h:16:
In file included from /root/cj_build/impl_relocation_receipt_queue4-mutant/src/runtime/src/Heap/Allocator/RegionList.h:11:
In file included from /root/cj_build/impl_relocation_receipt_queue4-mutant/src/runtime/src/Heap/Allocator/RegionInfo.h:43:
/root/cj_build/impl_relocation_receipt_queue4-mutant/src/runtime/src/Heap/Verify/NullRouteCaller.h:34:1: warning: inline variables are a C++17 extension [-Wc++17-extensions]
inline thread_local const char* g_tag = nullptr;
^
/root/cj_build/impl_relocation_receipt_queue4-mutant/src/runtime/src/Heap/Verify/NullRouteCaller.h:35:1: warning: inline variables are a C++17 extension [-Wc++17-extensions]
inline thread_local const char* g_edgeSrc = nullptr;
^
/root/cj_build/impl_relocation_receipt_queue4-mutant/src/runtime/src/Heap/Verify/NullRouteCaller.h:36:1: warning: inline variables are a C++17 extension [-Wc++17-extensions]
inline thread_local uintptr_t g_slot = 0;
^
/root/cj_build/impl_relocation_receipt_queue4-mutant/src/runtime/src/Heap/Verify/NullRouteCaller.h:37:1: warning: inline variables are a C++17 extension [-Wc++17-extensions]
inline thread_local void* g_host = nullptr;
^
In file included from /root/cj_build/impl_relocation_receipt_queue4-mutant/src/runtime/src/Heap/Barrier/Barrier.cpp:10:
In file included from /root/cj_build/impl_relocation_receipt_queue4-mutant/src/runtime/src/Heap/Allocator/AllocBuffer.h:16:
In file included from /root/cj_build/impl_relocation_receipt_queue4-mutant/src/runtime/src/Heap/Allocator/RegionList.h:11:
In file included from /root/cj_build/impl_relocation_receipt_queue4-mutant/src/runtime/src/Heap/Allocator/RegionInfo.h:52:
/root/cj_build/impl_relocation_receipt_queue4-mutant/src/runtime/src/Heap/Verify/MutatorRelocate.h:102:8: warning: constexpr if is a C++17 extension [-Wc++17-extensions]
    if constexpr (kWaitRegionPublish) {
       ^
In file included from /root/cj_build/impl_relocation_receipt_queue4-mutant/src/runtime/src/Heap/Barrier/Barrier.cpp:14:
In file included from /root/cj_build/impl_relocation_receipt_queue4-mutant/src/runtime/src/Heap/Allocator/RegionSpace.h:22:
In file included from /root/cj_build/impl_relocation_receipt_queue4-mutant/src/runtime/src/Heap/Allocator/RegionManager.h:25:
In file included from /root/cj_build/impl_relocation_receipt_queue4-mutant/src/runtime/src/Heap/Allocator/FreeRegionManager.h:15:
In file included from /root/cj_build/impl_relocation_receipt_queue4-mutant/src/runtime/src/Common/ScopedObjectAccess.h:11:
In file included from /root/cj_build/impl_relocation_receipt_queue4-mutant/src/runtime/src/Mutator/Mutator.inline.h:11:
In file included from /root/cj_build/impl_relocation_receipt_queue4-mutant/src/runtime/src/Mutator/MutatorManager.h:17:
/root/cj_build/impl_relocation_receipt_queue4-mutant/src/runtime/src/Base/GcLog.h:217:45: warning: format string is not a string literal [-Wformat-nonliteral]
        int n = vsnprintf(buf, sizeof(buf), format, args);
                                            ^~~~~~
/root/cj_build/impl_relocation_receipt_queue4-mutant/src/runtime/src/Heap/Barrier/Barrier.cpp:219:8: warning: constexpr if is a C++17 extension [-Wc++17-extensions]
    if constexpr (!kW1GhostFromStoreProbe) {
       ^
/root/cj_build/impl_relocation_receipt_queue4-mutant/src/runtime/src/Heap/Barrier/Barrier.cpp:248:8: warning: constexpr if is a C++17 extension [-Wc++17-extensions]
    if constexpr (!kW1GhostFromStoreProbe) {
       ^
10 warnings generated.
[ 49%] Built target CpuProfiler
[ 49%] Linking CXX static library ../../../../output/temp/ar/x86_64_Release/libBarrier.a
[ 50%] Built target Interpreter
[ 51%] Built target Signal
[ 51%] Built target Sanitizer
[ 52%] Building CXX object src/UnwindStack/CMakeFiles/UnwindStack.dir/StackFrameCursor.cpp.o
[ 54%] Built target Barrier
[ 54%] Building CXX object src/UnwindStack/CMakeFiles/UnwindStack.dir/StackGrowStackInfo.cpp.o
In file included from /root/cj_build/impl_relocation_receipt_queue4-mutant/src/runtime/src/Heap/Collector/CollectorResources.cpp:19:
In file included from /root/cj_build/impl_relocation_receipt_queue4-mutant/src/runtime/src/Heap/Collector/CollectorProxy.h:14:
In file included from /root/cj_build/impl_relocation_receipt_queue4-mutant/src/runtime/src/Heap/WCollector/WCollector.h:22:
In file included from /root/cj_build/impl_relocation_receipt_queue4-mutant/src/runtime/src/Heap/Allocator/RegionSpace.h:19:
In file included from /root/cj_build/impl_relocation_receipt_queue4-mutant/src/runtime/src/Heap/Allocator/Allocator.h:11:
In file included from /root/cj_build/impl_relocation_receipt_queue4-mutant/src/runtime/src/Heap/Allocator/AllocBufferManager.h:15:
In file included from /root/cj_build/impl_relocation_receipt_queue4-mutant/src/runtime/src/Heap/Allocator/AllocBuffer.h:16:
In file included from /root/cj_build/impl_relocation_receipt_queue4-mutant/src/runtime/src/Heap/Allocator/RegionList.h:11:
In file included from /root/cj_build/impl_relocation_receipt_queue4-mutant/src/runtime/src/Heap/Allocator/RegionInfo.h:41:
/root/cj_build/impl_relocation_receipt_queue4-mutant/src/runtime/src/Heap/Verify/AllocPhaseDiag.h:57:1: warning: inline variables are a C++17 extension [-Wc++17-extensions]
inline Slot g_table[kCap] = {};
^
/root/cj_build/impl_relocation_receipt_queue4-mutant/src/runtime/src/Heap/Verify/AllocPhaseDiag.h:58:1: warning: inline variables are a C++17 extension [-Wc++17-extensions]
inline NearEntry g_near[kNearCap] = {};
^
In file included from /root/cj_build/impl_relocation_receipt_queue4-mutant/src/runtime/src/Heap/Collector/CollectorResources.cpp:19:
In file included from /root/cj_build/impl_relocation_receipt_queue4-mutant/src/runtime/src/Heap/Collector/CollectorProxy.h:14:
In file included from /root/cj_build/impl_relocation_receipt_queue4-mutant/src/runtime/src/Heap/WCollector/WCollector.h:22:
In file included from /root/cj_build/impl_relocation_receipt_queue4-mutant/src/runtime/src/Heap/Allocator/RegionSpace.h:19:
In file included from /root/cj_build/impl_relocation_receipt_queue4-mutant/src/runtime/src/Heap/Allocator/Allocator.h:11:
In file included from /root/cj_build/impl_relocation_receipt_queue4-mutant/src/runtime/src/Heap/Allocator/AllocBufferManager.h:15:
In file included from /root/cj_build/impl_relocation_receipt_queue4-mutant/src/runtime/src/Heap/Allocator/AllocBuffer.h:16:
In file included from /root/cj_build/impl_relocation_receipt_queue4-mutant/src/runtime/src/Heap/Allocator/RegionList.h:11:
In file included from /root/cj_build/impl_relocation_receipt_queue4-mutant/src/runtime/src/Heap/Allocator/RegionInfo.h:43:
/root/cj_build/impl_relocation_receipt_queue4-mutant/src/runtime/src/Heap/Verify/NullRouteCaller.h:34:1: warning: inline variables are a C++17 extension [-Wc++17-extensions]
inline thread_local const char* g_tag = nullptr;
^
/root/cj_build/impl_relocation_receipt_queue4-mutant/src/runtime/src/Heap/Verify/NullRouteCaller.h:35:1: warning: inline variables are a C++17 extension [-Wc++17-extensions]
inline thread_local const char* g_edgeSrc = nullptr;
^
/root/cj_build/impl_relocation_receipt_queue4-mutant/src/runtime/src/Heap/Verify/NullRouteCaller.h:36:1: warning: inline variables are a C++17 extension [-Wc++17-extensions]
inline thread_local uintptr_t g_slot = 0;
^
/root/cj_build/impl_relocation_receipt_queue4-mutant/src/runtime/src/Heap/Verify/NullRouteCaller.h:37:1: warning: inline variables are a C++17 extension [-Wc++17-extensions]
inline thread_local void* g_host = nullptr;
^
In file included from /root/cj_build/impl_relocation_receipt_queue4-mutant/src/runtime/src/Heap/Collector/CollectorResources.cpp:19:
In file included from /root/cj_build/impl_relocation_receipt_queue4-mutant/src/runtime/src/Heap/Collector/CollectorProxy.h:14:
In file included from /root/cj_build/impl_relocation_receipt_queue4-mutant/src/runtime/src/Heap/WCollector/WCollector.h:22:
In file included from /root/cj_build/impl_relocation_receipt_queue4-mutant/src/runtime/src/Heap/Allocator/RegionSpace.h:19:
In file included from /root/cj_build/impl_relocation_receipt_queue4-mutant/src/runtime/src/Heap/Allocator/Allocator.h:11:
In file included from /root/cj_build/impl_relocation_receipt_queue4-mutant/src/runtime/src/Heap/Allocator/AllocBufferManager.h:15:
In file included from /root/cj_build/impl_relocation_receipt_queue4-mutant/src/runtime/src/Heap/Allocator/AllocBuffer.h:16:
In file included from /root/cj_build/impl_relocation_receipt_queue4-mutant/src/runtime/src/Heap/Allocator/RegionList.h:11:
In file included from /root/cj_build/impl_relocation_receipt_queue4-mutant/src/runtime/src/Heap/Allocator/RegionInfo.h:52:
/root/cj_build/impl_relocation_receipt_queue4-mutant/src/runtime/src/Heap/Verify/MutatorRelocate.h:102:8: warning: constexpr if is a C++17 extension [-Wc++17-extensions]
    if constexpr (kWaitRegionPublish) {
       ^
In file included from /root/cj_build/impl_relocation_receipt_queue4-mutant/src/runtime/src/Heap/Collector/CollectorResources.cpp:19:
In file included from /root/cj_build/impl_relocation_receipt_queue4-mutant/src/runtime/src/Heap/Collector/CollectorProxy.h:14:
In file included from /root/cj_build/impl_relocation_receipt_queue4-mutant/src/runtime/src/Heap/WCollector/WCollector.h:22:
In file included from /root/cj_build/impl_relocation_receipt_queue4-mutant/src/runtime/src/Heap/Allocator/RegionSpace.h:22:
In file included from /root/cj_build/impl_relocation_receipt_queue4-mutant/src/runtime/src/Heap/Allocator/RegionManager.h:25:
In file included from /root/cj_build/impl_relocation_receipt_queue4-mutant/src/runtime/src/Heap/Allocator/FreeRegionManager.h:15:
In file included from /root/cj_build/impl_relocation_receipt_queue4-mutant/src/runtime/src/Common/ScopedObjectAccess.h:11:
In file included from /root/cj_build/impl_relocation_receipt_queue4-mutant/src/runtime/src/Mutator/Mutator.inline.h:11:
In file included from /root/cj_build/impl_relocation_receipt_queue4-mutant/src/runtime/src/Mutator/MutatorManager.h:17:
/root/cj_build/impl_relocation_receipt_queue4-mutant/src/runtime/src/Base/GcLog.h:217:45: warning: format string is not a string literal [-Wformat-nonliteral]
        int n = vsnprintf(buf, sizeof(buf), format, args);
                                            ^~~~~~
In file included from /root/cj_build/impl_relocation_receipt_queue4-mutant/src/runtime/src/Heap/Collector/CollectorResources.cpp:19:
In file included from /root/cj_build/impl_relocation_receipt_queue4-mutant/src/runtime/src/Heap/Collector/CollectorProxy.h:14:
In file included from /root/cj_build/impl_relocation_receipt_queue4-mutant/src/runtime/src/Heap/WCollector/WCollector.h:24:
In file included from /root/cj_build/impl_relocation_receipt_queue4-mutant/src/runtime/src/Heap/Collector/CopyCollector.h:13:
/root/cj_build/impl_relocation_receipt_queue4-mutant/src/runtime/src/Heap/Collector/TracingCollector.h:352:20: warning: unused variable 'objSize' [-Wunused-variable]
            size_t objSize = obj->GetSize();
                   ^
In file included from /root/cj_build/impl_relocation_receipt_queue4-mutant/src/runtime/src/Heap/Collector/CollectorResources.cpp:19:
In file included from /root/cj_build/impl_relocation_receipt_queue4-mutant/src/runtime/src/Heap/Collector/CollectorProxy.h:14:
/root/cj_build/impl_relocation_receipt_queue4-mutant/src/runtime/src/Heap/WCollector/WCollector.h:425:12: warning: constexpr if is a C++17 extension [-Wc++17-extensions]
        if constexpr (ForwardingTable::kEntriesSoleWhenArmed) {
           ^
/root/cj_build/impl_relocation_receipt_queue4-mutant/src/runtime/src/Heap/WCollector/WCollector.h:450:12: warning: constexpr if is a C++17 extension [-Wc++17-extensions]
        if constexpr (ForwardingTable::kEntriesSoleWhenArmed) {
           ^
/root/cj_build/impl_relocation_receipt_queue4-mutant/src/runtime/src/Heap/WCollector/WCollector.h:357:20: warning: unused variable 'funnel' [-Wunused-variable]
        const bool funnel = RemapFunnelOn();
                   ^
/root/cj_build/impl_relocation_receipt_queue4-mutant/src/runtime/src/Heap/WCollector/WCollector.h:345:38: warning: unused variable 'noGhostCount' [-Wunused-variable]
        static std::atomic<uint64_t> noGhostCount{ 0 };
                                     ^
/root/cj_build/impl_relocation_receipt_queue4-mutant/src/runtime/src/Heap/WCollector/WCollector.h:349:38: warning: unused variable 'giveFromCount' [-Wunused-variable]
        static std::atomic<uint64_t> giveFromCount{ 0 };
                                     ^
/root/cj_build/impl_relocation_receipt_queue4-mutant/src/runtime/src/Heap/WCollector/WCollector.h:343:38: warning: unused variable 'callCount' [-Wunused-variable]
        static std::atomic<uint64_t> callCount{ 0 };
                                     ^
/root/cj_build/impl_relocation_receipt_queue4-mutant/src/runtime/src/Heap/WCollector/WCollector.h:348:38: warning: unused variable 'waitCount' [-Wunused-variable]
        static std::atomic<uint64_t> waitCount{ 0 };
                                     ^
/root/cj_build/impl_relocation_receipt_queue4-mutant/src/runtime/src/Heap/WCollector/WCollector.h:346:38: warning: unused variable 'routeNullCount' [-Wunused-variable]
        static std::atomic<uint64_t> routeNullCount{ 0 };
                                     ^
/root/cj_build/impl_relocation_receipt_queue4-mutant/src/runtime/src/Heap/WCollector/WCollector.h:344:38: warning: unused variable 'nonHeapCount' [-Wunused-variable]
        static std::atomic<uint64_t> nonHeapCount{ 0 };
                                     ^
/root/cj_build/impl_relocation_receipt_queue4-mutant/src/runtime/src/Heap/WCollector/WCollector.h:347:38: warning: unused variable 'receiptCount' [-Wunused-variable]
        static std::atomic<uint64_t> receiptCount{ 0 };
                                     ^
/root/cj_build/impl_relocation_receipt_queue4-mutant/src/runtime/src/Heap/WCollector/WCollector.h:622:12: warning: constexpr if is a C++17 extension [-Wc++17-extensions]
        if constexpr (ForwardingTable::kEntriesSoleWhenArmed) {
           ^
/root/cj_build/impl_relocation_receipt_queue4-mutant/src/runtime/src/Heap/WCollector/WCollector.h:677:12: warning: constexpr if is a C++17 extension [-Wc++17-extensions]
        if constexpr (ForwardingTable::kConsumeEntries) {
           ^
/root/cj_build/impl_relocation_receipt_queue4-mutant/src/runtime/src/Heap/WCollector/WCollector.h:682:16: warning: constexpr if is a C++17 extension [-Wc++17-extensions]
            if constexpr (ForwardingTable::kEntriesSoleWhenArmed) {
               ^
/root/cj_build/impl_relocation_receipt_queue4-mutant/src/runtime/src/Heap/WCollector/WCollector.h:713:12: warning: constexpr if is a C++17 extension [-Wc++17-extensions]
        if constexpr (ForwardingTable::kConsumeEntries) {
           ^
23 warnings generated.
[ 55%] Building CXX object src/Heap/Collector/CMakeFiles/Collector.dir/TracingCollector.cpp.o
In file included from /root/cj_build/impl_relocation_receipt_queue4-mutant/src/runtime/src/Heap/WCollector/PreforwardBarrier.cpp:8:
In file included from /root/cj_build/impl_relocation_receipt_queue4-mutant/src/runtime/src/Heap/WCollector/PreforwardBarrier.h:11:
In file included from /root/cj_build/impl_relocation_receipt_queue4-mutant/src/runtime/src/Heap/Allocator/RegionSpace.h:19:
In file included from /root/cj_build/impl_relocation_receipt_queue4-mutant/src/runtime/src/Heap/Allocator/Allocator.h:11:
In file included from /root/cj_build/impl_relocation_receipt_queue4-mutant/src/runtime/src/Heap/Allocator/AllocBufferManager.h:15:
In file included from /root/cj_build/impl_relocation_receipt_queue4-mutant/src/runtime/src/Heap/Allocator/AllocBuffer.h:16:
In file included from /root/cj_build/impl_relocation_receipt_queue4-mutant/src/runtime/src/Heap/Allocator/RegionList.h:11:
In file included from /root/cj_build/impl_relocation_receipt_queue4-mutant/src/runtime/src/Heap/Allocator/RegionInfo.h:41:
/root/cj_build/impl_relocation_receipt_queue4-mutant/src/runtime/src/Heap/Verify/AllocPhaseDiag.h:57:1: warning: inline variables are a C++17 extension [-Wc++17-extensions]
inline Slot g_table[kCap] = {};
^
/root/cj_build/impl_relocation_receipt_queue4-mutant/src/runtime/src/Heap/Verify/AllocPhaseDiag.h:58:1: warning: inline variables are a C++17 extension [-Wc++17-extensions]
inline NearEntry g_near[kNearCap] = {};
^
In file included from /root/cj_build/impl_relocation_receipt_queue4-mutant/src/runtime/src/Heap/WCollector/PreforwardBarrier.cpp:8:
In file included from /root/cj_build/impl_relocation_receipt_queue4-mutant/src/runtime/src/Heap/WCollector/PreforwardBarrier.h:11:
In file included from /root/cj_build/impl_relocation_receipt_queue4-mutant/src/runtime/src/Heap/Allocator/RegionSpace.h:19:
In file included from /root/cj_build/impl_relocation_receipt_queue4-mutant/src/runtime/src/Heap/Allocator/Allocator.h:11:
In file included from /root/cj_build/impl_relocation_receipt_queue4-mutant/src/runtime/src/Heap/Allocator/AllocBufferManager.h:15:
In file included from /root/cj_build/impl_relocation_receipt_queue4-mutant/src/runtime/src/Heap/Allocator/AllocBuffer.h:16:
In file included from /root/cj_build/impl_relocation_receipt_queue4-mutant/src/runtime/src/Heap/Allocator/RegionList.h:11:
In file included from /root/cj_build/impl_relocation_receipt_queue4-mutant/src/runtime/src/Heap/Allocator/RegionInfo.h:43:
/root/cj_build/impl_relocation_receipt_queue4-mutant/src/runtime/src/Heap/Verify/NullRouteCaller.h:34:1: warning: inline variables are a C++17 extension [-Wc++17-extensions]
inline thread_local const char* g_tag = nullptr;
^
/root/cj_build/impl_relocation_receipt_queue4-mutant/src/runtime/src/Heap/Verify/NullRouteCaller.h:35:1: warning: inline variables are a C++17 extension [-Wc++17-extensions]
inline thread_local const char* g_edgeSrc = nullptr;
^
/root/cj_build/impl_relocation_receipt_queue4-mutant/src/runtime/src/Heap/Verify/NullRouteCaller.h:36:1: warning: inline variables are a C++17 extension [-Wc++17-extensions]
inline thread_local uintptr_t g_slot = 0;
^
/root/cj_build/impl_relocation_receipt_queue4-mutant/src/runtime/src/Heap/Verify/NullRouteCaller.h:37:1: warning: inline variables are a C++17 extension [-Wc++17-extensions]
inline thread_local void* g_host = nullptr;
^
In file included from /root/cj_build/impl_relocation_receipt_queue4-mutant/src/runtime/src/Heap/WCollector/PreforwardBarrier.cpp:8:
In file included from /root/cj_build/impl_relocation_receipt_queue4-mutant/src/runtime/src/Heap/WCollector/PreforwardBarrier.h:11:
In file included from /root/cj_build/impl_relocation_receipt_queue4-mutant/src/runtime/src/Heap/Allocator/RegionSpace.h:19:
In file included from /root/cj_build/impl_relocation_receipt_queue4-mutant/src/runtime/src/Heap/Allocator/Allocator.h:11:
In file included from /root/cj_build/impl_relocation_receipt_queue4-mutant/src/runtime/src/Heap/Allocator/AllocBufferManager.h:15:
In file included from /root/cj_build/impl_relocation_receipt_queue4-mutant/src/runtime/src/Heap/Allocator/AllocBuffer.h:16:
In file included from /root/cj_build/impl_relocation_receipt_queue4-mutant/src/runtime/src/Heap/Allocator/RegionList.h:11:
In file included from /root/cj_build/impl_relocation_receipt_queue4-mutant/src/runtime/src/Heap/Allocator/RegionInfo.h:52:
/root/cj_build/impl_relocation_receipt_queue4-mutant/src/runtime/src/Heap/Verify/MutatorRelocate.h:102:8: warning: constexpr if is a C++17 extension [-Wc++17-extensions]
    if constexpr (kWaitRegionPublish) {
       ^
In file included from /root/cj_build/impl_relocation_receipt_queue4-mutant/src/runtime/src/Heap/WCollector/PreforwardBarrier.cpp:8:
In file included from /root/cj_build/impl_relocation_receipt_queue4-mutant/src/runtime/src/Heap/WCollector/PreforwardBarrier.h:11:
In file included from /root/cj_build/impl_relocation_receipt_queue4-mutant/src/runtime/src/Heap/Allocator/RegionSpace.h:22:
In file included from /root/cj_build/impl_relocation_receipt_queue4-mutant/src/runtime/src/Heap/Allocator/RegionManager.h:25:
In file included from /root/cj_build/impl_relocation_receipt_queue4-mutant/src/runtime/src/Heap/Allocator/FreeRegionManager.h:15:
In file included from /root/cj_build/impl_relocation_receipt_queue4-mutant/src/runtime/src/Common/ScopedObjectAccess.h:11:
In file included from /root/cj_build/impl_relocation_receipt_queue4-mutant/src/runtime/src/Mutator/Mutator.inline.h:11:
In file included from /root/cj_build/impl_relocation_receipt_queue4-mutant/src/runtime/src/Mutator/MutatorManager.h:17:
/root/cj_build/impl_relocation_receipt_queue4-mutant/src/runtime/src/Base/GcLog.h:217:45: warning: format string is not a string literal [-Wformat-nonliteral]
        int n = vsnprintf(buf, sizeof(buf), format, args);
                                            ^~~~~~
8 warnings generated.
[ 55%] Building CXX object src/Heap/WCollector/CMakeFiles/WCollector.dir/WCollector.cpp.o
In file included from /root/cj_build/impl_relocation_receipt_queue4-mutant/src/runtime/src/UnwindStack/GcStackInfo.cpp:11:
In file included from /root/cj_build/impl_relocation_receipt_queue4-mutant/src/runtime/src/UnwindStack/../Heap/Collector/TracingCollector.h:17:
In file included from /root/cj_build/impl_relocation_receipt_queue4-mutant/src/runtime/src/Heap/Allocator/RegionSpace.h:19:
In file included from /root/cj_build/impl_relocation_receipt_queue4-mutant/src/runtime/src/Heap/Allocator/Allocator.h:11:
In file included from /root/cj_build/impl_relocation_receipt_queue4-mutant/src/runtime/src/Heap/Allocator/AllocBufferManager.h:15:
In file included from /root/cj_build/impl_relocation_receipt_queue4-mutant/src/runtime/src/Heap/Allocator/AllocBuffer.h:16:
In file included from /root/cj_build/impl_relocation_receipt_queue4-mutant/src/runtime/src/Heap/Allocator/RegionList.h:11:
In file included from /root/cj_build/impl_relocation_receipt_queue4-mutant/src/runtime/src/Heap/Allocator/RegionInfo.h:41:
/root/cj_build/impl_relocation_receipt_queue4-mutant/src/runtime/src/Heap/Verify/AllocPhaseDiag.h:57:1: warning: inline variables are a C++17 extension [-Wc++17-extensions]
inline Slot g_table[kCap] = {};
^
/root/cj_build/impl_relocation_receipt_queue4-mutant/src/runtime/src/Heap/Verify/AllocPhaseDiag.h:58:1: warning: inline variables are a C++17 extension [-Wc++17-extensions]
inline NearEntry g_near[kNearCap] = {};
^
In file included from /root/cj_build/impl_relocation_receipt_queue4-mutant/src/runtime/src/UnwindStack/GcStackInfo.cpp:11:
In file included from /root/cj_build/impl_relocation_receipt_queue4-mutant/src/runtime/src/UnwindStack/../Heap/Collector/TracingCollector.h:17:
In file included from /root/cj_build/impl_relocation_receipt_queue4-mutant/src/runtime/src/Heap/Allocator/RegionSpace.h:19:
In file included from /root/cj_build/impl_relocation_receipt_queue4-mutant/src/runtime/src/Heap/Allocator/Allocator.h:11:
In file included from /root/cj_build/impl_relocation_receipt_queue4-mutant/src/runtime/src/Heap/Allocator/AllocBufferManager.h:15:
In file included from /root/cj_build/impl_relocation_receipt_queue4-mutant/src/runtime/src/Heap/Allocator/AllocBuffer.h:16:
In file included from /root/cj_build/impl_relocation_receipt_queue4-mutant/src/runtime/src/Heap/Allocator/RegionList.h:11:
In file included from /root/cj_build/impl_relocation_receipt_queue4-mutant/src/runtime/src/Heap/Allocator/RegionInfo.h:43:
/root/cj_build/impl_relocation_receipt_queue4-mutant/src/runtime/src/Heap/Verify/NullRouteCaller.h:34:1: warning: inline variables are a C++17 extension [-Wc++17-extensions]
inline thread_local const char* g_tag = nullptr;
^
/root/cj_build/impl_relocation_receipt_queue4-mutant/src/runtime/src/Heap/Verify/NullRouteCaller.h:35:1: warning: inline variables are a C++17 extension [-Wc++17-extensions]
inline thread_local const char* g_edgeSrc = nullptr;
^
/root/cj_build/impl_relocation_receipt_queue4-mutant/src/runtime/src/Heap/Verify/NullRouteCaller.h:36:1: warning: inline variables are a C++17 extension [-Wc++17-extensions]
inline thread_local uintptr_t g_slot = 0;
^
/root/cj_build/impl_relocation_receipt_queue4-mutant/src/runtime/src/Heap/Verify/NullRouteCaller.h:37:1: warning: inline variables are a C++17 extension [-Wc++17-extensions]
inline thread_local void* g_host = nullptr;
^
In file included from /root/cj_build/impl_relocation_receipt_queue4-mutant/src/runtime/src/UnwindStack/GcStackInfo.cpp:11:
In file included from /root/cj_build/impl_relocation_receipt_queue4-mutant/src/runtime/src/UnwindStack/../Heap/Collector/TracingCollector.h:17:
In file included from /root/cj_build/impl_relocation_receipt_queue4-mutant/src/runtime/src/Heap/Allocator/RegionSpace.h:19:
In file included from /root/cj_build/impl_relocation_receipt_queue4-mutant/src/runtime/src/Heap/Allocator/Allocator.h:11:
In file included from /root/cj_build/impl_relocation_receipt_queue4-mutant/src/runtime/src/Heap/Allocator/AllocBufferManager.h:15:
In file included from /root/cj_build/impl_relocation_receipt_queue4-mutant/src/runtime/src/Heap/Allocator/AllocBuffer.h:16:
In file included from /root/cj_build/impl_relocation_receipt_queue4-mutant/src/runtime/src/Heap/Allocator/RegionList.h:11:
In file included from /root/cj_build/impl_relocation_receipt_queue4-mutant/src/runtime/src/Heap/Allocator/RegionInfo.h:52:
/root/cj_build/impl_relocation_receipt_queue4-mutant/src/runtime/src/Heap/Verify/MutatorRelocate.h:102:8: warning: constexpr if is a C++17 extension [-Wc++17-extensions]
    if constexpr (kWaitRegionPublish) {
       ^
In file included from /root/cj_build/impl_relocation_receipt_queue4-mutant/src/runtime/src/UnwindStack/GcStackInfo.cpp:11:
In file included from /root/cj_build/impl_relocation_receipt_queue4-mutant/src/runtime/src/UnwindStack/../Heap/Collector/TracingCollector.h:17:
In file included from /root/cj_build/impl_relocation_receipt_queue4-mutant/src/runtime/src/Heap/Allocator/RegionSpace.h:22:
In file included from /root/cj_build/impl_relocation_receipt_queue4-mutant/src/runtime/src/Heap/Allocator/RegionManager.h:25:
In file included from /root/cj_build/impl_relocation_receipt_queue4-mutant/src/runtime/src/Heap/Allocator/FreeRegionManager.h:15:
In file included from /root/cj_build/impl_relocation_receipt_queue4-mutant/src/runtime/src/Common/ScopedObjectAccess.h:11:
In file included from /root/cj_build/impl_relocation_receipt_queue4-mutant/src/runtime/src/Mutator/Mutator.inline.h:11:
In file included from /root/cj_build/impl_relocation_receipt_queue4-mutant/src/runtime/src/Mutator/MutatorManager.h:17:
/root/cj_build/impl_relocation_receipt_queue4-mutant/src/runtime/src/Base/GcLog.h:217:45: warning: format string is not a string literal [-Wformat-nonliteral]
        int n = vsnprintf(buf, sizeof(buf), format, args);
                                            ^~~~~~
In file included from /root/cj_build/impl_relocation_receipt_queue4-mutant/src/runtime/src/UnwindStack/GcStackInfo.cpp:11:
/root/cj_build/impl_relocation_receipt_queue4-mutant/src/runtime/src/UnwindStack/../Heap/Collector/TracingCollector.h:352:20: warning: unused variable 'objSize' [-Wunused-variable]
            size_t objSize = obj->GetSize();
                   ^
9 warnings generated.
[ 56%] Building CXX object src/Heap/WCollector/CMakeFiles/WCollector.dir/__/Collector/Generation.cpp.o
In file included from /root/cj_build/impl_relocation_receipt_queue4-mutant/src/runtime/src/Mutator/SatbBuffer.cpp:8:
In file included from /root/cj_build/impl_relocation_receipt_queue4-mutant/src/runtime/src/Mutator/SatbBuffer.h:14:
In file included from /root/cj_build/impl_relocation_receipt_queue4-mutant/src/runtime/src/Heap/Allocator/RegionInfo.h:41:
/root/cj_build/impl_relocation_receipt_queue4-mutant/src/runtime/src/Heap/Verify/AllocPhaseDiag.h:57:1: warning: inline variables are a C++17 extension [-Wc++17-extensions]
inline Slot g_table[kCap] = {};
^
/root/cj_build/impl_relocation_receipt_queue4-mutant/src/runtime/src/Heap/Verify/AllocPhaseDiag.h:58:1: warning: inline variables are a C++17 extension [-Wc++17-extensions]
inline NearEntry g_near[kNearCap] = {};
^
In file included from /root/cj_build/impl_relocation_receipt_queue4-mutant/src/runtime/src/Mutator/SatbBuffer.cpp:8:
In file included from /root/cj_build/impl_relocation_receipt_queue4-mutant/src/runtime/src/Mutator/SatbBuffer.h:14:
In file included from /root/cj_build/impl_relocation_receipt_queue4-mutant/src/runtime/src/Heap/Allocator/RegionInfo.h:43:
/root/cj_build/impl_relocation_receipt_queue4-mutant/src/runtime/src/Heap/Verify/NullRouteCaller.h:34:1: warning: inline variables are a C++17 extension [-Wc++17-extensions]
inline thread_local const char* g_tag = nullptr;
^
/root/cj_build/impl_relocation_receipt_queue4-mutant/src/runtime/src/Heap/Verify/NullRouteCaller.h:35:1: warning: inline variables are a C++17 extension [-Wc++17-extensions]
inline thread_local const char* g_edgeSrc = nullptr;
^
/root/cj_build/impl_relocation_receipt_queue4-mutant/src/runtime/src/Heap/Verify/NullRouteCaller.h:36:1: warning: inline variables are a C++17 extension [-Wc++17-extensions]
inline thread_local uintptr_t g_slot = 0;
^
/root/cj_build/impl_relocation_receipt_queue4-mutant/src/runtime/src/Heap/Verify/NullRouteCaller.h:37:1: warning: inline variables are a C++17 extension [-Wc++17-extensions]
inline thread_local void* g_host = nullptr;
^
In file included from /root/cj_build/impl_relocation_receipt_queue4-mutant/src/runtime/src/Mutator/SatbBuffer.cpp:8:
In file included from /root/cj_build/impl_relocation_receipt_queue4-mutant/src/runtime/src/Mutator/SatbBuffer.h:14:
In file included from /root/cj_build/impl_relocation_receipt_queue4-mutant/src/runtime/src/Heap/Allocator/RegionInfo.h:52:
/root/cj_build/impl_relocation_receipt_queue4-mutant/src/runtime/src/Heap/Verify/MutatorRelocate.h:102:8: warning: constexpr if is a C++17 extension [-Wc++17-extensions]
    if constexpr (kWaitRegionPublish) {
       ^
In file included from /root/cj_build/impl_relocation_receipt_queue4-mutant/src/runtime/src/Mutator/SatbBuffer.cpp:11:
In file included from /root/cj_build/impl_relocation_receipt_queue4-mutant/src/runtime/src/Heap/Allocator/RegionSpace.h:22:
In file included from /root/cj_build/impl_relocation_receipt_queue4-mutant/src/runtime/src/Heap/Allocator/RegionManager.h:25:
In file included from /root/cj_build/impl_relocation_receipt_queue4-mutant/src/runtime/src/Heap/Allocator/FreeRegionManager.h:15:
In file included from /root/cj_build/impl_relocation_receipt_queue4-mutant/src/runtime/src/Common/ScopedObjectAccess.h:11:
In file included from /root/cj_build/impl_relocation_receipt_queue4-mutant/src/runtime/src/Mutator/Mutator.inline.h:11:
In file included from /root/cj_build/impl_relocation_receipt_queue4-mutant/src/runtime/src/Mutator/MutatorManager.h:17:
/root/cj_build/impl_relocation_receipt_queue4-mutant/src/runtime/src/Base/GcLog.h:217:45: warning: format string is not a string literal [-Wformat-nonliteral]
        int n = vsnprintf(buf, sizeof(buf), format, args);
                                            ^~~~~~
8 warnings generated.
[ 57%] Building CXX object src/Mutator/CMakeFiles/Mutator.dir/MutatorManager.cpp.o
In file included from /root/cj_build/impl_relocation_receipt_queue4-mutant/src/runtime/src/UnwindStack/StackFrameCursor.cpp:9:
In file included from /root/cj_build/impl_relocation_receipt_queue4-mutant/src/runtime/src/UnwindStack/../Heap/Collector/TracingCollector.h:17:
In file included from /root/cj_build/impl_relocation_receipt_queue4-mutant/src/runtime/src/Heap/Allocator/RegionSpace.h:19:
In file included from /root/cj_build/impl_relocation_receipt_queue4-mutant/src/runtime/src/Heap/Allocator/Allocator.h:11:
In file included from /root/cj_build/impl_relocation_receipt_queue4-mutant/src/runtime/src/Heap/Allocator/AllocBufferManager.h:15:
In file included from /root/cj_build/impl_relocation_receipt_queue4-mutant/src/runtime/src/Heap/Allocator/AllocBuffer.h:16:
In file included from /root/cj_build/impl_relocation_receipt_queue4-mutant/src/runtime/src/Heap/Allocator/RegionList.h:11:
In file included from /root/cj_build/impl_relocation_receipt_queue4-mutant/src/runtime/src/Heap/Allocator/RegionInfo.h:41:
/root/cj_build/impl_relocation_receipt_queue4-mutant/src/runtime/src/Heap/Verify/AllocPhaseDiag.h:57:1: warning: inline variables are a C++17 extension [-Wc++17-extensions]
inline Slot g_table[kCap] = {};
^
/root/cj_build/impl_relocation_receipt_queue4-mutant/src/runtime/src/Heap/Verify/AllocPhaseDiag.h:58:1: warning: inline variables are a C++17 extension [-Wc++17-extensions]
inline NearEntry g_near[kNearCap] = {};
^
In file included from /root/cj_build/impl_relocation_receipt_queue4-mutant/src/runtime/src/UnwindStack/StackFrameCursor.cpp:9:
In file included from /root/cj_build/impl_relocation_receipt_queue4-mutant/src/runtime/src/UnwindStack/../Heap/Collector/TracingCollector.h:17:
In file included from /root/cj_build/impl_relocation_receipt_queue4-mutant/src/runtime/src/Heap/Allocator/RegionSpace.h:19:
In file included from /root/cj_build/impl_relocation_receipt_queue4-mutant/src/runtime/src/Heap/Allocator/Allocator.h:11:
In file included from /root/cj_build/impl_relocation_receipt_queue4-mutant/src/runtime/src/Heap/Allocator/AllocBufferManager.h:15:
In file included from /root/cj_build/impl_relocation_receipt_queue4-mutant/src/runtime/src/Heap/Allocator/AllocBuffer.h:16:
In file included from /root/cj_build/impl_relocation_receipt_queue4-mutant/src/runtime/src/Heap/Allocator/RegionList.h:11:
In file included from /root/cj_build/impl_relocation_receipt_queue4-mutant/src/runtime/src/Heap/Allocator/RegionInfo.h:43:
/root/cj_build/impl_relocation_receipt_queue4-mutant/src/runtime/src/Heap/Verify/NullRouteCaller.h:34:1: warning: inline variables are a C++17 extension [-Wc++17-extensions]
inline thread_local const char* g_tag = nullptr;
^
/root/cj_build/impl_relocation_receipt_queue4-mutant/src/runtime/src/Heap/Verify/NullRouteCaller.h:35:1: warning: inline variables are a C++17 extension [-Wc++17-extensions]
inline thread_local const char* g_edgeSrc = nullptr;
^
/root/cj_build/impl_relocation_receipt_queue4-mutant/src/runtime/src/Heap/Verify/NullRouteCaller.h:36:1: warning: inline variables are a C++17 extension [-Wc++17-extensions]
inline thread_local uintptr_t g_slot = 0;
^
/root/cj_build/impl_relocation_receipt_queue4-mutant/src/runtime/src/Heap/Verify/NullRouteCaller.h:37:1: warning: inline variables are a C++17 extension [-Wc++17-extensions]
inline thread_local void* g_host = nullptr;
^
In file included from /root/cj_build/impl_relocation_receipt_queue4-mutant/src/runtime/src/UnwindStack/StackFrameCursor.cpp:9:
In file included from /root/cj_build/impl_relocation_receipt_queue4-mutant/src/runtime/src/UnwindStack/../Heap/Collector/TracingCollector.h:17:
In file included from /root/cj_build/impl_relocation_receipt_queue4-mutant/src/runtime/src/Heap/Allocator/RegionSpace.h:19:
In file included from /root/cj_build/impl_relocation_receipt_queue4-mutant/src/runtime/src/Heap/Allocator/Allocator.h:11:
In file included from /root/cj_build/impl_relocation_receipt_queue4-mutant/src/runtime/src/Heap/Allocator/AllocBufferManager.h:15:
In file included from /root/cj_build/impl_relocation_receipt_queue4-mutant/src/runtime/src/Heap/Allocator/AllocBuffer.h:16:
In file included from /root/cj_build/impl_relocation_receipt_queue4-mutant/src/runtime/src/Heap/Allocator/RegionList.h:11:
In file included from /root/cj_build/impl_relocation_receipt_queue4-mutant/src/runtime/src/Heap/Allocator/RegionInfo.h:52:
/root/cj_build/impl_relocation_receipt_queue4-mutant/src/runtime/src/Heap/Verify/MutatorRelocate.h:102:8: warning: constexpr if is a C++17 extension [-Wc++17-extensions]
    if constexpr (kWaitRegionPublish) {
       ^
In file included from /root/cj_build/impl_relocation_receipt_queue4-mutant/src/runtime/src/UnwindStack/StackFrameCursor.cpp:9:
In file included from /root/cj_build/impl_relocation_receipt_queue4-mutant/src/runtime/src/UnwindStack/../Heap/Collector/TracingCollector.h:17:
In file included from /root/cj_build/impl_relocation_receipt_queue4-mutant/src/runtime/src/Heap/Allocator/RegionSpace.h:22:
In file included from /root/cj_build/impl_relocation_receipt_queue4-mutant/src/runtime/src/Heap/Allocator/RegionManager.h:25:
In file included from /root/cj_build/impl_relocation_receipt_queue4-mutant/src/runtime/src/Heap/Allocator/FreeRegionManager.h:15:
In file included from /root/cj_build/impl_relocation_receipt_queue4-mutant/src/runtime/src/Common/ScopedObjectAccess.h:11:
In file included from /root/cj_build/impl_relocation_receipt_queue4-mutant/src/runtime/src/Mutator/Mutator.inline.h:11:
In file included from /root/cj_build/impl_relocation_receipt_queue4-mutant/src/runtime/src/Mutator/MutatorManager.h:17:
/root/cj_build/impl_relocation_receipt_queue4-mutant/src/runtime/src/Base/GcLog.h:217:45: warning: format string is not a string literal [-Wformat-nonliteral]
        int n = vsnprintf(buf, sizeof(buf), format, args);
                                            ^~~~~~
In file included from /root/cj_build/impl_relocation_receipt_queue4-mutant/src/runtime/src/UnwindStack/StackFrameCursor.cpp:9:
/root/cj_build/impl_relocation_receipt_queue4-mutant/src/runtime/src/UnwindStack/../Heap/Collector/TracingCollector.h:352:20: warning: unused variable 'objSize' [-Wunused-variable]
            size_t objSize = obj->GetSize();
                   ^
9 warnings generated.
[ 57%] Building CXX object src/Heap/WCollector/CMakeFiles/WCollector.dir/__/Collector/Mark.cpp.o
In file included from /root/cj_build/impl_relocation_receipt_queue4-mutant/src/runtime/src/Heap/WCollector/WCollector.cpp:8:
In file included from /root/cj_build/impl_relocation_receipt_queue4-mutant/src/runtime/src/Heap/WCollector/WCollector.h:22:
In file included from /root/cj_build/impl_relocation_receipt_queue4-mutant/src/runtime/src/Heap/Allocator/RegionSpace.h:19:
In file included from /root/cj_build/impl_relocation_receipt_queue4-mutant/src/runtime/src/Heap/Allocator/Allocator.h:11:
In file included from /root/cj_build/impl_relocation_receipt_queue4-mutant/src/runtime/src/Heap/Allocator/AllocBufferManager.h:15:
In file included from /root/cj_build/impl_relocation_receipt_queue4-mutant/src/runtime/src/Heap/Allocator/AllocBuffer.h:16:
In file included from /root/cj_build/impl_relocation_receipt_queue4-mutant/src/runtime/src/Heap/Allocator/RegionList.h:11:
In file included from /root/cj_build/impl_relocation_receipt_queue4-mutant/src/runtime/src/Heap/Allocator/RegionInfo.h:41:
/root/cj_build/impl_relocation_receipt_queue4-mutant/src/runtime/src/Heap/Verify/AllocPhaseDiag.h:57:1: warning: inline variables are a C++17 extension [-Wc++17-extensions]
inline Slot g_table[kCap] = {};
^
/root/cj_build/impl_relocation_receipt_queue4-mutant/src/runtime/src/Heap/Verify/AllocPhaseDiag.h:58:1: warning: inline variables are a C++17 extension [-Wc++17-extensions]
inline NearEntry g_near[kNearCap] = {};
^
In file included from /root/cj_build/impl_relocation_receipt_queue4-mutant/src/runtime/src/Heap/WCollector/WCollector.cpp:8:
In file included from /root/cj_build/impl_relocation_receipt_queue4-mutant/src/runtime/src/Heap/WCollector/WCollector.h:22:
In file included from /root/cj_build/impl_relocation_receipt_queue4-mutant/src/runtime/src/Heap/Allocator/RegionSpace.h:19:
In file included from /root/cj_build/impl_relocation_receipt_queue4-mutant/src/runtime/src/Heap/Allocator/Allocator.h:11:
In file included from /root/cj_build/impl_relocation_receipt_queue4-mutant/src/runtime/src/Heap/Allocator/AllocBufferManager.h:15:
In file included from /root/cj_build/impl_relocation_receipt_queue4-mutant/src/runtime/src/Heap/Allocator/AllocBuffer.h:16:
In file included from /root/cj_build/impl_relocation_receipt_queue4-mutant/src/runtime/src/Heap/Allocator/RegionList.h:11:
In file included from /root/cj_build/impl_relocation_receipt_queue4-mutant/src/runtime/src/Heap/Allocator/RegionInfo.h:43:
/root/cj_build/impl_relocation_receipt_queue4-mutant/src/runtime/src/Heap/Verify/NullRouteCaller.h:34:1: warning: inline variables are a C++17 extension [-Wc++17-extensions]
inline thread_local const char* g_tag = nullptr;
^
/root/cj_build/impl_relocation_receipt_queue4-mutant/src/runtime/src/Heap/Verify/NullRouteCaller.h:35:1: warning: inline variables are a C++17 extension [-Wc++17-extensions]
inline thread_local const char* g_edgeSrc = nullptr;
^
/root/cj_build/impl_relocation_receipt_queue4-mutant/src/runtime/src/Heap/Verify/NullRouteCaller.h:36:1: warning: inline variables are a C++17 extension [-Wc++17-extensions]
inline thread_local uintptr_t g_slot = 0;
^
/root/cj_build/impl_relocation_receipt_queue4-mutant/src/runtime/src/Heap/Verify/NullRouteCaller.h:37:1: warning: inline variables are a C++17 extension [-Wc++17-extensions]
inline thread_local void* g_host = nullptr;
^
In file included from /root/cj_build/impl_relocation_receipt_queue4-mutant/src/runtime/src/Heap/WCollector/WCollector.cpp:8:
In file included from /root/cj_build/impl_relocation_receipt_queue4-mutant/src/runtime/src/Heap/WCollector/WCollector.h:22:
In file included from /root/cj_build/impl_relocation_receipt_queue4-mutant/src/runtime/src/Heap/Allocator/RegionSpace.h:19:
In file included from /root/cj_build/impl_relocation_receipt_queue4-mutant/src/runtime/src/Heap/Allocator/Allocator.h:11:
In file included from /root/cj_build/impl_relocation_receipt_queue4-mutant/src/runtime/src/Heap/Allocator/AllocBufferManager.h:15:
In file included from /root/cj_build/impl_relocation_receipt_queue4-mutant/src/runtime/src/Heap/Allocator/AllocBuffer.h:16:
In file included from /root/cj_build/impl_relocation_receipt_queue4-mutant/src/runtime/src/Heap/Allocator/RegionList.h:11:
In file included from /root/cj_build/impl_relocation_receipt_queue4-mutant/src/runtime/src/Heap/Allocator/RegionInfo.h:52:
/root/cj_build/impl_relocation_receipt_queue4-mutant/src/runtime/src/Heap/Verify/MutatorRelocate.h:102:8: warning: constexpr if is a C++17 extension [-Wc++17-extensions]
    if constexpr (kWaitRegionPublish) {
       ^
In file included from /root/cj_build/impl_relocation_receipt_queue4-mutant/src/runtime/src/Heap/WCollector/WCollector.cpp:8:
In file included from /root/cj_build/impl_relocation_receipt_queue4-mutant/src/runtime/src/Heap/WCollector/WCollector.h:22:
In file included from /root/cj_build/impl_relocation_receipt_queue4-mutant/src/runtime/src/Heap/Allocator/RegionSpace.h:22:
In file included from /root/cj_build/impl_relocation_receipt_queue4-mutant/src/runtime/src/Heap/Allocator/RegionManager.h:25:
In file included from /root/cj_build/impl_relocation_receipt_queue4-mutant/src/runtime/src/Heap/Allocator/FreeRegionManager.h:15:
In file included from /root/cj_build/impl_relocation_receipt_queue4-mutant/src/runtime/src/Common/ScopedObjectAccess.h:11:
In file included from /root/cj_build/impl_relocation_receipt_queue4-mutant/src/runtime/src/Mutator/Mutator.inline.h:11:
In file included from /root/cj_build/impl_relocation_receipt_queue4-mutant/src/runtime/src/Mutator/MutatorManager.h:17:
/root/cj_build/impl_relocation_receipt_queue4-mutant/src/runtime/src/Base/GcLog.h:217:45: warning: format string is not a string literal [-Wformat-nonliteral]
        int n = vsnprintf(buf, sizeof(buf), format, args);
                                            ^~~~~~
In file included from /root/cj_build/impl_relocation_receipt_queue4-mutant/src/runtime/src/Heap/WCollector/WCollector.cpp:8:
In file included from /root/cj_build/impl_relocation_receipt_queue4-mutant/src/runtime/src/Heap/WCollector/WCollector.h:24:
In file included from /root/cj_build/impl_relocation_receipt_queue4-mutant/src/runtime/src/Heap/Collector/CopyCollector.h:13:
/root/cj_build/impl_relocation_receipt_queue4-mutant/src/runtime/src/Heap/Collector/TracingCollector.h:352:20: warning: unused variable 'objSize' [-Wunused-variable]
            size_t objSize = obj->GetSize();
                   ^
In file included from /root/cj_build/impl_relocation_receipt_queue4-mutant/src/runtime/src/Heap/WCollector/WCollector.cpp:8:
/root/cj_build/impl_relocation_receipt_queue4-mutant/src/runtime/src/Heap/WCollector/WCollector.h:425:12: warning: constexpr if is a C++17 extension [-Wc++17-extensions]
        if constexpr (ForwardingTable::kEntriesSoleWhenArmed) {
           ^
/root/cj_build/impl_relocation_receipt_queue4-mutant/src/runtime/src/Heap/WCollector/WCollector.h:450:12: warning: constexpr if is a C++17 extension [-Wc++17-extensions]
        if constexpr (ForwardingTable::kEntriesSoleWhenArmed) {
           ^
/root/cj_build/impl_relocation_receipt_queue4-mutant/src/runtime/src/Heap/WCollector/WCollector.h:343:38: warning: unused variable 'callCount' [-Wunused-variable]
        static std::atomic<uint64_t> callCount{ 0 };
                                     ^
/root/cj_build/impl_relocation_receipt_queue4-mutant/src/runtime/src/Heap/WCollector/WCollector.h:347:38: warning: unused variable 'receiptCount' [-Wunused-variable]
        static std::atomic<uint64_t> receiptCount{ 0 };
                                     ^
/root/cj_build/impl_relocation_receipt_queue4-mutant/src/runtime/src/Heap/WCollector/WCollector.h:346:38: warning: unused variable 'routeNullCount' [-Wunused-variable]
        static std::atomic<uint64_t> routeNullCount{ 0 };
                                     ^
/root/cj_build/impl_relocation_receipt_queue4-mutant/src/runtime/src/Heap/WCollector/WCollector.h:344:38: warning: unused variable 'nonHeapCount' [-Wunused-variable]
        static std::atomic<uint64_t> nonHeapCount{ 0 };
                                     ^
/root/cj_build/impl_relocation_receipt_queue4-mutant/src/runtime/src/Heap/WCollector/WCollector.h:349:38: warning: unused variable 'giveFromCount' [-Wunused-variable]
        static std::atomic<uint64_t> giveFromCount{ 0 };
                                     ^
/root/cj_build/impl_relocation_receipt_queue4-mutant/src/runtime/src/Heap/WCollector/WCollector.h:357:20: warning: unused variable 'funnel' [-Wunused-variable]
        const bool funnel = RemapFunnelOn();
                   ^
/root/cj_build/impl_relocation_receipt_queue4-mutant/src/runtime/src/Heap/WCollector/WCollector.h:348:38: warning: unused variable 'waitCount' [-Wunused-variable]
        static std::atomic<uint64_t> waitCount{ 0 };
                                     ^
/root/cj_build/impl_relocation_receipt_queue4-mutant/src/runtime/src/Heap/WCollector/WCollector.h:345:38: warning: unused variable 'noGhostCount' [-Wunused-variable]
        static std::atomic<uint64_t> noGhostCount{ 0 };
                                     ^
/root/cj_build/impl_relocation_receipt_queue4-mutant/src/runtime/src/Heap/WCollector/WCollector.h:622:12: warning: constexpr if is a C++17 extension [-Wc++17-extensions]
        if constexpr (ForwardingTable::kEntriesSoleWhenArmed) {
           ^
/root/cj_build/impl_relocation_receipt_queue4-mutant/src/runtime/src/Heap/WCollector/WCollector.h:677:12: warning: constexpr if is a C++17 extension [-Wc++17-extensions]
        if constexpr (ForwardingTable::kConsumeEntries) {
           ^
/root/cj_build/impl_relocation_receipt_queue4-mutant/src/runtime/src/Heap/WCollector/WCollector.h:682:16: warning: constexpr if is a C++17 extension [-Wc++17-extensions]
            if constexpr (ForwardingTable::kEntriesSoleWhenArmed) {
               ^
/root/cj_build/impl_relocation_receipt_queue4-mutant/src/runtime/src/Heap/WCollector/WCollector.h:713:12: warning: constexpr if is a C++17 extension [-Wc++17-extensions]
        if constexpr (ForwardingTable::kConsumeEntries) {
           ^
23 warnings generated.
[ 57%] Building CXX object src/Heap/WCollector/CMakeFiles/WCollector.dir/__/Collector/Relocate.cpp.o
In file included from /root/cj_build/impl_relocation_receipt_queue4-mutant/src/runtime/src/UnwindStack/StackGrowStackInfo.cpp:12:
In file included from /root/cj_build/impl_relocation_receipt_queue4-mutant/src/runtime/src/UnwindStack/../Heap/Collector/TracingCollector.h:17:
In file included from /root/cj_build/impl_relocation_receipt_queue4-mutant/src/runtime/src/Heap/Allocator/RegionSpace.h:19:
In file included from /root/cj_build/impl_relocation_receipt_queue4-mutant/src/runtime/src/Heap/Allocator/Allocator.h:11:
In file included from /root/cj_build/impl_relocation_receipt_queue4-mutant/src/runtime/src/Heap/Allocator/AllocBufferManager.h:15:
In file included from /root/cj_build/impl_relocation_receipt_queue4-mutant/src/runtime/src/Heap/Allocator/AllocBuffer.h:16:
In file included from /root/cj_build/impl_relocation_receipt_queue4-mutant/src/runtime/src/Heap/Allocator/RegionList.h:11:
In file included from /root/cj_build/impl_relocation_receipt_queue4-mutant/src/runtime/src/Heap/Allocator/RegionInfo.h:41:
/root/cj_build/impl_relocation_receipt_queue4-mutant/src/runtime/src/Heap/Verify/AllocPhaseDiag.h:57:1: warning: inline variables are a C++17 extension [-Wc++17-extensions]
inline Slot g_table[kCap] = {};
^
/root/cj_build/impl_relocation_receipt_queue4-mutant/src/runtime/src/Heap/Verify/AllocPhaseDiag.h:58:1: warning: inline variables are a C++17 extension [-Wc++17-extensions]
inline NearEntry g_near[kNearCap] = {};
^
In file included from /root/cj_build/impl_relocation_receipt_queue4-mutant/src/runtime/src/UnwindStack/StackGrowStackInfo.cpp:12:
In file included from /root/cj_build/impl_relocation_receipt_queue4-mutant/src/runtime/src/UnwindStack/../Heap/Collector/TracingCollector.h:17:
In file included from /root/cj_build/impl_relocation_receipt_queue4-mutant/src/runtime/src/Heap/Allocator/RegionSpace.h:19:
In file included from /root/cj_build/impl_relocation_receipt_queue4-mutant/src/runtime/src/Heap/Allocator/Allocator.h:11:
In file included from /root/cj_build/impl_relocation_receipt_queue4-mutant/src/runtime/src/Heap/Allocator/AllocBufferManager.h:15:
In file included from /root/cj_build/impl_relocation_receipt_queue4-mutant/src/runtime/src/Heap/Allocator/AllocBuffer.h:16:
In file included from /root/cj_build/impl_relocation_receipt_queue4-mutant/src/runtime/src/Heap/Allocator/RegionList.h:11:
In file included from /root/cj_build/impl_relocation_receipt_queue4-mutant/src/runtime/src/Heap/Allocator/RegionInfo.h:43:
/root/cj_build/impl_relocation_receipt_queue4-mutant/src/runtime/src/Heap/Verify/NullRouteCaller.h:34:1: warning: inline variables are a C++17 extension [-Wc++17-extensions]
inline thread_local const char* g_tag = nullptr;
^
/root/cj_build/impl_relocation_receipt_queue4-mutant/src/runtime/src/Heap/Verify/NullRouteCaller.h:35:1: warning: inline variables are a C++17 extension [-Wc++17-extensions]
inline thread_local const char* g_edgeSrc = nullptr;
^
/root/cj_build/impl_relocation_receipt_queue4-mutant/src/runtime/src/Heap/Verify/NullRouteCaller.h:36:1: warning: inline variables are a C++17 extension [-Wc++17-extensions]
inline thread_local uintptr_t g_slot = 0;
^
/root/cj_build/impl_relocation_receipt_queue4-mutant/src/runtime/src/Heap/Verify/NullRouteCaller.h:37:1: warning: inline variables are a C++17 extension [-Wc++17-extensions]
inline thread_local void* g_host = nullptr;
^
In file included from /root/cj_build/impl_relocation_receipt_queue4-mutant/src/runtime/src/UnwindStack/StackGrowStackInfo.cpp:12:
In file included from /root/cj_build/impl_relocation_receipt_queue4-mutant/src/runtime/src/UnwindStack/../Heap/Collector/TracingCollector.h:17:
In file included from /root/cj_build/impl_relocation_receipt_queue4-mutant/src/runtime/src/Heap/Allocator/RegionSpace.h:19:
In file included from /root/cj_build/impl_relocation_receipt_queue4-mutant/src/runtime/src/Heap/Allocator/Allocator.h:11:
In file included from /root/cj_build/impl_relocation_receipt_queue4-mutant/src/runtime/src/Heap/Allocator/AllocBufferManager.h:15:
In file included from /root/cj_build/impl_relocation_receipt_queue4-mutant/src/runtime/src/Heap/Allocator/AllocBuffer.h:16:
In file included from /root/cj_build/impl_relocation_receipt_queue4-mutant/src/runtime/src/Heap/Allocator/RegionList.h:11:
In file included from /root/cj_build/impl_relocation_receipt_queue4-mutant/src/runtime/src/Heap/Allocator/RegionInfo.h:52:
/root/cj_build/impl_relocation_receipt_queue4-mutant/src/runtime/src/Heap/Verify/MutatorRelocate.h:102:8: warning: constexpr if is a C++17 extension [-Wc++17-extensions]
    if constexpr (kWaitRegionPublish) {
       ^
In file included from /root/cj_build/impl_relocation_receipt_queue4-mutant/src/runtime/src/UnwindStack/StackGrowStackInfo.cpp:12:
In file included from /root/cj_build/impl_relocation_receipt_queue4-mutant/src/runtime/src/UnwindStack/../Heap/Collector/TracingCollector.h:17:
In file included from /root/cj_build/impl_relocation_receipt_queue4-mutant/src/runtime/src/Heap/Allocator/RegionSpace.h:22:
In file included from /root/cj_build/impl_relocation_receipt_queue4-mutant/src/runtime/src/Heap/Allocator/RegionManager.h:25:
In file included from /root/cj_build/impl_relocation_receipt_queue4-mutant/src/runtime/src/Heap/Allocator/FreeRegionManager.h:15:
In file included from /root/cj_build/impl_relocation_receipt_queue4-mutant/src/runtime/src/Common/ScopedObjectAccess.h:11:
In file included from /root/cj_build/impl_relocation_receipt_queue4-mutant/src/runtime/src/Mutator/Mutator.inline.h:11:
In file included from /root/cj_build/impl_relocation_receipt_queue4-mutant/src/runtime/src/Mutator/MutatorManager.h:17:
/root/cj_build/impl_relocation_receipt_queue4-mutant/src/runtime/src/Base/GcLog.h:217:45: warning: format string is not a string literal [-Wformat-nonliteral]
        int n = vsnprintf(buf, sizeof(buf), format, args);
                                            ^~~~~~
In file included from /root/cj_build/impl_relocation_receipt_queue4-mutant/src/runtime/src/UnwindStack/StackGrowStackInfo.cpp:12:
/root/cj_build/impl_relocation_receipt_queue4-mutant/src/runtime/src/UnwindStack/../Heap/Collector/TracingCollector.h:352:20: warning: unused variable 'objSize' [-Wunused-variable]
            size_t objSize = obj->GetSize();
                   ^
9 warnings generated.
[ 57%] Linking CXX static library ../../../output/temp/ar/x86_64_Release/libUnwindStack.a
[ 63%] Built target UnwindStack
[ 64%] Building CXX object src/Heap/WCollector/CMakeFiles/WCollector.dir/__/Collector/Remembered.cpp.o
In file included from /root/cj_build/impl_relocation_receipt_queue4-mutant/src/runtime/src/Heap/Allocator/RegionManager.cpp:8:
In file included from /root/cj_build/impl_relocation_receipt_queue4-mutant/src/runtime/src/Heap/Allocator/RegionManager.h:19:
In file included from /root/cj_build/impl_relocation_receipt_queue4-mutant/src/runtime/src/Heap/Allocator/AllocBuffer.h:16:
In file included from /root/cj_build/impl_relocation_receipt_queue4-mutant/src/runtime/src/Heap/Allocator/RegionList.h:11:
In file included from /root/cj_build/impl_relocation_receipt_queue4-mutant/src/runtime/src/Heap/Allocator/RegionInfo.h:41:
/root/cj_build/impl_relocation_receipt_queue4-mutant/src/runtime/src/Heap/Verify/AllocPhaseDiag.h:57:1: warning: inline variables are a C++17 extension [-Wc++17-extensions]
inline Slot g_table[kCap] = {};
^
/root/cj_build/impl_relocation_receipt_queue4-mutant/src/runtime/src/Heap/Verify/AllocPhaseDiag.h:58:1: warning: inline variables are a C++17 extension [-Wc++17-extensions]
inline NearEntry g_near[kNearCap] = {};
^
In file included from /root/cj_build/impl_relocation_receipt_queue4-mutant/src/runtime/src/Heap/Allocator/RegionManager.cpp:8:
In file included from /root/cj_build/impl_relocation_receipt_queue4-mutant/src/runtime/src/Heap/Allocator/RegionManager.h:19:
In file included from /root/cj_build/impl_relocation_receipt_queue4-mutant/src/runtime/src/Heap/Allocator/AllocBuffer.h:16:
In file included from /root/cj_build/impl_relocation_receipt_queue4-mutant/src/runtime/src/Heap/Allocator/RegionList.h:11:
In file included from /root/cj_build/impl_relocation_receipt_queue4-mutant/src/runtime/src/Heap/Allocator/RegionInfo.h:43:
/root/cj_build/impl_relocation_receipt_queue4-mutant/src/runtime/src/Heap/Verify/NullRouteCaller.h:34:1: warning: inline variables are a C++17 extension [-Wc++17-extensions]
inline thread_local const char* g_tag = nullptr;
^
/root/cj_build/impl_relocation_receipt_queue4-mutant/src/runtime/src/Heap/Verify/NullRouteCaller.h:35:1: warning: inline variables are a C++17 extension [-Wc++17-extensions]
inline thread_local const char* g_edgeSrc = nullptr;
^
/root/cj_build/impl_relocation_receipt_queue4-mutant/src/runtime/src/Heap/Verify/NullRouteCaller.h:36:1: warning: inline variables are a C++17 extension [-Wc++17-extensions]
inline thread_local uintptr_t g_slot = 0;
^
/root/cj_build/impl_relocation_receipt_queue4-mutant/src/runtime/src/Heap/Verify/NullRouteCaller.h:37:1: warning: inline variables are a C++17 extension [-Wc++17-extensions]
inline thread_local void* g_host = nullptr;
^
In file included from /root/cj_build/impl_relocation_receipt_queue4-mutant/src/runtime/src/Heap/Allocator/RegionManager.cpp:8:
In file included from /root/cj_build/impl_relocation_receipt_queue4-mutant/src/runtime/src/Heap/Allocator/RegionManager.h:19:
In file included from /root/cj_build/impl_relocation_receipt_queue4-mutant/src/runtime/src/Heap/Allocator/AllocBuffer.h:16:
In file included from /root/cj_build/impl_relocation_receipt_queue4-mutant/src/runtime/src/Heap/Allocator/RegionList.h:11:
In file included from /root/cj_build/impl_relocation_receipt_queue4-mutant/src/runtime/src/Heap/Allocator/RegionInfo.h:52:
/root/cj_build/impl_relocation_receipt_queue4-mutant/src/runtime/src/Heap/Verify/MutatorRelocate.h:102:8: warning: constexpr if is a C++17 extension [-Wc++17-extensions]
    if constexpr (kWaitRegionPublish) {
       ^
In file included from /root/cj_build/impl_relocation_receipt_queue4-mutant/src/runtime/src/Heap/Allocator/RegionManager.cpp:8:
In file included from /root/cj_build/impl_relocation_receipt_queue4-mutant/src/runtime/src/Heap/Allocator/RegionManager.h:25:
In file included from /root/cj_build/impl_relocation_receipt_queue4-mutant/src/runtime/src/Heap/Allocator/FreeRegionManager.h:15:
In file included from /root/cj_build/impl_relocation_receipt_queue4-mutant/src/runtime/src/Common/ScopedObjectAccess.h:11:
In file included from /root/cj_build/impl_relocation_receipt_queue4-mutant/src/runtime/src/Mutator/Mutator.inline.h:11:
In file included from /root/cj_build/impl_relocation_receipt_queue4-mutant/src/runtime/src/Mutator/MutatorManager.h:17:
/root/cj_build/impl_relocation_receipt_queue4-mutant/src/runtime/src/Base/GcLog.h:217:45: warning: format string is not a string literal [-Wformat-nonliteral]
        int n = vsnprintf(buf, sizeof(buf), format, args);
                                            ^~~~~~
In file included from /root/cj_build/impl_relocation_receipt_queue4-mutant/src/runtime/src/Heap/Allocator/RegionManager.cpp:27:
In file included from /root/cj_build/impl_relocation_receipt_queue4-mutant/src/runtime/src/Heap/Collector/CopyCollector.h:13:
/root/cj_build/impl_relocation_receipt_queue4-mutant/src/runtime/src/Heap/Collector/TracingCollector.h:352:20: warning: unused variable 'objSize' [-Wunused-variable]
            size_t objSize = obj->GetSize();
                   ^
In file included from /root/cj_build/impl_relocation_receipt_queue4-mutant/src/runtime/src/Heap/Allocator/RegionManager.cpp:28:
/root/cj_build/impl_relocation_receipt_queue4-mutant/src/runtime/src/Heap/Collector/GcTrigger.h:477:8: warning: constexpr if is a C++17 extension [-Wc++17-extensions]
    if constexpr (kGcTriggerMajorAllocRateEnabled) {
       ^
/root/cj_build/impl_relocation_receipt_queue4-mutant/src/runtime/src/Heap/Collector/GcTrigger.h:496:8: warning: constexpr if is a C++17 extension [-Wc++17-extensions]
    if constexpr (kGcTriggerProactiveEnabled) {
       ^
In file included from /root/cj_build/impl_relocation_receipt_queue4-mutant/src/runtime/src/Heap/Allocator/RegionManager.cpp:43:
/root/cj_build/impl_relocation_receipt_queue4-mutant/src/runtime/src/Heap/WCollector/RelocationSetSelector.h:13:1: warning: inline variables are a C++17 extension [-Wc++17-extensions]
inline constexpr bool kUseRelocationSetSelector = true;
^
/root/cj_build/impl_relocation_receipt_queue4-mutant/src/runtime/src/Heap/WCollector/RelocationSetSelector.h:14:1: warning: inline variables are a C++17 extension [-Wc++17-extensions]
inline constexpr double kRelocationFragmentationLimitPercent = 25.0;
^
/root/cj_build/impl_relocation_receipt_queue4-mutant/src/runtime/src/Heap/WCollector/RelocationSetSelector.h:16:1: warning: inline variables are a C++17 extension [-Wc++17-extensions]
inline constexpr size_t kRelocationMaxSmallRegionBytes = 128 * 1024;
^
/root/cj_build/impl_relocation_receipt_queue4-mutant/src/runtime/src/Heap/WCollector/RelocationSetSelector.h:18:1: warning: inline variables are a C++17 extension [-Wc++17-extensions]
inline constexpr size_t kRelocationObjectSizeLimit = 16 * 1024;
^
/root/cj_build/impl_relocation_receipt_queue4-mutant/src/runtime/src/Heap/Allocator/RegionManager.cpp:439:65: warning: lambda capture 'region' is not used [-Wunused-lambda-capture]
            object->ForEachRefField([&rememberedSet, &recorded, region](RefField<>& field) {
                                                              ~~^~~~~~
/root/cj_build/impl_relocation_receipt_queue4-mutant/src/runtime/src/Heap/Allocator/RegionManager.cpp:1205:8: warning: constexpr if is a C++17 extension [-Wc++17-extensions]
    if constexpr (!kExpireKeptAtCycleStart) {
       ^
/root/cj_build/impl_relocation_receipt_queue4-mutant/src/runtime/src/Heap/Allocator/RegionManager.cpp:1904:16: warning: constexpr if is a C++17 extension [-Wc++17-extensions]
            if constexpr (kGcTriggerProactiveEnabled || kGcTriggerDynamicWorkersEnabled) {
               ^
/root/cj_build/impl_relocation_receipt_queue4-mutant/src/runtime/src/Heap/Allocator/RegionManager.cpp:1908:16: warning: constexpr if is a C++17 extension [-Wc++17-extensions]
            if constexpr (kGcTriggerProactiveEnabled) {
               ^
/root/cj_build/impl_relocation_receipt_queue4-mutant/src/runtime/src/Heap/Allocator/RegionManager.cpp:1916:16: warning: constexpr if is a C++17 extension [-Wc++17-extensions]
            if constexpr (kGcTriggerMajorAllocRateEnabled) {
               ^
/root/cj_build/impl_relocation_receipt_queue4-mutant/src/runtime/src/Heap/Allocator/RegionManager.cpp:1927:16: warning: constexpr if is a C++17 extension [-Wc++17-extensions]
            if constexpr (kGcTriggerDynamicWorkersEnabled) {
               ^
/root/cj_build/impl_relocation_receipt_queue4-mutant/src/runtime/src/Heap/Allocator/RegionManager.cpp:2194:8: warning: constexpr if is a C++17 extension [-Wc++17-extensions]
    if constexpr (!kFinishIncompleteFromRegions) {
       ^
/root/cj_build/impl_relocation_receipt_queue4-mutant/src/runtime/src/Heap/Allocator/RegionManager.cpp:3623:28: warning: unused variable 'liveBefore' [-Wunused-variable]
            const uint64_t liveBefore = region->GetLiveByteCount();
                           ^
/root/cj_build/impl_relocation_receipt_queue4-mutant/src/runtime/src/Heap/Allocator/RegionManager.cpp:3625:20: warning: unused variable 'markedBefore' [-Wunused-variable]
            size_t markedBefore = 0;
                   ^
/root/cj_build/impl_relocation_receipt_queue4-mutant/src/runtime/src/Heap/Allocator/RegionManager.cpp:3631:28: warning: unused variable 'liveAfterReset' [-Wunused-variable]
            const uint64_t liveAfterReset = region->GetLiveByteCount();
                           ^
/root/cj_build/impl_relocation_receipt_queue4-mutant/src/runtime/src/Heap/Allocator/RegionManager.cpp:3633:20: warning: unused variable 'markedAfterReset' [-Wunused-variable]
            size_t markedAfterReset = 0;
                   ^
/root/cj_build/impl_relocation_receipt_queue4-mutant/src/runtime/src/Heap/Allocator/RegionManager.cpp:3638:20: warning: unused variable 'markedAfterInv' [-Wunused-variable]
            size_t markedAfterInv = 0;
                   ^
/root/cj_build/impl_relocation_receipt_queue4-mutant/src/runtime/src/Heap/Allocator/RegionManager.cpp:3400:70: warning: lambda capture 'oldObjForwarded' is not used [-Wunused-lambda-capture]
        [&collector, youngRegion, &rememberedSet, &promotedRecords, &oldObjForwarded,
                                                                     ^
/root/cj_build/impl_relocation_receipt_queue4-mutant/src/runtime/src/Heap/Allocator/RegionManager.cpp:3704:30: note: in instantiation of function template specialization 'MapleRuntime::RegionManager::ForwardRegion<MapleRuntime::Generation::Young>' requested here
template void RegionManager::ForwardRegion<Generation::Young>(RegionInfo*);
                             ^
/root/cj_build/impl_relocation_receipt_queue4-mutant/src/runtime/src/Heap/Allocator/RegionManager.cpp:3401:11: warning: lambda capture 'o2yOnToForOld' is not used [-Wunused-lambda-capture]
         &o2yOnToForOld, &recordedOnToForOld](BaseObject* obj) {
          ^
/root/cj_build/impl_relocation_receipt_queue4-mutant/src/runtime/src/Heap/Allocator/RegionManager.cpp:3400:70: warning: lambda capture 'oldObjForwarded' is not used [-Wunused-lambda-capture]
        [&collector, youngRegion, &rememberedSet, &promotedRecords, &oldObjForwarded,
                                                                     ^
/root/cj_build/impl_relocation_receipt_queue4-mutant/src/runtime/src/Heap/Allocator/RegionManager.cpp:3705:30: note: in instantiation of function template specialization 'MapleRuntime::RegionManager::ForwardRegion<MapleRuntime::Generation::Old>' requested here
template void RegionManager::ForwardRegion<Generation::Old>(RegionInfo*);
                             ^
/root/cj_build/impl_relocation_receipt_queue4-mutant/src/runtime/src/Heap/Allocator/RegionManager.cpp:3401:11: warning: lambda capture 'o2yOnToForOld' is not used [-Wunused-lambda-capture]
         &o2yOnToForOld, &recordedOnToForOld](BaseObject* obj) {
          ^
31 warnings generated.
[ 64%] Linking CXX static library ../../../../output/temp/ar/x86_64_Release/libAllocator.a
[ 68%] Built target Allocator
[ 69%] Building CXX object src/Heap/Verify/CMakeFiles/Verify.dir/VerifyRegions.cpp.o
In file included from /root/cj_build/impl_relocation_receipt_queue4-mutant/src/runtime/src/Heap/Collector/TracingCollector.cpp:7:
In file included from /root/cj_build/impl_relocation_receipt_queue4-mutant/src/runtime/src/Heap/Collector/TracingCollector.h:17:
In file included from /root/cj_build/impl_relocation_receipt_queue4-mutant/src/runtime/src/Heap/Allocator/RegionSpace.h:19:
In file included from /root/cj_build/impl_relocation_receipt_queue4-mutant/src/runtime/src/Heap/Allocator/Allocator.h:11:
In file included from /root/cj_build/impl_relocation_receipt_queue4-mutant/src/runtime/src/Heap/Allocator/AllocBufferManager.h:15:
In file included from /root/cj_build/impl_relocation_receipt_queue4-mutant/src/runtime/src/Heap/Allocator/AllocBuffer.h:16:
In file included from /root/cj_build/impl_relocation_receipt_queue4-mutant/src/runtime/src/Heap/Allocator/RegionList.h:11:
In file included from /root/cj_build/impl_relocation_receipt_queue4-mutant/src/runtime/src/Heap/Allocator/RegionInfo.h:41:
/root/cj_build/impl_relocation_receipt_queue4-mutant/src/runtime/src/Heap/Verify/AllocPhaseDiag.h:57:1: warning: inline variables are a C++17 extension [-Wc++17-extensions]
inline Slot g_table[kCap] = {};
^
/root/cj_build/impl_relocation_receipt_queue4-mutant/src/runtime/src/Heap/Verify/AllocPhaseDiag.h:58:1: warning: inline variables are a C++17 extension [-Wc++17-extensions]
inline NearEntry g_near[kNearCap] = {};
^
In file included from /root/cj_build/impl_relocation_receipt_queue4-mutant/src/runtime/src/Heap/Collector/TracingCollector.cpp:7:
In file included from /root/cj_build/impl_relocation_receipt_queue4-mutant/src/runtime/src/Heap/Collector/TracingCollector.h:17:
In file included from /root/cj_build/impl_relocation_receipt_queue4-mutant/src/runtime/src/Heap/Allocator/RegionSpace.h:19:
In file included from /root/cj_build/impl_relocation_receipt_queue4-mutant/src/runtime/src/Heap/Allocator/Allocator.h:11:
In file included from /root/cj_build/impl_relocation_receipt_queue4-mutant/src/runtime/src/Heap/Allocator/AllocBufferManager.h:15:
In file included from /root/cj_build/impl_relocation_receipt_queue4-mutant/src/runtime/src/Heap/Allocator/AllocBuffer.h:16:
In file included from /root/cj_build/impl_relocation_receipt_queue4-mutant/src/runtime/src/Heap/Allocator/RegionList.h:11:
In file included from /root/cj_build/impl_relocation_receipt_queue4-mutant/src/runtime/src/Heap/Allocator/RegionInfo.h:43:
/root/cj_build/impl_relocation_receipt_queue4-mutant/src/runtime/src/Heap/Verify/NullRouteCaller.h:34:1: warning: inline variables are a C++17 extension [-Wc++17-extensions]
inline thread_local const char* g_tag = nullptr;
^
/root/cj_build/impl_relocation_receipt_queue4-mutant/src/runtime/src/Heap/Verify/NullRouteCaller.h:35:1: warning: inline variables are a C++17 extension [-Wc++17-extensions]
inline thread_local const char* g_edgeSrc = nullptr;
^
/root/cj_build/impl_relocation_receipt_queue4-mutant/src/runtime/src/Heap/Verify/NullRouteCaller.h:36:1: warning: inline variables are a C++17 extension [-Wc++17-extensions]
inline thread_local uintptr_t g_slot = 0;
^
/root/cj_build/impl_relocation_receipt_queue4-mutant/src/runtime/src/Heap/Verify/NullRouteCaller.h:37:1: warning: inline variables are a C++17 extension [-Wc++17-extensions]
inline thread_local void* g_host = nullptr;
^
In file included from /root/cj_build/impl_relocation_receipt_queue4-mutant/src/runtime/src/Heap/Collector/TracingCollector.cpp:7:
In file included from /root/cj_build/impl_relocation_receipt_queue4-mutant/src/runtime/src/Heap/Collector/TracingCollector.h:17:
In file included from /root/cj_build/impl_relocation_receipt_queue4-mutant/src/runtime/src/Heap/Allocator/RegionSpace.h:19:
In file included from /root/cj_build/impl_relocation_receipt_queue4-mutant/src/runtime/src/Heap/Allocator/Allocator.h:11:
In file included from /root/cj_build/impl_relocation_receipt_queue4-mutant/src/runtime/src/Heap/Allocator/AllocBufferManager.h:15:
In file included from /root/cj_build/impl_relocation_receipt_queue4-mutant/src/runtime/src/Heap/Allocator/AllocBuffer.h:16:
In file included from /root/cj_build/impl_relocation_receipt_queue4-mutant/src/runtime/src/Heap/Allocator/RegionList.h:11:
In file included from /root/cj_build/impl_relocation_receipt_queue4-mutant/src/runtime/src/Heap/Allocator/RegionInfo.h:52:
/root/cj_build/impl_relocation_receipt_queue4-mutant/src/runtime/src/Heap/Verify/MutatorRelocate.h:102:8: warning: constexpr if is a C++17 extension [-Wc++17-extensions]
    if constexpr (kWaitRegionPublish) {
       ^
In file included from /root/cj_build/impl_relocation_receipt_queue4-mutant/src/runtime/src/Heap/Collector/TracingCollector.cpp:7:
In file included from /root/cj_build/impl_relocation_receipt_queue4-mutant/src/runtime/src/Heap/Collector/TracingCollector.h:17:
In file included from /root/cj_build/impl_relocation_receipt_queue4-mutant/src/runtime/src/Heap/Allocator/RegionSpace.h:22:
In file included from /root/cj_build/impl_relocation_receipt_queue4-mutant/src/runtime/src/Heap/Allocator/RegionManager.h:25:
In file included from /root/cj_build/impl_relocation_receipt_queue4-mutant/src/runtime/src/Heap/Allocator/FreeRegionManager.h:15:
In file included from /root/cj_build/impl_relocation_receipt_queue4-mutant/src/runtime/src/Common/ScopedObjectAccess.h:11:
In file included from /root/cj_build/impl_relocation_receipt_queue4-mutant/src/runtime/src/Mutator/Mutator.inline.h:11:
In file included from /root/cj_build/impl_relocation_receipt_queue4-mutant/src/runtime/src/Mutator/MutatorManager.h:17:
/root/cj_build/impl_relocation_receipt_queue4-mutant/src/runtime/src/Base/GcLog.h:217:45: warning: format string is not a string literal [-Wformat-nonliteral]
        int n = vsnprintf(buf, sizeof(buf), format, args);
                                            ^~~~~~
In file included from /root/cj_build/impl_relocation_receipt_queue4-mutant/src/runtime/src/Heap/Collector/TracingCollector.cpp:7:
/root/cj_build/impl_relocation_receipt_queue4-mutant/src/runtime/src/Heap/Collector/TracingCollector.h:352:20: warning: unused variable 'objSize' [-Wunused-variable]
            size_t objSize = obj->GetSize();
                   ^
9 warnings generated.
[ 70%] Building CXX object src/Heap/Collector/CMakeFiles/Collector.dir/TaskQueue.cpp.o
In file included from /root/cj_build/impl_relocation_receipt_queue4-mutant/src/runtime/src/Mutator/MutatorManager.cpp:8:
In file included from /root/cj_build/impl_relocation_receipt_queue4-mutant/src/runtime/src/Mutator/MutatorManager.h:17:
/root/cj_build/impl_relocation_receipt_queue4-mutant/src/runtime/src/Base/GcLog.h:217:45: warning: format string is not a string literal [-Wformat-nonliteral]
        int n = vsnprintf(buf, sizeof(buf), format, args);
                                            ^~~~~~
In file included from /root/cj_build/impl_relocation_receipt_queue4-mutant/src/runtime/src/Mutator/MutatorManager.cpp:8:
In file included from /root/cj_build/impl_relocation_receipt_queue4-mutant/src/runtime/src/Mutator/MutatorManager.h:23:
In file included from /root/cj_build/impl_relocation_receipt_queue4-mutant/src/runtime/src/Mutator/Mutator.h:16:
In file included from /root/cj_build/impl_relocation_receipt_queue4-mutant/src/runtime/src/Heap/Allocator/Allocator.h:11:
In file included from /root/cj_build/impl_relocation_receipt_queue4-mutant/src/runtime/src/Heap/Allocator/AllocBufferManager.h:15:
In file included from /root/cj_build/impl_relocation_receipt_queue4-mutant/src/runtime/src/Heap/Allocator/AllocBuffer.h:16:
In file included from /root/cj_build/impl_relocation_receipt_queue4-mutant/src/runtime/src/Heap/Allocator/RegionList.h:11:
In file included from /root/cj_build/impl_relocation_receipt_queue4-mutant/src/runtime/src/Heap/Allocator/RegionInfo.h:41:
/root/cj_build/impl_relocation_receipt_queue4-mutant/src/runtime/src/Heap/Verify/AllocPhaseDiag.h:57:1: warning: inline variables are a C++17 extension [-Wc++17-extensions]
inline Slot g_table[kCap] = {};
^
/root/cj_build/impl_relocation_receipt_queue4-mutant/src/runtime/src/Heap/Verify/AllocPhaseDiag.h:58:1: warning: inline variables are a C++17 extension [-Wc++17-extensions]
inline NearEntry g_near[kNearCap] = {};
^
In file included from /root/cj_build/impl_relocation_receipt_queue4-mutant/src/runtime/src/Mutator/MutatorManager.cpp:8:
In file included from /root/cj_build/impl_relocation_receipt_queue4-mutant/src/runtime/src/Mutator/MutatorManager.h:23:
In file included from /root/cj_build/impl_relocation_receipt_queue4-mutant/src/runtime/src/Mutator/Mutator.h:16:
In file included from /root/cj_build/impl_relocation_receipt_queue4-mutant/src/runtime/src/Heap/Allocator/Allocator.h:11:
In file included from /root/cj_build/impl_relocation_receipt_queue4-mutant/src/runtime/src/Heap/Allocator/AllocBufferManager.h:15:
In file included from /root/cj_build/impl_relocation_receipt_queue4-mutant/src/runtime/src/Heap/Allocator/AllocBuffer.h:16:
In file included from /root/cj_build/impl_relocation_receipt_queue4-mutant/src/runtime/src/Heap/Allocator/RegionList.h:11:
In file included from /root/cj_build/impl_relocation_receipt_queue4-mutant/src/runtime/src/Heap/Allocator/RegionInfo.h:43:
/root/cj_build/impl_relocation_receipt_queue4-mutant/src/runtime/src/Heap/Verify/NullRouteCaller.h:34:1: warning: inline variables are a C++17 extension [-Wc++17-extensions]
inline thread_local const char* g_tag = nullptr;
^
/root/cj_build/impl_relocation_receipt_queue4-mutant/src/runtime/src/Heap/Verify/NullRouteCaller.h:35:1: warning: inline variables are a C++17 extension [-Wc++17-extensions]
inline thread_local const char* g_edgeSrc = nullptr;
^
/root/cj_build/impl_relocation_receipt_queue4-mutant/src/runtime/src/Heap/Verify/NullRouteCaller.h:36:1: warning: inline variables are a C++17 extension [-Wc++17-extensions]
inline thread_local uintptr_t g_slot = 0;
^
/root/cj_build/impl_relocation_receipt_queue4-mutant/src/runtime/src/Heap/Verify/NullRouteCaller.h:37:1: warning: inline variables are a C++17 extension [-Wc++17-extensions]
inline thread_local void* g_host = nullptr;
^
In file included from /root/cj_build/impl_relocation_receipt_queue4-mutant/src/runtime/src/Mutator/MutatorManager.cpp:8:
In file included from /root/cj_build/impl_relocation_receipt_queue4-mutant/src/runtime/src/Mutator/MutatorManager.h:23:
In file included from /root/cj_build/impl_relocation_receipt_queue4-mutant/src/runtime/src/Mutator/Mutator.h:16:
In file included from /root/cj_build/impl_relocation_receipt_queue4-mutant/src/runtime/src/Heap/Allocator/Allocator.h:11:
In file included from /root/cj_build/impl_relocation_receipt_queue4-mutant/src/runtime/src/Heap/Allocator/AllocBufferManager.h:15:
In file included from /root/cj_build/impl_relocation_receipt_queue4-mutant/src/runtime/src/Heap/Allocator/AllocBuffer.h:16:
In file included from /root/cj_build/impl_relocation_receipt_queue4-mutant/src/runtime/src/Heap/Allocator/RegionList.h:11:
In file included from /root/cj_build/impl_relocation_receipt_queue4-mutant/src/runtime/src/Heap/Allocator/RegionInfo.h:52:
/root/cj_build/impl_relocation_receipt_queue4-mutant/src/runtime/src/Heap/Verify/MutatorRelocate.h:102:8: warning: constexpr if is a C++17 extension [-Wc++17-extensions]
    if constexpr (kWaitRegionPublish) {
       ^
In file included from /root/cj_build/impl_relocation_receipt_queue4-mutant/src/runtime/src/Mutator/MutatorManager.cpp:17:
/root/cj_build/impl_relocation_receipt_queue4-mutant/src/runtime/src/Heap/Collector/TracingCollector.h:352:20: warning: unused variable 'objSize' [-Wunused-variable]
            size_t objSize = obj->GetSize();
                   ^
9 warnings generated.
[ 71%] Linking CXX static library ../../../output/temp/ar/x86_64_Release/libMutator.a
[ 71%] Built target Mutator
[ 71%] Building CXX object src/Heap/Collector/CMakeFiles/Collector.dir/CopyCollector.cpp.o
In file included from /root/cj_build/impl_relocation_receipt_queue4-mutant/src/runtime/src/Heap/Collector/Generation.cpp:8:
In file included from /root/cj_build/impl_relocation_receipt_queue4-mutant/src/runtime/src/Heap/WCollector/WCollector.h:22:
In file included from /root/cj_build/impl_relocation_receipt_queue4-mutant/src/runtime/src/Heap/Allocator/RegionSpace.h:19:
In file included from /root/cj_build/impl_relocation_receipt_queue4-mutant/src/runtime/src/Heap/Allocator/Allocator.h:11:
In file included from /root/cj_build/impl_relocation_receipt_queue4-mutant/src/runtime/src/Heap/Allocator/AllocBufferManager.h:15:
In file included from /root/cj_build/impl_relocation_receipt_queue4-mutant/src/runtime/src/Heap/Allocator/AllocBuffer.h:16:
In file included from /root/cj_build/impl_relocation_receipt_queue4-mutant/src/runtime/src/Heap/Allocator/RegionList.h:11:
In file included from /root/cj_build/impl_relocation_receipt_queue4-mutant/src/runtime/src/Heap/Allocator/RegionInfo.h:41:
/root/cj_build/impl_relocation_receipt_queue4-mutant/src/runtime/src/Heap/Verify/AllocPhaseDiag.h:57:1: warning: inline variables are a C++17 extension [-Wc++17-extensions]
inline Slot g_table[kCap] = {};
^
/root/cj_build/impl_relocation_receipt_queue4-mutant/src/runtime/src/Heap/Verify/AllocPhaseDiag.h:58:1: warning: inline variables are a C++17 extension [-Wc++17-extensions]
inline NearEntry g_near[kNearCap] = {};
^
In file included from /root/cj_build/impl_relocation_receipt_queue4-mutant/src/runtime/src/Heap/Collector/Generation.cpp:8:
In file included from /root/cj_build/impl_relocation_receipt_queue4-mutant/src/runtime/src/Heap/WCollector/WCollector.h:22:
In file included from /root/cj_build/impl_relocation_receipt_queue4-mutant/src/runtime/src/Heap/Allocator/RegionSpace.h:19:
In file included from /root/cj_build/impl_relocation_receipt_queue4-mutant/src/runtime/src/Heap/Allocator/Allocator.h:11:
In file included from /root/cj_build/impl_relocation_receipt_queue4-mutant/src/runtime/src/Heap/Allocator/AllocBufferManager.h:15:
In file included from /root/cj_build/impl_relocation_receipt_queue4-mutant/src/runtime/src/Heap/Allocator/AllocBuffer.h:16:
In file included from /root/cj_build/impl_relocation_receipt_queue4-mutant/src/runtime/src/Heap/Allocator/RegionList.h:11:
In file included from /root/cj_build/impl_relocation_receipt_queue4-mutant/src/runtime/src/Heap/Allocator/RegionInfo.h:43:
/root/cj_build/impl_relocation_receipt_queue4-mutant/src/runtime/src/Heap/Verify/NullRouteCaller.h:34:1: warning: inline variables are a C++17 extension [-Wc++17-extensions]
inline thread_local const char* g_tag = nullptr;
^
/root/cj_build/impl_relocation_receipt_queue4-mutant/src/runtime/src/Heap/Verify/NullRouteCaller.h:35:1: warning: inline variables are a C++17 extension [-Wc++17-extensions]
inline thread_local const char* g_edgeSrc = nullptr;
^
/root/cj_build/impl_relocation_receipt_queue4-mutant/src/runtime/src/Heap/Verify/NullRouteCaller.h:36:1: warning: inline variables are a C++17 extension [-Wc++17-extensions]
inline thread_local uintptr_t g_slot = 0;
^
/root/cj_build/impl_relocation_receipt_queue4-mutant/src/runtime/src/Heap/Verify/NullRouteCaller.h:37:1: warning: inline variables are a C++17 extension [-Wc++17-extensions]
inline thread_local void* g_host = nullptr;
^
In file included from /root/cj_build/impl_relocation_receipt_queue4-mutant/src/runtime/src/Heap/Collector/Generation.cpp:8:
In file included from /root/cj_build/impl_relocation_receipt_queue4-mutant/src/runtime/src/Heap/WCollector/WCollector.h:22:
In file included from /root/cj_build/impl_relocation_receipt_queue4-mutant/src/runtime/src/Heap/Allocator/RegionSpace.h:19:
In file included from /root/cj_build/impl_relocation_receipt_queue4-mutant/src/runtime/src/Heap/Allocator/Allocator.h:11:
In file included from /root/cj_build/impl_relocation_receipt_queue4-mutant/src/runtime/src/Heap/Allocator/AllocBufferManager.h:15:
In file included from /root/cj_build/impl_relocation_receipt_queue4-mutant/src/runtime/src/Heap/Allocator/AllocBuffer.h:16:
In file included from /root/cj_build/impl_relocation_receipt_queue4-mutant/src/runtime/src/Heap/Allocator/RegionList.h:11:
In file included from /root/cj_build/impl_relocation_receipt_queue4-mutant/src/runtime/src/Heap/Allocator/RegionInfo.h:52:
/root/cj_build/impl_relocation_receipt_queue4-mutant/src/runtime/src/Heap/Verify/MutatorRelocate.h:102:8: warning: constexpr if is a C++17 extension [-Wc++17-extensions]
    if constexpr (kWaitRegionPublish) {
       ^
In file included from /root/cj_build/impl_relocation_receipt_queue4-mutant/src/runtime/src/Heap/Collector/Generation.cpp:8:
In file included from /root/cj_build/impl_relocation_receipt_queue4-mutant/src/runtime/src/Heap/WCollector/WCollector.h:22:
In file included from /root/cj_build/impl_relocation_receipt_queue4-mutant/src/runtime/src/Heap/Allocator/RegionSpace.h:22:
In file included from /root/cj_build/impl_relocation_receipt_queue4-mutant/src/runtime/src/Heap/Allocator/RegionManager.h:25:
In file included from /root/cj_build/impl_relocation_receipt_queue4-mutant/src/runtime/src/Heap/Allocator/FreeRegionManager.h:15:
In file included from /root/cj_build/impl_relocation_receipt_queue4-mutant/src/runtime/src/Common/ScopedObjectAccess.h:11:
In file included from /root/cj_build/impl_relocation_receipt_queue4-mutant/src/runtime/src/Mutator/Mutator.inline.h:11:
In file included from /root/cj_build/impl_relocation_receipt_queue4-mutant/src/runtime/src/Mutator/MutatorManager.h:17:
/root/cj_build/impl_relocation_receipt_queue4-mutant/src/runtime/src/Base/GcLog.h:217:45: warning: format string is not a string literal [-Wformat-nonliteral]
        int n = vsnprintf(buf, sizeof(buf), format, args);
                                            ^~~~~~
In file included from /root/cj_build/impl_relocation_receipt_queue4-mutant/src/runtime/src/Heap/Collector/Generation.cpp:8:
In file included from /root/cj_build/impl_relocation_receipt_queue4-mutant/src/runtime/src/Heap/WCollector/WCollector.h:24:
In file included from /root/cj_build/impl_relocation_receipt_queue4-mutant/src/runtime/src/Heap/Collector/CopyCollector.h:13:
/root/cj_build/impl_relocation_receipt_queue4-mutant/src/runtime/src/Heap/Collector/TracingCollector.h:352:20: warning: unused variable 'objSize' [-Wunused-variable]
            size_t objSize = obj->GetSize();
                   ^
In file included from /root/cj_build/impl_relocation_receipt_queue4-mutant/src/runtime/src/Heap/Collector/Generation.cpp:8:
/root/cj_build/impl_relocation_receipt_queue4-mutant/src/runtime/src/Heap/WCollector/WCollector.h:425:12: warning: constexpr if is a C++17 extension [-Wc++17-extensions]
        if constexpr (ForwardingTable::kEntriesSoleWhenArmed) {
           ^
/root/cj_build/impl_relocation_receipt_queue4-mutant/src/runtime/src/Heap/WCollector/WCollector.h:450:12: warning: constexpr if is a C++17 extension [-Wc++17-extensions]
        if constexpr (ForwardingTable::kEntriesSoleWhenArmed) {
           ^
/root/cj_build/impl_relocation_receipt_queue4-mutant/src/runtime/src/Heap/WCollector/WCollector.h:348:38: warning: unused variable 'waitCount' [-Wunused-variable]
        static std::atomic<uint64_t> waitCount{ 0 };
                                     ^
/root/cj_build/impl_relocation_receipt_queue4-mutant/src/runtime/src/Heap/WCollector/WCollector.h:345:38: warning: unused variable 'noGhostCount' [-Wunused-variable]
        static std::atomic<uint64_t> noGhostCount{ 0 };
                                     ^
/root/cj_build/impl_relocation_receipt_queue4-mutant/src/runtime/src/Heap/WCollector/WCollector.h:344:38: warning: unused variable 'nonHeapCount' [-Wunused-variable]
        static std::atomic<uint64_t> nonHeapCount{ 0 };
                                     ^
/root/cj_build/impl_relocation_receipt_queue4-mutant/src/runtime/src/Heap/WCollector/WCollector.h:347:38: warning: unused variable 'receiptCount' [-Wunused-variable]
        static std::atomic<uint64_t> receiptCount{ 0 };
                                     ^
/root/cj_build/impl_relocation_receipt_queue4-mutant/src/runtime/src/Heap/WCollector/WCollector.h:343:38: warning: unused variable 'callCount' [-Wunused-variable]
        static std::atomic<uint64_t> callCount{ 0 };
                                     ^
/root/cj_build/impl_relocation_receipt_queue4-mutant/src/runtime/src/Heap/WCollector/WCollector.h:349:38: warning: unused variable 'giveFromCount' [-Wunused-variable]
        static std::atomic<uint64_t> giveFromCount{ 0 };
                                     ^
/root/cj_build/impl_relocation_receipt_queue4-mutant/src/runtime/src/Heap/WCollector/WCollector.h:357:20: warning: unused variable 'funnel' [-Wunused-variable]
        const bool funnel = RemapFunnelOn();
                   ^
/root/cj_build/impl_relocation_receipt_queue4-mutant/src/runtime/src/Heap/WCollector/WCollector.h:346:38: warning: unused variable 'routeNullCount' [-Wunused-variable]
        static std::atomic<uint64_t> routeNullCount{ 0 };
                                     ^
/root/cj_build/impl_relocation_receipt_queue4-mutant/src/runtime/src/Heap/WCollector/WCollector.h:622:12: warning: constexpr if is a C++17 extension [-Wc++17-extensions]
        if constexpr (ForwardingTable::kEntriesSoleWhenArmed) {
           ^
/root/cj_build/impl_relocation_receipt_queue4-mutant/src/runtime/src/Heap/WCollector/WCollector.h:677:12: warning: constexpr if is a C++17 extension [-Wc++17-extensions]
        if constexpr (ForwardingTable::kConsumeEntries) {
           ^
/root/cj_build/impl_relocation_receipt_queue4-mutant/src/runtime/src/Heap/WCollector/WCollector.h:682:16: warning: constexpr if is a C++17 extension [-Wc++17-extensions]
            if constexpr (ForwardingTable::kEntriesSoleWhenArmed) {
               ^
/root/cj_build/impl_relocation_receipt_queue4-mutant/src/runtime/src/Heap/WCollector/WCollector.h:713:12: warning: constexpr if is a C++17 extension [-Wc++17-extensions]
        if constexpr (ForwardingTable::kConsumeEntries) {
           ^
/root/cj_build/impl_relocation_receipt_queue4-mutant/src/runtime/src/Heap/Collector/Generation.cpp:1018:50: warning: lambda capture 'this' is not used [-Wunused-lambda-capture]
                        object->ForEachRefField([this, &reachableSlots](RefField<>& field) {
                                                 ^~~~~
/root/cj_build/impl_relocation_receipt_queue4-mutant/src/runtime/src/Heap/Collector/Generation.cpp:1390:65: warning: lambda capture 'object' is not used [-Wunused-lambda-capture]
                object->ForEachRefField([this, &blackmarkExtra, object, &fixpointRefFields,
                                                              ~~^~~~~~
25 warnings generated.
[ 71%] Building CXX object src/Heap/WCollector/CMakeFiles/WCollector.dir/__/Collector/RelocationSet.cpp.o
In file included from /root/cj_build/impl_relocation_receipt_queue4-mutant/src/runtime/src/Heap/Verify/VerifyRegions.cpp:15:
In file included from /root/cj_build/impl_relocation_receipt_queue4-mutant/src/runtime/src/Heap/Verify/VerifyRegions.h:17:
In file included from /root/cj_build/impl_relocation_receipt_queue4-mutant/src/runtime/src/Heap/Allocator/RegionInfo.h:41:
/root/cj_build/impl_relocation_receipt_queue4-mutant/src/runtime/src/Heap/Verify/AllocPhaseDiag.h:57:1: warning: inline variables are a C++17 extension [-Wc++17-extensions]
inline Slot g_table[kCap] = {};
^
/root/cj_build/impl_relocation_receipt_queue4-mutant/src/runtime/src/Heap/Verify/AllocPhaseDiag.h:58:1: warning: inline variables are a C++17 extension [-Wc++17-extensions]
inline NearEntry g_near[kNearCap] = {};
^
In file included from /root/cj_build/impl_relocation_receipt_queue4-mutant/src/runtime/src/Heap/Verify/VerifyRegions.cpp:15:
In file included from /root/cj_build/impl_relocation_receipt_queue4-mutant/src/runtime/src/Heap/Verify/VerifyRegions.h:17:
In file included from /root/cj_build/impl_relocation_receipt_queue4-mutant/src/runtime/src/Heap/Allocator/RegionInfo.h:43:
/root/cj_build/impl_relocation_receipt_queue4-mutant/src/runtime/src/Heap/Verify/NullRouteCaller.h:34:1: warning: inline variables are a C++17 extension [-Wc++17-extensions]
inline thread_local const char* g_tag = nullptr;
^
/root/cj_build/impl_relocation_receipt_queue4-mutant/src/runtime/src/Heap/Verify/NullRouteCaller.h:35:1: warning: inline variables are a C++17 extension [-Wc++17-extensions]
inline thread_local const char* g_edgeSrc = nullptr;
^
/root/cj_build/impl_relocation_receipt_queue4-mutant/src/runtime/src/Heap/Verify/NullRouteCaller.h:36:1: warning: inline variables are a C++17 extension [-Wc++17-extensions]
inline thread_local uintptr_t g_slot = 0;
^
/root/cj_build/impl_relocation_receipt_queue4-mutant/src/runtime/src/Heap/Verify/NullRouteCaller.h:37:1: warning: inline variables are a C++17 extension [-Wc++17-extensions]
inline thread_local void* g_host = nullptr;
^
In file included from /root/cj_build/impl_relocation_receipt_queue4-mutant/src/runtime/src/Heap/Verify/VerifyRegions.cpp:15:
In file included from /root/cj_build/impl_relocation_receipt_queue4-mutant/src/runtime/src/Heap/Verify/VerifyRegions.h:17:
In file included from /root/cj_build/impl_relocation_receipt_queue4-mutant/src/runtime/src/Heap/Allocator/RegionInfo.h:52:
/root/cj_build/impl_relocation_receipt_queue4-mutant/src/runtime/src/Heap/Verify/MutatorRelocate.h:102:8: warning: constexpr if is a C++17 extension [-Wc++17-extensions]
    if constexpr (kWaitRegionPublish) {
       ^
In file included from /root/cj_build/impl_relocation_receipt_queue4-mutant/src/runtime/src/Heap/Verify/VerifyRegions.cpp:24:
In file included from /root/cj_build/impl_relocation_receipt_queue4-mutant/src/runtime/src/Heap/Allocator/RegionManager.h:25:
In file included from /root/cj_build/impl_relocation_receipt_queue4-mutant/src/runtime/src/Heap/Allocator/FreeRegionManager.h:15:
In file included from /root/cj_build/impl_relocation_receipt_queue4-mutant/src/runtime/src/Common/ScopedObjectAccess.h:11:
In file included from /root/cj_build/impl_relocation_receipt_queue4-mutant/src/runtime/src/Mutator/Mutator.inline.h:11:
In file included from /root/cj_build/impl_relocation_receipt_queue4-mutant/src/runtime/src/Mutator/MutatorManager.h:17:
/root/cj_build/impl_relocation_receipt_queue4-mutant/src/runtime/src/Base/GcLog.h:217:45: warning: format string is not a string literal [-Wformat-nonliteral]
        int n = vsnprintf(buf, sizeof(buf), format, args);
                                            ^~~~~~
/root/cj_build/impl_relocation_receipt_queue4-mutant/src/runtime/src/Heap/Verify/VerifyRegions.cpp:79:6: warning: unused function 'EnvIsOne' [-Wunused-function]
bool EnvIsOne(const char* name)
     ^
/root/cj_build/impl_relocation_receipt_queue4-mutant/src/runtime/src/Heap/Verify/VerifyRegions.cpp:85:8: warning: unused function 'EnvAsSize' [-Wunused-function]
size_t EnvAsSize(const char* name, size_t defaultValue)
       ^
10 warnings generated.
[ 72%] Building CXX object src/Heap/Verify/CMakeFiles/Verify.dir/TagReuseProbe.cpp.o
In file included from /root/cj_build/impl_relocation_receipt_queue4-mutant/src/runtime/src/Heap/Collector/TaskQueue.cpp:10:
In file included from /root/cj_build/impl_relocation_receipt_queue4-mutant/src/runtime/src/Heap/Collector/CollectorProxy.h:14:
In file included from /root/cj_build/impl_relocation_receipt_queue4-mutant/src/runtime/src/Heap/WCollector/WCollector.h:22:
In file included from /root/cj_build/impl_relocation_receipt_queue4-mutant/src/runtime/src/Heap/Allocator/RegionSpace.h:19:
In file included from /root/cj_build/impl_relocation_receipt_queue4-mutant/src/runtime/src/Heap/Allocator/Allocator.h:11:
In file included from /root/cj_build/impl_relocation_receipt_queue4-mutant/src/runtime/src/Heap/Allocator/AllocBufferManager.h:15:
In file included from /root/cj_build/impl_relocation_receipt_queue4-mutant/src/runtime/src/Heap/Allocator/AllocBuffer.h:16:
In file included from /root/cj_build/impl_relocation_receipt_queue4-mutant/src/runtime/src/Heap/Allocator/RegionList.h:11:
In file included from /root/cj_build/impl_relocation_receipt_queue4-mutant/src/runtime/src/Heap/Allocator/RegionInfo.h:41:
/root/cj_build/impl_relocation_receipt_queue4-mutant/src/runtime/src/Heap/Verify/AllocPhaseDiag.h:57:1: warning: inline variables are a C++17 extension [-Wc++17-extensions]
inline Slot g_table[kCap] = {};
^
/root/cj_build/impl_relocation_receipt_queue4-mutant/src/runtime/src/Heap/Verify/AllocPhaseDiag.h:58:1: warning: inline variables are a C++17 extension [-Wc++17-extensions]
inline NearEntry g_near[kNearCap] = {};
^
In file included from /root/cj_build/impl_relocation_receipt_queue4-mutant/src/runtime/src/Heap/Collector/TaskQueue.cpp:10:
In file included from /root/cj_build/impl_relocation_receipt_queue4-mutant/src/runtime/src/Heap/Collector/CollectorProxy.h:14:
In file included from /root/cj_build/impl_relocation_receipt_queue4-mutant/src/runtime/src/Heap/WCollector/WCollector.h:22:
In file included from /root/cj_build/impl_relocation_receipt_queue4-mutant/src/runtime/src/Heap/Allocator/RegionSpace.h:19:
In file included from /root/cj_build/impl_relocation_receipt_queue4-mutant/src/runtime/src/Heap/Allocator/Allocator.h:11:
In file included from /root/cj_build/impl_relocation_receipt_queue4-mutant/src/runtime/src/Heap/Allocator/AllocBufferManager.h:15:
In file included from /root/cj_build/impl_relocation_receipt_queue4-mutant/src/runtime/src/Heap/Allocator/AllocBuffer.h:16:
In file included from /root/cj_build/impl_relocation_receipt_queue4-mutant/src/runtime/src/Heap/Allocator/RegionList.h:11:
In file included from /root/cj_build/impl_relocation_receipt_queue4-mutant/src/runtime/src/Heap/Allocator/RegionInfo.h:43:
/root/cj_build/impl_relocation_receipt_queue4-mutant/src/runtime/src/Heap/Verify/NullRouteCaller.h:34:1: warning: inline variables are a C++17 extension [-Wc++17-extensions]
inline thread_local const char* g_tag = nullptr;
^
/root/cj_build/impl_relocation_receipt_queue4-mutant/src/runtime/src/Heap/Verify/NullRouteCaller.h:35:1: warning: inline variables are a C++17 extension [-Wc++17-extensions]
inline thread_local const char* g_edgeSrc = nullptr;
^
/root/cj_build/impl_relocation_receipt_queue4-mutant/src/runtime/src/Heap/Verify/NullRouteCaller.h:36:1: warning: inline variables are a C++17 extension [-Wc++17-extensions]
inline thread_local uintptr_t g_slot = 0;
^
/root/cj_build/impl_relocation_receipt_queue4-mutant/src/runtime/src/Heap/Verify/NullRouteCaller.h:37:1: warning: inline variables are a C++17 extension [-Wc++17-extensions]
inline thread_local void* g_host = nullptr;
^
In file included from /root/cj_build/impl_relocation_receipt_queue4-mutant/src/runtime/src/Heap/Collector/TaskQueue.cpp:10:
In file included from /root/cj_build/impl_relocation_receipt_queue4-mutant/src/runtime/src/Heap/Collector/CollectorProxy.h:14:
In file included from /root/cj_build/impl_relocation_receipt_queue4-mutant/src/runtime/src/Heap/WCollector/WCollector.h:22:
In file included from /root/cj_build/impl_relocation_receipt_queue4-mutant/src/runtime/src/Heap/Allocator/RegionSpace.h:19:
In file included from /root/cj_build/impl_relocation_receipt_queue4-mutant/src/runtime/src/Heap/Allocator/Allocator.h:11:
In file included from /root/cj_build/impl_relocation_receipt_queue4-mutant/src/runtime/src/Heap/Allocator/AllocBufferManager.h:15:
In file included from /root/cj_build/impl_relocation_receipt_queue4-mutant/src/runtime/src/Heap/Allocator/AllocBuffer.h:16:
In file included from /root/cj_build/impl_relocation_receipt_queue4-mutant/src/runtime/src/Heap/Allocator/RegionList.h:11:
In file included from /root/cj_build/impl_relocation_receipt_queue4-mutant/src/runtime/src/Heap/Allocator/RegionInfo.h:52:
/root/cj_build/impl_relocation_receipt_queue4-mutant/src/runtime/src/Heap/Verify/MutatorRelocate.h:102:8: warning: constexpr if is a C++17 extension [-Wc++17-extensions]
    if constexpr (kWaitRegionPublish) {
       ^
In file included from /root/cj_build/impl_relocation_receipt_queue4-mutant/src/runtime/src/Heap/Collector/TaskQueue.cpp:10:
In file included from /root/cj_build/impl_relocation_receipt_queue4-mutant/src/runtime/src/Heap/Collector/CollectorProxy.h:14:
In file included from /root/cj_build/impl_relocation_receipt_queue4-mutant/src/runtime/src/Heap/WCollector/WCollector.h:22:
In file included from /root/cj_build/impl_relocation_receipt_queue4-mutant/src/runtime/src/Heap/Allocator/RegionSpace.h:22:
In file included from /root/cj_build/impl_relocation_receipt_queue4-mutant/src/runtime/src/Heap/Allocator/RegionManager.h:25:
In file included from /root/cj_build/impl_relocation_receipt_queue4-mutant/src/runtime/src/Heap/Allocator/FreeRegionManager.h:15:
In file included from /root/cj_build/impl_relocation_receipt_queue4-mutant/src/runtime/src/Common/ScopedObjectAccess.h:11:
In file included from /root/cj_build/impl_relocation_receipt_queue4-mutant/src/runtime/src/Mutator/Mutator.inline.h:11:
In file included from /root/cj_build/impl_relocation_receipt_queue4-mutant/src/runtime/src/Mutator/MutatorManager.h:17:
/root/cj_build/impl_relocation_receipt_queue4-mutant/src/runtime/src/Base/GcLog.h:217:45: warning: format string is not a string literal [-Wformat-nonliteral]
        int n = vsnprintf(buf, sizeof(buf), format, args);
                                            ^~~~~~
In file included from /root/cj_build/impl_relocation_receipt_queue4-mutant/src/runtime/src/Heap/Collector/TaskQueue.cpp:10:
In file included from /root/cj_build/impl_relocation_receipt_queue4-mutant/src/runtime/src/Heap/Collector/CollectorProxy.h:14:
In file included from /root/cj_build/impl_relocation_receipt_queue4-mutant/src/runtime/src/Heap/WCollector/WCollector.h:24:
In file included from /root/cj_build/impl_relocation_receipt_queue4-mutant/src/runtime/src/Heap/Collector/CopyCollector.h:13:
/root/cj_build/impl_relocation_receipt_queue4-mutant/src/runtime/src/Heap/Collector/TracingCollector.h:352:20: warning: unused variable 'objSize' [-Wunused-variable]
            size_t objSize = obj->GetSize();
                   ^
In file included from /root/cj_build/impl_relocation_receipt_queue4-mutant/src/runtime/src/Heap/Collector/TaskQueue.cpp:10:
In file included from /root/cj_build/impl_relocation_receipt_queue4-mutant/src/runtime/src/Heap/Collector/CollectorProxy.h:14:
/root/cj_build/impl_relocation_receipt_queue4-mutant/src/runtime/src/Heap/WCollector/WCollector.h:425:12: warning: constexpr if is a C++17 extension [-Wc++17-extensions]
        if constexpr (ForwardingTable::kEntriesSoleWhenArmed) {
           ^
/root/cj_build/impl_relocation_receipt_queue4-mutant/src/runtime/src/Heap/WCollector/WCollector.h:450:12: warning: constexpr if is a C++17 extension [-Wc++17-extensions]
        if constexpr (ForwardingTable::kEntriesSoleWhenArmed) {
           ^
/root/cj_build/impl_relocation_receipt_queue4-mutant/src/runtime/src/Heap/WCollector/WCollector.h:346:38: warning: unused variable 'routeNullCount' [-Wunused-variable]
        static std::atomic<uint64_t> routeNullCount{ 0 };
                                     ^
/root/cj_build/impl_relocation_receipt_queue4-mutant/src/runtime/src/Heap/WCollector/WCollector.h:349:38: warning: unused variable 'giveFromCount' [-Wunused-variable]
        static std::atomic<uint64_t> giveFromCount{ 0 };
                                     ^
/root/cj_build/impl_relocation_receipt_queue4-mutant/src/runtime/src/Heap/WCollector/WCollector.h:347:38: warning: unused variable 'receiptCount' [-Wunused-variable]
        static std::atomic<uint64_t> receiptCount{ 0 };
                                     ^
/root/cj_build/impl_relocation_receipt_queue4-mutant/src/runtime/src/Heap/WCollector/WCollector.h:348:38: warning: unused variable 'waitCount' [-Wunused-variable]
        static std::atomic<uint64_t> waitCount{ 0 };
                                     ^
/root/cj_build/impl_relocation_receipt_queue4-mutant/src/runtime/src/Heap/WCollector/WCollector.h:344:38: warning: unused variable 'nonHeapCount' [-Wunused-variable]
        static std::atomic<uint64_t> nonHeapCount{ 0 };
                                     ^
/root/cj_build/impl_relocation_receipt_queue4-mutant/src/runtime/src/Heap/WCollector/WCollector.h:345:38: warning: unused variable 'noGhostCount' [-Wunused-variable]
        static std::atomic<uint64_t> noGhostCount{ 0 };
                                     ^
/root/cj_build/impl_relocation_receipt_queue4-mutant/src/runtime/src/Heap/WCollector/WCollector.h:357:20: warning: unused variable 'funnel' [-Wunused-variable]
        const bool funnel = RemapFunnelOn();
                   ^
/root/cj_build/impl_relocation_receipt_queue4-mutant/src/runtime/src/Heap/WCollector/WCollector.h:343:38: warning: unused variable 'callCount' [-Wunused-variable]
        static std::atomic<uint64_t> callCount{ 0 };
                                     ^
/root/cj_build/impl_relocation_receipt_queue4-mutant/src/runtime/src/Heap/WCollector/WCollector.h:622:12: warning: constexpr if is a C++17 extension [-Wc++17-extensions]
        if constexpr (ForwardingTable::kEntriesSoleWhenArmed) {
           ^
/root/cj_build/impl_relocation_receipt_queue4-mutant/src/runtime/src/Heap/WCollector/WCollector.h:677:12: warning: constexpr if is a C++17 extension [-Wc++17-extensions]
        if constexpr (ForwardingTable::kConsumeEntries) {
           ^
/root/cj_build/impl_relocation_receipt_queue4-mutant/src/runtime/src/Heap/WCollector/WCollector.h:682:16: warning: constexpr if is a C++17 extension [-Wc++17-extensions]
            if constexpr (ForwardingTable::kEntriesSoleWhenArmed) {
               ^
/root/cj_build/impl_relocation_receipt_queue4-mutant/src/runtime/src/Heap/WCollector/WCollector.h:713:12: warning: constexpr if is a C++17 extension [-Wc++17-extensions]
        if constexpr (ForwardingTable::kConsumeEntries) {
           ^
23 warnings generated.
[ 74%] Building CXX object src/Heap/Collector/CMakeFiles/Collector.dir/LiveInfo.cpp.o
In file included from /root/cj_build/impl_relocation_receipt_queue4-mutant/src/runtime/src/Heap/Collector/CopyCollector.cpp:8:
In file included from /root/cj_build/impl_relocation_receipt_queue4-mutant/src/runtime/src/Heap/Collector/CopyCollector.h:11:
In file included from /root/cj_build/impl_relocation_receipt_queue4-mutant/src/runtime/src/Heap/Allocator/RegionSpace.h:19:
In file included from /root/cj_build/impl_relocation_receipt_queue4-mutant/src/runtime/src/Heap/Allocator/Allocator.h:11:
In file included from /root/cj_build/impl_relocation_receipt_queue4-mutant/src/runtime/src/Heap/Allocator/AllocBufferManager.h:15:
In file included from /root/cj_build/impl_relocation_receipt_queue4-mutant/src/runtime/src/Heap/Allocator/AllocBuffer.h:16:
In file included from /root/cj_build/impl_relocation_receipt_queue4-mutant/src/runtime/src/Heap/Allocator/RegionList.h:11:
In file included from /root/cj_build/impl_relocation_receipt_queue4-mutant/src/runtime/src/Heap/Allocator/RegionInfo.h:41:
/root/cj_build/impl_relocation_receipt_queue4-mutant/src/runtime/src/Heap/Verify/AllocPhaseDiag.h:57:1: warning: inline variables are a C++17 extension [-Wc++17-extensions]
inline Slot g_table[kCap] = {};
^
/root/cj_build/impl_relocation_receipt_queue4-mutant/src/runtime/src/Heap/Verify/AllocPhaseDiag.h:58:1: warning: inline variables are a C++17 extension [-Wc++17-extensions]
inline NearEntry g_near[kNearCap] = {};
^
In file included from /root/cj_build/impl_relocation_receipt_queue4-mutant/src/runtime/src/Heap/Collector/CopyCollector.cpp:8:
In file included from /root/cj_build/impl_relocation_receipt_queue4-mutant/src/runtime/src/Heap/Collector/CopyCollector.h:11:
In file included from /root/cj_build/impl_relocation_receipt_queue4-mutant/src/runtime/src/Heap/Allocator/RegionSpace.h:19:
In file included from /root/cj_build/impl_relocation_receipt_queue4-mutant/src/runtime/src/Heap/Allocator/Allocator.h:11:
In file included from /root/cj_build/impl_relocation_receipt_queue4-mutant/src/runtime/src/Heap/Allocator/AllocBufferManager.h:15:
In file included from /root/cj_build/impl_relocation_receipt_queue4-mutant/src/runtime/src/Heap/Allocator/AllocBuffer.h:16:
In file included from /root/cj_build/impl_relocation_receipt_queue4-mutant/src/runtime/src/Heap/Allocator/RegionList.h:11:
In file included from /root/cj_build/impl_relocation_receipt_queue4-mutant/src/runtime/src/Heap/Allocator/RegionInfo.h:43:
/root/cj_build/impl_relocation_receipt_queue4-mutant/src/runtime/src/Heap/Verify/NullRouteCaller.h:34:1: warning: inline variables are a C++17 extension [-Wc++17-extensions]
inline thread_local const char* g_tag = nullptr;
^
/root/cj_build/impl_relocation_receipt_queue4-mutant/src/runtime/src/Heap/Verify/NullRouteCaller.h:35:1: warning: inline variables are a C++17 extension [-Wc++17-extensions]
inline thread_local const char* g_edgeSrc = nullptr;
^
/root/cj_build/impl_relocation_receipt_queue4-mutant/src/runtime/src/Heap/Verify/NullRouteCaller.h:36:1: warning: inline variables are a C++17 extension [-Wc++17-extensions]
inline thread_local uintptr_t g_slot = 0;
^
/root/cj_build/impl_relocation_receipt_queue4-mutant/src/runtime/src/Heap/Verify/NullRouteCaller.h:37:1: warning: inline variables are a C++17 extension [-Wc++17-extensions]
inline thread_local void* g_host = nullptr;
^
In file included from /root/cj_build/impl_relocation_receipt_queue4-mutant/src/runtime/src/Heap/Collector/CopyCollector.cpp:8:
In file included from /root/cj_build/impl_relocation_receipt_queue4-mutant/src/runtime/src/Heap/Collector/CopyCollector.h:11:
In file included from /root/cj_build/impl_relocation_receipt_queue4-mutant/src/runtime/src/Heap/Allocator/RegionSpace.h:19:
In file included from /root/cj_build/impl_relocation_receipt_queue4-mutant/src/runtime/src/Heap/Allocator/Allocator.h:11:
In file included from /root/cj_build/impl_relocation_receipt_queue4-mutant/src/runtime/src/Heap/Allocator/AllocBufferManager.h:15:
In file included from /root/cj_build/impl_relocation_receipt_queue4-mutant/src/runtime/src/Heap/Allocator/AllocBuffer.h:16:
In file included from /root/cj_build/impl_relocation_receipt_queue4-mutant/src/runtime/src/Heap/Allocator/RegionList.h:11:
In file included from /root/cj_build/impl_relocation_receipt_queue4-mutant/src/runtime/src/Heap/Allocator/RegionInfo.h:52:
/root/cj_build/impl_relocation_receipt_queue4-mutant/src/runtime/src/Heap/Verify/MutatorRelocate.h:102:8: warning: constexpr if is a C++17 extension [-Wc++17-extensions]
    if constexpr (kWaitRegionPublish) {
       ^
In file included from /root/cj_build/impl_relocation_receipt_queue4-mutant/src/runtime/src/Heap/Collector/CopyCollector.cpp:8:
In file included from /root/cj_build/impl_relocation_receipt_queue4-mutant/src/runtime/src/Heap/Collector/CopyCollector.h:11:
In file included from /root/cj_build/impl_relocation_receipt_queue4-mutant/src/runtime/src/Heap/Allocator/RegionSpace.h:22:
In file included from /root/cj_build/impl_relocation_receipt_queue4-mutant/src/runtime/src/Heap/Allocator/RegionManager.h:25:
In file included from /root/cj_build/impl_relocation_receipt_queue4-mutant/src/runtime/src/Heap/Allocator/FreeRegionManager.h:15:
In file included from /root/cj_build/impl_relocation_receipt_queue4-mutant/src/runtime/src/Common/ScopedObjectAccess.h:11:
In file included from /root/cj_build/impl_relocation_receipt_queue4-mutant/src/runtime/src/Mutator/Mutator.inline.h:11:
In file included from /root/cj_build/impl_relocation_receipt_queue4-mutant/src/runtime/src/Mutator/MutatorManager.h:17:
/root/cj_build/impl_relocation_receipt_queue4-mutant/src/runtime/src/Base/GcLog.h:217:45: warning: format string is not a string literal [-Wformat-nonliteral]
        int n = vsnprintf(buf, sizeof(buf), format, args);
                                            ^~~~~~
In file included from /root/cj_build/impl_relocation_receipt_queue4-mutant/src/runtime/src/Heap/Collector/CopyCollector.cpp:8:
In file included from /root/cj_build/impl_relocation_receipt_queue4-mutant/src/runtime/src/Heap/Collector/CopyCollector.h:13:
/root/cj_build/impl_relocation_receipt_queue4-mutant/src/runtime/src/Heap/Collector/TracingCollector.h:352:20: warning: unused variable 'objSize' [-Wunused-variable]
            size_t objSize = obj->GetSize();
                   ^
In file included from /root/cj_build/impl_relocation_receipt_queue4-mutant/src/runtime/src/Heap/Collector/CopyCollector.cpp:17:
/root/cj_build/impl_relocation_receipt_queue4-mutant/src/runtime/src/Heap/Collector/GcTrigger.h:477:8: warning: constexpr if is a C++17 extension [-Wc++17-extensions]
    if constexpr (kGcTriggerMajorAllocRateEnabled) {
       ^
/root/cj_build/impl_relocation_receipt_queue4-mutant/src/runtime/src/Heap/Collector/GcTrigger.h:496:8: warning: constexpr if is a C++17 extension [-Wc++17-extensions]
    if constexpr (kGcTriggerProactiveEnabled) {
       ^
/root/cj_build/impl_relocation_receipt_queue4-mutant/src/runtime/src/Heap/Collector/CopyCollector.cpp:189:12: warning: constexpr if is a C++17 extension [-Wc++17-extensions]
        if constexpr (kGcTriggerDynamicWorkersEnabled) {
           ^
12 warnings generated.
[ 74%] Building CXX object src/Heap/Collector/CMakeFiles/Collector.dir/ForwardDataManager.cpp.o
In file included from /root/cj_build/impl_relocation_receipt_queue4-mutant/src/runtime/src/Heap/Collector/Relocate.cpp:8:
In file included from /root/cj_build/impl_relocation_receipt_queue4-mutant/src/runtime/src/Heap/WCollector/WCollector.h:22:
In file included from /root/cj_build/impl_relocation_receipt_queue4-mutant/src/runtime/src/Heap/Allocator/RegionSpace.h:19:
In file included from /root/cj_build/impl_relocation_receipt_queue4-mutant/src/runtime/src/Heap/Allocator/Allocator.h:11:
In file included from /root/cj_build/impl_relocation_receipt_queue4-mutant/src/runtime/src/Heap/Allocator/AllocBufferManager.h:15:
In file included from /root/cj_build/impl_relocation_receipt_queue4-mutant/src/runtime/src/Heap/Allocator/AllocBuffer.h:16:
In file included from /root/cj_build/impl_relocation_receipt_queue4-mutant/src/runtime/src/Heap/Allocator/RegionList.h:11:
In file included from /root/cj_build/impl_relocation_receipt_queue4-mutant/src/runtime/src/Heap/Allocator/RegionInfo.h:41:
/root/cj_build/impl_relocation_receipt_queue4-mutant/src/runtime/src/Heap/Verify/AllocPhaseDiag.h:57:1: warning: inline variables are a C++17 extension [-Wc++17-extensions]
inline Slot g_table[kCap] = {};
^
/root/cj_build/impl_relocation_receipt_queue4-mutant/src/runtime/src/Heap/Verify/AllocPhaseDiag.h:58:1: warning: inline variables are a C++17 extension [-Wc++17-extensions]
inline NearEntry g_near[kNearCap] = {};
^
In file included from /root/cj_build/impl_relocation_receipt_queue4-mutant/src/runtime/src/Heap/Collector/Relocate.cpp:8:
In file included from /root/cj_build/impl_relocation_receipt_queue4-mutant/src/runtime/src/Heap/WCollector/WCollector.h:22:
In file included from /root/cj_build/impl_relocation_receipt_queue4-mutant/src/runtime/src/Heap/Allocator/RegionSpace.h:19:
In file included from /root/cj_build/impl_relocation_receipt_queue4-mutant/src/runtime/src/Heap/Allocator/Allocator.h:11:
In file included from /root/cj_build/impl_relocation_receipt_queue4-mutant/src/runtime/src/Heap/Allocator/AllocBufferManager.h:15:
In file included from /root/cj_build/impl_relocation_receipt_queue4-mutant/src/runtime/src/Heap/Allocator/AllocBuffer.h:16:
In file included from /root/cj_build/impl_relocation_receipt_queue4-mutant/src/runtime/src/Heap/Allocator/RegionList.h:11:
In file included from /root/cj_build/impl_relocation_receipt_queue4-mutant/src/runtime/src/Heap/Allocator/RegionInfo.h:43:
/root/cj_build/impl_relocation_receipt_queue4-mutant/src/runtime/src/Heap/Verify/NullRouteCaller.h:34:1: warning: inline variables are a C++17 extension [-Wc++17-extensions]
inline thread_local const char* g_tag = nullptr;
^
/root/cj_build/impl_relocation_receipt_queue4-mutant/src/runtime/src/Heap/Verify/NullRouteCaller.h:35:1: warning: inline variables are a C++17 extension [-Wc++17-extensions]
inline thread_local const char* g_edgeSrc = nullptr;
^
/root/cj_build/impl_relocation_receipt_queue4-mutant/src/runtime/src/Heap/Verify/NullRouteCaller.h:36:1: warning: inline variables are a C++17 extension [-Wc++17-extensions]
inline thread_local uintptr_t g_slot = 0;
^
/root/cj_build/impl_relocation_receipt_queue4-mutant/src/runtime/src/Heap/Verify/NullRouteCaller.h:37:1: warning: inline variables are a C++17 extension [-Wc++17-extensions]
inline thread_local void* g_host = nullptr;
^
In file included from /root/cj_build/impl_relocation_receipt_queue4-mutant/src/runtime/src/Heap/Collector/Relocate.cpp:8:
In file included from /root/cj_build/impl_relocation_receipt_queue4-mutant/src/runtime/src/Heap/WCollector/WCollector.h:22:
In file included from /root/cj_build/impl_relocation_receipt_queue4-mutant/src/runtime/src/Heap/Allocator/RegionSpace.h:19:
In file included from /root/cj_build/impl_relocation_receipt_queue4-mutant/src/runtime/src/Heap/Allocator/Allocator.h:11:
In file included from /root/cj_build/impl_relocation_receipt_queue4-mutant/src/runtime/src/Heap/Allocator/AllocBufferManager.h:15:
In file included from /root/cj_build/impl_relocation_receipt_queue4-mutant/src/runtime/src/Heap/Allocator/AllocBuffer.h:16:
In file included from /root/cj_build/impl_relocation_receipt_queue4-mutant/src/runtime/src/Heap/Allocator/RegionList.h:11:
In file included from /root/cj_build/impl_relocation_receipt_queue4-mutant/src/runtime/src/Heap/Allocator/RegionInfo.h:52:
/root/cj_build/impl_relocation_receipt_queue4-mutant/src/runtime/src/Heap/Verify/MutatorRelocate.h:102:8: warning: constexpr if is a C++17 extension [-Wc++17-extensions]
    if constexpr (kWaitRegionPublish) {
       ^
In file included from /root/cj_build/impl_relocation_receipt_queue4-mutant/src/runtime/src/Heap/Collector/Relocate.cpp:8:
In file included from /root/cj_build/impl_relocation_receipt_queue4-mutant/src/runtime/src/Heap/WCollector/WCollector.h:22:
In file included from /root/cj_build/impl_relocation_receipt_queue4-mutant/src/runtime/src/Heap/Allocator/RegionSpace.h:22:
In file included from /root/cj_build/impl_relocation_receipt_queue4-mutant/src/runtime/src/Heap/Allocator/RegionManager.h:25:
In file included from /root/cj_build/impl_relocation_receipt_queue4-mutant/src/runtime/src/Heap/Allocator/FreeRegionManager.h:15:
In file included from /root/cj_build/impl_relocation_receipt_queue4-mutant/src/runtime/src/Common/ScopedObjectAccess.h:11:
In file included from /root/cj_build/impl_relocation_receipt_queue4-mutant/src/runtime/src/Mutator/Mutator.inline.h:11:
In file included from /root/cj_build/impl_relocation_receipt_queue4-mutant/src/runtime/src/Mutator/MutatorManager.h:17:
/root/cj_build/impl_relocation_receipt_queue4-mutant/src/runtime/src/Base/GcLog.h:217:45: warning: format string is not a string literal [-Wformat-nonliteral]
        int n = vsnprintf(buf, sizeof(buf), format, args);
                                            ^~~~~~
In file included from /root/cj_build/impl_relocation_receipt_queue4-mutant/src/runtime/src/Heap/Collector/Relocate.cpp:8:
In file included from /root/cj_build/impl_relocation_receipt_queue4-mutant/src/runtime/src/Heap/WCollector/WCollector.h:24:
In file included from /root/cj_build/impl_relocation_receipt_queue4-mutant/src/runtime/src/Heap/Collector/CopyCollector.h:13:
/root/cj_build/impl_relocation_receipt_queue4-mutant/src/runtime/src/Heap/Collector/TracingCollector.h:352:20: warning: unused variable 'objSize' [-Wunused-variable]
            size_t objSize = obj->GetSize();
                   ^
In file included from /root/cj_build/impl_relocation_receipt_queue4-mutant/src/runtime/src/Heap/Collector/Relocate.cpp:8:
/root/cj_build/impl_relocation_receipt_queue4-mutant/src/runtime/src/Heap/WCollector/WCollector.h:425:12: warning: constexpr if is a C++17 extension [-Wc++17-extensions]
        if constexpr (ForwardingTable::kEntriesSoleWhenArmed) {
           ^
/root/cj_build/impl_relocation_receipt_queue4-mutant/src/runtime/src/Heap/WCollector/WCollector.h:450:12: warning: constexpr if is a C++17 extension [-Wc++17-extensions]
        if constexpr (ForwardingTable::kEntriesSoleWhenArmed) {
           ^
/root/cj_build/impl_relocation_receipt_queue4-mutant/src/runtime/src/Heap/WCollector/WCollector.h:343:38: warning: unused variable 'callCount' [-Wunused-variable]
        static std::atomic<uint64_t> callCount{ 0 };
                                     ^
/root/cj_build/impl_relocation_receipt_queue4-mutant/src/runtime/src/Heap/WCollector/WCollector.h:347:38: warning: unused variable 'receiptCount' [-Wunused-variable]
        static std::atomic<uint64_t> receiptCount{ 0 };
                                     ^
/root/cj_build/impl_relocation_receipt_queue4-mutant/src/runtime/src/Heap/WCollector/WCollector.h:348:38: warning: unused variable 'waitCount' [-Wunused-variable]
        static std::atomic<uint64_t> waitCount{ 0 };
                                     ^
/root/cj_build/impl_relocation_receipt_queue4-mutant/src/runtime/src/Heap/WCollector/WCollector.h:357:20: warning: unused variable 'funnel' [-Wunused-variable]
        const bool funnel = RemapFunnelOn();
                   ^
/root/cj_build/impl_relocation_receipt_queue4-mutant/src/runtime/src/Heap/WCollector/WCollector.h:345:38: warning: unused variable 'noGhostCount' [-Wunused-variable]
        static std::atomic<uint64_t> noGhostCount{ 0 };
                                     ^
/root/cj_build/impl_relocation_receipt_queue4-mutant/src/runtime/src/Heap/WCollector/WCollector.h:346:38: warning: unused variable 'routeNullCount' [-Wunused-variable]
        static std::atomic<uint64_t> routeNullCount{ 0 };
                                     ^
/root/cj_build/impl_relocation_receipt_queue4-mutant/src/runtime/src/Heap/WCollector/WCollector.h:344:38: warning: unused variable 'nonHeapCount' [-Wunused-variable]
        static std::atomic<uint64_t> nonHeapCount{ 0 };
                                     ^
/root/cj_build/impl_relocation_receipt_queue4-mutant/src/runtime/src/Heap/WCollector/WCollector.h:349:38: warning: unused variable 'giveFromCount' [-Wunused-variable]
        static std::atomic<uint64_t> giveFromCount{ 0 };
                                     ^
/root/cj_build/impl_relocation_receipt_queue4-mutant/src/runtime/src/Heap/WCollector/WCollector.h:622:12: warning: constexpr if is a C++17 extension [-Wc++17-extensions]
        if constexpr (ForwardingTable::kEntriesSoleWhenArmed) {
           ^
/root/cj_build/impl_relocation_receipt_queue4-mutant/src/runtime/src/Heap/WCollector/WCollector.h:677:12: warning: constexpr if is a C++17 extension [-Wc++17-extensions]
        if constexpr (ForwardingTable::kConsumeEntries) {
           ^
/root/cj_build/impl_relocation_receipt_queue4-mutant/src/runtime/src/Heap/WCollector/WCollector.h:682:16: warning: constexpr if is a C++17 extension [-Wc++17-extensions]
            if constexpr (ForwardingTable::kEntriesSoleWhenArmed) {
               ^
/root/cj_build/impl_relocation_receipt_queue4-mutant/src/runtime/src/Heap/WCollector/WCollector.h:713:12: warning: constexpr if is a C++17 extension [-Wc++17-extensions]
        if constexpr (ForwardingTable::kConsumeEntries) {
           ^
/root/cj_build/impl_relocation_receipt_queue4-mutant/src/runtime/src/Heap/Collector/Relocate.cpp:1510:56: warning: lambda capture 'this' is not used [-Wunused-lambda-capture]
    threadPool->AddWork(new (std::nothrow) LambdaWork([this, rootFix, derivedFix](size_t) {
                                                       ^~~~~
/root/cj_build/impl_relocation_receipt_queue4-mutant/src/runtime/src/Heap/Collector/Relocate.cpp:1518:56: warning: lambda capture 'this' is not used [-Wunused-lambda-capture]
    threadPool->AddWork(new (std::nothrow) LambdaWork([this, rootFix](size_t) {
                                                       ^~~~~
/root/cj_build/impl_relocation_receipt_queue4-mutant/src/runtime/src/Heap/Collector/Relocate.cpp:1522:56: warning: lambda capture 'this' is not used [-Wunused-lambda-capture]
    threadPool->AddWork(new (std::nothrow) LambdaWork([this, rootFix](size_t) {
                                                       ^~~~~
/root/cj_build/impl_relocation_receipt_queue4-mutant/src/runtime/src/Heap/Collector/Relocate.cpp:1530:56: warning: lambda capture 'this' is not used [-Wunused-lambda-capture]
    threadPool->AddWork(new (std::nothrow) LambdaWork([this, rootFix](size_t) {
                                                       ^~~~~
/root/cj_build/impl_relocation_receipt_queue4-mutant/src/runtime/src/Heap/Collector/Relocate.cpp:1668:33: warning: lambda capture 'this' is not used [-Wunused-lambda-capture]
    auto fixHeapParallelOnly = [this, &reachableVec, &remsetVec, &fixHeapSlice](GCThreadPool* pool) {
                                ^~~~~
/root/cj_build/impl_relocation_receipt_queue4-mutant/src/runtime/src/Heap/Collector/Relocate.cpp:2532:12: warning: constexpr if is a C++17 extension [-Wc++17-extensions]
        if constexpr (ForwardingTable::kEntriesSoleWhenArmed) {
           ^
/root/cj_build/impl_relocation_receipt_queue4-mutant/src/runtime/src/Heap/Collector/Relocate.cpp:2677:8: warning: constexpr if is a C++17 extension [-Wc++17-extensions]
    if constexpr (MutatorRelocate::kUnpublishedMeansKeepFrom) {
       ^
/root/cj_build/impl_relocation_receipt_queue4-mutant/src/runtime/src/Heap/Collector/Relocate.cpp:2774:8: warning: constexpr if is a C++17 extension [-Wc++17-extensions]
    if constexpr (!kResolveStoreValue) {
       ^
31 warnings generated.
[ 75%] Building CXX object src/Heap/Verify/CMakeFiles/Verify.dir/Stw2CurrentAudit.cpp.o
In file included from /root/cj_build/impl_relocation_receipt_queue4-mutant/src/runtime/src/Heap/Collector/RelocationSet.cpp:8:
In file included from /root/cj_build/impl_relocation_receipt_queue4-mutant/src/runtime/src/Heap/WCollector/WCollector.h:22:
In file included from /root/cj_build/impl_relocation_receipt_queue4-mutant/src/runtime/src/Heap/Allocator/RegionSpace.h:19:
In file included from /root/cj_build/impl_relocation_receipt_queue4-mutant/src/runtime/src/Heap/Allocator/Allocator.h:11:
In file included from /root/cj_build/impl_relocation_receipt_queue4-mutant/src/runtime/src/Heap/Allocator/AllocBufferManager.h:15:
In file included from /root/cj_build/impl_relocation_receipt_queue4-mutant/src/runtime/src/Heap/Allocator/AllocBuffer.h:16:
In file included from /root/cj_build/impl_relocation_receipt_queue4-mutant/src/runtime/src/Heap/Allocator/RegionList.h:11:
In file included from /root/cj_build/impl_relocation_receipt_queue4-mutant/src/runtime/src/Heap/Allocator/RegionInfo.h:41:
/root/cj_build/impl_relocation_receipt_queue4-mutant/src/runtime/src/Heap/Verify/AllocPhaseDiag.h:57:1: warning: inline variables are a C++17 extension [-Wc++17-extensions]
inline Slot g_table[kCap] = {};
^
/root/cj_build/impl_relocation_receipt_queue4-mutant/src/runtime/src/Heap/Verify/AllocPhaseDiag.h:58:1: warning: inline variables are a C++17 extension [-Wc++17-extensions]
inline NearEntry g_near[kNearCap] = {};
^
In file included from /root/cj_build/impl_relocation_receipt_queue4-mutant/src/runtime/src/Heap/Collector/RelocationSet.cpp:8:
In file included from /root/cj_build/impl_relocation_receipt_queue4-mutant/src/runtime/src/Heap/WCollector/WCollector.h:22:
In file included from /root/cj_build/impl_relocation_receipt_queue4-mutant/src/runtime/src/Heap/Allocator/RegionSpace.h:19:
In file included from /root/cj_build/impl_relocation_receipt_queue4-mutant/src/runtime/src/Heap/Allocator/Allocator.h:11:
In file included from /root/cj_build/impl_relocation_receipt_queue4-mutant/src/runtime/src/Heap/Allocator/AllocBufferManager.h:15:
In file included from /root/cj_build/impl_relocation_receipt_queue4-mutant/src/runtime/src/Heap/Allocator/AllocBuffer.h:16:
In file included from /root/cj_build/impl_relocation_receipt_queue4-mutant/src/runtime/src/Heap/Allocator/RegionList.h:11:
In file included from /root/cj_build/impl_relocation_receipt_queue4-mutant/src/runtime/src/Heap/Allocator/RegionInfo.h:43:
/root/cj_build/impl_relocation_receipt_queue4-mutant/src/runtime/src/Heap/Verify/NullRouteCaller.h:34:1: warning: inline variables are a C++17 extension [-Wc++17-extensions]
inline thread_local const char* g_tag = nullptr;
^
/root/cj_build/impl_relocation_receipt_queue4-mutant/src/runtime/src/Heap/Verify/NullRouteCaller.h:35:1: warning: inline variables are a C++17 extension [-Wc++17-extensions]
inline thread_local const char* g_edgeSrc = nullptr;
^
/root/cj_build/impl_relocation_receipt_queue4-mutant/src/runtime/src/Heap/Verify/NullRouteCaller.h:36:1: warning: inline variables are a C++17 extension [-Wc++17-extensions]
inline thread_local uintptr_t g_slot = 0;
^
/root/cj_build/impl_relocation_receipt_queue4-mutant/src/runtime/src/Heap/Verify/NullRouteCaller.h:37:1: warning: inline variables are a C++17 extension [-Wc++17-extensions]
inline thread_local void* g_host = nullptr;
^
In file included from /root/cj_build/impl_relocation_receipt_queue4-mutant/src/runtime/src/Heap/Collector/RelocationSet.cpp:8:
In file included from /root/cj_build/impl_relocation_receipt_queue4-mutant/src/runtime/src/Heap/WCollector/WCollector.h:22:
In file included from /root/cj_build/impl_relocation_receipt_queue4-mutant/src/runtime/src/Heap/Allocator/RegionSpace.h:19:
In file included from /root/cj_build/impl_relocation_receipt_queue4-mutant/src/runtime/src/Heap/Allocator/Allocator.h:11:
In file included from /root/cj_build/impl_relocation_receipt_queue4-mutant/src/runtime/src/Heap/Allocator/AllocBufferManager.h:15:
In file included from /root/cj_build/impl_relocation_receipt_queue4-mutant/src/runtime/src/Heap/Allocator/AllocBuffer.h:16:
In file included from /root/cj_build/impl_relocation_receipt_queue4-mutant/src/runtime/src/Heap/Allocator/RegionList.h:11:
In file included from /root/cj_build/impl_relocation_receipt_queue4-mutant/src/runtime/src/Heap/Allocator/RegionInfo.h:52:
/root/cj_build/impl_relocation_receipt_queue4-mutant/src/runtime/src/Heap/Verify/MutatorRelocate.h:102:8: warning: constexpr if is a C++17 extension [-Wc++17-extensions]
    if constexpr (kWaitRegionPublish) {
       ^
In file included from /root/cj_build/impl_relocation_receipt_queue4-mutant/src/runtime/src/Heap/Collector/RelocationSet.cpp:8:
In file included from /root/cj_build/impl_relocation_receipt_queue4-mutant/src/runtime/src/Heap/WCollector/WCollector.h:22:
In file included from /root/cj_build/impl_relocation_receipt_queue4-mutant/src/runtime/src/Heap/Allocator/RegionSpace.h:22:
In file included from /root/cj_build/impl_relocation_receipt_queue4-mutant/src/runtime/src/Heap/Allocator/RegionManager.h:25:
In file included from /root/cj_build/impl_relocation_receipt_queue4-mutant/src/runtime/src/Heap/Allocator/FreeRegionManager.h:15:
In file included from /root/cj_build/impl_relocation_receipt_queue4-mutant/src/runtime/src/Common/ScopedObjectAccess.h:11:
In file included from /root/cj_build/impl_relocation_receipt_queue4-mutant/src/runtime/src/Mutator/Mutator.inline.h:11:
In file included from /root/cj_build/impl_relocation_receipt_queue4-mutant/src/runtime/src/Mutator/MutatorManager.h:17:
/root/cj_build/impl_relocation_receipt_queue4-mutant/src/runtime/src/Base/GcLog.h:217:45: warning: format string is not a string literal [-Wformat-nonliteral]
        int n = vsnprintf(buf, sizeof(buf), format, args);
                                            ^~~~~~
In file included from /root/cj_build/impl_relocation_receipt_queue4-mutant/src/runtime/src/Heap/Collector/RelocationSet.cpp:8:
In file included from /root/cj_build/impl_relocation_receipt_queue4-mutant/src/runtime/src/Heap/WCollector/WCollector.h:24:
In file included from /root/cj_build/impl_relocation_receipt_queue4-mutant/src/runtime/src/Heap/Collector/CopyCollector.h:13:
/root/cj_build/impl_relocation_receipt_queue4-mutant/src/runtime/src/Heap/Collector/TracingCollector.h:352:20: warning: unused variable 'objSize' [-Wunused-variable]
            size_t objSize = obj->GetSize();
                   ^
In file included from /root/cj_build/impl_relocation_receipt_queue4-mutant/src/runtime/src/Heap/Collector/RelocationSet.cpp:8:
/root/cj_build/impl_relocation_receipt_queue4-mutant/src/runtime/src/Heap/WCollector/WCollector.h:425:12: warning: constexpr if is a C++17 extension [-Wc++17-extensions]
        if constexpr (ForwardingTable::kEntriesSoleWhenArmed) {
           ^
/root/cj_build/impl_relocation_receipt_queue4-mutant/src/runtime/src/Heap/WCollector/WCollector.h:450:12: warning: constexpr if is a C++17 extension [-Wc++17-extensions]
        if constexpr (ForwardingTable::kEntriesSoleWhenArmed) {
           ^
/root/cj_build/impl_relocation_receipt_queue4-mutant/src/runtime/src/Heap/WCollector/WCollector.h:347:38: warning: unused variable 'receiptCount' [-Wunused-variable]
        static std::atomic<uint64_t> receiptCount{ 0 };
                                     ^
/root/cj_build/impl_relocation_receipt_queue4-mutant/src/runtime/src/Heap/WCollector/WCollector.h:357:20: warning: unused variable 'funnel' [-Wunused-variable]
        const bool funnel = RemapFunnelOn();
                   ^
/root/cj_build/impl_relocation_receipt_queue4-mutant/src/runtime/src/Heap/WCollector/WCollector.h:349:38: warning: unused variable 'giveFromCount' [-Wunused-variable]
        static std::atomic<uint64_t> giveFromCount{ 0 };
                                     ^
/root/cj_build/impl_relocation_receipt_queue4-mutant/src/runtime/src/Heap/WCollector/WCollector.h:344:38: warning: unused variable 'nonHeapCount' [-Wunused-variable]
        static std::atomic<uint64_t> nonHeapCount{ 0 };
                                     ^
/root/cj_build/impl_relocation_receipt_queue4-mutant/src/runtime/src/Heap/WCollector/WCollector.h:345:38: warning: unused variable 'noGhostCount' [-Wunused-variable]
        static std::atomic<uint64_t> noGhostCount{ 0 };
                                     ^
/root/cj_build/impl_relocation_receipt_queue4-mutant/src/runtime/src/Heap/WCollector/WCollector.h:346:38: warning: unused variable 'routeNullCount' [-Wunused-variable]
        static std::atomic<uint64_t> routeNullCount{ 0 };
                                     ^
/root/cj_build/impl_relocation_receipt_queue4-mutant/src/runtime/src/Heap/WCollector/WCollector.h:343:38: warning: unused variable 'callCount' [-Wunused-variable]
        static std::atomic<uint64_t> callCount{ 0 };
                                     ^
/root/cj_build/impl_relocation_receipt_queue4-mutant/src/runtime/src/Heap/WCollector/WCollector.h:348:38: warning: unused variable 'waitCount' [-Wunused-variable]
        static std::atomic<uint64_t> waitCount{ 0 };
                                     ^
/root/cj_build/impl_relocation_receipt_queue4-mutant/src/runtime/src/Heap/WCollector/WCollector.h:622:12: warning: constexpr if is a C++17 extension [-Wc++17-extensions]
        if constexpr (ForwardingTable::kEntriesSoleWhenArmed) {
           ^
/root/cj_build/impl_relocation_receipt_queue4-mutant/src/runtime/src/Heap/WCollector/WCollector.h:677:12: warning: constexpr if is a C++17 extension [-Wc++17-extensions]
        if constexpr (ForwardingTable::kConsumeEntries) {
           ^
/root/cj_build/impl_relocation_receipt_queue4-mutant/src/runtime/src/Heap/WCollector/WCollector.h:682:16: warning: constexpr if is a C++17 extension [-Wc++17-extensions]
            if constexpr (ForwardingTable::kEntriesSoleWhenArmed) {
               ^
/root/cj_build/impl_relocation_receipt_queue4-mutant/src/runtime/src/Heap/WCollector/WCollector.h:713:12: warning: constexpr if is a C++17 extension [-Wc++17-extensions]
        if constexpr (ForwardingTable::kConsumeEntries) {
           ^
23 warnings generated.
In file included from /root/cj_build/impl_relocation_receipt_queue4-mutant/src/runtime/src/Heap/Verify/TagReuseProbe.cpp:15:
In file included from /root/cj_build/impl_relocation_receipt_queue4-mutant/src/runtime/src/Heap/Allocator/RegionInfo.h:41:
/root/cj_build/impl_relocation_receipt_queue4-mutant/src/runtime/src/Heap/Verify/AllocPhaseDiag.h:57:1: warning: inline variables are a C++17 extension [-Wc++17-extensions]
inline Slot g_table[kCap] = {};
^
/root/cj_build/impl_relocation_receipt_queue4-mutant/src/runtime/src/Heap/Verify/AllocPhaseDiag.h:58:1: warning: inline variables are a C++17 extension [-Wc++17-extensions]
inline NearEntry g_near[kNearCap] = {};
^
In file included from /root/cj_build/impl_relocation_receipt_queue4-mutant/src/runtime/src/Heap/Verify/TagReuseProbe.cpp:15:
In file included from /root/cj_build/impl_relocation_receipt_queue4-mutant/src/runtime/src/Heap/Allocator/RegionInfo.h:43:
/root/cj_build/impl_relocation_receipt_queue4-mutant/src/runtime/src/Heap/Verify/NullRouteCaller.h:34:1: warning: inline variables are a C++17 extension [-Wc++17-extensions]
inline thread_local const char* g_tag = nullptr;
^
/root/cj_build/impl_relocation_receipt_queue4-mutant/src/runtime/src/Heap/Verify/NullRouteCaller.h:35:1: warning: inline variables are a C++17 extension [-Wc++17-extensions]
inline thread_local const char* g_edgeSrc = nullptr;
^
/root/cj_build/impl_relocation_receipt_queue4-mutant/src/runtime/src/Heap/Verify/NullRouteCaller.h:36:1: warning: inline variables are a C++17 extension [-Wc++17-extensions]
inline thread_local uintptr_t g_slot = 0;
^
/root/cj_build/impl_relocation_receipt_queue4-mutant/src/runtime/src/Heap/Verify/NullRouteCaller.h:37:1: warning: inline variables are a C++17 extension [-Wc++17-extensions]
inline thread_local void* g_host = nullptr;
^
In file included from /root/cj_build/impl_relocation_receipt_queue4-mutant/src/runtime/src/Heap/Verify/TagReuseProbe.cpp:15:
In file included from /root/cj_build/impl_relocation_receipt_queue4-mutant/src/runtime/src/Heap/Allocator/RegionInfo.h:52:
/root/cj_build/impl_relocation_receipt_queue4-mutant/src/runtime/src/Heap/Verify/MutatorRelocate.h:102:8: warning: constexpr if is a C++17 extension [-Wc++17-extensions]
    if constexpr (kWaitRegionPublish) {
       ^
In file included from /root/cj_build/impl_relocation_receipt_queue4-mutant/src/runtime/src/Heap/Verify/TagReuseProbe.cpp:16:
In file included from /root/cj_build/impl_relocation_receipt_queue4-mutant/src/runtime/src/Heap/Allocator/RegionManager.h:25:
In file included from /root/cj_build/impl_relocation_receipt_queue4-mutant/src/runtime/src/Heap/Allocator/FreeRegionManager.h:15:
In file included from /root/cj_build/impl_relocation_receipt_queue4-mutant/src/runtime/src/Common/ScopedObjectAccess.h:11:
In file included from /root/cj_build/impl_relocation_receipt_queue4-mutant/src/runtime/src/Mutator/Mutator.inline.h:11:
In file included from /root/cj_build/impl_relocation_receipt_queue4-mutant/src/runtime/src/Mutator/MutatorManager.h:17:
/root/cj_build/impl_relocation_receipt_queue4-mutant/src/runtime/src/Base/GcLog.h:217:45: warning: format string is not a string literal [-Wformat-nonliteral]
        int n = vsnprintf(buf, sizeof(buf), format, args);
                                            ^~~~~~
/root/cj_build/impl_relocation_receipt_queue4-mutant/src/runtime/src/Heap/Verify/TagReuseProbe.cpp:36:6: warning: unused function 'EnvIsOne' [-Wunused-function]
bool EnvIsOne(const char* name)
     ^
9 warnings generated.
In file included from /root/cj_build/impl_relocation_receipt_queue4-mutant/src/runtime/src/Heap/Collector/LiveInfo.cpp:9:
In file included from /root/cj_build/impl_relocation_receipt_queue4-mutant/src/runtime/src/Heap/Allocator/RegionInfo.h:41:
/root/cj_build/impl_relocation_receipt_queue4-mutant/src/runtime/src/Heap/Verify/AllocPhaseDiag.h:57:1: warning: inline variables are a C++17 extension [-Wc++17-extensions]
inline Slot g_table[kCap] = {};
^
/root/cj_build/impl_relocation_receipt_queue4-mutant/src/runtime/src/Heap/Verify/AllocPhaseDiag.h:58:1: warning: inline variables are a C++17 extension [-Wc++17-extensions]
inline NearEntry g_near[kNearCap] = {};
^
In file included from /root/cj_build/impl_relocation_receipt_queue4-mutant/src/runtime/src/Heap/Collector/LiveInfo.cpp:9:
In file included from /root/cj_build/impl_relocation_receipt_queue4-mutant/src/runtime/src/Heap/Allocator/RegionInfo.h:43:
/root/cj_build/impl_relocation_receipt_queue4-mutant/src/runtime/src/Heap/Verify/NullRouteCaller.h:34:1: warning: inline variables are a C++17 extension [-Wc++17-extensions]
inline thread_local const char* g_tag = nullptr;
^
/root/cj_build/impl_relocation_receipt_queue4-mutant/src/runtime/src/Heap/Verify/NullRouteCaller.h:35:1: warning: inline variables are a C++17 extension [-Wc++17-extensions]
inline thread_local const char* g_edgeSrc = nullptr;
^
/root/cj_build/impl_relocation_receipt_queue4-mutant/src/runtime/src/Heap/Verify/NullRouteCaller.h:36:1: warning: inline variables are a C++17 extension [-Wc++17-extensions]
inline thread_local uintptr_t g_slot = 0;
^
/root/cj_build/impl_relocation_receipt_queue4-mutant/src/runtime/src/Heap/Verify/NullRouteCaller.h:37:1: warning: inline variables are a C++17 extension [-Wc++17-extensions]
inline thread_local void* g_host = nullptr;
^
In file included from /root/cj_build/impl_relocation_receipt_queue4-mutant/src/runtime/src/Heap/Collector/LiveInfo.cpp:9:
In file included from /root/cj_build/impl_relocation_receipt_queue4-mutant/src/runtime/src/Heap/Allocator/RegionInfo.h:52:
/root/cj_build/impl_relocation_receipt_queue4-mutant/src/runtime/src/Heap/Verify/MutatorRelocate.h:102:8: warning: constexpr if is a C++17 extension [-Wc++17-extensions]
    if constexpr (kWaitRegionPublish) {
       ^
In file included from /root/cj_build/impl_relocation_receipt_queue4-mutant/src/runtime/src/Heap/Collector/LiveInfo.cpp:10:
In file included from /root/cj_build/impl_relocation_receipt_queue4-mutant/src/runtime/src/Heap/Allocator/RegionSpace.h:22:
In file included from /root/cj_build/impl_relocation_receipt_queue4-mutant/src/runtime/src/Heap/Allocator/RegionManager.h:25:
In file included from /root/cj_build/impl_relocation_receipt_queue4-mutant/src/runtime/src/Heap/Allocator/FreeRegionManager.h:15:
In file included from /root/cj_build/impl_relocation_receipt_queue4-mutant/src/runtime/src/Common/ScopedObjectAccess.h:11:
In file included from /root/cj_build/impl_relocation_receipt_queue4-mutant/src/runtime/src/Mutator/Mutator.inline.h:11:
In file included from /root/cj_build/impl_relocation_receipt_queue4-mutant/src/runtime/src/Mutator/MutatorManager.h:17:
/root/cj_build/impl_relocation_receipt_queue4-mutant/src/runtime/src/Base/GcLog.h:217:45: warning: format string is not a string literal [-Wformat-nonliteral]
        int n = vsnprintf(buf, sizeof(buf), format, args);
                                            ^~~~~~
8 warnings generated.
In file included from /root/cj_build/impl_relocation_receipt_queue4-mutant/src/runtime/src/Heap/Collector/ForwardDataManager.cpp:15:
In file included from /root/cj_build/impl_relocation_receipt_queue4-mutant/src/runtime/src/Heap/Allocator/RegionInfo.h:41:
/root/cj_build/impl_relocation_receipt_queue4-mutant/src/runtime/src/Heap/Verify/AllocPhaseDiag.h:57:1: warning: inline variables are a C++17 extension [-Wc++17-extensions]
inline Slot g_table[kCap] = {};
^
/root/cj_build/impl_relocation_receipt_queue4-mutant/src/runtime/src/Heap/Verify/AllocPhaseDiag.h:58:1: warning: inline variables are a C++17 extension [-Wc++17-extensions]
inline NearEntry g_near[kNearCap] = {};
^
In file included from /root/cj_build/impl_relocation_receipt_queue4-mutant/src/runtime/src/Heap/Collector/ForwardDataManager.cpp:15:
In file included from /root/cj_build/impl_relocation_receipt_queue4-mutant/src/runtime/src/Heap/Allocator/RegionInfo.h:43:
/root/cj_build/impl_relocation_receipt_queue4-mutant/src/runtime/src/Heap/Verify/NullRouteCaller.h:34:1: warning: inline variables are a C++17 extension [-Wc++17-extensions]
inline thread_local const char* g_tag = nullptr;
^
/root/cj_build/impl_relocation_receipt_queue4-mutant/src/runtime/src/Heap/Verify/NullRouteCaller.h:35:1: warning: inline variables are a C++17 extension [-Wc++17-extensions]
inline thread_local const char* g_edgeSrc = nullptr;
^
/root/cj_build/impl_relocation_receipt_queue4-mutant/src/runtime/src/Heap/Verify/NullRouteCaller.h:36:1: warning: inline variables are a C++17 extension [-Wc++17-extensions]
inline thread_local uintptr_t g_slot = 0;
^
/root/cj_build/impl_relocation_receipt_queue4-mutant/src/runtime/src/Heap/Verify/NullRouteCaller.h:37:1: warning: inline variables are a C++17 extension [-Wc++17-extensions]
inline thread_local void* g_host = nullptr;
^
In file included from /root/cj_build/impl_relocation_receipt_queue4-mutant/src/runtime/src/Heap/Collector/ForwardDataManager.cpp:15:
In file included from /root/cj_build/impl_relocation_receipt_queue4-mutant/src/runtime/src/Heap/Allocator/RegionInfo.h:52:
/root/cj_build/impl_relocation_receipt_queue4-mutant/src/runtime/src/Heap/Verify/MutatorRelocate.h:102:8: warning: constexpr if is a C++17 extension [-Wc++17-extensions]
    if constexpr (kWaitRegionPublish) {
       ^
In file included from /root/cj_build/impl_relocation_receipt_queue4-mutant/src/runtime/src/Heap/Collector/ForwardDataManager.cpp:16:
In file included from /root/cj_build/impl_relocation_receipt_queue4-mutant/src/runtime/src/Heap/Allocator/RegionManager.h:25:
In file included from /root/cj_build/impl_relocation_receipt_queue4-mutant/src/runtime/src/Heap/Allocator/FreeRegionManager.h:15:
In file included from /root/cj_build/impl_relocation_receipt_queue4-mutant/src/runtime/src/Common/ScopedObjectAccess.h:11:
In file included from /root/cj_build/impl_relocation_receipt_queue4-mutant/src/runtime/src/Mutator/Mutator.inline.h:11:
In file included from /root/cj_build/impl_relocation_receipt_queue4-mutant/src/runtime/src/Mutator/MutatorManager.h:17:
/root/cj_build/impl_relocation_receipt_queue4-mutant/src/runtime/src/Base/GcLog.h:217:45: warning: format string is not a string literal [-Wformat-nonliteral]
        int n = vsnprintf(buf, sizeof(buf), format, args);
                                            ^~~~~~
8 warnings generated.
[ 76%] Linking CXX static library ../../../../output/temp/ar/x86_64_Release/libCollector.a
[ 78%] Built target Collector
In file included from /root/cj_build/impl_relocation_receipt_queue4-mutant/src/runtime/src/Heap/Verify/Stw2CurrentAudit.cpp:11:
In file included from /root/cj_build/impl_relocation_receipt_queue4-mutant/src/runtime/src/Heap/Allocator/AllocBuffer.h:16:
In file included from /root/cj_build/impl_relocation_receipt_queue4-mutant/src/runtime/src/Heap/Allocator/RegionList.h:11:
In file included from /root/cj_build/impl_relocation_receipt_queue4-mutant/src/runtime/src/Heap/Allocator/RegionInfo.h:41:
/root/cj_build/impl_relocation_receipt_queue4-mutant/src/runtime/src/Heap/Verify/AllocPhaseDiag.h:57:1: warning: inline variables are a C++17 extension [-Wc++17-extensions]
inline Slot g_table[kCap] = {};
^
/root/cj_build/impl_relocation_receipt_queue4-mutant/src/runtime/src/Heap/Verify/AllocPhaseDiag.h:58:1: warning: inline variables are a C++17 extension [-Wc++17-extensions]
inline NearEntry g_near[kNearCap] = {};
^
In file included from /root/cj_build/impl_relocation_receipt_queue4-mutant/src/runtime/src/Heap/Verify/Stw2CurrentAudit.cpp:11:
In file included from /root/cj_build/impl_relocation_receipt_queue4-mutant/src/runtime/src/Heap/Allocator/AllocBuffer.h:16:
In file included from /root/cj_build/impl_relocation_receipt_queue4-mutant/src/runtime/src/Heap/Allocator/RegionList.h:11:
In file included from /root/cj_build/impl_relocation_receipt_queue4-mutant/src/runtime/src/Heap/Allocator/RegionInfo.h:43:
/root/cj_build/impl_relocation_receipt_queue4-mutant/src/runtime/src/Heap/Verify/NullRouteCaller.h:34:1: warning: inline variables are a C++17 extension [-Wc++17-extensions]
inline thread_local const char* g_tag = nullptr;
^
/root/cj_build/impl_relocation_receipt_queue4-mutant/src/runtime/src/Heap/Verify/NullRouteCaller.h:35:1: warning: inline variables are a C++17 extension [-Wc++17-extensions]
inline thread_local const char* g_edgeSrc = nullptr;
^
/root/cj_build/impl_relocation_receipt_queue4-mutant/src/runtime/src/Heap/Verify/NullRouteCaller.h:36:1: warning: inline variables are a C++17 extension [-Wc++17-extensions]
inline thread_local uintptr_t g_slot = 0;
^
/root/cj_build/impl_relocation_receipt_queue4-mutant/src/runtime/src/Heap/Verify/NullRouteCaller.h:37:1: warning: inline variables are a C++17 extension [-Wc++17-extensions]
inline thread_local void* g_host = nullptr;
^
In file included from /root/cj_build/impl_relocation_receipt_queue4-mutant/src/runtime/src/Heap/Verify/Stw2CurrentAudit.cpp:11:
In file included from /root/cj_build/impl_relocation_receipt_queue4-mutant/src/runtime/src/Heap/Allocator/AllocBuffer.h:16:
In file included from /root/cj_build/impl_relocation_receipt_queue4-mutant/src/runtime/src/Heap/Allocator/RegionList.h:11:
In file included from /root/cj_build/impl_relocation_receipt_queue4-mutant/src/runtime/src/Heap/Allocator/RegionInfo.h:52:
/root/cj_build/impl_relocation_receipt_queue4-mutant/src/runtime/src/Heap/Verify/MutatorRelocate.h:102:8: warning: constexpr if is a C++17 extension [-Wc++17-extensions]
    if constexpr (kWaitRegionPublish) {
       ^
In file included from /root/cj_build/impl_relocation_receipt_queue4-mutant/src/runtime/src/Heap/Verify/Stw2CurrentAudit.cpp:14:
In file included from /root/cj_build/impl_relocation_receipt_queue4-mutant/src/runtime/src/Heap/Allocator/RegionSpace.h:22:
In file included from /root/cj_build/impl_relocation_receipt_queue4-mutant/src/runtime/src/Heap/Allocator/RegionManager.h:25:
In file included from /root/cj_build/impl_relocation_receipt_queue4-mutant/src/runtime/src/Heap/Allocator/FreeRegionManager.h:15:
In file included from /root/cj_build/impl_relocation_receipt_queue4-mutant/src/runtime/src/Common/ScopedObjectAccess.h:11:
In file included from /root/cj_build/impl_relocation_receipt_queue4-mutant/src/runtime/src/Mutator/Mutator.inline.h:11:
In file included from /root/cj_build/impl_relocation_receipt_queue4-mutant/src/runtime/src/Mutator/MutatorManager.h:17:
/root/cj_build/impl_relocation_receipt_queue4-mutant/src/runtime/src/Base/GcLog.h:217:45: warning: format string is not a string literal [-Wformat-nonliteral]
        int n = vsnprintf(buf, sizeof(buf), format, args);
                                            ^~~~~~
8 warnings generated.
In file included from /root/cj_build/impl_relocation_receipt_queue4-mutant/src/runtime/src/Heap/Collector/Remembered.cpp:8:
In file included from /root/cj_build/impl_relocation_receipt_queue4-mutant/src/runtime/src/Heap/WCollector/WCollector.h:22:
In file included from /root/cj_build/impl_relocation_receipt_queue4-mutant/src/runtime/src/Heap/Allocator/RegionSpace.h:19:
In file included from /root/cj_build/impl_relocation_receipt_queue4-mutant/src/runtime/src/Heap/Allocator/Allocator.h:11:
In file included from /root/cj_build/impl_relocation_receipt_queue4-mutant/src/runtime/src/Heap/Allocator/AllocBufferManager.h:15:
In file included from /root/cj_build/impl_relocation_receipt_queue4-mutant/src/runtime/src/Heap/Allocator/AllocBuffer.h:16:
In file included from /root/cj_build/impl_relocation_receipt_queue4-mutant/src/runtime/src/Heap/Allocator/RegionList.h:11:
In file included from /root/cj_build/impl_relocation_receipt_queue4-mutant/src/runtime/src/Heap/Allocator/RegionInfo.h:41:
/root/cj_build/impl_relocation_receipt_queue4-mutant/src/runtime/src/Heap/Verify/AllocPhaseDiag.h:57:1: warning: inline variables are a C++17 extension [-Wc++17-extensions]
inline Slot g_table[kCap] = {};
^
/root/cj_build/impl_relocation_receipt_queue4-mutant/src/runtime/src/Heap/Verify/AllocPhaseDiag.h:58:1: warning: inline variables are a C++17 extension [-Wc++17-extensions]
inline NearEntry g_near[kNearCap] = {};
^
In file included from /root/cj_build/impl_relocation_receipt_queue4-mutant/src/runtime/src/Heap/Collector/Remembered.cpp:8:
In file included from /root/cj_build/impl_relocation_receipt_queue4-mutant/src/runtime/src/Heap/WCollector/WCollector.h:22:
In file included from /root/cj_build/impl_relocation_receipt_queue4-mutant/src/runtime/src/Heap/Allocator/RegionSpace.h:19:
In file included from /root/cj_build/impl_relocation_receipt_queue4-mutant/src/runtime/src/Heap/Allocator/Allocator.h:11:
In file included from /root/cj_build/impl_relocation_receipt_queue4-mutant/src/runtime/src/Heap/Allocator/AllocBufferManager.h:15:
In file included from /root/cj_build/impl_relocation_receipt_queue4-mutant/src/runtime/src/Heap/Allocator/AllocBuffer.h:16:
In file included from /root/cj_build/impl_relocation_receipt_queue4-mutant/src/runtime/src/Heap/Allocator/RegionList.h:11:
In file included from /root/cj_build/impl_relocation_receipt_queue4-mutant/src/runtime/src/Heap/Allocator/RegionInfo.h:43:
/root/cj_build/impl_relocation_receipt_queue4-mutant/src/runtime/src/Heap/Verify/NullRouteCaller.h:34:1: warning: inline variables are a C++17 extension [-Wc++17-extensions]
inline thread_local const char* g_tag = nullptr;
^
/root/cj_build/impl_relocation_receipt_queue4-mutant/src/runtime/src/Heap/Verify/NullRouteCaller.h:35:1: warning: inline variables are a C++17 extension [-Wc++17-extensions]
inline thread_local const char* g_edgeSrc = nullptr;
^
/root/cj_build/impl_relocation_receipt_queue4-mutant/src/runtime/src/Heap/Verify/NullRouteCaller.h:36:1: warning: inline variables are a C++17 extension [-Wc++17-extensions]
inline thread_local uintptr_t g_slot = 0;
^
/root/cj_build/impl_relocation_receipt_queue4-mutant/src/runtime/src/Heap/Verify/NullRouteCaller.h:37:1: warning: inline variables are a C++17 extension [-Wc++17-extensions]
inline thread_local void* g_host = nullptr;
^
In file included from /root/cj_build/impl_relocation_receipt_queue4-mutant/src/runtime/src/Heap/Collector/Remembered.cpp:8:
In file included from /root/cj_build/impl_relocation_receipt_queue4-mutant/src/runtime/src/Heap/WCollector/WCollector.h:22:
In file included from /root/cj_build/impl_relocation_receipt_queue4-mutant/src/runtime/src/Heap/Allocator/RegionSpace.h:19:
In file included from /root/cj_build/impl_relocation_receipt_queue4-mutant/src/runtime/src/Heap/Allocator/Allocator.h:11:
In file included from /root/cj_build/impl_relocation_receipt_queue4-mutant/src/runtime/src/Heap/Allocator/AllocBufferManager.h:15:
In file included from /root/cj_build/impl_relocation_receipt_queue4-mutant/src/runtime/src/Heap/Allocator/AllocBuffer.h:16:
In file included from /root/cj_build/impl_relocation_receipt_queue4-mutant/src/runtime/src/Heap/Allocator/RegionList.h:11:
In file included from /root/cj_build/impl_relocation_receipt_queue4-mutant/src/runtime/src/Heap/Allocator/RegionInfo.h:52:
/root/cj_build/impl_relocation_receipt_queue4-mutant/src/runtime/src/Heap/Verify/MutatorRelocate.h:102:8: warning: constexpr if is a C++17 extension [-Wc++17-extensions]
    if constexpr (kWaitRegionPublish) {
       ^
In file included from /root/cj_build/impl_relocation_receipt_queue4-mutant/src/runtime/src/Heap/Collector/Remembered.cpp:8:
In file included from /root/cj_build/impl_relocation_receipt_queue4-mutant/src/runtime/src/Heap/WCollector/WCollector.h:22:
In file included from /root/cj_build/impl_relocation_receipt_queue4-mutant/src/runtime/src/Heap/Allocator/RegionSpace.h:22:
In file included from /root/cj_build/impl_relocation_receipt_queue4-mutant/src/runtime/src/Heap/Allocator/RegionManager.h:25:
In file included from /root/cj_build/impl_relocation_receipt_queue4-mutant/src/runtime/src/Heap/Allocator/FreeRegionManager.h:15:
In file included from /root/cj_build/impl_relocation_receipt_queue4-mutant/src/runtime/src/Common/ScopedObjectAccess.h:11:
In file included from /root/cj_build/impl_relocation_receipt_queue4-mutant/src/runtime/src/Mutator/Mutator.inline.h:11:
In file included from /root/cj_build/impl_relocation_receipt_queue4-mutant/src/runtime/src/Mutator/MutatorManager.h:17:
/root/cj_build/impl_relocation_receipt_queue4-mutant/src/runtime/src/Base/GcLog.h:217:45: warning: format string is not a string literal [-Wformat-nonliteral]
        int n = vsnprintf(buf, sizeof(buf), format, args);
                                            ^~~~~~
In file included from /root/cj_build/impl_relocation_receipt_queue4-mutant/src/runtime/src/Heap/Collector/Remembered.cpp:8:
In file included from /root/cj_build/impl_relocation_receipt_queue4-mutant/src/runtime/src/Heap/WCollector/WCollector.h:24:
In file included from /root/cj_build/impl_relocation_receipt_queue4-mutant/src/runtime/src/Heap/Collector/CopyCollector.h:13:
/root/cj_build/impl_relocation_receipt_queue4-mutant/src/runtime/src/Heap/Collector/TracingCollector.h:352:20: warning: unused variable 'objSize' [-Wunused-variable]
            size_t objSize = obj->GetSize();
                   ^
In file included from /root/cj_build/impl_relocation_receipt_queue4-mutant/src/runtime/src/Heap/Collector/Remembered.cpp:8:
/root/cj_build/impl_relocation_receipt_queue4-mutant/src/runtime/src/Heap/WCollector/WCollector.h:425:12: warning: constexpr if is a C++17 extension [-Wc++17-extensions]
        if constexpr (ForwardingTable::kEntriesSoleWhenArmed) {
           ^
/root/cj_build/impl_relocation_receipt_queue4-mutant/src/runtime/src/Heap/WCollector/WCollector.h:450:12: warning: constexpr if is a C++17 extension [-Wc++17-extensions]
        if constexpr (ForwardingTable::kEntriesSoleWhenArmed) {
           ^
/root/cj_build/impl_relocation_receipt_queue4-mutant/src/runtime/src/Heap/WCollector/WCollector.h:343:38: warning: unused variable 'callCount' [-Wunused-variable]
        static std::atomic<uint64_t> callCount{ 0 };
                                     ^
/root/cj_build/impl_relocation_receipt_queue4-mutant/src/runtime/src/Heap/WCollector/WCollector.h:357:20: warning: unused variable 'funnel' [-Wunused-variable]
        const bool funnel = RemapFunnelOn();
                   ^
/root/cj_build/impl_relocation_receipt_queue4-mutant/src/runtime/src/Heap/WCollector/WCollector.h:349:38: warning: unused variable 'giveFromCount' [-Wunused-variable]
        static std::atomic<uint64_t> giveFromCount{ 0 };
                                     ^
/root/cj_build/impl_relocation_receipt_queue4-mutant/src/runtime/src/Heap/WCollector/WCollector.h:346:38: warning: unused variable 'routeNullCount' [-Wunused-variable]
        static std::atomic<uint64_t> routeNullCount{ 0 };
                                     ^
/root/cj_build/impl_relocation_receipt_queue4-mutant/src/runtime/src/Heap/WCollector/WCollector.h:348:38: warning: unused variable 'waitCount' [-Wunused-variable]
        static std::atomic<uint64_t> waitCount{ 0 };
                                     ^
/root/cj_build/impl_relocation_receipt_queue4-mutant/src/runtime/src/Heap/WCollector/WCollector.h:345:38: warning: unused variable 'noGhostCount' [-Wunused-variable]
        static std::atomic<uint64_t> noGhostCount{ 0 };
                                     ^
/root/cj_build/impl_relocation_receipt_queue4-mutant/src/runtime/src/Heap/WCollector/WCollector.h:344:38: warning: unused variable 'nonHeapCount' [-Wunused-variable]
        static std::atomic<uint64_t> nonHeapCount{ 0 };
                                     ^
/root/cj_build/impl_relocation_receipt_queue4-mutant/src/runtime/src/Heap/WCollector/WCollector.h:347:38: warning: unused variable 'receiptCount' [-Wunused-variable]
        static std::atomic<uint64_t> receiptCount{ 0 };
                                     ^
/root/cj_build/impl_relocation_receipt_queue4-mutant/src/runtime/src/Heap/WCollector/WCollector.h:622:12: warning: constexpr if is a C++17 extension [-Wc++17-extensions]
        if constexpr (ForwardingTable::kEntriesSoleWhenArmed) {
           ^
/root/cj_build/impl_relocation_receipt_queue4-mutant/src/runtime/src/Heap/WCollector/WCollector.h:677:12: warning: constexpr if is a C++17 extension [-Wc++17-extensions]
        if constexpr (ForwardingTable::kConsumeEntries) {
           ^
/root/cj_build/impl_relocation_receipt_queue4-mutant/src/runtime/src/Heap/WCollector/WCollector.h:682:16: warning: constexpr if is a C++17 extension [-Wc++17-extensions]
            if constexpr (ForwardingTable::kEntriesSoleWhenArmed) {
               ^
/root/cj_build/impl_relocation_receipt_queue4-mutant/src/runtime/src/Heap/WCollector/WCollector.h:713:12: warning: constexpr if is a C++17 extension [-Wc++17-extensions]
        if constexpr (ForwardingTable::kConsumeEntries) {
           ^
/root/cj_build/impl_relocation_receipt_queue4-mutant/src/runtime/src/Heap/Collector/Remembered.cpp:751:60: warning: lambda capture 'account' is not used [-Wunused-lambda-capture]
    auto walkRange = [&processObject, requireSurvivedMark, account](uintptr_t rangeStart, uintptr_t rangeEnd,
                                                         ~~^~~~~~~
/root/cj_build/impl_relocation_receipt_queue4-mutant/src/runtime/src/Heap/Collector/Remembered.cpp:876:60: warning: lambda capture 'this' is not used [-Wunused-lambda-capture]
        threadPool->AddWork(new (std::nothrow) LambdaWork([this, &rootAcc, &makeRootVisitor](size_t) {
                                                           ^~~~~
/root/cj_build/impl_relocation_receipt_queue4-mutant/src/runtime/src/Heap/Collector/Remembered.cpp:881:60: warning: lambda capture 'this' is not used [-Wunused-lambda-capture]
        threadPool->AddWork(new (std::nothrow) LambdaWork([this, &rootAcc, &makeRootVisitor](size_t) {
                                                           ^~~~~
/root/cj_build/impl_relocation_receipt_queue4-mutant/src/runtime/src/Heap/Collector/Remembered.cpp:885:60: warning: lambda capture 'this' is not used [-Wunused-lambda-capture]
        threadPool->AddWork(new (std::nothrow) LambdaWork([this, &rootAcc, &makeRootVisitor](size_t) {
                                                           ^~~~~
/root/cj_build/impl_relocation_receipt_queue4-mutant/src/runtime/src/Heap/Collector/Remembered.cpp:897:60: warning: lambda capture 'this' is not used [-Wunused-lambda-capture]
        threadPool->AddWork(new (std::nothrow) LambdaWork([this, &rootAcc, &makeRootVisitor](size_t) {
                                                           ^~~~~
28 warnings generated.
In file included from /root/cj_build/impl_relocation_receipt_queue4-mutant/src/runtime/src/Heap/Verify/SurvNodeDiag.cpp:15:
In file included from /root/cj_build/impl_relocation_receipt_queue4-mutant/src/runtime/src/Heap/Allocator/RegionInfo.h:41:
/root/cj_build/impl_relocation_receipt_queue4-mutant/src/runtime/src/Heap/Verify/AllocPhaseDiag.h:57:1: warning: inline variables are a C++17 extension [-Wc++17-extensions]
inline Slot g_table[kCap] = {};
^
/root/cj_build/impl_relocation_receipt_queue4-mutant/src/runtime/src/Heap/Verify/AllocPhaseDiag.h:58:1: warning: inline variables are a C++17 extension [-Wc++17-extensions]
inline NearEntry g_near[kNearCap] = {};
^
In file included from /root/cj_build/impl_relocation_receipt_queue4-mutant/src/runtime/src/Heap/Verify/SurvNodeDiag.cpp:15:
In file included from /root/cj_build/impl_relocation_receipt_queue4-mutant/src/runtime/src/Heap/Allocator/RegionInfo.h:43:
/root/cj_build/impl_relocation_receipt_queue4-mutant/src/runtime/src/Heap/Verify/NullRouteCaller.h:34:1: warning: inline variables are a C++17 extension [-Wc++17-extensions]
inline thread_local const char* g_tag = nullptr;
^
/root/cj_build/impl_relocation_receipt_queue4-mutant/src/runtime/src/Heap/Verify/NullRouteCaller.h:35:1: warning: inline variables are a C++17 extension [-Wc++17-extensions]
inline thread_local const char* g_edgeSrc = nullptr;
^
/root/cj_build/impl_relocation_receipt_queue4-mutant/src/runtime/src/Heap/Verify/NullRouteCaller.h:36:1: warning: inline variables are a C++17 extension [-Wc++17-extensions]
inline thread_local uintptr_t g_slot = 0;
^
/root/cj_build/impl_relocation_receipt_queue4-mutant/src/runtime/src/Heap/Verify/NullRouteCaller.h:37:1: warning: inline variables are a C++17 extension [-Wc++17-extensions]
inline thread_local void* g_host = nullptr;
^
In file included from /root/cj_build/impl_relocation_receipt_queue4-mutant/src/runtime/src/Heap/Verify/SurvNodeDiag.cpp:15:
In file included from /root/cj_build/impl_relocation_receipt_queue4-mutant/src/runtime/src/Heap/Allocator/RegionInfo.h:52:
/root/cj_build/impl_relocation_receipt_queue4-mutant/src/runtime/src/Heap/Verify/MutatorRelocate.h:102:8: warning: constexpr if is a C++17 extension [-Wc++17-extensions]
    if constexpr (kWaitRegionPublish) {
       ^
In file included from /root/cj_build/impl_relocation_receipt_queue4-mutant/src/runtime/src/Heap/Verify/SurvNodeDiag.cpp:16:
In file included from /root/cj_build/impl_relocation_receipt_queue4-mutant/src/runtime/src/Heap/Allocator/RegionSpace.h:22:
In file included from /root/cj_build/impl_relocation_receipt_queue4-mutant/src/runtime/src/Heap/Allocator/RegionManager.h:25:
In file included from /root/cj_build/impl_relocation_receipt_queue4-mutant/src/runtime/src/Heap/Allocator/FreeRegionManager.h:15:
In file included from /root/cj_build/impl_relocation_receipt_queue4-mutant/src/runtime/src/Common/ScopedObjectAccess.h:11:
In file included from /root/cj_build/impl_relocation_receipt_queue4-mutant/src/runtime/src/Mutator/Mutator.inline.h:11:
In file included from /root/cj_build/impl_relocation_receipt_queue4-mutant/src/runtime/src/Mutator/MutatorManager.h:17:
/root/cj_build/impl_relocation_receipt_queue4-mutant/src/runtime/src/Base/GcLog.h:217:45: warning: format string is not a string literal [-Wformat-nonliteral]
        int n = vsnprintf(buf, sizeof(buf), format, args);
                                            ^~~~~~
8 warnings generated.
[ 78%] Linking CXX static library ../../../../output/temp/ar/x86_64_Release/libVerify.a
In file included from /root/cj_build/impl_relocation_receipt_queue4-mutant/src/runtime/src/Heap/Collector/Mark.cpp:8:
In file included from /root/cj_build/impl_relocation_receipt_queue4-mutant/src/runtime/src/Heap/WCollector/WCollector.h:22:
In file included from /root/cj_build/impl_relocation_receipt_queue4-mutant/src/runtime/src/Heap/Allocator/RegionSpace.h:19:
In file included from /root/cj_build/impl_relocation_receipt_queue4-mutant/src/runtime/src/Heap/Allocator/Allocator.h:11:
In file included from /root/cj_build/impl_relocation_receipt_queue4-mutant/src/runtime/src/Heap/Allocator/AllocBufferManager.h:15:
In file included from /root/cj_build/impl_relocation_receipt_queue4-mutant/src/runtime/src/Heap/Allocator/AllocBuffer.h:16:
In file included from /root/cj_build/impl_relocation_receipt_queue4-mutant/src/runtime/src/Heap/Allocator/RegionList.h:11:
In file included from /root/cj_build/impl_relocation_receipt_queue4-mutant/src/runtime/src/Heap/Allocator/RegionInfo.h:41:
/root/cj_build/impl_relocation_receipt_queue4-mutant/src/runtime/src/Heap/Verify/AllocPhaseDiag.h:57:1: warning: inline variables are a C++17 extension [-Wc++17-extensions]
inline Slot g_table[kCap] = {};
^
/root/cj_build/impl_relocation_receipt_queue4-mutant/src/runtime/src/Heap/Verify/AllocPhaseDiag.h:58:1: warning: inline variables are a C++17 extension [-Wc++17-extensions]
inline NearEntry g_near[kNearCap] = {};
^
In file included from /root/cj_build/impl_relocation_receipt_queue4-mutant/src/runtime/src/Heap/Collector/Mark.cpp:8:
In file included from /root/cj_build/impl_relocation_receipt_queue4-mutant/src/runtime/src/Heap/WCollector/WCollector.h:22:
In file included from /root/cj_build/impl_relocation_receipt_queue4-mutant/src/runtime/src/Heap/Allocator/RegionSpace.h:19:
In file included from /root/cj_build/impl_relocation_receipt_queue4-mutant/src/runtime/src/Heap/Allocator/Allocator.h:11:
In file included from /root/cj_build/impl_relocation_receipt_queue4-mutant/src/runtime/src/Heap/Allocator/AllocBufferManager.h:15:
In file included from /root/cj_build/impl_relocation_receipt_queue4-mutant/src/runtime/src/Heap/Allocator/AllocBuffer.h:16:
In file included from /root/cj_build/impl_relocation_receipt_queue4-mutant/src/runtime/src/Heap/Allocator/RegionList.h:11:
In file included from /root/cj_build/impl_relocation_receipt_queue4-mutant/src/runtime/src/Heap/Allocator/RegionInfo.h:43:
/root/cj_build/impl_relocation_receipt_queue4-mutant/src/runtime/src/Heap/Verify/NullRouteCaller.h:34:1: warning: inline variables are a C++17 extension [-Wc++17-extensions]
inline thread_local const char* g_tag = nullptr;
^
/root/cj_build/impl_relocation_receipt_queue4-mutant/src/runtime/src/Heap/Verify/NullRouteCaller.h:35:1: warning: inline variables are a C++17 extension [-Wc++17-extensions]
inline thread_local const char* g_edgeSrc = nullptr;
^
/root/cj_build/impl_relocation_receipt_queue4-mutant/src/runtime/src/Heap/Verify/NullRouteCaller.h:36:1: warning: inline variables are a C++17 extension [-Wc++17-extensions]
inline thread_local uintptr_t g_slot = 0;
^
/root/cj_build/impl_relocation_receipt_queue4-mutant/src/runtime/src/Heap/Verify/NullRouteCaller.h:37:1: warning: inline variables are a C++17 extension [-Wc++17-extensions]
inline thread_local void* g_host = nullptr;
^
In file included from /root/cj_build/impl_relocation_receipt_queue4-mutant/src/runtime/src/Heap/Collector/Mark.cpp:8:
In file included from /root/cj_build/impl_relocation_receipt_queue4-mutant/src/runtime/src/Heap/WCollector/WCollector.h:22:
In file included from /root/cj_build/impl_relocation_receipt_queue4-mutant/src/runtime/src/Heap/Allocator/RegionSpace.h:19:
In file included from /root/cj_build/impl_relocation_receipt_queue4-mutant/src/runtime/src/Heap/Allocator/Allocator.h:11:
In file included from /root/cj_build/impl_relocation_receipt_queue4-mutant/src/runtime/src/Heap/Allocator/AllocBufferManager.h:15:
In file included from /root/cj_build/impl_relocation_receipt_queue4-mutant/src/runtime/src/Heap/Allocator/AllocBuffer.h:16:
In file included from /root/cj_build/impl_relocation_receipt_queue4-mutant/src/runtime/src/Heap/Allocator/RegionList.h:11:
In file included from /root/cj_build/impl_relocation_receipt_queue4-mutant/src/runtime/src/Heap/Allocator/RegionInfo.h:52:
/root/cj_build/impl_relocation_receipt_queue4-mutant/src/runtime/src/Heap/Verify/MutatorRelocate.h:102:8: warning: constexpr if is a C++17 extension [-Wc++17-extensions]
    if constexpr (kWaitRegionPublish) {
       ^
In file included from /root/cj_build/impl_relocation_receipt_queue4-mutant/src/runtime/src/Heap/Collector/Mark.cpp:8:
In file included from /root/cj_build/impl_relocation_receipt_queue4-mutant/src/runtime/src/Heap/WCollector/WCollector.h:22:
In file included from /root/cj_build/impl_relocation_receipt_queue4-mutant/src/runtime/src/Heap/Allocator/RegionSpace.h:22:
In file included from /root/cj_build/impl_relocation_receipt_queue4-mutant/src/runtime/src/Heap/Allocator/RegionManager.h:25:
In file included from /root/cj_build/impl_relocation_receipt_queue4-mutant/src/runtime/src/Heap/Allocator/FreeRegionManager.h:15:
In file included from /root/cj_build/impl_relocation_receipt_queue4-mutant/src/runtime/src/Common/ScopedObjectAccess.h:11:
In file included from /root/cj_build/impl_relocation_receipt_queue4-mutant/src/runtime/src/Mutator/Mutator.inline.h:11:
In file included from /root/cj_build/impl_relocation_receipt_queue4-mutant/src/runtime/src/Mutator/MutatorManager.h:17:
/root/cj_build/impl_relocation_receipt_queue4-mutant/src/runtime/src/Base/GcLog.h:217:45: warning: format string is not a string literal [-Wformat-nonliteral]
        int n = vsnprintf(buf, sizeof(buf), format, args);
                                            ^~~~~~
In file included from /root/cj_build/impl_relocation_receipt_queue4-mutant/src/runtime/src/Heap/Collector/Mark.cpp:8:
In file included from /root/cj_build/impl_relocation_receipt_queue4-mutant/src/runtime/src/Heap/WCollector/WCollector.h:24:
In file included from /root/cj_build/impl_relocation_receipt_queue4-mutant/src/runtime/src/Heap/Collector/CopyCollector.h:13:
/root/cj_build/impl_relocation_receipt_queue4-mutant/src/runtime/src/Heap/Collector/TracingCollector.h:352:20: warning: unused variable 'objSize' [-Wunused-variable]
            size_t objSize = obj->GetSize();
                   ^
In file included from /root/cj_build/impl_relocation_receipt_queue4-mutant/src/runtime/src/Heap/Collector/Mark.cpp:8:
/root/cj_build/impl_relocation_receipt_queue4-mutant/src/runtime/src/Heap/WCollector/WCollector.h:425:12: warning: constexpr if is a C++17 extension [-Wc++17-extensions]
        if constexpr (ForwardingTable::kEntriesSoleWhenArmed) {
           ^
/root/cj_build/impl_relocation_receipt_queue4-mutant/src/runtime/src/Heap/WCollector/WCollector.h:450:12: warning: constexpr if is a C++17 extension [-Wc++17-extensions]
        if constexpr (ForwardingTable::kEntriesSoleWhenArmed) {
           ^
/root/cj_build/impl_relocation_receipt_queue4-mutant/src/runtime/src/Heap/WCollector/WCollector.h:344:38: warning: unused variable 'nonHeapCount' [-Wunused-variable]
        static std::atomic<uint64_t> nonHeapCount{ 0 };
                                     ^
/root/cj_build/impl_relocation_receipt_queue4-mutant/src/runtime/src/Heap/WCollector/WCollector.h:347:38: warning: unused variable 'receiptCount' [-Wunused-variable]
        static std::atomic<uint64_t> receiptCount{ 0 };
                                     ^
/root/cj_build/impl_relocation_receipt_queue4-mutant/src/runtime/src/Heap/WCollector/WCollector.h:345:38: warning: unused variable 'noGhostCount' [-Wunused-variable]
        static std::atomic<uint64_t> noGhostCount{ 0 };
                                     ^
/root/cj_build/impl_relocation_receipt_queue4-mutant/src/runtime/src/Heap/WCollector/WCollector.h:343:38: warning: unused variable 'callCount' [-Wunused-variable]
        static std::atomic<uint64_t> callCount{ 0 };
                                     ^
/root/cj_build/impl_relocation_receipt_queue4-mutant/src/runtime/src/Heap/WCollector/WCollector.h:348:38: warning: unused variable 'waitCount' [-Wunused-variable]
        static std::atomic<uint64_t> waitCount{ 0 };
                                     ^
/root/cj_build/impl_relocation_receipt_queue4-mutant/src/runtime/src/Heap/WCollector/WCollector.h:349:38: warning: unused variable 'giveFromCount' [-Wunused-variable]
        static std::atomic<uint64_t> giveFromCount{ 0 };
                                     ^
/root/cj_build/impl_relocation_receipt_queue4-mutant/src/runtime/src/Heap/WCollector/WCollector.h:357:20: warning: unused variable 'funnel' [-Wunused-variable]
        const bool funnel = RemapFunnelOn();
                   ^
/root/cj_build/impl_relocation_receipt_queue4-mutant/src/runtime/src/Heap/WCollector/WCollector.h:346:38: warning: unused variable 'routeNullCount' [-Wunused-variable]
        static std::atomic<uint64_t> routeNullCount{ 0 };
                                     ^
/root/cj_build/impl_relocation_receipt_queue4-mutant/src/runtime/src/Heap/WCollector/WCollector.h:622:12: warning: constexpr if is a C++17 extension [-Wc++17-extensions]
        if constexpr (ForwardingTable::kEntriesSoleWhenArmed) {
           ^
/root/cj_build/impl_relocation_receipt_queue4-mutant/src/runtime/src/Heap/WCollector/WCollector.h:677:12: warning: constexpr if is a C++17 extension [-Wc++17-extensions]
        if constexpr (ForwardingTable::kConsumeEntries) {
           ^
/root/cj_build/impl_relocation_receipt_queue4-mutant/src/runtime/src/Heap/WCollector/WCollector.h:682:16: warning: constexpr if is a C++17 extension [-Wc++17-extensions]
            if constexpr (ForwardingTable::kEntriesSoleWhenArmed) {
               ^
/root/cj_build/impl_relocation_receipt_queue4-mutant/src/runtime/src/Heap/WCollector/WCollector.h:713:12: warning: constexpr if is a C++17 extension [-Wc++17-extensions]
        if constexpr (ForwardingTable::kConsumeEntries) {
           ^
/root/cj_build/impl_relocation_receipt_queue4-mutant/src/runtime/src/Heap/Collector/Mark.cpp:1874:8: warning: constexpr if is a C++17 extension [-Wc++17-extensions]
    if constexpr (kGcTriggerDynamicWorkersEnabled) {
       ^
/root/cj_build/impl_relocation_receipt_queue4-mutant/src/runtime/src/Heap/Collector/Mark.cpp:970:18: warning: unused variable 'kMarkStripeLocalCapacity' [-Wunused-const-variable]
constexpr size_t kMarkStripeLocalCapacity = 64;
                 ^
25 warnings generated.
[ 78%] Linking CXX static library ../../../../output/temp/ar/x86_64_Release/libWCollector.a
[ 87%] Built target Verify
[ 89%] Built target WCollector
[ 89%] Building CXX object src/CMakeFiles/cangjie-runtime.dir/SignalManager.cpp.o
[ 90%] Building CXX object src/CMakeFiles/cangjie-runtime.dir/CangjieRuntime.cpp.o
In file included from /root/cj_build/impl_relocation_receipt_queue4-mutant/src/runtime/src/SignalManager.cpp:15:
/root/cj_build/impl_relocation_receipt_queue4-mutant/src/runtime/src/Base/GcLog.h:217:45: warning: format string is not a string literal [-Wformat-nonliteral]
        int n = vsnprintf(buf, sizeof(buf), format, args);
                                            ^~~~~~
In file included from /root/cj_build/impl_relocation_receipt_queue4-mutant/src/runtime/src/SignalManager.cpp:20:
In file included from /root/cj_build/impl_relocation_receipt_queue4-mutant/src/runtime/src/Concurrency/ConcurrencyModel.h:17:
In file included from /root/cj_build/impl_relocation_receipt_queue4-mutant/src/runtime/src/Mutator/Mutator.h:16:
In file included from /root/cj_build/impl_relocation_receipt_queue4-mutant/src/runtime/src/Heap/Allocator/Allocator.h:11:
In file included from /root/cj_build/impl_relocation_receipt_queue4-mutant/src/runtime/src/Heap/Allocator/AllocBufferManager.h:15:
In file included from /root/cj_build/impl_relocation_receipt_queue4-mutant/src/runtime/src/Heap/Allocator/AllocBuffer.h:16:
In file included from /root/cj_build/impl_relocation_receipt_queue4-mutant/src/runtime/src/Heap/Allocator/RegionList.h:11:
In file included from /root/cj_build/impl_relocation_receipt_queue4-mutant/src/runtime/src/Heap/Allocator/RegionInfo.h:41:
/root/cj_build/impl_relocation_receipt_queue4-mutant/src/runtime/src/Heap/Verify/AllocPhaseDiag.h:57:1: warning: inline variables are a C++17 extension [-Wc++17-extensions]
inline Slot g_table[kCap] = {};
^
/root/cj_build/impl_relocation_receipt_queue4-mutant/src/runtime/src/Heap/Verify/AllocPhaseDiag.h:58:1: warning: inline variables are a C++17 extension [-Wc++17-extensions]
inline NearEntry g_near[kNearCap] = {};
^
In file included from /root/cj_build/impl_relocation_receipt_queue4-mutant/src/runtime/src/SignalManager.cpp:20:
In file included from /root/cj_build/impl_relocation_receipt_queue4-mutant/src/runtime/src/Concurrency/ConcurrencyModel.h:17:
In file included from /root/cj_build/impl_relocation_receipt_queue4-mutant/src/runtime/src/Mutator/Mutator.h:16:
In file included from /root/cj_build/impl_relocation_receipt_queue4-mutant/src/runtime/src/Heap/Allocator/Allocator.h:11:
In file included from /root/cj_build/impl_relocation_receipt_queue4-mutant/src/runtime/src/Heap/Allocator/AllocBufferManager.h:15:
In file included from /root/cj_build/impl_relocation_receipt_queue4-mutant/src/runtime/src/Heap/Allocator/AllocBuffer.h:16:
In file included from /root/cj_build/impl_relocation_receipt_queue4-mutant/src/runtime/src/Heap/Allocator/RegionList.h:11:
In file included from /root/cj_build/impl_relocation_receipt_queue4-mutant/src/runtime/src/Heap/Allocator/RegionInfo.h:43:
/root/cj_build/impl_relocation_receipt_queue4-mutant/src/runtime/src/Heap/Verify/NullRouteCaller.h:34:1: warning: inline variables are a C++17 extension [-Wc++17-extensions]
inline thread_local const char* g_tag = nullptr;
^
/root/cj_build/impl_relocation_receipt_queue4-mutant/src/runtime/src/Heap/Verify/NullRouteCaller.h:35:1: warning: inline variables are a C++17 extension [-Wc++17-extensions]
inline thread_local const char* g_edgeSrc = nullptr;
^
/root/cj_build/impl_relocation_receipt_queue4-mutant/src/runtime/src/Heap/Verify/NullRouteCaller.h:36:1: warning: inline variables are a C++17 extension [-Wc++17-extensions]
inline thread_local uintptr_t g_slot = 0;
^
/root/cj_build/impl_relocation_receipt_queue4-mutant/src/runtime/src/Heap/Verify/NullRouteCaller.h:37:1: warning: inline variables are a C++17 extension [-Wc++17-extensions]
inline thread_local void* g_host = nullptr;
^
In file included from /root/cj_build/impl_relocation_receipt_queue4-mutant/src/runtime/src/SignalManager.cpp:20:
In file included from /root/cj_build/impl_relocation_receipt_queue4-mutant/src/runtime/src/Concurrency/ConcurrencyModel.h:17:
In file included from /root/cj_build/impl_relocation_receipt_queue4-mutant/src/runtime/src/Mutator/Mutator.h:16:
In file included from /root/cj_build/impl_relocation_receipt_queue4-mutant/src/runtime/src/Heap/Allocator/Allocator.h:11:
In file included from /root/cj_build/impl_relocation_receipt_queue4-mutant/src/runtime/src/Heap/Allocator/AllocBufferManager.h:15:
In file included from /root/cj_build/impl_relocation_receipt_queue4-mutant/src/runtime/src/Heap/Allocator/AllocBuffer.h:16:
In file included from /root/cj_build/impl_relocation_receipt_queue4-mutant/src/runtime/src/Heap/Allocator/RegionList.h:11:
In file included from /root/cj_build/impl_relocation_receipt_queue4-mutant/src/runtime/src/Heap/Allocator/RegionInfo.h:52:
/root/cj_build/impl_relocation_receipt_queue4-mutant/src/runtime/src/Heap/Verify/MutatorRelocate.h:102:8: warning: constexpr if is a C++17 extension [-Wc++17-extensions]
    if constexpr (kWaitRegionPublish) {
       ^
In file included from /root/cj_build/impl_relocation_receipt_queue4-mutant/src/runtime/src/SignalManager.cpp:21:
/root/cj_build/impl_relocation_receipt_queue4-mutant/src/runtime/src/Heap/Collector/TracingCollector.h:352:20: warning: unused variable 'objSize' [-Wunused-variable]
            size_t objSize = obj->GetSize();
                   ^
9 warnings generated.
In file included from /root/cj_build/impl_relocation_receipt_queue4-mutant/src/runtime/src/CangjieRuntime.cpp:23:
In file included from /root/cj_build/impl_relocation_receipt_queue4-mutant/src/runtime/src/Common/ScopedObjectAccess.h:11:
In file included from /root/cj_build/impl_relocation_receipt_queue4-mutant/src/runtime/src/Mutator/Mutator.inline.h:11:
In file included from /root/cj_build/impl_relocation_receipt_queue4-mutant/src/runtime/src/Mutator/MutatorManager.h:17:
/root/cj_build/impl_relocation_receipt_queue4-mutant/src/runtime/src/Base/GcLog.h:217:45: warning: format string is not a string literal [-Wformat-nonliteral]
        int n = vsnprintf(buf, sizeof(buf), format, args);
                                            ^~~~~~
In file included from /root/cj_build/impl_relocation_receipt_queue4-mutant/src/runtime/src/CangjieRuntime.cpp:23:
In file included from /root/cj_build/impl_relocation_receipt_queue4-mutant/src/runtime/src/Common/ScopedObjectAccess.h:11:
In file included from /root/cj_build/impl_relocation_receipt_queue4-mutant/src/runtime/src/Mutator/Mutator.inline.h:11:
In file included from /root/cj_build/impl_relocation_receipt_queue4-mutant/src/runtime/src/Mutator/MutatorManager.h:23:
In file included from /root/cj_build/impl_relocation_receipt_queue4-mutant/src/runtime/src/Mutator/Mutator.h:16:
In file included from /root/cj_build/impl_relocation_receipt_queue4-mutant/src/runtime/src/Heap/Allocator/Allocator.h:11:
In file included from /root/cj_build/impl_relocation_receipt_queue4-mutant/src/runtime/src/Heap/Allocator/AllocBufferManager.h:15:
In file included from /root/cj_build/impl_relocation_receipt_queue4-mutant/src/runtime/src/Heap/Allocator/AllocBuffer.h:16:
In file included from /root/cj_build/impl_relocation_receipt_queue4-mutant/src/runtime/src/Heap/Allocator/RegionList.h:11:
In file included from /root/cj_build/impl_relocation_receipt_queue4-mutant/src/runtime/src/Heap/Allocator/RegionInfo.h:41:
/root/cj_build/impl_relocation_receipt_queue4-mutant/src/runtime/src/Heap/Verify/AllocPhaseDiag.h:57:1: warning: inline variables are a C++17 extension [-Wc++17-extensions]
inline Slot g_table[kCap] = {};
^
/root/cj_build/impl_relocation_receipt_queue4-mutant/src/runtime/src/Heap/Verify/AllocPhaseDiag.h:58:1: warning: inline variables are a C++17 extension [-Wc++17-extensions]
inline NearEntry g_near[kNearCap] = {};
^
In file included from /root/cj_build/impl_relocation_receipt_queue4-mutant/src/runtime/src/CangjieRuntime.cpp:23:
In file included from /root/cj_build/impl_relocation_receipt_queue4-mutant/src/runtime/src/Common/ScopedObjectAccess.h:11:
In file included from /root/cj_build/impl_relocation_receipt_queue4-mutant/src/runtime/src/Mutator/Mutator.inline.h:11:
In file included from /root/cj_build/impl_relocation_receipt_queue4-mutant/src/runtime/src/Mutator/MutatorManager.h:23:
In file included from /root/cj_build/impl_relocation_receipt_queue4-mutant/src/runtime/src/Mutator/Mutator.h:16:
In file included from /root/cj_build/impl_relocation_receipt_queue4-mutant/src/runtime/src/Heap/Allocator/Allocator.h:11:
In file included from /root/cj_build/impl_relocation_receipt_queue4-mutant/src/runtime/src/Heap/Allocator/AllocBufferManager.h:15:
In file included from /root/cj_build/impl_relocation_receipt_queue4-mutant/src/runtime/src/Heap/Allocator/AllocBuffer.h:16:
In file included from /root/cj_build/impl_relocation_receipt_queue4-mutant/src/runtime/src/Heap/Allocator/RegionList.h:11:
In file included from /root/cj_build/impl_relocation_receipt_queue4-mutant/src/runtime/src/Heap/Allocator/RegionInfo.h:43:
/root/cj_build/impl_relocation_receipt_queue4-mutant/src/runtime/src/Heap/Verify/NullRouteCaller.h:34:1: warning: inline variables are a C++17 extension [-Wc++17-extensions]
inline thread_local const char* g_tag = nullptr;
^
/root/cj_build/impl_relocation_receipt_queue4-mutant/src/runtime/src/Heap/Verify/NullRouteCaller.h:35:1: warning: inline variables are a C++17 extension [-Wc++17-extensions]
inline thread_local const char* g_edgeSrc = nullptr;
^
/root/cj_build/impl_relocation_receipt_queue4-mutant/src/runtime/src/Heap/Verify/NullRouteCaller.h:36:1: warning: inline variables are a C++17 extension [-Wc++17-extensions]
inline thread_local uintptr_t g_slot = 0;
^
/root/cj_build/impl_relocation_receipt_queue4-mutant/src/runtime/src/Heap/Verify/NullRouteCaller.h:37:1: warning: inline variables are a C++17 extension [-Wc++17-extensions]
inline thread_local void* g_host = nullptr;
^
In file included from /root/cj_build/impl_relocation_receipt_queue4-mutant/src/runtime/src/CangjieRuntime.cpp:23:
In file included from /root/cj_build/impl_relocation_receipt_queue4-mutant/src/runtime/src/Common/ScopedObjectAccess.h:11:
In file included from /root/cj_build/impl_relocation_receipt_queue4-mutant/src/runtime/src/Mutator/Mutator.inline.h:11:
In file included from /root/cj_build/impl_relocation_receipt_queue4-mutant/src/runtime/src/Mutator/MutatorManager.h:23:
In file included from /root/cj_build/impl_relocation_receipt_queue4-mutant/src/runtime/src/Mutator/Mutator.h:16:
In file included from /root/cj_build/impl_relocation_receipt_queue4-mutant/src/runtime/src/Heap/Allocator/Allocator.h:11:
In file included from /root/cj_build/impl_relocation_receipt_queue4-mutant/src/runtime/src/Heap/Allocator/AllocBufferManager.h:15:
In file included from /root/cj_build/impl_relocation_receipt_queue4-mutant/src/runtime/src/Heap/Allocator/AllocBuffer.h:16:
In file included from /root/cj_build/impl_relocation_receipt_queue4-mutant/src/runtime/src/Heap/Allocator/RegionList.h:11:
In file included from /root/cj_build/impl_relocation_receipt_queue4-mutant/src/runtime/src/Heap/Allocator/RegionInfo.h:52:
/root/cj_build/impl_relocation_receipt_queue4-mutant/src/runtime/src/Heap/Verify/MutatorRelocate.h:102:8: warning: constexpr if is a C++17 extension [-Wc++17-extensions]
    if constexpr (kWaitRegionPublish) {
       ^
8 warnings generated.
[ 91%] Linking CXX shared library ../../output/temp/lib/x86_64_Release/libcangjie-runtime.so
Running the deterministic GC unit suite against the runtime just built
[  PASS  ] FnlzRoots.RegisteredFinalizerIsRawPointerButNotStrongRoot
[  PASS  ] FnlzRoots.VisitFinalizersCountMatchesRegister
[  PASS  ] MarkStackEntry.ObjectPoliciesAreIndependent
[  PASS  ] MarkStackEntry.PartialArrayIsASeparateKind
[  PASS  ] MarkStackEntry.StackSplitPreservesPolicy
[  PASS  ] MarkStripe.NoSmrPositiveControlCorruptsHead
[  PASS  ] MarkStripe.SmrHazardPreventsAbaReuse
[  PASS  ] MarkStripe.ConcurrentGlobalStealIsLiveAndLossless
[  PASS  ] PartialArray.EncodeDecodeRoundtrip
[  PASS  ] PartialArray.EmptyAndSingle
[  PASS  ] PartialArray.ThresholdExact
[  PASS  ] PartialArray.ThresholdMinusOne
[  PASS  ] PartialArray.ThresholdPlusOne
[  PASS  ] PartialArray.MultiChunk
[  PASS  ] PartialArray.BoundaryRefs
[  PASS  ] PartialArray.UnalignedStart
[  PASS  ] VerifyRoots.DefaultOffLeavesCorruptRootUnobserved
[  PASS  ] VerifyRoots.EnabledReportsColouredRootBeforeDereference
[========] 325 tests: 324 passed, 1 failed
GC_UNIT_RUN_DONE rc=1 wall_ms=254
GC_UNIT_GATE_FAIL: failures not in known_failures.txt:
  GCThreadPool.ProductParallelEntryRegistersWorkersAndCompletesOrdinaryOwner
  full log: /root/cj_build/impl_relocation_receipt_queue4-mutant/src/runtime/tests/gc_unit/build_standalone/gate_run.log
gmake[3]: *** [src/CMakeFiles/cangjie-runtime.dir/build.make:443：../output/temp/lib/x86_64_Release/libcangjie-runtime.so] 错误 1
gmake[3]: *** 正在删除文件“../output/temp/lib/x86_64_Release/libcangjie-runtime.so”
gmake[2]: *** [CMakeFiles/Makefile2:755：src/CMakeFiles/cangjie-runtime.dir/all] 错误 2
gmake[1]: *** [CMakeFiles/Makefile2:762：src/CMakeFiles/cangjie-runtime.dir/rule] 错误 2
gmake: *** [Makefile:221：cangjie-runtime] 错误 2
PRODUCT_BUILD_RC=2
[  FAIL  ] GCThreadPool.ProductParallelEntryRegistersWorkersAndCompletesOrdinaryOwner
[========] 325 tests: 324 passed, 1 failed
GC_UNIT_RUN_DONE rc=1 wall_ms=254
2026-08-23T21:36:28+08:00
 21:36:28 up 32 days, 22:46,  1 user,  load average: 11.17, 8.20, 6.66
FINAL_RC=2
