PHASE=testable-green
2026-08-24T03:04:34+08:00
 03:04:34 up 33 days,  4:14,  1 user,  load average: 4.18, 5.36, 3.57
-- Using compiler cache: /usr/bin/ccache
-- install path: /root/cj_build/impl_relocation_receipt_queue6-full/src/runtime/output/cj
-- DOPRA_FLAG : 1
-- COV : 0
-- ASAN_FLAG : 0
-- HWASAN_FLAG : 0
-- OHOS_FLAG : 0
-- WINDOWS_FLAG : 0
-- ANDROID_FLAG : 0
-- MACOS_FLAG : 0
-- IOS_FLAG : 0
-- IOS_SIMULATOR_FLAG : 0
-- GLOBAL_EXPORT_FLAG : 1
-- ASAN_SUPPORT_FLAG : 0
-- TSAN_SUPPORT_FLAG : 0
-- HWASAN_SUPPORT_FLAG : 0
-- GWPASAN_SUPPORT_FLAG : 1
-- SANITIZER_SUPPORT_FLAG : 0
-- CMAKE_HOST_SYSTEM_PROCESSOR : x86_64
-- cmake_host_system_processor : x86_64
-- HOST_SYSTEM_NAME is not set. Use pre-installed clang.
-- Found LLVM 
-- System: Linux
-- Host processor:x86_64
-- CMAKE_LIBRARY_OUTPUT_DIRECTORY: /root/cj_build/impl_relocation_receipt_queue6-full/src/runtime/output/temp/lib/x86_64_Release
-- CMAKE_ARCHIVE_OUTPUT_DIRECTORY: /root/cj_build/impl_relocation_receipt_queue6-full/src/runtime/output/temp/ar/x86_64_Release
-- CMAKE_RUNTIME_OUTPUT_DIRECTORY: /root/cj_build/impl_relocation_receipt_queue6-full/src/runtime/output/temp/bin/x86_64_Release
-- CMAKE_AR : /usr/bin/ar
-- OUTPUT_TEMP_PATH : /root/cj_build/impl_relocation_receipt_queue6-full/src/runtime/output/temp
-- <CMAKE_AR> deterministic mode (-D) is set.
-- <CMAKE_RANLIB> deterministic mode (-D) is set.
-- BUILD_CJTHREAD: ON
-- BUILD_RUNTIME: ON
build cjthread for x86_64
bash: build/build_cjthread.sh: 没有那个文件或目录
build cjthread done!!!
-- CJ_RUNTIME_COMMIT=unknown
strip: /root/cj_build/impl_relocation_receipt_queue6-full/src/runtime/output/cj
-- TESTS_MANIFEST=PASS configure=3 manual=27 orphan=12 (manual/orphan do NOT run in this build)
-- SLOT_TYPE_PROBE=PASS control=1 witness=1 negatives=5 (each rejected AND diagnosed on the expected symbol)
-- MARK_GENERATION_PROBE=PASS control=1 negatives=2 (young-as-old and old-as-young both rejected)
-- C4_COLOUR_TABLE=PASS control=1 negatives=3 std=14 (32-epoch mask equivalence + DROP_BIT collisions; each negative rejected AND diagnosed)
-- MRT_GC_UNIT_TESTS=ON: building runtime/tests/gc_unit
-- Configuring done
-- Generating done
-- Build files have been written to: /root/cj_build/impl_relocation_receipt_queue6-full/src/runtime/ImplBuildTest
CONFIGURE_RC=0
Scanning dependencies of target cjNativeStartAndEnd
Consolidate compiler generated dependencies of target Concurrency
Consolidate compiler generated dependencies of target cjthreadmodel
Consolidate compiler generated dependencies of target boundscheck
Consolidate compiler generated dependencies of target Base
[  0%] Checking that HeapSlot compare-exchange writes stay inside HealSlot
Consolidate compiler generated dependencies of target Common
[  1%] Checking that a diagnostic documenting a gate is not an all-no-op implementation
[  1%] Built target cjNativeStartAndEnd
[  1%] Built target Concurrency
[  1%] Built target cjthreadmodel
[ 20%] Built target boundscheck
[ 23%] Built target Base
[ 26%] Built target Common
Consolidate compiler generated dependencies of target Loader
Consolidate compiler generated dependencies of target BinaryFile
Consolidate compiler generated dependencies of target CjFile
Consolidate compiler generated dependencies of target CjSemanticVersion
Consolidate compiler generated dependencies of target CjFileLoader
[ 27%] Built target Loader
Consolidate compiler generated dependencies of target Inspector
[ 28%] Built target BinaryFile
[ 30%] Built target CjFile
[ 31%] Built target CjSemanticVersion
[ 31%] Built target CjFileLoader
[ 31%] Building CXX object src/Inspector/CMakeFiles/Inspector.dir/CjHeapData.cpp.o
Scanning dependencies of target Exception
Consolidate compiler generated dependencies of target Exception
Consolidate compiler generated dependencies of target Heap
Consolidate compiler generated dependencies of target Barrier
In file included from /root/cj_build/impl_relocation_receipt_queue6-full/src/runtime/src/Inspector/CjHeapData.cpp:13:
In file included from /root/cj_build/impl_relocation_receipt_queue6-full/src/runtime/src/Common/ScopedObjectAccess.h:11:
In file included from /root/cj_build/impl_relocation_receipt_queue6-full/src/runtime/src/Mutator/Mutator.inline.h:11:
In file included from /root/cj_build/impl_relocation_receipt_queue6-full/src/runtime/src/Mutator/MutatorManager.h:17:
/root/cj_build/impl_relocation_receipt_queue6-full/src/runtime/src/Base/GcLog.h:217:45: warning: format string is not a string literal [-Wformat-nonliteral]
        int n = vsnprintf(buf, sizeof(buf), format, args);
                                            ^~~~~~
In file included from /root/cj_build/impl_relocation_receipt_queue6-full/src/runtime/src/Inspector/CjHeapData.cpp:13:
In file included from /root/cj_build/impl_relocation_receipt_queue6-full/src/runtime/src/Common/ScopedObjectAccess.h:11:
In file included from /root/cj_build/impl_relocation_receipt_queue6-full/src/runtime/src/Mutator/Mutator.inline.h:11:
In file included from /root/cj_build/impl_relocation_receipt_queue6-full/src/runtime/src/Mutator/MutatorManager.h:23:
In file included from /root/cj_build/impl_relocation_receipt_queue6-full/src/runtime/src/Mutator/Mutator.h:16:
In file included from /root/cj_build/impl_relocation_receipt_queue6-full/src/runtime/src/Heap/Allocator/Allocator.h:11:
In file included from /root/cj_build/impl_relocation_receipt_queue6-full/src/runtime/src/Heap/Allocator/AllocBufferManager.h:15:
In file included from /root/cj_build/impl_relocation_receipt_queue6-full/src/runtime/src/Heap/Allocator/AllocBuffer.h:16:
In file included from /root/cj_build/impl_relocation_receipt_queue6-full/src/runtime/src/Heap/Allocator/RegionList.h:11:
In file included from /root/cj_build/impl_relocation_receipt_queue6-full/src/runtime/src/Heap/Allocator/RegionInfo.h:41:
/root/cj_build/impl_relocation_receipt_queue6-full/src/runtime/src/Heap/Verify/AllocPhaseDiag.h:57:1: warning: inline variables are a C++17 extension [-Wc++17-extensions]
inline Slot g_table[kCap] = {};
^
/root/cj_build/impl_relocation_receipt_queue6-full/src/runtime/src/Heap/Verify/AllocPhaseDiag.h:58:1: warning: inline variables are a C++17 extension [-Wc++17-extensions]
inline NearEntry g_near[kNearCap] = {};
^
In file included from /root/cj_build/impl_relocation_receipt_queue6-full/src/runtime/src/Inspector/CjHeapData.cpp:13:
In file included from /root/cj_build/impl_relocation_receipt_queue6-full/src/runtime/src/Common/ScopedObjectAccess.h:11:
In file included from /root/cj_build/impl_relocation_receipt_queue6-full/src/runtime/src/Mutator/Mutator.inline.h:11:
In file included from /root/cj_build/impl_relocation_receipt_queue6-full/src/runtime/src/Mutator/MutatorManager.h:23:
In file included from /root/cj_build/impl_relocation_receipt_queue6-full/src/runtime/src/Mutator/Mutator.h:16:
In file included from /root/cj_build/impl_relocation_receipt_queue6-full/src/runtime/src/Heap/Allocator/Allocator.h:11:
In file included from /root/cj_build/impl_relocation_receipt_queue6-full/src/runtime/src/Heap/Allocator/AllocBufferManager.h:15:
In file included from /root/cj_build/impl_relocation_receipt_queue6-full/src/runtime/src/Heap/Allocator/AllocBuffer.h:16:
In file included from /root/cj_build/impl_relocation_receipt_queue6-full/src/runtime/src/Heap/Allocator/RegionList.h:11:
In file included from /root/cj_build/impl_relocation_receipt_queue6-full/src/runtime/src/Heap/Allocator/RegionInfo.h:43:
/root/cj_build/impl_relocation_receipt_queue6-full/src/runtime/src/Heap/Verify/NullRouteCaller.h:34:1: warning: inline variables are a C++17 extension [-Wc++17-extensions]
inline thread_local const char* g_tag = nullptr;
^
/root/cj_build/impl_relocation_receipt_queue6-full/src/runtime/src/Heap/Verify/NullRouteCaller.h:35:1: warning: inline variables are a C++17 extension [-Wc++17-extensions]
inline thread_local const char* g_edgeSrc = nullptr;
^
/root/cj_build/impl_relocation_receipt_queue6-full/src/runtime/src/Heap/Verify/NullRouteCaller.h:36:1: warning: inline variables are a C++17 extension [-Wc++17-extensions]
inline thread_local uintptr_t g_slot = 0;
^
/root/cj_build/impl_relocation_receipt_queue6-full/src/runtime/src/Heap/Verify/NullRouteCaller.h:37:1: warning: inline variables are a C++17 extension [-Wc++17-extensions]
inline thread_local void* g_host = nullptr;
^
In file included from /root/cj_build/impl_relocation_receipt_queue6-full/src/runtime/src/Inspector/CjHeapData.cpp:13:
In file included from /root/cj_build/impl_relocation_receipt_queue6-full/src/runtime/src/Common/ScopedObjectAccess.h:11:
In file included from /root/cj_build/impl_relocation_receipt_queue6-full/src/runtime/src/Mutator/Mutator.inline.h:11:
In file included from /root/cj_build/impl_relocation_receipt_queue6-full/src/runtime/src/Mutator/MutatorManager.h:23:
In file included from /root/cj_build/impl_relocation_receipt_queue6-full/src/runtime/src/Mutator/Mutator.h:16:
In file included from /root/cj_build/impl_relocation_receipt_queue6-full/src/runtime/src/Heap/Allocator/Allocator.h:11:
In file included from /root/cj_build/impl_relocation_receipt_queue6-full/src/runtime/src/Heap/Allocator/AllocBufferManager.h:15:
In file included from /root/cj_build/impl_relocation_receipt_queue6-full/src/runtime/src/Heap/Allocator/AllocBuffer.h:16:
In file included from /root/cj_build/impl_relocation_receipt_queue6-full/src/runtime/src/Heap/Allocator/RegionList.h:11:
In file included from /root/cj_build/impl_relocation_receipt_queue6-full/src/runtime/src/Heap/Allocator/RegionInfo.h:53:
/root/cj_build/impl_relocation_receipt_queue6-full/src/runtime/src/Heap/Verify/MutatorRelocate.h:102:8: warning: constexpr if is a C++17 extension [-Wc++17-extensions]
    if constexpr (kWaitRegionPublish) {
       ^
In file included from /root/cj_build/impl_relocation_receipt_queue6-full/src/runtime/src/Inspector/CjHeapData.cpp:15:
/root/cj_build/impl_relocation_receipt_queue6-full/src/runtime/src/Heap/Collector/TracingCollector.h:352:20: warning: unused variable 'objSize' [-Wunused-variable]
            size_t objSize = obj->GetSize();
                   ^
9 warnings generated.
[ 34%] Built target Exception
Consolidate compiler generated dependencies of target Allocator
[ 34%] Building CXX object src/Heap/CMakeFiles/Heap.dir/Heap.cpp.o
[ 36%] Building CXX object src/Heap/Barrier/CMakeFiles/Barrier.dir/Barrier.cpp.o
[ 36%] Linking CXX static library ../../../output/temp/ar/x86_64_Release/libInspector.a
[ 36%] Building CXX object src/Heap/Allocator/CMakeFiles/Allocator.dir/Allocator.cpp.o
In file included from /root/cj_build/impl_relocation_receipt_queue6-full/src/runtime/src/Heap/Heap.cpp:9:
In file included from /root/cj_build/impl_relocation_receipt_queue6-full/src/runtime/src/Heap/Collector/CollectorProxy.h:14:
In file included from /root/cj_build/impl_relocation_receipt_queue6-full/src/runtime/src/Heap/WCollector/WCollector.h:22:
In file included from /root/cj_build/impl_relocation_receipt_queue6-full/src/runtime/src/Heap/Allocator/RegionSpace.h:19:
In file included from /root/cj_build/impl_relocation_receipt_queue6-full/src/runtime/src/Heap/Allocator/Allocator.h:11:
In file included from /root/cj_build/impl_relocation_receipt_queue6-full/src/runtime/src/Heap/Allocator/AllocBufferManager.h:15:
In file included from /root/cj_build/impl_relocation_receipt_queue6-full/src/runtime/src/Heap/Allocator/AllocBuffer.h:16:
In file included from /root/cj_build/impl_relocation_receipt_queue6-full/src/runtime/src/Heap/Allocator/RegionList.h:11:
In file included from /root/cj_build/impl_relocation_receipt_queue6-full/src/runtime/src/Heap/Allocator/RegionInfo.h:41:
/root/cj_build/impl_relocation_receipt_queue6-full/src/runtime/src/Heap/Verify/AllocPhaseDiag.h:57:1: warning: inline variables are a C++17 extension [-Wc++17-extensions]
inline Slot g_table[kCap] = {};
^
/root/cj_build/impl_relocation_receipt_queue6-full/src/runtime/src/Heap/Verify/AllocPhaseDiag.h:58:1: warning: inline variables are a C++17 extension [-Wc++17-extensions]
inline NearEntry g_near[kNearCap] = {};
^
In file included from /root/cj_build/impl_relocation_receipt_queue6-full/src/runtime/src/Heap/Heap.cpp:9:
In file included from /root/cj_build/impl_relocation_receipt_queue6-full/src/runtime/src/Heap/Collector/CollectorProxy.h:14:
In file included from /root/cj_build/impl_relocation_receipt_queue6-full/src/runtime/src/Heap/WCollector/WCollector.h:22:
In file included from /root/cj_build/impl_relocation_receipt_queue6-full/src/runtime/src/Heap/Allocator/RegionSpace.h:19:
In file included from /root/cj_build/impl_relocation_receipt_queue6-full/src/runtime/src/Heap/Allocator/Allocator.h:11:
In file included from /root/cj_build/impl_relocation_receipt_queue6-full/src/runtime/src/Heap/Allocator/AllocBufferManager.h:15:
In file included from /root/cj_build/impl_relocation_receipt_queue6-full/src/runtime/src/Heap/Allocator/AllocBuffer.h:16:
In file included from /root/cj_build/impl_relocation_receipt_queue6-full/src/runtime/src/Heap/Allocator/RegionList.h:11:
In file included from /root/cj_build/impl_relocation_receipt_queue6-full/src/runtime/src/Heap/Allocator/RegionInfo.h:43:
/root/cj_build/impl_relocation_receipt_queue6-full/src/runtime/src/Heap/Verify/NullRouteCaller.h:34:1: warning: inline variables are a C++17 extension [-Wc++17-extensions]
inline thread_local const char* g_tag = nullptr;
^
/root/cj_build/impl_relocation_receipt_queue6-full/src/runtime/src/Heap/Verify/NullRouteCaller.h:35:1: warning: inline variables are a C++17 extension [-Wc++17-extensions]
inline thread_local const char* g_edgeSrc = nullptr;
^
/root/cj_build/impl_relocation_receipt_queue6-full/src/runtime/src/Heap/Verify/NullRouteCaller.h:36:1: warning: inline variables are a C++17 extension [-Wc++17-extensions]
inline thread_local uintptr_t g_slot = 0;
^
/root/cj_build/impl_relocation_receipt_queue6-full/src/runtime/src/Heap/Verify/NullRouteCaller.h:37:1: warning: inline variables are a C++17 extension [-Wc++17-extensions]
inline thread_local void* g_host = nullptr;
^
In file included from /root/cj_build/impl_relocation_receipt_queue6-full/src/runtime/src/Heap/Heap.cpp:9:
In file included from /root/cj_build/impl_relocation_receipt_queue6-full/src/runtime/src/Heap/Collector/CollectorProxy.h:14:
In file included from /root/cj_build/impl_relocation_receipt_queue6-full/src/runtime/src/Heap/WCollector/WCollector.h:22:
In file included from /root/cj_build/impl_relocation_receipt_queue6-full/src/runtime/src/Heap/Allocator/RegionSpace.h:19:
In file included from /root/cj_build/impl_relocation_receipt_queue6-full/src/runtime/src/Heap/Allocator/Allocator.h:11:
In file included from /root/cj_build/impl_relocation_receipt_queue6-full/src/runtime/src/Heap/Allocator/AllocBufferManager.h:15:
In file included from /root/cj_build/impl_relocation_receipt_queue6-full/src/runtime/src/Heap/Allocator/AllocBuffer.h:16:
In file included from /root/cj_build/impl_relocation_receipt_queue6-full/src/runtime/src/Heap/Allocator/RegionList.h:11:
In file included from /root/cj_build/impl_relocation_receipt_queue6-full/src/runtime/src/Heap/Allocator/RegionInfo.h:53:
/root/cj_build/impl_relocation_receipt_queue6-full/src/runtime/src/Heap/Verify/MutatorRelocate.h:102:8: warning: constexpr if is a C++17 extension [-Wc++17-extensions]
    if constexpr (kWaitRegionPublish) {
       ^
In file included from /root/cj_build/impl_relocation_receipt_queue6-full/src/runtime/src/Heap/Heap.cpp:9:
In file included from /root/cj_build/impl_relocation_receipt_queue6-full/src/runtime/src/Heap/Collector/CollectorProxy.h:14:
In file included from /root/cj_build/impl_relocation_receipt_queue6-full/src/runtime/src/Heap/WCollector/WCollector.h:22:
In file included from /root/cj_build/impl_relocation_receipt_queue6-full/src/runtime/src/Heap/Allocator/RegionSpace.h:22:
In file included from /root/cj_build/impl_relocation_receipt_queue6-full/src/runtime/src/Heap/Allocator/RegionManager.h:25:
In file included from /root/cj_build/impl_relocation_receipt_queue6-full/src/runtime/src/Heap/Allocator/FreeRegionManager.h:15:
In file included from /root/cj_build/impl_relocation_receipt_queue6-full/src/runtime/src/Common/ScopedObjectAccess.h:11:
In file included from /root/cj_build/impl_relocation_receipt_queue6-full/src/runtime/src/Mutator/Mutator.inline.h:11:
In file included from /root/cj_build/impl_relocation_receipt_queue6-full/src/runtime/src/Mutator/MutatorManager.h:17:
/root/cj_build/impl_relocation_receipt_queue6-full/src/runtime/src/Base/GcLog.h:217:45: warning: format string is not a string literal [-Wformat-nonliteral]
        int n = vsnprintf(buf, sizeof(buf), format, args);
                                            ^~~~~~
In file included from /root/cj_build/impl_relocation_receipt_queue6-full/src/runtime/src/Heap/Heap.cpp:9:
In file included from /root/cj_build/impl_relocation_receipt_queue6-full/src/runtime/src/Heap/Collector/CollectorProxy.h:14:
In file included from /root/cj_build/impl_relocation_receipt_queue6-full/src/runtime/src/Heap/WCollector/WCollector.h:24:
In file included from /root/cj_build/impl_relocation_receipt_queue6-full/src/runtime/src/Heap/Collector/CopyCollector.h:13:
/root/cj_build/impl_relocation_receipt_queue6-full/src/runtime/src/Heap/Collector/TracingCollector.h:352:20: warning: unused variable 'objSize' [-Wunused-variable]
            size_t objSize = obj->GetSize();
                   ^
In file included from /root/cj_build/impl_relocation_receipt_queue6-full/src/runtime/src/Heap/Heap.cpp:9:
In file included from /root/cj_build/impl_relocation_receipt_queue6-full/src/runtime/src/Heap/Collector/CollectorProxy.h:14:
/root/cj_build/impl_relocation_receipt_queue6-full/src/runtime/src/Heap/WCollector/WCollector.h:425:12: warning: constexpr if is a C++17 extension [-Wc++17-extensions]
        if constexpr (ForwardingTable::kEntriesSoleWhenArmed) {
           ^
/root/cj_build/impl_relocation_receipt_queue6-full/src/runtime/src/Heap/WCollector/WCollector.h:450:12: warning: constexpr if is a C++17 extension [-Wc++17-extensions]
        if constexpr (ForwardingTable::kEntriesSoleWhenArmed) {
           ^
/root/cj_build/impl_relocation_receipt_queue6-full/src/runtime/src/Heap/WCollector/WCollector.h:345:38: warning: unused variable 'noGhostCount' [-Wunused-variable]
        static std::atomic<uint64_t> noGhostCount{ 0 };
                                     ^
/root/cj_build/impl_relocation_receipt_queue6-full/src/runtime/src/Heap/WCollector/WCollector.h:357:20: warning: unused variable 'funnel' [-Wunused-variable]
        const bool funnel = RemapFunnelOn();
                   ^
/root/cj_build/impl_relocation_receipt_queue6-full/src/runtime/src/Heap/WCollector/WCollector.h:348:38: warning: unused variable 'waitCount' [-Wunused-variable]
        static std::atomic<uint64_t> waitCount{ 0 };
                                     ^
/root/cj_build/impl_relocation_receipt_queue6-full/src/runtime/src/Heap/WCollector/WCollector.h:347:38: warning: unused variable 'receiptCount' [-Wunused-variable]
        static std::atomic<uint64_t> receiptCount{ 0 };
                                     ^
/root/cj_build/impl_relocation_receipt_queue6-full/src/runtime/src/Heap/WCollector/WCollector.h:343:38: warning: unused variable 'callCount' [-Wunused-variable]
        static std::atomic<uint64_t> callCount{ 0 };
                                     ^
/root/cj_build/impl_relocation_receipt_queue6-full/src/runtime/src/Heap/WCollector/WCollector.h:344:38: warning: unused variable 'nonHeapCount' [-Wunused-variable]
        static std::atomic<uint64_t> nonHeapCount{ 0 };
                                     ^
/root/cj_build/impl_relocation_receipt_queue6-full/src/runtime/src/Heap/WCollector/WCollector.h:346:38: warning: unused variable 'routeNullCount' [-Wunused-variable]
        static std::atomic<uint64_t> routeNullCount{ 0 };
                                     ^
/root/cj_build/impl_relocation_receipt_queue6-full/src/runtime/src/Heap/WCollector/WCollector.h:349:38: warning: unused variable 'giveFromCount' [-Wunused-variable]
        static std::atomic<uint64_t> giveFromCount{ 0 };
                                     ^
/root/cj_build/impl_relocation_receipt_queue6-full/src/runtime/src/Heap/WCollector/WCollector.h:622:12: warning: constexpr if is a C++17 extension [-Wc++17-extensions]
        if constexpr (ForwardingTable::kEntriesSoleWhenArmed) {
           ^
/root/cj_build/impl_relocation_receipt_queue6-full/src/runtime/src/Heap/WCollector/WCollector.h:677:12: warning: constexpr if is a C++17 extension [-Wc++17-extensions]
        if constexpr (ForwardingTable::kConsumeEntries) {
           ^
/root/cj_build/impl_relocation_receipt_queue6-full/src/runtime/src/Heap/WCollector/WCollector.h:682:16: warning: constexpr if is a C++17 extension [-Wc++17-extensions]
            if constexpr (ForwardingTable::kEntriesSoleWhenArmed) {
               ^
/root/cj_build/impl_relocation_receipt_queue6-full/src/runtime/src/Heap/WCollector/WCollector.h:713:12: warning: constexpr if is a C++17 extension [-Wc++17-extensions]
        if constexpr (ForwardingTable::kConsumeEntries) {
           ^
23 warnings generated.
DIAG_HOLLOW_GUARD PASS gated_subsystems=29
Consolidate compiler generated dependencies of target Collector
In file included from /root/cj_build/impl_relocation_receipt_queue6-full/src/runtime/src/Heap/Barrier/Barrier.cpp:10:
In file included from /root/cj_build/impl_relocation_receipt_queue6-full/src/runtime/src/Heap/Allocator/AllocBuffer.h:16:
In file included from /root/cj_build/impl_relocation_receipt_queue6-full/src/runtime/src/Heap/Allocator/RegionList.h:11:
In file included from /root/cj_build/impl_relocation_receipt_queue6-full/src/runtime/src/Heap/Allocator/RegionInfo.h:41:
/root/cj_build/impl_relocation_receipt_queue6-full/src/runtime/src/Heap/Verify/AllocPhaseDiag.h:57:1: warning: inline variables are a C++17 extension [-Wc++17-extensions]
inline Slot g_table[kCap] = {};
^
/root/cj_build/impl_relocation_receipt_queue6-full/src/runtime/src/Heap/Verify/AllocPhaseDiag.h:58:1: warning: inline variables are a C++17 extension [-Wc++17-extensions]
inline NearEntry g_near[kNearCap] = {};
^
In file included from /root/cj_build/impl_relocation_receipt_queue6-full/src/runtime/src/Heap/Barrier/Barrier.cpp:10:
In file included from /root/cj_build/impl_relocation_receipt_queue6-full/src/runtime/src/Heap/Allocator/AllocBuffer.h:16:
In file included from /root/cj_build/impl_relocation_receipt_queue6-full/src/runtime/src/Heap/Allocator/RegionList.h:11:
In file included from /root/cj_build/impl_relocation_receipt_queue6-full/src/runtime/src/Heap/Allocator/RegionInfo.h:43:
/root/cj_build/impl_relocation_receipt_queue6-full/src/runtime/src/Heap/Verify/NullRouteCaller.h:34:1: warning: inline variables are a C++17 extension [-Wc++17-extensions]
inline thread_local const char* g_tag = nullptr;
^
/root/cj_build/impl_relocation_receipt_queue6-full/src/runtime/src/Heap/Verify/NullRouteCaller.h:35:1: warning: inline variables are a C++17 extension [-Wc++17-extensions]
inline thread_local const char* g_edgeSrc = nullptr;
^
/root/cj_build/impl_relocation_receipt_queue6-full/src/runtime/src/Heap/Verify/NullRouteCaller.h:36:1: warning: inline variables are a C++17 extension [-Wc++17-extensions]
inline thread_local uintptr_t g_slot = 0;
^
/root/cj_build/impl_relocation_receipt_queue6-full/src/runtime/src/Heap/Verify/NullRouteCaller.h:37:1: warning: inline variables are a C++17 extension [-Wc++17-extensions]
inline thread_local void* g_host = nullptr;
^
In file included from /root/cj_build/impl_relocation_receipt_queue6-full/src/runtime/src/Heap/Barrier/Barrier.cpp:10:
In file included from /root/cj_build/impl_relocation_receipt_queue6-full/src/runtime/src/Heap/Allocator/AllocBuffer.h:16:
In file included from /root/cj_build/impl_relocation_receipt_queue6-full/src/runtime/src/Heap/Allocator/RegionList.h:11:
In file included from /root/cj_build/impl_relocation_receipt_queue6-full/src/runtime/src/Heap/Allocator/RegionInfo.h:53:
/root/cj_build/impl_relocation_receipt_queue6-full/src/runtime/src/Heap/Verify/MutatorRelocate.h:102:8: warning: constexpr if is a C++17 extension [-Wc++17-extensions]
    if constexpr (kWaitRegionPublish) {
       ^
In file included from /root/cj_build/impl_relocation_receipt_queue6-full/src/runtime/src/Heap/Barrier/Barrier.cpp:14:
In file included from /root/cj_build/impl_relocation_receipt_queue6-full/src/runtime/src/Heap/Allocator/RegionSpace.h:22:
In file included from /root/cj_build/impl_relocation_receipt_queue6-full/src/runtime/src/Heap/Allocator/RegionManager.h:25:
In file included from /root/cj_build/impl_relocation_receipt_queue6-full/src/runtime/src/Heap/Allocator/FreeRegionManager.h:15:
In file included from /root/cj_build/impl_relocation_receipt_queue6-full/src/runtime/src/Common/ScopedObjectAccess.h:11:
In file included from /root/cj_build/impl_relocation_receipt_queue6-full/src/runtime/src/Mutator/Mutator.inline.h:11:
In file included from /root/cj_build/impl_relocation_receipt_queue6-full/src/runtime/src/Mutator/MutatorManager.h:17:
/root/cj_build/impl_relocation_receipt_queue6-full/src/runtime/src/Base/GcLog.h:217:45: warning: format string is not a string literal [-Wformat-nonliteral]
        int n = vsnprintf(buf, sizeof(buf), format, args);
                                            ^~~~~~
/root/cj_build/impl_relocation_receipt_queue6-full/src/runtime/src/Heap/Barrier/Barrier.cpp:219:8: warning: constexpr if is a C++17 extension [-Wc++17-extensions]
    if constexpr (!kW1GhostFromStoreProbe) {
       ^
/root/cj_build/impl_relocation_receipt_queue6-full/src/runtime/src/Heap/Barrier/Barrier.cpp:248:8: warning: constexpr if is a C++17 extension [-Wc++17-extensions]
    if constexpr (!kW1GhostFromStoreProbe) {
       ^
10 warnings generated.
[ 36%] Linking CXX static library ../../../output/temp/ar/x86_64_Release/libHeap.a
In file included from /root/cj_build/impl_relocation_receipt_queue6-full/src/runtime/src/Heap/Allocator/Allocator.cpp:8:
In file included from /root/cj_build/impl_relocation_receipt_queue6-full/src/runtime/src/Heap/Allocator/Allocator.h:11:
In file included from /root/cj_build/impl_relocation_receipt_queue6-full/src/runtime/src/Heap/Allocator/AllocBufferManager.h:15:
In file included from /root/cj_build/impl_relocation_receipt_queue6-full/src/runtime/src/Heap/Allocator/AllocBuffer.h:16:
In file included from /root/cj_build/impl_relocation_receipt_queue6-full/src/runtime/src/Heap/Allocator/RegionList.h:11:
In file included from /root/cj_build/impl_relocation_receipt_queue6-full/src/runtime/src/Heap/Allocator/RegionInfo.h:41:
/root/cj_build/impl_relocation_receipt_queue6-full/src/runtime/src/Heap/Verify/AllocPhaseDiag.h:57:1: warning: inline variables are a C++17 extension [-Wc++17-extensions]
inline Slot g_table[kCap] = {};
^
/root/cj_build/impl_relocation_receipt_queue6-full/src/runtime/src/Heap/Verify/AllocPhaseDiag.h:58:1: warning: inline variables are a C++17 extension [-Wc++17-extensions]
inline NearEntry g_near[kNearCap] = {};
^
In file included from /root/cj_build/impl_relocation_receipt_queue6-full/src/runtime/src/Heap/Allocator/Allocator.cpp:8:
In file included from /root/cj_build/impl_relocation_receipt_queue6-full/src/runtime/src/Heap/Allocator/Allocator.h:11:
In file included from /root/cj_build/impl_relocation_receipt_queue6-full/src/runtime/src/Heap/Allocator/AllocBufferManager.h:15:
In file included from /root/cj_build/impl_relocation_receipt_queue6-full/src/runtime/src/Heap/Allocator/AllocBuffer.h:16:
In file included from /root/cj_build/impl_relocation_receipt_queue6-full/src/runtime/src/Heap/Allocator/RegionList.h:11:
In file included from /root/cj_build/impl_relocation_receipt_queue6-full/src/runtime/src/Heap/Allocator/RegionInfo.h:43:
/root/cj_build/impl_relocation_receipt_queue6-full/src/runtime/src/Heap/Verify/NullRouteCaller.h:34:1: warning: inline variables are a C++17 extension [-Wc++17-extensions]
inline thread_local const char* g_tag = nullptr;
^
/root/cj_build/impl_relocation_receipt_queue6-full/src/runtime/src/Heap/Verify/NullRouteCaller.h:35:1: warning: inline variables are a C++17 extension [-Wc++17-extensions]
inline thread_local const char* g_edgeSrc = nullptr;
^
/root/cj_build/impl_relocation_receipt_queue6-full/src/runtime/src/Heap/Verify/NullRouteCaller.h:36:1: warning: inline variables are a C++17 extension [-Wc++17-extensions]
inline thread_local uintptr_t g_slot = 0;
^
/root/cj_build/impl_relocation_receipt_queue6-full/src/runtime/src/Heap/Verify/NullRouteCaller.h:37:1: warning: inline variables are a C++17 extension [-Wc++17-extensions]
inline thread_local void* g_host = nullptr;
^
In file included from /root/cj_build/impl_relocation_receipt_queue6-full/src/runtime/src/Heap/Allocator/Allocator.cpp:8:
In file included from /root/cj_build/impl_relocation_receipt_queue6-full/src/runtime/src/Heap/Allocator/Allocator.h:11:
In file included from /root/cj_build/impl_relocation_receipt_queue6-full/src/runtime/src/Heap/Allocator/AllocBufferManager.h:15:
In file included from /root/cj_build/impl_relocation_receipt_queue6-full/src/runtime/src/Heap/Allocator/AllocBuffer.h:16:
In file included from /root/cj_build/impl_relocation_receipt_queue6-full/src/runtime/src/Heap/Allocator/RegionList.h:11:
In file included from /root/cj_build/impl_relocation_receipt_queue6-full/src/runtime/src/Heap/Allocator/RegionInfo.h:53:
/root/cj_build/impl_relocation_receipt_queue6-full/src/runtime/src/Heap/Verify/MutatorRelocate.h:102:8: warning: constexpr if is a C++17 extension [-Wc++17-extensions]
    if constexpr (kWaitRegionPublish) {
       ^
In file included from /root/cj_build/impl_relocation_receipt_queue6-full/src/runtime/src/Heap/Allocator/Allocator.cpp:15:
In file included from /root/cj_build/impl_relocation_receipt_queue6-full/src/runtime/src/Heap/Allocator/RegionSpace.h:22:
In file included from /root/cj_build/impl_relocation_receipt_queue6-full/src/runtime/src/Heap/Allocator/RegionManager.h:25:
In file included from /root/cj_build/impl_relocation_receipt_queue6-full/src/runtime/src/Heap/Allocator/FreeRegionManager.h:15:
In file included from /root/cj_build/impl_relocation_receipt_queue6-full/src/runtime/src/Common/ScopedObjectAccess.h:11:
In file included from /root/cj_build/impl_relocation_receipt_queue6-full/src/runtime/src/Mutator/Mutator.inline.h:11:
In file included from /root/cj_build/impl_relocation_receipt_queue6-full/src/runtime/src/Mutator/MutatorManager.h:17:
/root/cj_build/impl_relocation_receipt_queue6-full/src/runtime/src/Base/GcLog.h:217:45: warning: format string is not a string literal [-Wformat-nonliteral]
        int n = vsnprintf(buf, sizeof(buf), format, args);
                                            ^~~~~~
8 warnings generated.
[ 36%] Built target check_diag_not_hollow
[ 37%] Linking CXX static library ../../../../output/temp/ar/x86_64_Release/libBarrier.a
[ 37%] Building CXX object src/Heap/Collector/CMakeFiles/Collector.dir/Collector.cpp.o
Consolidate compiler generated dependencies of target WCollector
[ 39%] Building CXX object src/Heap/Allocator/CMakeFiles/Allocator.dir/RegionSpace.cpp.o
In file included from /root/cj_build/impl_relocation_receipt_queue6-full/src/runtime/src/Heap/Collector/Collector.cpp:20:
In file included from /root/cj_build/impl_relocation_receipt_queue6-full/src/runtime/src/Heap/Allocator/RegionInfo.h:41:
/root/cj_build/impl_relocation_receipt_queue6-full/src/runtime/src/Heap/Verify/AllocPhaseDiag.h:57:1: warning: inline variables are a C++17 extension [-Wc++17-extensions]
inline Slot g_table[kCap] = {};
^
/root/cj_build/impl_relocation_receipt_queue6-full/src/runtime/src/Heap/Verify/AllocPhaseDiag.h:58:1: warning: inline variables are a C++17 extension [-Wc++17-extensions]
inline NearEntry g_near[kNearCap] = {};
^
In file included from /root/cj_build/impl_relocation_receipt_queue6-full/src/runtime/src/Heap/Collector/Collector.cpp:20:
In file included from /root/cj_build/impl_relocation_receipt_queue6-full/src/runtime/src/Heap/Allocator/RegionInfo.h:43:
/root/cj_build/impl_relocation_receipt_queue6-full/src/runtime/src/Heap/Verify/NullRouteCaller.h:34:1: warning: inline variables are a C++17 extension [-Wc++17-extensions]
inline thread_local const char* g_tag = nullptr;
^
/root/cj_build/impl_relocation_receipt_queue6-full/src/runtime/src/Heap/Verify/NullRouteCaller.h:35:1: warning: inline variables are a C++17 extension [-Wc++17-extensions]
inline thread_local const char* g_edgeSrc = nullptr;
^
/root/cj_build/impl_relocation_receipt_queue6-full/src/runtime/src/Heap/Verify/NullRouteCaller.h:36:1: warning: inline variables are a C++17 extension [-Wc++17-extensions]
inline thread_local uintptr_t g_slot = 0;
^
/root/cj_build/impl_relocation_receipt_queue6-full/src/runtime/src/Heap/Verify/NullRouteCaller.h:37:1: warning: inline variables are a C++17 extension [-Wc++17-extensions]
inline thread_local void* g_host = nullptr;
^
In file included from /root/cj_build/impl_relocation_receipt_queue6-full/src/runtime/src/Heap/Collector/Collector.cpp:20:
In file included from /root/cj_build/impl_relocation_receipt_queue6-full/src/runtime/src/Heap/Allocator/RegionInfo.h:53:
/root/cj_build/impl_relocation_receipt_queue6-full/src/runtime/src/Heap/Verify/MutatorRelocate.h:102:8: warning: constexpr if is a C++17 extension [-Wc++17-extensions]
    if constexpr (kWaitRegionPublish) {
       ^
In file included from /root/cj_build/impl_relocation_receipt_queue6-full/src/runtime/src/Heap/Collector/Collector.cpp:21:
In file included from /root/cj_build/impl_relocation_receipt_queue6-full/src/runtime/src/Heap/Allocator/RegionSpace.h:22:
In file included from /root/cj_build/impl_relocation_receipt_queue6-full/src/runtime/src/Heap/Allocator/RegionManager.h:25:
In file included from /root/cj_build/impl_relocation_receipt_queue6-full/src/runtime/src/Heap/Allocator/FreeRegionManager.h:15:
In file included from /root/cj_build/impl_relocation_receipt_queue6-full/src/runtime/src/Common/ScopedObjectAccess.h:11:
In file included from /root/cj_build/impl_relocation_receipt_queue6-full/src/runtime/src/Mutator/Mutator.inline.h:11:
In file included from /root/cj_build/impl_relocation_receipt_queue6-full/src/runtime/src/Mutator/MutatorManager.h:17:
/root/cj_build/impl_relocation_receipt_queue6-full/src/runtime/src/Base/GcLog.h:217:45: warning: format string is not a string literal [-Wformat-nonliteral]
        int n = vsnprintf(buf, sizeof(buf), format, args);
                                            ^~~~~~
8 warnings generated.
In file included from /root/cj_build/impl_relocation_receipt_queue6-full/src/runtime/src/Heap/Allocator/RegionSpace.cpp:8:
In file included from /root/cj_build/impl_relocation_receipt_queue6-full/src/runtime/src/Heap/Allocator/RegionSpace.h:19:
In file included from /root/cj_build/impl_relocation_receipt_queue6-full/src/runtime/src/Heap/Allocator/Allocator.h:11:
In file included from /root/cj_build/impl_relocation_receipt_queue6-full/src/runtime/src/Heap/Allocator/AllocBufferManager.h:15:
In file included from /root/cj_build/impl_relocation_receipt_queue6-full/src/runtime/src/Heap/Allocator/AllocBuffer.h:16:
In file included from /root/cj_build/impl_relocation_receipt_queue6-full/src/runtime/src/Heap/Allocator/RegionList.h:11:
In file included from /root/cj_build/impl_relocation_receipt_queue6-full/src/runtime/src/Heap/Allocator/RegionInfo.h:41:
/root/cj_build/impl_relocation_receipt_queue6-full/src/runtime/src/Heap/Verify/AllocPhaseDiag.h:57:1: warning: inline variables are a C++17 extension [-Wc++17-extensions]
inline Slot g_table[kCap] = {};
^
/root/cj_build/impl_relocation_receipt_queue6-full/src/runtime/src/Heap/Verify/AllocPhaseDiag.h:58:1: warning: inline variables are a C++17 extension [-Wc++17-extensions]
inline NearEntry g_near[kNearCap] = {};
^
In file included from /root/cj_build/impl_relocation_receipt_queue6-full/src/runtime/src/Heap/Allocator/RegionSpace.cpp:8:
In file included from /root/cj_build/impl_relocation_receipt_queue6-full/src/runtime/src/Heap/Allocator/RegionSpace.h:19:
In file included from /root/cj_build/impl_relocation_receipt_queue6-full/src/runtime/src/Heap/Allocator/Allocator.h:11:
In file included from /root/cj_build/impl_relocation_receipt_queue6-full/src/runtime/src/Heap/Allocator/AllocBufferManager.h:15:
In file included from /root/cj_build/impl_relocation_receipt_queue6-full/src/runtime/src/Heap/Allocator/AllocBuffer.h:16:
In file included from /root/cj_build/impl_relocation_receipt_queue6-full/src/runtime/src/Heap/Allocator/RegionList.h:11:
In file included from /root/cj_build/impl_relocation_receipt_queue6-full/src/runtime/src/Heap/Allocator/RegionInfo.h:43:
/root/cj_build/impl_relocation_receipt_queue6-full/src/runtime/src/Heap/Verify/NullRouteCaller.h:34:1: warning: inline variables are a C++17 extension [-Wc++17-extensions]
inline thread_local const char* g_tag = nullptr;
^
/root/cj_build/impl_relocation_receipt_queue6-full/src/runtime/src/Heap/Verify/NullRouteCaller.h:35:1: warning: inline variables are a C++17 extension [-Wc++17-extensions]
inline thread_local const char* g_edgeSrc = nullptr;
^
/root/cj_build/impl_relocation_receipt_queue6-full/src/runtime/src/Heap/Verify/NullRouteCaller.h:36:1: warning: inline variables are a C++17 extension [-Wc++17-extensions]
inline thread_local uintptr_t g_slot = 0;
^
/root/cj_build/impl_relocation_receipt_queue6-full/src/runtime/src/Heap/Verify/NullRouteCaller.h:37:1: warning: inline variables are a C++17 extension [-Wc++17-extensions]
inline thread_local void* g_host = nullptr;
^
In file included from /root/cj_build/impl_relocation_receipt_queue6-full/src/runtime/src/Heap/Allocator/RegionSpace.cpp:8:
In file included from /root/cj_build/impl_relocation_receipt_queue6-full/src/runtime/src/Heap/Allocator/RegionSpace.h:19:
In file included from /root/cj_build/impl_relocation_receipt_queue6-full/src/runtime/src/Heap/Allocator/Allocator.h:11:
In file included from /root/cj_build/impl_relocation_receipt_queue6-full/src/runtime/src/Heap/Allocator/AllocBufferManager.h:15:
In file included from /root/cj_build/impl_relocation_receipt_queue6-full/src/runtime/src/Heap/Allocator/AllocBuffer.h:16:
In file included from /root/cj_build/impl_relocation_receipt_queue6-full/src/runtime/src/Heap/Allocator/RegionList.h:11:
In file included from /root/cj_build/impl_relocation_receipt_queue6-full/src/runtime/src/Heap/Allocator/RegionInfo.h:53:
/root/cj_build/impl_relocation_receipt_queue6-full/src/runtime/src/Heap/Verify/MutatorRelocate.h:102:8: warning: constexpr if is a C++17 extension [-Wc++17-extensions]
    if constexpr (kWaitRegionPublish) {
       ^
In file included from /root/cj_build/impl_relocation_receipt_queue6-full/src/runtime/src/Heap/Allocator/RegionSpace.cpp:8:
In file included from /root/cj_build/impl_relocation_receipt_queue6-full/src/runtime/src/Heap/Allocator/RegionSpace.h:22:
In file included from /root/cj_build/impl_relocation_receipt_queue6-full/src/runtime/src/Heap/Allocator/RegionManager.h:25:
In file included from /root/cj_build/impl_relocation_receipt_queue6-full/src/runtime/src/Heap/Allocator/FreeRegionManager.h:15:
In file included from /root/cj_build/impl_relocation_receipt_queue6-full/src/runtime/src/Common/ScopedObjectAccess.h:11:
In file included from /root/cj_build/impl_relocation_receipt_queue6-full/src/runtime/src/Mutator/Mutator.inline.h:11:
In file included from /root/cj_build/impl_relocation_receipt_queue6-full/src/runtime/src/Mutator/MutatorManager.h:17:
/root/cj_build/impl_relocation_receipt_queue6-full/src/runtime/src/Base/GcLog.h:217:45: warning: format string is not a string literal [-Wformat-nonliteral]
        int n = vsnprintf(buf, sizeof(buf), format, args);
                                            ^~~~~~
8 warnings generated.
[ 40%] Building CXX object src/Heap/WCollector/CMakeFiles/WCollector.dir/EnumBarrier.cpp.o
[ 40%] Building CXX object src/Heap/Collector/CMakeFiles/Collector.dir/CollectorProxy.cpp.o
[ 40%] Building CXX object src/Heap/Allocator/CMakeFiles/Allocator.dir/RegionManager.cpp.o
In file included from /root/cj_build/impl_relocation_receipt_queue6-full/src/runtime/src/Heap/WCollector/EnumBarrier.cpp:9:
In file included from /root/cj_build/impl_relocation_receipt_queue6-full/src/runtime/src/Heap/Allocator/RegionSpace.h:19:
In file included from /root/cj_build/impl_relocation_receipt_queue6-full/src/runtime/src/Heap/Allocator/Allocator.h:11:
In file included from /root/cj_build/impl_relocation_receipt_queue6-full/src/runtime/src/Heap/Allocator/AllocBufferManager.h:15:
In file included from /root/cj_build/impl_relocation_receipt_queue6-full/src/runtime/src/Heap/Allocator/AllocBuffer.h:16:
In file included from /root/cj_build/impl_relocation_receipt_queue6-full/src/runtime/src/Heap/Allocator/RegionList.h:11:
In file included from /root/cj_build/impl_relocation_receipt_queue6-full/src/runtime/src/Heap/Allocator/RegionInfo.h:41:
/root/cj_build/impl_relocation_receipt_queue6-full/src/runtime/src/Heap/Verify/AllocPhaseDiag.h:57:1: warning: inline variables are a C++17 extension [-Wc++17-extensions]
inline Slot g_table[kCap] = {};
^
/root/cj_build/impl_relocation_receipt_queue6-full/src/runtime/src/Heap/Verify/AllocPhaseDiag.h:58:1: warning: inline variables are a C++17 extension [-Wc++17-extensions]
inline NearEntry g_near[kNearCap] = {};
^
In file included from /root/cj_build/impl_relocation_receipt_queue6-full/src/runtime/src/Heap/WCollector/EnumBarrier.cpp:9:
In file included from /root/cj_build/impl_relocation_receipt_queue6-full/src/runtime/src/Heap/Allocator/RegionSpace.h:19:
In file included from /root/cj_build/impl_relocation_receipt_queue6-full/src/runtime/src/Heap/Allocator/Allocator.h:11:
In file included from /root/cj_build/impl_relocation_receipt_queue6-full/src/runtime/src/Heap/Allocator/AllocBufferManager.h:15:
In file included from /root/cj_build/impl_relocation_receipt_queue6-full/src/runtime/src/Heap/Allocator/AllocBuffer.h:16:
In file included from /root/cj_build/impl_relocation_receipt_queue6-full/src/runtime/src/Heap/Allocator/RegionList.h:11:
In file included from /root/cj_build/impl_relocation_receipt_queue6-full/src/runtime/src/Heap/Allocator/RegionInfo.h:43:
/root/cj_build/impl_relocation_receipt_queue6-full/src/runtime/src/Heap/Verify/NullRouteCaller.h:34:1: warning: inline variables are a C++17 extension [-Wc++17-extensions]
inline thread_local const char* g_tag = nullptr;
^
/root/cj_build/impl_relocation_receipt_queue6-full/src/runtime/src/Heap/Verify/NullRouteCaller.h:35:1: warning: inline variables are a C++17 extension [-Wc++17-extensions]
inline thread_local const char* g_edgeSrc = nullptr;
^
/root/cj_build/impl_relocation_receipt_queue6-full/src/runtime/src/Heap/Verify/NullRouteCaller.h:36:1: warning: inline variables are a C++17 extension [-Wc++17-extensions]
inline thread_local uintptr_t g_slot = 0;
^
/root/cj_build/impl_relocation_receipt_queue6-full/src/runtime/src/Heap/Verify/NullRouteCaller.h:37:1: warning: inline variables are a C++17 extension [-Wc++17-extensions]
inline thread_local void* g_host = nullptr;
^
In file included from /root/cj_build/impl_relocation_receipt_queue6-full/src/runtime/src/Heap/WCollector/EnumBarrier.cpp:9:
In file included from /root/cj_build/impl_relocation_receipt_queue6-full/src/runtime/src/Heap/Allocator/RegionSpace.h:19:
In file included from /root/cj_build/impl_relocation_receipt_queue6-full/src/runtime/src/Heap/Allocator/Allocator.h:11:
In file included from /root/cj_build/impl_relocation_receipt_queue6-full/src/runtime/src/Heap/Allocator/AllocBufferManager.h:15:
In file included from /root/cj_build/impl_relocation_receipt_queue6-full/src/runtime/src/Heap/Allocator/AllocBuffer.h:16:
In file included from /root/cj_build/impl_relocation_receipt_queue6-full/src/runtime/src/Heap/Allocator/RegionList.h:11:
In file included from /root/cj_build/impl_relocation_receipt_queue6-full/src/runtime/src/Heap/Allocator/RegionInfo.h:53:
/root/cj_build/impl_relocation_receipt_queue6-full/src/runtime/src/Heap/Verify/MutatorRelocate.h:102:8: warning: constexpr if is a C++17 extension [-Wc++17-extensions]
    if constexpr (kWaitRegionPublish) {
       ^
In file included from /root/cj_build/impl_relocation_receipt_queue6-full/src/runtime/src/Heap/WCollector/EnumBarrier.cpp:9:
In file included from /root/cj_build/impl_relocation_receipt_queue6-full/src/runtime/src/Heap/Allocator/RegionSpace.h:22:
In file included from /root/cj_build/impl_relocation_receipt_queue6-full/src/runtime/src/Heap/Allocator/RegionManager.h:25:
In file included from /root/cj_build/impl_relocation_receipt_queue6-full/src/runtime/src/Heap/Allocator/FreeRegionManager.h:15:
In file included from /root/cj_build/impl_relocation_receipt_queue6-full/src/runtime/src/Common/ScopedObjectAccess.h:11:
In file included from /root/cj_build/impl_relocation_receipt_queue6-full/src/runtime/src/Mutator/Mutator.inline.h:11:
In file included from /root/cj_build/impl_relocation_receipt_queue6-full/src/runtime/src/Mutator/MutatorManager.h:17:
/root/cj_build/impl_relocation_receipt_queue6-full/src/runtime/src/Base/GcLog.h:217:45: warning: format string is not a string literal [-Wformat-nonliteral]
        int n = vsnprintf(buf, sizeof(buf), format, args);
                                            ^~~~~~
In file included from /root/cj_build/impl_relocation_receipt_queue6-full/src/runtime/src/Heap/WCollector/EnumBarrier.cpp:13:
In file included from /root/cj_build/impl_relocation_receipt_queue6-full/src/runtime/src/Heap/Collector/CopyCollector.h:13:
/root/cj_build/impl_relocation_receipt_queue6-full/src/runtime/src/Heap/Collector/TracingCollector.h:352:20: warning: unused variable 'objSize' [-Wunused-variable]
            size_t objSize = obj->GetSize();
                   ^
9 warnings generated.
In file included from /root/cj_build/impl_relocation_receipt_queue6-full/src/runtime/src/Heap/Collector/CollectorProxy.cpp:8:
In file included from /root/cj_build/impl_relocation_receipt_queue6-full/src/runtime/src/Heap/Collector/CollectorProxy.h:14:
In file included from /root/cj_build/impl_relocation_receipt_queue6-full/src/runtime/src/Heap/WCollector/WCollector.h:22:
In file included from /root/cj_build/impl_relocation_receipt_queue6-full/src/runtime/src/Heap/Allocator/RegionSpace.h:19:
In file included from /root/cj_build/impl_relocation_receipt_queue6-full/src/runtime/src/Heap/Allocator/Allocator.h:11:
In file included from /root/cj_build/impl_relocation_receipt_queue6-full/src/runtime/src/Heap/Allocator/AllocBufferManager.h:15:
In file included from /root/cj_build/impl_relocation_receipt_queue6-full/src/runtime/src/Heap/Allocator/AllocBuffer.h:16:
In file included from /root/cj_build/impl_relocation_receipt_queue6-full/src/runtime/src/Heap/Allocator/RegionList.h:11:
In file included from /root/cj_build/impl_relocation_receipt_queue6-full/src/runtime/src/Heap/Allocator/RegionInfo.h:41:
/root/cj_build/impl_relocation_receipt_queue6-full/src/runtime/src/Heap/Verify/AllocPhaseDiag.h:57:1: warning: inline variables are a C++17 extension [-Wc++17-extensions]
inline Slot g_table[kCap] = {};
^
/root/cj_build/impl_relocation_receipt_queue6-full/src/runtime/src/Heap/Verify/AllocPhaseDiag.h:58:1: warning: inline variables are a C++17 extension [-Wc++17-extensions]
inline NearEntry g_near[kNearCap] = {};
^
In file included from /root/cj_build/impl_relocation_receipt_queue6-full/src/runtime/src/Heap/Collector/CollectorProxy.cpp:8:
In file included from /root/cj_build/impl_relocation_receipt_queue6-full/src/runtime/src/Heap/Collector/CollectorProxy.h:14:
In file included from /root/cj_build/impl_relocation_receipt_queue6-full/src/runtime/src/Heap/WCollector/WCollector.h:22:
In file included from /root/cj_build/impl_relocation_receipt_queue6-full/src/runtime/src/Heap/Allocator/RegionSpace.h:19:
In file included from /root/cj_build/impl_relocation_receipt_queue6-full/src/runtime/src/Heap/Allocator/Allocator.h:11:
In file included from /root/cj_build/impl_relocation_receipt_queue6-full/src/runtime/src/Heap/Allocator/AllocBufferManager.h:15:
In file included from /root/cj_build/impl_relocation_receipt_queue6-full/src/runtime/src/Heap/Allocator/AllocBuffer.h:16:
In file included from /root/cj_build/impl_relocation_receipt_queue6-full/src/runtime/src/Heap/Allocator/RegionList.h:11:
In file included from /root/cj_build/impl_relocation_receipt_queue6-full/src/runtime/src/Heap/Allocator/RegionInfo.h:43:
/root/cj_build/impl_relocation_receipt_queue6-full/src/runtime/src/Heap/Verify/NullRouteCaller.h:34:1: warning: inline variables are a C++17 extension [-Wc++17-extensions]
inline thread_local const char* g_tag = nullptr;
^
/root/cj_build/impl_relocation_receipt_queue6-full/src/runtime/src/Heap/Verify/NullRouteCaller.h:35:1: warning: inline variables are a C++17 extension [-Wc++17-extensions]
inline thread_local const char* g_edgeSrc = nullptr;
^
/root/cj_build/impl_relocation_receipt_queue6-full/src/runtime/src/Heap/Verify/NullRouteCaller.h:36:1: warning: inline variables are a C++17 extension [-Wc++17-extensions]
inline thread_local uintptr_t g_slot = 0;
^
/root/cj_build/impl_relocation_receipt_queue6-full/src/runtime/src/Heap/Verify/NullRouteCaller.h:37:1: warning: inline variables are a C++17 extension [-Wc++17-extensions]
inline thread_local void* g_host = nullptr;
^
In file included from /root/cj_build/impl_relocation_receipt_queue6-full/src/runtime/src/Heap/Collector/CollectorProxy.cpp:8:
In file included from /root/cj_build/impl_relocation_receipt_queue6-full/src/runtime/src/Heap/Collector/CollectorProxy.h:14:
In file included from /root/cj_build/impl_relocation_receipt_queue6-full/src/runtime/src/Heap/WCollector/WCollector.h:22:
In file included from /root/cj_build/impl_relocation_receipt_queue6-full/src/runtime/src/Heap/Allocator/RegionSpace.h:19:
In file included from /root/cj_build/impl_relocation_receipt_queue6-full/src/runtime/src/Heap/Allocator/Allocator.h:11:
In file included from /root/cj_build/impl_relocation_receipt_queue6-full/src/runtime/src/Heap/Allocator/AllocBufferManager.h:15:
In file included from /root/cj_build/impl_relocation_receipt_queue6-full/src/runtime/src/Heap/Allocator/AllocBuffer.h:16:
In file included from /root/cj_build/impl_relocation_receipt_queue6-full/src/runtime/src/Heap/Allocator/RegionList.h:11:
In file included from /root/cj_build/impl_relocation_receipt_queue6-full/src/runtime/src/Heap/Allocator/RegionInfo.h:53:
/root/cj_build/impl_relocation_receipt_queue6-full/src/runtime/src/Heap/Verify/MutatorRelocate.h:102:8: warning: constexpr if is a C++17 extension [-Wc++17-extensions]
    if constexpr (kWaitRegionPublish) {
       ^
In file included from /root/cj_build/impl_relocation_receipt_queue6-full/src/runtime/src/Heap/Collector/CollectorProxy.cpp:8:
In file included from /root/cj_build/impl_relocation_receipt_queue6-full/src/runtime/src/Heap/Collector/CollectorProxy.h:14:
In file included from /root/cj_build/impl_relocation_receipt_queue6-full/src/runtime/src/Heap/WCollector/WCollector.h:22:
In file included from /root/cj_build/impl_relocation_receipt_queue6-full/src/runtime/src/Heap/Allocator/RegionSpace.h:22:
In file included from /root/cj_build/impl_relocation_receipt_queue6-full/src/runtime/src/Heap/Allocator/RegionManager.h:25:
In file included from /root/cj_build/impl_relocation_receipt_queue6-full/src/runtime/src/Heap/Allocator/FreeRegionManager.h:15:
In file included from /root/cj_build/impl_relocation_receipt_queue6-full/src/runtime/src/Common/ScopedObjectAccess.h:11:
In file included from /root/cj_build/impl_relocation_receipt_queue6-full/src/runtime/src/Mutator/Mutator.inline.h:11:
In file included from /root/cj_build/impl_relocation_receipt_queue6-full/src/runtime/src/Mutator/MutatorManager.h:17:
/root/cj_build/impl_relocation_receipt_queue6-full/src/runtime/src/Base/GcLog.h:217:45: warning: format string is not a string literal [-Wformat-nonliteral]
        int n = vsnprintf(buf, sizeof(buf), format, args);
                                            ^~~~~~
In file included from /root/cj_build/impl_relocation_receipt_queue6-full/src/runtime/src/Heap/Collector/CollectorProxy.cpp:8:
In file included from /root/cj_build/impl_relocation_receipt_queue6-full/src/runtime/src/Heap/Collector/CollectorProxy.h:14:
In file included from /root/cj_build/impl_relocation_receipt_queue6-full/src/runtime/src/Heap/WCollector/WCollector.h:24:
In file included from /root/cj_build/impl_relocation_receipt_queue6-full/src/runtime/src/Heap/Collector/CopyCollector.h:13:
/root/cj_build/impl_relocation_receipt_queue6-full/src/runtime/src/Heap/Collector/TracingCollector.h:352:20: warning: unused variable 'objSize' [-Wunused-variable]
            size_t objSize = obj->GetSize();
                   ^
In file included from /root/cj_build/impl_relocation_receipt_queue6-full/src/runtime/src/Heap/Collector/CollectorProxy.cpp:8:
In file included from /root/cj_build/impl_relocation_receipt_queue6-full/src/runtime/src/Heap/Collector/CollectorProxy.h:14:
/root/cj_build/impl_relocation_receipt_queue6-full/src/runtime/src/Heap/WCollector/WCollector.h:425:12: warning: constexpr if is a C++17 extension [-Wc++17-extensions]
        if constexpr (ForwardingTable::kEntriesSoleWhenArmed) {
           ^
/root/cj_build/impl_relocation_receipt_queue6-full/src/runtime/src/Heap/WCollector/WCollector.h:450:12: warning: constexpr if is a C++17 extension [-Wc++17-extensions]
        if constexpr (ForwardingTable::kEntriesSoleWhenArmed) {
           ^
/root/cj_build/impl_relocation_receipt_queue6-full/src/runtime/src/Heap/WCollector/WCollector.h:347:38: warning: unused variable 'receiptCount' [-Wunused-variable]
        static std::atomic<uint64_t> receiptCount{ 0 };
                                     ^
/root/cj_build/impl_relocation_receipt_queue6-full/src/runtime/src/Heap/WCollector/WCollector.h:344:38: warning: unused variable 'nonHeapCount' [-Wunused-variable]
        static std::atomic<uint64_t> nonHeapCount{ 0 };
                                     ^
/root/cj_build/impl_relocation_receipt_queue6-full/src/runtime/src/Heap/WCollector/WCollector.h:349:38: warning: unused variable 'giveFromCount' [-Wunused-variable]
        static std::atomic<uint64_t> giveFromCount{ 0 };
                                     ^
/root/cj_build/impl_relocation_receipt_queue6-full/src/runtime/src/Heap/WCollector/WCollector.h:357:20: warning: unused variable 'funnel' [-Wunused-variable]
        const bool funnel = RemapFunnelOn();
                   ^
/root/cj_build/impl_relocation_receipt_queue6-full/src/runtime/src/Heap/WCollector/WCollector.h:346:38: warning: unused variable 'routeNullCount' [-Wunused-variable]
        static std::atomic<uint64_t> routeNullCount{ 0 };
                                     ^
/root/cj_build/impl_relocation_receipt_queue6-full/src/runtime/src/Heap/WCollector/WCollector.h:348:38: warning: unused variable 'waitCount' [-Wunused-variable]
        static std::atomic<uint64_t> waitCount{ 0 };
                                     ^
/root/cj_build/impl_relocation_receipt_queue6-full/src/runtime/src/Heap/WCollector/WCollector.h:343:38: warning: unused variable 'callCount' [-Wunused-variable]
        static std::atomic<uint64_t> callCount{ 0 };
                                     ^
/root/cj_build/impl_relocation_receipt_queue6-full/src/runtime/src/Heap/WCollector/WCollector.h:345:38: warning: unused variable 'noGhostCount' [-Wunused-variable]
        static std::atomic<uint64_t> noGhostCount{ 0 };
                                     ^
/root/cj_build/impl_relocation_receipt_queue6-full/src/runtime/src/Heap/WCollector/WCollector.h:622:12: warning: constexpr if is a C++17 extension [-Wc++17-extensions]
        if constexpr (ForwardingTable::kEntriesSoleWhenArmed) {
           ^
/root/cj_build/impl_relocation_receipt_queue6-full/src/runtime/src/Heap/WCollector/WCollector.h:677:12: warning: constexpr if is a C++17 extension [-Wc++17-extensions]
        if constexpr (ForwardingTable::kConsumeEntries) {
           ^
/root/cj_build/impl_relocation_receipt_queue6-full/src/runtime/src/Heap/WCollector/WCollector.h:682:16: warning: constexpr if is a C++17 extension [-Wc++17-extensions]
            if constexpr (ForwardingTable::kEntriesSoleWhenArmed) {
               ^
/root/cj_build/impl_relocation_receipt_queue6-full/src/runtime/src/Heap/WCollector/WCollector.h:713:12: warning: constexpr if is a C++17 extension [-Wc++17-extensions]
        if constexpr (ForwardingTable::kConsumeEntries) {
           ^
23 warnings generated.
In file included from /root/cj_build/impl_relocation_receipt_queue6-full/src/runtime/src/Heap/Allocator/RegionManager.cpp:8:
In file included from /root/cj_build/impl_relocation_receipt_queue6-full/src/runtime/src/Heap/Allocator/RegionManager.h:19:
In file included from /root/cj_build/impl_relocation_receipt_queue6-full/src/runtime/src/Heap/Allocator/AllocBuffer.h:16:
In file included from /root/cj_build/impl_relocation_receipt_queue6-full/src/runtime/src/Heap/Allocator/RegionList.h:11:
In file included from /root/cj_build/impl_relocation_receipt_queue6-full/src/runtime/src/Heap/Allocator/RegionInfo.h:41:
/root/cj_build/impl_relocation_receipt_queue6-full/src/runtime/src/Heap/Verify/AllocPhaseDiag.h:57:1: warning: inline variables are a C++17 extension [-Wc++17-extensions]
inline Slot g_table[kCap] = {};
^
/root/cj_build/impl_relocation_receipt_queue6-full/src/runtime/src/Heap/Verify/AllocPhaseDiag.h:58:1: warning: inline variables are a C++17 extension [-Wc++17-extensions]
inline NearEntry g_near[kNearCap] = {};
^
In file included from /root/cj_build/impl_relocation_receipt_queue6-full/src/runtime/src/Heap/Allocator/RegionManager.cpp:8:
In file included from /root/cj_build/impl_relocation_receipt_queue6-full/src/runtime/src/Heap/Allocator/RegionManager.h:19:
In file included from /root/cj_build/impl_relocation_receipt_queue6-full/src/runtime/src/Heap/Allocator/AllocBuffer.h:16:
In file included from /root/cj_build/impl_relocation_receipt_queue6-full/src/runtime/src/Heap/Allocator/RegionList.h:11:
In file included from /root/cj_build/impl_relocation_receipt_queue6-full/src/runtime/src/Heap/Allocator/RegionInfo.h:43:
/root/cj_build/impl_relocation_receipt_queue6-full/src/runtime/src/Heap/Verify/NullRouteCaller.h:34:1: warning: inline variables are a C++17 extension [-Wc++17-extensions]
inline thread_local const char* g_tag = nullptr;
^
/root/cj_build/impl_relocation_receipt_queue6-full/src/runtime/src/Heap/Verify/NullRouteCaller.h:35:1: warning: inline variables are a C++17 extension [-Wc++17-extensions]
inline thread_local const char* g_edgeSrc = nullptr;
^
/root/cj_build/impl_relocation_receipt_queue6-full/src/runtime/src/Heap/Verify/NullRouteCaller.h:36:1: warning: inline variables are a C++17 extension [-Wc++17-extensions]
inline thread_local uintptr_t g_slot = 0;
^
/root/cj_build/impl_relocation_receipt_queue6-full/src/runtime/src/Heap/Verify/NullRouteCaller.h:37:1: warning: inline variables are a C++17 extension [-Wc++17-extensions]
inline thread_local void* g_host = nullptr;
^
In file included from /root/cj_build/impl_relocation_receipt_queue6-full/src/runtime/src/Heap/Allocator/RegionManager.cpp:8:
In file included from /root/cj_build/impl_relocation_receipt_queue6-full/src/runtime/src/Heap/Allocator/RegionManager.h:19:
In file included from /root/cj_build/impl_relocation_receipt_queue6-full/src/runtime/src/Heap/Allocator/AllocBuffer.h:16:
In file included from /root/cj_build/impl_relocation_receipt_queue6-full/src/runtime/src/Heap/Allocator/RegionList.h:11:
In file included from /root/cj_build/impl_relocation_receipt_queue6-full/src/runtime/src/Heap/Allocator/RegionInfo.h:53:
/root/cj_build/impl_relocation_receipt_queue6-full/src/runtime/src/Heap/Verify/MutatorRelocate.h:102:8: warning: constexpr if is a C++17 extension [-Wc++17-extensions]
    if constexpr (kWaitRegionPublish) {
       ^
In file included from /root/cj_build/impl_relocation_receipt_queue6-full/src/runtime/src/Heap/Allocator/RegionManager.cpp:8:
In file included from /root/cj_build/impl_relocation_receipt_queue6-full/src/runtime/src/Heap/Allocator/RegionManager.h:25:
In file included from /root/cj_build/impl_relocation_receipt_queue6-full/src/runtime/src/Heap/Allocator/FreeRegionManager.h:15:
In file included from /root/cj_build/impl_relocation_receipt_queue6-full/src/runtime/src/Common/ScopedObjectAccess.h:11:
In file included from /root/cj_build/impl_relocation_receipt_queue6-full/src/runtime/src/Mutator/Mutator.inline.h:11:
In file included from /root/cj_build/impl_relocation_receipt_queue6-full/src/runtime/src/Mutator/MutatorManager.h:17:
/root/cj_build/impl_relocation_receipt_queue6-full/src/runtime/src/Base/GcLog.h:217:45: warning: format string is not a string literal [-Wformat-nonliteral]
        int n = vsnprintf(buf, sizeof(buf), format, args);
                                            ^~~~~~
In file included from /root/cj_build/impl_relocation_receipt_queue6-full/src/runtime/src/Heap/Allocator/RegionManager.cpp:27:
In file included from /root/cj_build/impl_relocation_receipt_queue6-full/src/runtime/src/Heap/Collector/CopyCollector.h:13:
/root/cj_build/impl_relocation_receipt_queue6-full/src/runtime/src/Heap/Collector/TracingCollector.h:352:20: warning: unused variable 'objSize' [-Wunused-variable]
            size_t objSize = obj->GetSize();
                   ^
In file included from /root/cj_build/impl_relocation_receipt_queue6-full/src/runtime/src/Heap/Allocator/RegionManager.cpp:28:
/root/cj_build/impl_relocation_receipt_queue6-full/src/runtime/src/Heap/Collector/GcTrigger.h:477:8: warning: constexpr if is a C++17 extension [-Wc++17-extensions]
    if constexpr (kGcTriggerMajorAllocRateEnabled) {
       ^
/root/cj_build/impl_relocation_receipt_queue6-full/src/runtime/src/Heap/Collector/GcTrigger.h:496:8: warning: constexpr if is a C++17 extension [-Wc++17-extensions]
    if constexpr (kGcTriggerProactiveEnabled) {
       ^
In file included from /root/cj_build/impl_relocation_receipt_queue6-full/src/runtime/src/Heap/Allocator/RegionManager.cpp:43:
/root/cj_build/impl_relocation_receipt_queue6-full/src/runtime/src/Heap/WCollector/RelocationSetSelector.h:13:1: warning: inline variables are a C++17 extension [-Wc++17-extensions]
inline constexpr bool kUseRelocationSetSelector = true;
^
/root/cj_build/impl_relocation_receipt_queue6-full/src/runtime/src/Heap/WCollector/RelocationSetSelector.h:14:1: warning: inline variables are a C++17 extension [-Wc++17-extensions]
inline constexpr double kRelocationFragmentationLimitPercent = 25.0;
^
/root/cj_build/impl_relocation_receipt_queue6-full/src/runtime/src/Heap/WCollector/RelocationSetSelector.h:16:1: warning: inline variables are a C++17 extension [-Wc++17-extensions]
inline constexpr size_t kRelocationMaxSmallRegionBytes = 128 * 1024;
^
/root/cj_build/impl_relocation_receipt_queue6-full/src/runtime/src/Heap/WCollector/RelocationSetSelector.h:18:1: warning: inline variables are a C++17 extension [-Wc++17-extensions]
inline constexpr size_t kRelocationObjectSizeLimit = 16 * 1024;
^
/root/cj_build/impl_relocation_receipt_queue6-full/src/runtime/src/Heap/Allocator/RegionManager.cpp:440:65: warning: lambda capture 'region' is not used [-Wunused-lambda-capture]
            object->ForEachRefField([&rememberedSet, &recorded, region](RefField<>& field) {
                                                              ~~^~~~~~
/root/cj_build/impl_relocation_receipt_queue6-full/src/runtime/src/Heap/Allocator/RegionManager.cpp:1204:8: warning: constexpr if is a C++17 extension [-Wc++17-extensions]
    if constexpr (!kExpireKeptAtCycleStart) {
       ^
/root/cj_build/impl_relocation_receipt_queue6-full/src/runtime/src/Heap/Allocator/RegionManager.cpp:1903:16: warning: constexpr if is a C++17 extension [-Wc++17-extensions]
            if constexpr (kGcTriggerProactiveEnabled || kGcTriggerDynamicWorkersEnabled) {
               ^
/root/cj_build/impl_relocation_receipt_queue6-full/src/runtime/src/Heap/Allocator/RegionManager.cpp:1907:16: warning: constexpr if is a C++17 extension [-Wc++17-extensions]
            if constexpr (kGcTriggerProactiveEnabled) {
               ^
/root/cj_build/impl_relocation_receipt_queue6-full/src/runtime/src/Heap/Allocator/RegionManager.cpp:1915:16: warning: constexpr if is a C++17 extension [-Wc++17-extensions]
            if constexpr (kGcTriggerMajorAllocRateEnabled) {
               ^
/root/cj_build/impl_relocation_receipt_queue6-full/src/runtime/src/Heap/Allocator/RegionManager.cpp:1926:16: warning: constexpr if is a C++17 extension [-Wc++17-extensions]
            if constexpr (kGcTriggerDynamicWorkersEnabled) {
               ^
/root/cj_build/impl_relocation_receipt_queue6-full/src/runtime/src/Heap/Allocator/RegionManager.cpp:2190:8: warning: constexpr if is a C++17 extension [-Wc++17-extensions]
    if constexpr (!kFinishIncompleteFromRegions) {
       ^
/root/cj_build/impl_relocation_receipt_queue6-full/src/runtime/src/Heap/Allocator/RegionManager.cpp:3619:28: warning: unused variable 'liveBefore' [-Wunused-variable]
            const uint64_t liveBefore = region->GetLiveByteCount();
                           ^
/root/cj_build/impl_relocation_receipt_queue6-full/src/runtime/src/Heap/Allocator/RegionManager.cpp:3621:20: warning: unused variable 'markedBefore' [-Wunused-variable]
            size_t markedBefore = 0;
                   ^
/root/cj_build/impl_relocation_receipt_queue6-full/src/runtime/src/Heap/Allocator/RegionManager.cpp:3627:28: warning: unused variable 'liveAfterReset' [-Wunused-variable]
            const uint64_t liveAfterReset = region->GetLiveByteCount();
                           ^
/root/cj_build/impl_relocation_receipt_queue6-full/src/runtime/src/Heap/Allocator/RegionManager.cpp:3629:20: warning: unused variable 'markedAfterReset' [-Wunused-variable]
            size_t markedAfterReset = 0;
                   ^
/root/cj_build/impl_relocation_receipt_queue6-full/src/runtime/src/Heap/Allocator/RegionManager.cpp:3634:20: warning: unused variable 'markedAfterInv' [-Wunused-variable]
            size_t markedAfterInv = 0;
                   ^
/root/cj_build/impl_relocation_receipt_queue6-full/src/runtime/src/Heap/Allocator/RegionManager.cpp:3396:70: warning: lambda capture 'oldObjForwarded' is not used [-Wunused-lambda-capture]
        [&collector, youngRegion, &rememberedSet, &promotedRecords, &oldObjForwarded,
                                                                     ^
/root/cj_build/impl_relocation_receipt_queue6-full/src/runtime/src/Heap/Allocator/RegionManager.cpp:3700:30: note: in instantiation of function template specialization 'MapleRuntime::RegionManager::ForwardRegion<MapleRuntime::Generation::Young>' requested here
template void RegionManager::ForwardRegion<Generation::Young>(RegionInfo*);
                             ^
/root/cj_build/impl_relocation_receipt_queue6-full/src/runtime/src/Heap/Allocator/RegionManager.cpp:3397:11: warning: lambda capture 'o2yOnToForOld' is not used [-Wunused-lambda-capture]
         &o2yOnToForOld, &recordedOnToForOld](BaseObject* obj) {
          ^
/root/cj_build/impl_relocation_receipt_queue6-full/src/runtime/src/Heap/Allocator/RegionManager.cpp:3396:70: warning: lambda capture 'oldObjForwarded' is not used [-Wunused-lambda-capture]
        [&collector, youngRegion, &rememberedSet, &promotedRecords, &oldObjForwarded,
                                                                     ^
/root/cj_build/impl_relocation_receipt_queue6-full/src/runtime/src/Heap/Allocator/RegionManager.cpp:3701:30: note: in instantiation of function template specialization 'MapleRuntime::RegionManager::ForwardRegion<MapleRuntime::Generation::Old>' requested here
template void RegionManager::ForwardRegion<Generation::Old>(RegionInfo*);
                             ^
/root/cj_build/impl_relocation_receipt_queue6-full/src/runtime/src/Heap/Allocator/RegionManager.cpp:3397:11: warning: lambda capture 'o2yOnToForOld' is not used [-Wunused-lambda-capture]
         &o2yOnToForOld, &recordedOnToForOld](BaseObject* obj) {
          ^
31 warnings generated.
[ 40%] Building CXX object src/Heap/WCollector/CMakeFiles/WCollector.dir/TraceBarrier.cpp.o
Consolidate compiler generated dependencies of target Verify
[ 42%] Building CXX object src/Heap/Collector/CMakeFiles/Collector.dir/CollectorResources.cpp.o
In file included from /root/cj_build/impl_relocation_receipt_queue6-full/src/runtime/src/Heap/WCollector/TraceBarrier.cpp:9:
In file included from /root/cj_build/impl_relocation_receipt_queue6-full/src/runtime/src/Heap/Allocator/RegionSpace.h:19:
In file included from /root/cj_build/impl_relocation_receipt_queue6-full/src/runtime/src/Heap/Allocator/Allocator.h:11:
In file included from /root/cj_build/impl_relocation_receipt_queue6-full/src/runtime/src/Heap/Allocator/AllocBufferManager.h:15:
In file included from /root/cj_build/impl_relocation_receipt_queue6-full/src/runtime/src/Heap/Allocator/AllocBuffer.h:16:
In file included from /root/cj_build/impl_relocation_receipt_queue6-full/src/runtime/src/Heap/Allocator/RegionList.h:11:
In file included from /root/cj_build/impl_relocation_receipt_queue6-full/src/runtime/src/Heap/Allocator/RegionInfo.h:41:
/root/cj_build/impl_relocation_receipt_queue6-full/src/runtime/src/Heap/Verify/AllocPhaseDiag.h:57:1: warning: inline variables are a C++17 extension [-Wc++17-extensions]
inline Slot g_table[kCap] = {};
^
/root/cj_build/impl_relocation_receipt_queue6-full/src/runtime/src/Heap/Verify/AllocPhaseDiag.h:58:1: warning: inline variables are a C++17 extension [-Wc++17-extensions]
inline NearEntry g_near[kNearCap] = {};
^
In file included from /root/cj_build/impl_relocation_receipt_queue6-full/src/runtime/src/Heap/WCollector/TraceBarrier.cpp:9:
In file included from /root/cj_build/impl_relocation_receipt_queue6-full/src/runtime/src/Heap/Allocator/RegionSpace.h:19:
In file included from /root/cj_build/impl_relocation_receipt_queue6-full/src/runtime/src/Heap/Allocator/Allocator.h:11:
In file included from /root/cj_build/impl_relocation_receipt_queue6-full/src/runtime/src/Heap/Allocator/AllocBufferManager.h:15:
In file included from /root/cj_build/impl_relocation_receipt_queue6-full/src/runtime/src/Heap/Allocator/AllocBuffer.h:16:
In file included from /root/cj_build/impl_relocation_receipt_queue6-full/src/runtime/src/Heap/Allocator/RegionList.h:11:
In file included from /root/cj_build/impl_relocation_receipt_queue6-full/src/runtime/src/Heap/Allocator/RegionInfo.h:43:
/root/cj_build/impl_relocation_receipt_queue6-full/src/runtime/src/Heap/Verify/NullRouteCaller.h:34:1: warning: inline variables are a C++17 extension [-Wc++17-extensions]
inline thread_local const char* g_tag = nullptr;
^
/root/cj_build/impl_relocation_receipt_queue6-full/src/runtime/src/Heap/Verify/NullRouteCaller.h:35:1: warning: inline variables are a C++17 extension [-Wc++17-extensions]
inline thread_local const char* g_edgeSrc = nullptr;
^
/root/cj_build/impl_relocation_receipt_queue6-full/src/runtime/src/Heap/Verify/NullRouteCaller.h:36:1: warning: inline variables are a C++17 extension [-Wc++17-extensions]
inline thread_local uintptr_t g_slot = 0;
^
/root/cj_build/impl_relocation_receipt_queue6-full/src/runtime/src/Heap/Verify/NullRouteCaller.h:37:1: warning: inline variables are a C++17 extension [-Wc++17-extensions]
inline thread_local void* g_host = nullptr;
^
In file included from /root/cj_build/impl_relocation_receipt_queue6-full/src/runtime/src/Heap/WCollector/TraceBarrier.cpp:9:
In file included from /root/cj_build/impl_relocation_receipt_queue6-full/src/runtime/src/Heap/Allocator/RegionSpace.h:19:
In file included from /root/cj_build/impl_relocation_receipt_queue6-full/src/runtime/src/Heap/Allocator/Allocator.h:11:
In file included from /root/cj_build/impl_relocation_receipt_queue6-full/src/runtime/src/Heap/Allocator/AllocBufferManager.h:15:
In file included from /root/cj_build/impl_relocation_receipt_queue6-full/src/runtime/src/Heap/Allocator/AllocBuffer.h:16:
In file included from /root/cj_build/impl_relocation_receipt_queue6-full/src/runtime/src/Heap/Allocator/RegionList.h:11:
In file included from /root/cj_build/impl_relocation_receipt_queue6-full/src/runtime/src/Heap/Allocator/RegionInfo.h:53:
/root/cj_build/impl_relocation_receipt_queue6-full/src/runtime/src/Heap/Verify/MutatorRelocate.h:102:8: warning: constexpr if is a C++17 extension [-Wc++17-extensions]
    if constexpr (kWaitRegionPublish) {
       ^
In file included from /root/cj_build/impl_relocation_receipt_queue6-full/src/runtime/src/Heap/WCollector/TraceBarrier.cpp:9:
In file included from /root/cj_build/impl_relocation_receipt_queue6-full/src/runtime/src/Heap/Allocator/RegionSpace.h:22:
In file included from /root/cj_build/impl_relocation_receipt_queue6-full/src/runtime/src/Heap/Allocator/RegionManager.h:25:
In file included from /root/cj_build/impl_relocation_receipt_queue6-full/src/runtime/src/Heap/Allocator/FreeRegionManager.h:15:
In file included from /root/cj_build/impl_relocation_receipt_queue6-full/src/runtime/src/Common/ScopedObjectAccess.h:11:
In file included from /root/cj_build/impl_relocation_receipt_queue6-full/src/runtime/src/Mutator/Mutator.inline.h:11:
In file included from /root/cj_build/impl_relocation_receipt_queue6-full/src/runtime/src/Mutator/MutatorManager.h:17:
/root/cj_build/impl_relocation_receipt_queue6-full/src/runtime/src/Base/GcLog.h:217:45: warning: format string is not a string literal [-Wformat-nonliteral]
        int n = vsnprintf(buf, sizeof(buf), format, args);
                                            ^~~~~~
In file included from /root/cj_build/impl_relocation_receipt_queue6-full/src/runtime/src/Heap/WCollector/TraceBarrier.cpp:13:
In file included from /root/cj_build/impl_relocation_receipt_queue6-full/src/runtime/src/Heap/Collector/CopyCollector.h:13:
/root/cj_build/impl_relocation_receipt_queue6-full/src/runtime/src/Heap/Collector/TracingCollector.h:352:20: warning: unused variable 'objSize' [-Wunused-variable]
            size_t objSize = obj->GetSize();
                   ^
9 warnings generated.
[ 42%] Linking CXX static library ../../../../output/temp/ar/x86_64_Release/libAllocator.a
In file included from /root/cj_build/impl_relocation_receipt_queue6-full/src/runtime/src/Heap/Collector/CollectorResources.cpp:19:
In file included from /root/cj_build/impl_relocation_receipt_queue6-full/src/runtime/src/Heap/Collector/CollectorProxy.h:14:
In file included from /root/cj_build/impl_relocation_receipt_queue6-full/src/runtime/src/Heap/WCollector/WCollector.h:22:
In file included from /root/cj_build/impl_relocation_receipt_queue6-full/src/runtime/src/Heap/Allocator/RegionSpace.h:19:
In file included from /root/cj_build/impl_relocation_receipt_queue6-full/src/runtime/src/Heap/Allocator/Allocator.h:11:
In file included from /root/cj_build/impl_relocation_receipt_queue6-full/src/runtime/src/Heap/Allocator/AllocBufferManager.h:15:
In file included from /root/cj_build/impl_relocation_receipt_queue6-full/src/runtime/src/Heap/Allocator/AllocBuffer.h:16:
In file included from /root/cj_build/impl_relocation_receipt_queue6-full/src/runtime/src/Heap/Allocator/RegionList.h:11:
In file included from /root/cj_build/impl_relocation_receipt_queue6-full/src/runtime/src/Heap/Allocator/RegionInfo.h:41:
/root/cj_build/impl_relocation_receipt_queue6-full/src/runtime/src/Heap/Verify/AllocPhaseDiag.h:57:1: warning: inline variables are a C++17 extension [-Wc++17-extensions]
inline Slot g_table[kCap] = {};
^
/root/cj_build/impl_relocation_receipt_queue6-full/src/runtime/src/Heap/Verify/AllocPhaseDiag.h:58:1: warning: inline variables are a C++17 extension [-Wc++17-extensions]
inline NearEntry g_near[kNearCap] = {};
^
In file included from /root/cj_build/impl_relocation_receipt_queue6-full/src/runtime/src/Heap/Collector/CollectorResources.cpp:19:
In file included from /root/cj_build/impl_relocation_receipt_queue6-full/src/runtime/src/Heap/Collector/CollectorProxy.h:14:
In file included from /root/cj_build/impl_relocation_receipt_queue6-full/src/runtime/src/Heap/WCollector/WCollector.h:22:
In file included from /root/cj_build/impl_relocation_receipt_queue6-full/src/runtime/src/Heap/Allocator/RegionSpace.h:19:
In file included from /root/cj_build/impl_relocation_receipt_queue6-full/src/runtime/src/Heap/Allocator/Allocator.h:11:
In file included from /root/cj_build/impl_relocation_receipt_queue6-full/src/runtime/src/Heap/Allocator/AllocBufferManager.h:15:
In file included from /root/cj_build/impl_relocation_receipt_queue6-full/src/runtime/src/Heap/Allocator/AllocBuffer.h:16:
In file included from /root/cj_build/impl_relocation_receipt_queue6-full/src/runtime/src/Heap/Allocator/RegionList.h:11:
In file included from /root/cj_build/impl_relocation_receipt_queue6-full/src/runtime/src/Heap/Allocator/RegionInfo.h:43:
/root/cj_build/impl_relocation_receipt_queue6-full/src/runtime/src/Heap/Verify/NullRouteCaller.h:34:1: warning: inline variables are a C++17 extension [-Wc++17-extensions]
inline thread_local const char* g_tag = nullptr;
^
/root/cj_build/impl_relocation_receipt_queue6-full/src/runtime/src/Heap/Verify/NullRouteCaller.h:35:1: warning: inline variables are a C++17 extension [-Wc++17-extensions]
inline thread_local const char* g_edgeSrc = nullptr;
^
/root/cj_build/impl_relocation_receipt_queue6-full/src/runtime/src/Heap/Verify/NullRouteCaller.h:36:1: warning: inline variables are a C++17 extension [-Wc++17-extensions]
inline thread_local uintptr_t g_slot = 0;
^
/root/cj_build/impl_relocation_receipt_queue6-full/src/runtime/src/Heap/Verify/NullRouteCaller.h:37:1: warning: inline variables are a C++17 extension [-Wc++17-extensions]
inline thread_local void* g_host = nullptr;
^
In file included from /root/cj_build/impl_relocation_receipt_queue6-full/src/runtime/src/Heap/Collector/CollectorResources.cpp:19:
In file included from /root/cj_build/impl_relocation_receipt_queue6-full/src/runtime/src/Heap/Collector/CollectorProxy.h:14:
In file included from /root/cj_build/impl_relocation_receipt_queue6-full/src/runtime/src/Heap/WCollector/WCollector.h:22:
In file included from /root/cj_build/impl_relocation_receipt_queue6-full/src/runtime/src/Heap/Allocator/RegionSpace.h:19:
In file included from /root/cj_build/impl_relocation_receipt_queue6-full/src/runtime/src/Heap/Allocator/Allocator.h:11:
In file included from /root/cj_build/impl_relocation_receipt_queue6-full/src/runtime/src/Heap/Allocator/AllocBufferManager.h:15:
In file included from /root/cj_build/impl_relocation_receipt_queue6-full/src/runtime/src/Heap/Allocator/AllocBuffer.h:16:
In file included from /root/cj_build/impl_relocation_receipt_queue6-full/src/runtime/src/Heap/Allocator/RegionList.h:11:
In file included from /root/cj_build/impl_relocation_receipt_queue6-full/src/runtime/src/Heap/Allocator/RegionInfo.h:53:
/root/cj_build/impl_relocation_receipt_queue6-full/src/runtime/src/Heap/Verify/MutatorRelocate.h:102:8: warning: constexpr if is a C++17 extension [-Wc++17-extensions]
    if constexpr (kWaitRegionPublish) {
       ^
In file included from /root/cj_build/impl_relocation_receipt_queue6-full/src/runtime/src/Heap/Collector/CollectorResources.cpp:19:
In file included from /root/cj_build/impl_relocation_receipt_queue6-full/src/runtime/src/Heap/Collector/CollectorProxy.h:14:
In file included from /root/cj_build/impl_relocation_receipt_queue6-full/src/runtime/src/Heap/WCollector/WCollector.h:22:
In file included from /root/cj_build/impl_relocation_receipt_queue6-full/src/runtime/src/Heap/Allocator/RegionSpace.h:22:
In file included from /root/cj_build/impl_relocation_receipt_queue6-full/src/runtime/src/Heap/Allocator/RegionManager.h:25:
In file included from /root/cj_build/impl_relocation_receipt_queue6-full/src/runtime/src/Heap/Allocator/FreeRegionManager.h:15:
In file included from /root/cj_build/impl_relocation_receipt_queue6-full/src/runtime/src/Common/ScopedObjectAccess.h:11:
In file included from /root/cj_build/impl_relocation_receipt_queue6-full/src/runtime/src/Mutator/Mutator.inline.h:11:
In file included from /root/cj_build/impl_relocation_receipt_queue6-full/src/runtime/src/Mutator/MutatorManager.h:17:
/root/cj_build/impl_relocation_receipt_queue6-full/src/runtime/src/Base/GcLog.h:217:45: warning: format string is not a string literal [-Wformat-nonliteral]
        int n = vsnprintf(buf, sizeof(buf), format, args);
                                            ^~~~~~
In file included from /root/cj_build/impl_relocation_receipt_queue6-full/src/runtime/src/Heap/Collector/CollectorResources.cpp:19:
In file included from /root/cj_build/impl_relocation_receipt_queue6-full/src/runtime/src/Heap/Collector/CollectorProxy.h:14:
In file included from /root/cj_build/impl_relocation_receipt_queue6-full/src/runtime/src/Heap/WCollector/WCollector.h:24:
In file included from /root/cj_build/impl_relocation_receipt_queue6-full/src/runtime/src/Heap/Collector/CopyCollector.h:13:
/root/cj_build/impl_relocation_receipt_queue6-full/src/runtime/src/Heap/Collector/TracingCollector.h:352:20: warning: unused variable 'objSize' [-Wunused-variable]
            size_t objSize = obj->GetSize();
                   ^
In file included from /root/cj_build/impl_relocation_receipt_queue6-full/src/runtime/src/Heap/Collector/CollectorResources.cpp:19:
In file included from /root/cj_build/impl_relocation_receipt_queue6-full/src/runtime/src/Heap/Collector/CollectorProxy.h:14:
/root/cj_build/impl_relocation_receipt_queue6-full/src/runtime/src/Heap/WCollector/WCollector.h:425:12: warning: constexpr if is a C++17 extension [-Wc++17-extensions]
        if constexpr (ForwardingTable::kEntriesSoleWhenArmed) {
           ^
/root/cj_build/impl_relocation_receipt_queue6-full/src/runtime/src/Heap/WCollector/WCollector.h:450:12: warning: constexpr if is a C++17 extension [-Wc++17-extensions]
        if constexpr (ForwardingTable::kEntriesSoleWhenArmed) {
           ^
/root/cj_build/impl_relocation_receipt_queue6-full/src/runtime/src/Heap/WCollector/WCollector.h:357:20: warning: unused variable 'funnel' [-Wunused-variable]
        const bool funnel = RemapFunnelOn();
                   ^
/root/cj_build/impl_relocation_receipt_queue6-full/src/runtime/src/Heap/WCollector/WCollector.h:347:38: warning: unused variable 'receiptCount' [-Wunused-variable]
        static std::atomic<uint64_t> receiptCount{ 0 };
                                     ^
/root/cj_build/impl_relocation_receipt_queue6-full/src/runtime/src/Heap/WCollector/WCollector.h:344:38: warning: unused variable 'nonHeapCount' [-Wunused-variable]
        static std::atomic<uint64_t> nonHeapCount{ 0 };
                                     ^
/root/cj_build/impl_relocation_receipt_queue6-full/src/runtime/src/Heap/WCollector/WCollector.h:349:38: warning: unused variable 'giveFromCount' [-Wunused-variable]
        static std::atomic<uint64_t> giveFromCount{ 0 };
                                     ^
/root/cj_build/impl_relocation_receipt_queue6-full/src/runtime/src/Heap/WCollector/WCollector.h:343:38: warning: unused variable 'callCount' [-Wunused-variable]
        static std::atomic<uint64_t> callCount{ 0 };
                                     ^
/root/cj_build/impl_relocation_receipt_queue6-full/src/runtime/src/Heap/WCollector/WCollector.h:346:38: warning: unused variable 'routeNullCount' [-Wunused-variable]
        static std::atomic<uint64_t> routeNullCount{ 0 };
                                     ^
/root/cj_build/impl_relocation_receipt_queue6-full/src/runtime/src/Heap/WCollector/WCollector.h:345:38: warning: unused variable 'noGhostCount' [-Wunused-variable]
        static std::atomic<uint64_t> noGhostCount{ 0 };
                                     ^
/root/cj_build/impl_relocation_receipt_queue6-full/src/runtime/src/Heap/WCollector/WCollector.h:348:38: warning: unused variable 'waitCount' [-Wunused-variable]
        static std::atomic<uint64_t> waitCount{ 0 };
                                     ^
/root/cj_build/impl_relocation_receipt_queue6-full/src/runtime/src/Heap/WCollector/WCollector.h:622:12: warning: constexpr if is a C++17 extension [-Wc++17-extensions]
        if constexpr (ForwardingTable::kEntriesSoleWhenArmed) {
           ^
/root/cj_build/impl_relocation_receipt_queue6-full/src/runtime/src/Heap/WCollector/WCollector.h:677:12: warning: constexpr if is a C++17 extension [-Wc++17-extensions]
        if constexpr (ForwardingTable::kConsumeEntries) {
           ^
/root/cj_build/impl_relocation_receipt_queue6-full/src/runtime/src/Heap/WCollector/WCollector.h:682:16: warning: constexpr if is a C++17 extension [-Wc++17-extensions]
            if constexpr (ForwardingTable::kEntriesSoleWhenArmed) {
               ^
/root/cj_build/impl_relocation_receipt_queue6-full/src/runtime/src/Heap/WCollector/WCollector.h:713:12: warning: constexpr if is a C++17 extension [-Wc++17-extensions]
        if constexpr (ForwardingTable::kConsumeEntries) {
           ^
23 warnings generated.
[ 42%] Building CXX object src/Heap/Verify/CMakeFiles/Verify.dir/VerifyRememberedSet.cpp.o
[ 43%] Building CXX object src/Heap/WCollector/CMakeFiles/WCollector.dir/PreforwardBarrier.cpp.o
[ 43%] Building CXX object src/Heap/Collector/CMakeFiles/Collector.dir/TracingCollector.cpp.o
In file included from /root/cj_build/impl_relocation_receipt_queue6-full/src/runtime/src/Heap/WCollector/PreforwardBarrier.cpp:8:
In file included from /root/cj_build/impl_relocation_receipt_queue6-full/src/runtime/src/Heap/WCollector/PreforwardBarrier.h:11:
In file included from /root/cj_build/impl_relocation_receipt_queue6-full/src/runtime/src/Heap/Allocator/RegionSpace.h:19:
In file included from /root/cj_build/impl_relocation_receipt_queue6-full/src/runtime/src/Heap/Allocator/Allocator.h:11:
In file included from /root/cj_build/impl_relocation_receipt_queue6-full/src/runtime/src/Heap/Allocator/AllocBufferManager.h:15:
In file included from /root/cj_build/impl_relocation_receipt_queue6-full/src/runtime/src/Heap/Allocator/AllocBuffer.h:16:
In file included from /root/cj_build/impl_relocation_receipt_queue6-full/src/runtime/src/Heap/Allocator/RegionList.h:11:
In file included from /root/cj_build/impl_relocation_receipt_queue6-full/src/runtime/src/Heap/Allocator/RegionInfo.h:41:
/root/cj_build/impl_relocation_receipt_queue6-full/src/runtime/src/Heap/Verify/AllocPhaseDiag.h:57:1: warning: inline variables are a C++17 extension [-Wc++17-extensions]
inline Slot g_table[kCap] = {};
^
/root/cj_build/impl_relocation_receipt_queue6-full/src/runtime/src/Heap/Verify/AllocPhaseDiag.h:58:1: warning: inline variables are a C++17 extension [-Wc++17-extensions]
inline NearEntry g_near[kNearCap] = {};
^
In file included from /root/cj_build/impl_relocation_receipt_queue6-full/src/runtime/src/Heap/WCollector/PreforwardBarrier.cpp:8:
In file included from /root/cj_build/impl_relocation_receipt_queue6-full/src/runtime/src/Heap/WCollector/PreforwardBarrier.h:11:
In file included from /root/cj_build/impl_relocation_receipt_queue6-full/src/runtime/src/Heap/Allocator/RegionSpace.h:19:
In file included from /root/cj_build/impl_relocation_receipt_queue6-full/src/runtime/src/Heap/Allocator/Allocator.h:11:
In file included from /root/cj_build/impl_relocation_receipt_queue6-full/src/runtime/src/Heap/Allocator/AllocBufferManager.h:15:
In file included from /root/cj_build/impl_relocation_receipt_queue6-full/src/runtime/src/Heap/Allocator/AllocBuffer.h:16:
In file included from /root/cj_build/impl_relocation_receipt_queue6-full/src/runtime/src/Heap/Allocator/RegionList.h:11:
In file included from /root/cj_build/impl_relocation_receipt_queue6-full/src/runtime/src/Heap/Allocator/RegionInfo.h:43:
/root/cj_build/impl_relocation_receipt_queue6-full/src/runtime/src/Heap/Verify/NullRouteCaller.h:34:1: warning: inline variables are a C++17 extension [-Wc++17-extensions]
inline thread_local const char* g_tag = nullptr;
^
/root/cj_build/impl_relocation_receipt_queue6-full/src/runtime/src/Heap/Verify/NullRouteCaller.h:35:1: warning: inline variables are a C++17 extension [-Wc++17-extensions]
inline thread_local const char* g_edgeSrc = nullptr;
^
/root/cj_build/impl_relocation_receipt_queue6-full/src/runtime/src/Heap/Verify/NullRouteCaller.h:36:1: warning: inline variables are a C++17 extension [-Wc++17-extensions]
inline thread_local uintptr_t g_slot = 0;
^
/root/cj_build/impl_relocation_receipt_queue6-full/src/runtime/src/Heap/Verify/NullRouteCaller.h:37:1: warning: inline variables are a C++17 extension [-Wc++17-extensions]
inline thread_local void* g_host = nullptr;
^
In file included from /root/cj_build/impl_relocation_receipt_queue6-full/src/runtime/src/Heap/WCollector/PreforwardBarrier.cpp:8:
In file included from /root/cj_build/impl_relocation_receipt_queue6-full/src/runtime/src/Heap/WCollector/PreforwardBarrier.h:11:
In file included from /root/cj_build/impl_relocation_receipt_queue6-full/src/runtime/src/Heap/Allocator/RegionSpace.h:19:
In file included from /root/cj_build/impl_relocation_receipt_queue6-full/src/runtime/src/Heap/Allocator/Allocator.h:11:
In file included from /root/cj_build/impl_relocation_receipt_queue6-full/src/runtime/src/Heap/Allocator/AllocBufferManager.h:15:
In file included from /root/cj_build/impl_relocation_receipt_queue6-full/src/runtime/src/Heap/Allocator/AllocBuffer.h:16:
In file included from /root/cj_build/impl_relocation_receipt_queue6-full/src/runtime/src/Heap/Allocator/RegionList.h:11:
In file included from /root/cj_build/impl_relocation_receipt_queue6-full/src/runtime/src/Heap/Allocator/RegionInfo.h:53:
/root/cj_build/impl_relocation_receipt_queue6-full/src/runtime/src/Heap/Verify/MutatorRelocate.h:102:8: warning: constexpr if is a C++17 extension [-Wc++17-extensions]
    if constexpr (kWaitRegionPublish) {
       ^
In file included from /root/cj_build/impl_relocation_receipt_queue6-full/src/runtime/src/Heap/WCollector/PreforwardBarrier.cpp:8:
In file included from /root/cj_build/impl_relocation_receipt_queue6-full/src/runtime/src/Heap/WCollector/PreforwardBarrier.h:11:
In file included from /root/cj_build/impl_relocation_receipt_queue6-full/src/runtime/src/Heap/Allocator/RegionSpace.h:22:
In file included from /root/cj_build/impl_relocation_receipt_queue6-full/src/runtime/src/Heap/Allocator/RegionManager.h:25:
In file included from /root/cj_build/impl_relocation_receipt_queue6-full/src/runtime/src/Heap/Allocator/FreeRegionManager.h:15:
In file included from /root/cj_build/impl_relocation_receipt_queue6-full/src/runtime/src/Common/ScopedObjectAccess.h:11:
In file included from /root/cj_build/impl_relocation_receipt_queue6-full/src/runtime/src/Mutator/Mutator.inline.h:11:
In file included from /root/cj_build/impl_relocation_receipt_queue6-full/src/runtime/src/Mutator/MutatorManager.h:17:
/root/cj_build/impl_relocation_receipt_queue6-full/src/runtime/src/Base/GcLog.h:217:45: warning: format string is not a string literal [-Wformat-nonliteral]
        int n = vsnprintf(buf, sizeof(buf), format, args);
                                            ^~~~~~
8 warnings generated.
In file included from /root/cj_build/impl_relocation_receipt_queue6-full/src/runtime/src/Heap/Verify/VerifyRememberedSet.cpp:19:
In file included from /root/cj_build/impl_relocation_receipt_queue6-full/src/runtime/src/Heap/Allocator/RegionInfo.h:41:
/root/cj_build/impl_relocation_receipt_queue6-full/src/runtime/src/Heap/Verify/AllocPhaseDiag.h:57:1: warning: inline variables are a C++17 extension [-Wc++17-extensions]
inline Slot g_table[kCap] = {};
^
/root/cj_build/impl_relocation_receipt_queue6-full/src/runtime/src/Heap/Verify/AllocPhaseDiag.h:58:1: warning: inline variables are a C++17 extension [-Wc++17-extensions]
inline NearEntry g_near[kNearCap] = {};
^
In file included from /root/cj_build/impl_relocation_receipt_queue6-full/src/runtime/src/Heap/Verify/VerifyRememberedSet.cpp:19:
In file included from /root/cj_build/impl_relocation_receipt_queue6-full/src/runtime/src/Heap/Allocator/RegionInfo.h:43:
/root/cj_build/impl_relocation_receipt_queue6-full/src/runtime/src/Heap/Verify/NullRouteCaller.h:34:1: warning: inline variables are a C++17 extension [-Wc++17-extensions]
inline thread_local const char* g_tag = nullptr;
^
/root/cj_build/impl_relocation_receipt_queue6-full/src/runtime/src/Heap/Verify/NullRouteCaller.h:35:1: warning: inline variables are a C++17 extension [-Wc++17-extensions]
inline thread_local const char* g_edgeSrc = nullptr;
^
/root/cj_build/impl_relocation_receipt_queue6-full/src/runtime/src/Heap/Verify/NullRouteCaller.h:36:1: warning: inline variables are a C++17 extension [-Wc++17-extensions]
inline thread_local uintptr_t g_slot = 0;
^
/root/cj_build/impl_relocation_receipt_queue6-full/src/runtime/src/Heap/Verify/NullRouteCaller.h:37:1: warning: inline variables are a C++17 extension [-Wc++17-extensions]
inline thread_local void* g_host = nullptr;
^
In file included from /root/cj_build/impl_relocation_receipt_queue6-full/src/runtime/src/Heap/Verify/VerifyRememberedSet.cpp:19:
In file included from /root/cj_build/impl_relocation_receipt_queue6-full/src/runtime/src/Heap/Allocator/RegionInfo.h:53:
/root/cj_build/impl_relocation_receipt_queue6-full/src/runtime/src/Heap/Verify/MutatorRelocate.h:102:8: warning: constexpr if is a C++17 extension [-Wc++17-extensions]
    if constexpr (kWaitRegionPublish) {
       ^
In file included from /root/cj_build/impl_relocation_receipt_queue6-full/src/runtime/src/Heap/Verify/VerifyRememberedSet.cpp:20:
In file included from /root/cj_build/impl_relocation_receipt_queue6-full/src/runtime/src/Heap/Allocator/RegionSpace.h:22:
In file included from /root/cj_build/impl_relocation_receipt_queue6-full/src/runtime/src/Heap/Allocator/RegionManager.h:25:
In file included from /root/cj_build/impl_relocation_receipt_queue6-full/src/runtime/src/Heap/Allocator/FreeRegionManager.h:15:
In file included from /root/cj_build/impl_relocation_receipt_queue6-full/src/runtime/src/Common/ScopedObjectAccess.h:11:
In file included from /root/cj_build/impl_relocation_receipt_queue6-full/src/runtime/src/Mutator/Mutator.inline.h:11:
In file included from /root/cj_build/impl_relocation_receipt_queue6-full/src/runtime/src/Mutator/MutatorManager.h:17:
/root/cj_build/impl_relocation_receipt_queue6-full/src/runtime/src/Base/GcLog.h:217:45: warning: format string is not a string literal [-Wformat-nonliteral]
        int n = vsnprintf(buf, sizeof(buf), format, args);
                                            ^~~~~~
8 warnings generated.
In file included from /root/cj_build/impl_relocation_receipt_queue6-full/src/runtime/src/Heap/Collector/TracingCollector.cpp:7:
In file included from /root/cj_build/impl_relocation_receipt_queue6-full/src/runtime/src/Heap/Collector/TracingCollector.h:17:
In file included from /root/cj_build/impl_relocation_receipt_queue6-full/src/runtime/src/Heap/Allocator/RegionSpace.h:19:
In file included from /root/cj_build/impl_relocation_receipt_queue6-full/src/runtime/src/Heap/Allocator/Allocator.h:11:
In file included from /root/cj_build/impl_relocation_receipt_queue6-full/src/runtime/src/Heap/Allocator/AllocBufferManager.h:15:
In file included from /root/cj_build/impl_relocation_receipt_queue6-full/src/runtime/src/Heap/Allocator/AllocBuffer.h:16:
In file included from /root/cj_build/impl_relocation_receipt_queue6-full/src/runtime/src/Heap/Allocator/RegionList.h:11:
In file included from /root/cj_build/impl_relocation_receipt_queue6-full/src/runtime/src/Heap/Allocator/RegionInfo.h:41:
/root/cj_build/impl_relocation_receipt_queue6-full/src/runtime/src/Heap/Verify/AllocPhaseDiag.h:57:1: warning: inline variables are a C++17 extension [-Wc++17-extensions]
inline Slot g_table[kCap] = {};
^
/root/cj_build/impl_relocation_receipt_queue6-full/src/runtime/src/Heap/Verify/AllocPhaseDiag.h:58:1: warning: inline variables are a C++17 extension [-Wc++17-extensions]
inline NearEntry g_near[kNearCap] = {};
^
In file included from /root/cj_build/impl_relocation_receipt_queue6-full/src/runtime/src/Heap/Collector/TracingCollector.cpp:7:
In file included from /root/cj_build/impl_relocation_receipt_queue6-full/src/runtime/src/Heap/Collector/TracingCollector.h:17:
In file included from /root/cj_build/impl_relocation_receipt_queue6-full/src/runtime/src/Heap/Allocator/RegionSpace.h:19:
In file included from /root/cj_build/impl_relocation_receipt_queue6-full/src/runtime/src/Heap/Allocator/Allocator.h:11:
In file included from /root/cj_build/impl_relocation_receipt_queue6-full/src/runtime/src/Heap/Allocator/AllocBufferManager.h:15:
In file included from /root/cj_build/impl_relocation_receipt_queue6-full/src/runtime/src/Heap/Allocator/AllocBuffer.h:16:
In file included from /root/cj_build/impl_relocation_receipt_queue6-full/src/runtime/src/Heap/Allocator/RegionList.h:11:
In file included from /root/cj_build/impl_relocation_receipt_queue6-full/src/runtime/src/Heap/Allocator/RegionInfo.h:43:
/root/cj_build/impl_relocation_receipt_queue6-full/src/runtime/src/Heap/Verify/NullRouteCaller.h:34:1: warning: inline variables are a C++17 extension [-Wc++17-extensions]
inline thread_local const char* g_tag = nullptr;
^
/root/cj_build/impl_relocation_receipt_queue6-full/src/runtime/src/Heap/Verify/NullRouteCaller.h:35:1: warning: inline variables are a C++17 extension [-Wc++17-extensions]
inline thread_local const char* g_edgeSrc = nullptr;
^
/root/cj_build/impl_relocation_receipt_queue6-full/src/runtime/src/Heap/Verify/NullRouteCaller.h:36:1: warning: inline variables are a C++17 extension [-Wc++17-extensions]
inline thread_local uintptr_t g_slot = 0;
^
/root/cj_build/impl_relocation_receipt_queue6-full/src/runtime/src/Heap/Verify/NullRouteCaller.h:37:1: warning: inline variables are a C++17 extension [-Wc++17-extensions]
inline thread_local void* g_host = nullptr;
^
In file included from /root/cj_build/impl_relocation_receipt_queue6-full/src/runtime/src/Heap/Collector/TracingCollector.cpp:7:
In file included from /root/cj_build/impl_relocation_receipt_queue6-full/src/runtime/src/Heap/Collector/TracingCollector.h:17:
In file included from /root/cj_build/impl_relocation_receipt_queue6-full/src/runtime/src/Heap/Allocator/RegionSpace.h:19:
In file included from /root/cj_build/impl_relocation_receipt_queue6-full/src/runtime/src/Heap/Allocator/Allocator.h:11:
In file included from /root/cj_build/impl_relocation_receipt_queue6-full/src/runtime/src/Heap/Allocator/AllocBufferManager.h:15:
In file included from /root/cj_build/impl_relocation_receipt_queue6-full/src/runtime/src/Heap/Allocator/AllocBuffer.h:16:
In file included from /root/cj_build/impl_relocation_receipt_queue6-full/src/runtime/src/Heap/Allocator/RegionList.h:11:
In file included from /root/cj_build/impl_relocation_receipt_queue6-full/src/runtime/src/Heap/Allocator/RegionInfo.h:53:
/root/cj_build/impl_relocation_receipt_queue6-full/src/runtime/src/Heap/Verify/MutatorRelocate.h:102:8: warning: constexpr if is a C++17 extension [-Wc++17-extensions]
    if constexpr (kWaitRegionPublish) {
       ^
In file included from /root/cj_build/impl_relocation_receipt_queue6-full/src/runtime/src/Heap/Collector/TracingCollector.cpp:7:
In file included from /root/cj_build/impl_relocation_receipt_queue6-full/src/runtime/src/Heap/Collector/TracingCollector.h:17:
In file included from /root/cj_build/impl_relocation_receipt_queue6-full/src/runtime/src/Heap/Allocator/RegionSpace.h:22:
In file included from /root/cj_build/impl_relocation_receipt_queue6-full/src/runtime/src/Heap/Allocator/RegionManager.h:25:
In file included from /root/cj_build/impl_relocation_receipt_queue6-full/src/runtime/src/Heap/Allocator/FreeRegionManager.h:15:
In file included from /root/cj_build/impl_relocation_receipt_queue6-full/src/runtime/src/Common/ScopedObjectAccess.h:11:
In file included from /root/cj_build/impl_relocation_receipt_queue6-full/src/runtime/src/Mutator/Mutator.inline.h:11:
In file included from /root/cj_build/impl_relocation_receipt_queue6-full/src/runtime/src/Mutator/MutatorManager.h:17:
/root/cj_build/impl_relocation_receipt_queue6-full/src/runtime/src/Base/GcLog.h:217:45: warning: format string is not a string literal [-Wformat-nonliteral]
        int n = vsnprintf(buf, sizeof(buf), format, args);
                                            ^~~~~~
In file included from /root/cj_build/impl_relocation_receipt_queue6-full/src/runtime/src/Heap/Collector/TracingCollector.cpp:7:
/root/cj_build/impl_relocation_receipt_queue6-full/src/runtime/src/Heap/Collector/TracingCollector.h:352:20: warning: unused variable 'objSize' [-Wunused-variable]
            size_t objSize = obj->GetSize();
                   ^
9 warnings generated.
[ 43%] Building CXX object src/Heap/WCollector/CMakeFiles/WCollector.dir/WCollector.cpp.o
[ 43%] Building CXX object src/Heap/Verify/CMakeFiles/Verify.dir/MarkCompleteVerify.cpp.o
[ 43%] Built target Inspector
[ 43%] Building CXX object src/Heap/Collector/CMakeFiles/Collector.dir/TaskQueue.cpp.o
In file included from /root/cj_build/impl_relocation_receipt_queue6-full/src/runtime/src/Heap/Verify/MarkCompleteVerify.cpp:19:
In file included from /root/cj_build/impl_relocation_receipt_queue6-full/src/runtime/src/Heap/Allocator/RegionInfo.h:41:
/root/cj_build/impl_relocation_receipt_queue6-full/src/runtime/src/Heap/Verify/AllocPhaseDiag.h:57:1: warning: inline variables are a C++17 extension [-Wc++17-extensions]
inline Slot g_table[kCap] = {};
^
/root/cj_build/impl_relocation_receipt_queue6-full/src/runtime/src/Heap/Verify/AllocPhaseDiag.h:58:1: warning: inline variables are a C++17 extension [-Wc++17-extensions]
inline NearEntry g_near[kNearCap] = {};
^
In file included from /root/cj_build/impl_relocation_receipt_queue6-full/src/runtime/src/Heap/Verify/MarkCompleteVerify.cpp:19:
In file included from /root/cj_build/impl_relocation_receipt_queue6-full/src/runtime/src/Heap/Allocator/RegionInfo.h:43:
/root/cj_build/impl_relocation_receipt_queue6-full/src/runtime/src/Heap/Verify/NullRouteCaller.h:34:1: warning: inline variables are a C++17 extension [-Wc++17-extensions]
inline thread_local const char* g_tag = nullptr;
^
/root/cj_build/impl_relocation_receipt_queue6-full/src/runtime/src/Heap/Verify/NullRouteCaller.h:35:1: warning: inline variables are a C++17 extension [-Wc++17-extensions]
inline thread_local const char* g_edgeSrc = nullptr;
^
/root/cj_build/impl_relocation_receipt_queue6-full/src/runtime/src/Heap/Verify/NullRouteCaller.h:36:1: warning: inline variables are a C++17 extension [-Wc++17-extensions]
inline thread_local uintptr_t g_slot = 0;
^
/root/cj_build/impl_relocation_receipt_queue6-full/src/runtime/src/Heap/Verify/NullRouteCaller.h:37:1: warning: inline variables are a C++17 extension [-Wc++17-extensions]
inline thread_local void* g_host = nullptr;
^
In file included from /root/cj_build/impl_relocation_receipt_queue6-full/src/runtime/src/Heap/Verify/MarkCompleteVerify.cpp:19:
In file included from /root/cj_build/impl_relocation_receipt_queue6-full/src/runtime/src/Heap/Allocator/RegionInfo.h:53:
/root/cj_build/impl_relocation_receipt_queue6-full/src/runtime/src/Heap/Verify/MutatorRelocate.h:102:8: warning: constexpr if is a C++17 extension [-Wc++17-extensions]
    if constexpr (kWaitRegionPublish) {
       ^
In file included from /root/cj_build/impl_relocation_receipt_queue6-full/src/runtime/src/Heap/Verify/MarkCompleteVerify.cpp:20:
In file included from /root/cj_build/impl_relocation_receipt_queue6-full/src/runtime/src/Heap/Allocator/RegionSpace.h:22:
In file included from /root/cj_build/impl_relocation_receipt_queue6-full/src/runtime/src/Heap/Allocator/RegionManager.h:25:
In file included from /root/cj_build/impl_relocation_receipt_queue6-full/src/runtime/src/Heap/Allocator/FreeRegionManager.h:15:
In file included from /root/cj_build/impl_relocation_receipt_queue6-full/src/runtime/src/Common/ScopedObjectAccess.h:11:
In file included from /root/cj_build/impl_relocation_receipt_queue6-full/src/runtime/src/Mutator/Mutator.inline.h:11:
In file included from /root/cj_build/impl_relocation_receipt_queue6-full/src/runtime/src/Mutator/MutatorManager.h:17:
/root/cj_build/impl_relocation_receipt_queue6-full/src/runtime/src/Base/GcLog.h:217:45: warning: format string is not a string literal [-Wformat-nonliteral]
        int n = vsnprintf(buf, sizeof(buf), format, args);
                                            ^~~~~~
8 warnings generated.
In file included from /root/cj_build/impl_relocation_receipt_queue6-full/src/runtime/src/Heap/WCollector/WCollector.cpp:8:
In file included from /root/cj_build/impl_relocation_receipt_queue6-full/src/runtime/src/Heap/WCollector/WCollector.h:22:
In file included from /root/cj_build/impl_relocation_receipt_queue6-full/src/runtime/src/Heap/Allocator/RegionSpace.h:19:
In file included from /root/cj_build/impl_relocation_receipt_queue6-full/src/runtime/src/Heap/Allocator/Allocator.h:11:
In file included from /root/cj_build/impl_relocation_receipt_queue6-full/src/runtime/src/Heap/Allocator/AllocBufferManager.h:15:
In file included from /root/cj_build/impl_relocation_receipt_queue6-full/src/runtime/src/Heap/Allocator/AllocBuffer.h:16:
In file included from /root/cj_build/impl_relocation_receipt_queue6-full/src/runtime/src/Heap/Allocator/RegionList.h:11:
In file included from /root/cj_build/impl_relocation_receipt_queue6-full/src/runtime/src/Heap/Allocator/RegionInfo.h:41:
/root/cj_build/impl_relocation_receipt_queue6-full/src/runtime/src/Heap/Verify/AllocPhaseDiag.h:57:1: warning: inline variables are a C++17 extension [-Wc++17-extensions]
inline Slot g_table[kCap] = {};
^
/root/cj_build/impl_relocation_receipt_queue6-full/src/runtime/src/Heap/Verify/AllocPhaseDiag.h:58:1: warning: inline variables are a C++17 extension [-Wc++17-extensions]
inline NearEntry g_near[kNearCap] = {};
^
In file included from /root/cj_build/impl_relocation_receipt_queue6-full/src/runtime/src/Heap/WCollector/WCollector.cpp:8:
In file included from /root/cj_build/impl_relocation_receipt_queue6-full/src/runtime/src/Heap/WCollector/WCollector.h:22:
In file included from /root/cj_build/impl_relocation_receipt_queue6-full/src/runtime/src/Heap/Allocator/RegionSpace.h:19:
In file included from /root/cj_build/impl_relocation_receipt_queue6-full/src/runtime/src/Heap/Allocator/Allocator.h:11:
In file included from /root/cj_build/impl_relocation_receipt_queue6-full/src/runtime/src/Heap/Allocator/AllocBufferManager.h:15:
In file included from /root/cj_build/impl_relocation_receipt_queue6-full/src/runtime/src/Heap/Allocator/AllocBuffer.h:16:
In file included from /root/cj_build/impl_relocation_receipt_queue6-full/src/runtime/src/Heap/Allocator/RegionList.h:11:
In file included from /root/cj_build/impl_relocation_receipt_queue6-full/src/runtime/src/Heap/Allocator/RegionInfo.h:43:
/root/cj_build/impl_relocation_receipt_queue6-full/src/runtime/src/Heap/Verify/NullRouteCaller.h:34:1: warning: inline variables are a C++17 extension [-Wc++17-extensions]
inline thread_local const char* g_tag = nullptr;
^
/root/cj_build/impl_relocation_receipt_queue6-full/src/runtime/src/Heap/Verify/NullRouteCaller.h:35:1: warning: inline variables are a C++17 extension [-Wc++17-extensions]
inline thread_local const char* g_edgeSrc = nullptr;
^
/root/cj_build/impl_relocation_receipt_queue6-full/src/runtime/src/Heap/Verify/NullRouteCaller.h:36:1: warning: inline variables are a C++17 extension [-Wc++17-extensions]
inline thread_local uintptr_t g_slot = 0;
^
/root/cj_build/impl_relocation_receipt_queue6-full/src/runtime/src/Heap/Verify/NullRouteCaller.h:37:1: warning: inline variables are a C++17 extension [-Wc++17-extensions]
inline thread_local void* g_host = nullptr;
^
In file included from /root/cj_build/impl_relocation_receipt_queue6-full/src/runtime/src/Heap/WCollector/WCollector.cpp:8:
In file included from /root/cj_build/impl_relocation_receipt_queue6-full/src/runtime/src/Heap/WCollector/WCollector.h:22:
In file included from /root/cj_build/impl_relocation_receipt_queue6-full/src/runtime/src/Heap/Allocator/RegionSpace.h:19:
In file included from /root/cj_build/impl_relocation_receipt_queue6-full/src/runtime/src/Heap/Allocator/Allocator.h:11:
In file included from /root/cj_build/impl_relocation_receipt_queue6-full/src/runtime/src/Heap/Allocator/AllocBufferManager.h:15:
In file included from /root/cj_build/impl_relocation_receipt_queue6-full/src/runtime/src/Heap/Allocator/AllocBuffer.h:16:
In file included from /root/cj_build/impl_relocation_receipt_queue6-full/src/runtime/src/Heap/Allocator/RegionList.h:11:
In file included from /root/cj_build/impl_relocation_receipt_queue6-full/src/runtime/src/Heap/Allocator/RegionInfo.h:53:
/root/cj_build/impl_relocation_receipt_queue6-full/src/runtime/src/Heap/Verify/MutatorRelocate.h:102:8: warning: constexpr if is a C++17 extension [-Wc++17-extensions]
    if constexpr (kWaitRegionPublish) {
       ^
In file included from /root/cj_build/impl_relocation_receipt_queue6-full/src/runtime/src/Heap/WCollector/WCollector.cpp:8:
In file included from /root/cj_build/impl_relocation_receipt_queue6-full/src/runtime/src/Heap/WCollector/WCollector.h:22:
In file included from /root/cj_build/impl_relocation_receipt_queue6-full/src/runtime/src/Heap/Allocator/RegionSpace.h:22:
In file included from /root/cj_build/impl_relocation_receipt_queue6-full/src/runtime/src/Heap/Allocator/RegionManager.h:25:
In file included from /root/cj_build/impl_relocation_receipt_queue6-full/src/runtime/src/Heap/Allocator/FreeRegionManager.h:15:
In file included from /root/cj_build/impl_relocation_receipt_queue6-full/src/runtime/src/Common/ScopedObjectAccess.h:11:
In file included from /root/cj_build/impl_relocation_receipt_queue6-full/src/runtime/src/Mutator/Mutator.inline.h:11:
In file included from /root/cj_build/impl_relocation_receipt_queue6-full/src/runtime/src/Mutator/MutatorManager.h:17:
/root/cj_build/impl_relocation_receipt_queue6-full/src/runtime/src/Base/GcLog.h:217:45: warning: format string is not a string literal [-Wformat-nonliteral]
        int n = vsnprintf(buf, sizeof(buf), format, args);
                                            ^~~~~~
In file included from /root/cj_build/impl_relocation_receipt_queue6-full/src/runtime/src/Heap/WCollector/WCollector.cpp:8:
In file included from /root/cj_build/impl_relocation_receipt_queue6-full/src/runtime/src/Heap/WCollector/WCollector.h:24:
In file included from /root/cj_build/impl_relocation_receipt_queue6-full/src/runtime/src/Heap/Collector/CopyCollector.h:13:
/root/cj_build/impl_relocation_receipt_queue6-full/src/runtime/src/Heap/Collector/TracingCollector.h:352:20: warning: unused variable 'objSize' [-Wunused-variable]
            size_t objSize = obj->GetSize();
                   ^
In file included from /root/cj_build/impl_relocation_receipt_queue6-full/src/runtime/src/Heap/WCollector/WCollector.cpp:8:
/root/cj_build/impl_relocation_receipt_queue6-full/src/runtime/src/Heap/WCollector/WCollector.h:425:12: warning: constexpr if is a C++17 extension [-Wc++17-extensions]
        if constexpr (ForwardingTable::kEntriesSoleWhenArmed) {
           ^
/root/cj_build/impl_relocation_receipt_queue6-full/src/runtime/src/Heap/WCollector/WCollector.h:450:12: warning: constexpr if is a C++17 extension [-Wc++17-extensions]
        if constexpr (ForwardingTable::kEntriesSoleWhenArmed) {
           ^
/root/cj_build/impl_relocation_receipt_queue6-full/src/runtime/src/Heap/WCollector/WCollector.h:348:38: warning: unused variable 'waitCount' [-Wunused-variable]
        static std::atomic<uint64_t> waitCount{ 0 };
                                     ^
/root/cj_build/impl_relocation_receipt_queue6-full/src/runtime/src/Heap/WCollector/WCollector.h:345:38: warning: unused variable 'noGhostCount' [-Wunused-variable]
        static std::atomic<uint64_t> noGhostCount{ 0 };
                                     ^
/root/cj_build/impl_relocation_receipt_queue6-full/src/runtime/src/Heap/WCollector/WCollector.h:344:38: warning: unused variable 'nonHeapCount' [-Wunused-variable]
        static std::atomic<uint64_t> nonHeapCount{ 0 };
                                     ^
/root/cj_build/impl_relocation_receipt_queue6-full/src/runtime/src/Heap/WCollector/WCollector.h:347:38: warning: unused variable 'receiptCount' [-Wunused-variable]
        static std::atomic<uint64_t> receiptCount{ 0 };
                                     ^
/root/cj_build/impl_relocation_receipt_queue6-full/src/runtime/src/Heap/WCollector/WCollector.h:343:38: warning: unused variable 'callCount' [-Wunused-variable]
        static std::atomic<uint64_t> callCount{ 0 };
                                     ^
/root/cj_build/impl_relocation_receipt_queue6-full/src/runtime/src/Heap/WCollector/WCollector.h:349:38: warning: unused variable 'giveFromCount' [-Wunused-variable]
        static std::atomic<uint64_t> giveFromCount{ 0 };
                                     ^
/root/cj_build/impl_relocation_receipt_queue6-full/src/runtime/src/Heap/WCollector/WCollector.h:357:20: warning: unused variable 'funnel' [-Wunused-variable]
        const bool funnel = RemapFunnelOn();
                   ^
/root/cj_build/impl_relocation_receipt_queue6-full/src/runtime/src/Heap/WCollector/WCollector.h:346:38: warning: unused variable 'routeNullCount' [-Wunused-variable]
        static std::atomic<uint64_t> routeNullCount{ 0 };
                                     ^
/root/cj_build/impl_relocation_receipt_queue6-full/src/runtime/src/Heap/WCollector/WCollector.h:622:12: warning: constexpr if is a C++17 extension [-Wc++17-extensions]
        if constexpr (ForwardingTable::kEntriesSoleWhenArmed) {
           ^
/root/cj_build/impl_relocation_receipt_queue6-full/src/runtime/src/Heap/WCollector/WCollector.h:677:12: warning: constexpr if is a C++17 extension [-Wc++17-extensions]
        if constexpr (ForwardingTable::kConsumeEntries) {
           ^
/root/cj_build/impl_relocation_receipt_queue6-full/src/runtime/src/Heap/WCollector/WCollector.h:682:16: warning: constexpr if is a C++17 extension [-Wc++17-extensions]
            if constexpr (ForwardingTable::kEntriesSoleWhenArmed) {
               ^
/root/cj_build/impl_relocation_receipt_queue6-full/src/runtime/src/Heap/WCollector/WCollector.h:713:12: warning: constexpr if is a C++17 extension [-Wc++17-extensions]
        if constexpr (ForwardingTable::kConsumeEntries) {
           ^
23 warnings generated.
In file included from /root/cj_build/impl_relocation_receipt_queue6-full/src/runtime/src/Heap/Collector/TaskQueue.cpp:10:
In file included from /root/cj_build/impl_relocation_receipt_queue6-full/src/runtime/src/Heap/Collector/CollectorProxy.h:14:
In file included from /root/cj_build/impl_relocation_receipt_queue6-full/src/runtime/src/Heap/WCollector/WCollector.h:22:
In file included from /root/cj_build/impl_relocation_receipt_queue6-full/src/runtime/src/Heap/Allocator/RegionSpace.h:19:
In file included from /root/cj_build/impl_relocation_receipt_queue6-full/src/runtime/src/Heap/Allocator/Allocator.h:11:
In file included from /root/cj_build/impl_relocation_receipt_queue6-full/src/runtime/src/Heap/Allocator/AllocBufferManager.h:15:
In file included from /root/cj_build/impl_relocation_receipt_queue6-full/src/runtime/src/Heap/Allocator/AllocBuffer.h:16:
In file included from /root/cj_build/impl_relocation_receipt_queue6-full/src/runtime/src/Heap/Allocator/RegionList.h:11:
In file included from /root/cj_build/impl_relocation_receipt_queue6-full/src/runtime/src/Heap/Allocator/RegionInfo.h:41:
/root/cj_build/impl_relocation_receipt_queue6-full/src/runtime/src/Heap/Verify/AllocPhaseDiag.h:57:1: warning: inline variables are a C++17 extension [-Wc++17-extensions]
inline Slot g_table[kCap] = {};
^
/root/cj_build/impl_relocation_receipt_queue6-full/src/runtime/src/Heap/Verify/AllocPhaseDiag.h:58:1: warning: inline variables are a C++17 extension [-Wc++17-extensions]
inline NearEntry g_near[kNearCap] = {};
^
In file included from /root/cj_build/impl_relocation_receipt_queue6-full/src/runtime/src/Heap/Collector/TaskQueue.cpp:10:
In file included from /root/cj_build/impl_relocation_receipt_queue6-full/src/runtime/src/Heap/Collector/CollectorProxy.h:14:
In file included from /root/cj_build/impl_relocation_receipt_queue6-full/src/runtime/src/Heap/WCollector/WCollector.h:22:
In file included from /root/cj_build/impl_relocation_receipt_queue6-full/src/runtime/src/Heap/Allocator/RegionSpace.h:19:
In file included from /root/cj_build/impl_relocation_receipt_queue6-full/src/runtime/src/Heap/Allocator/Allocator.h:11:
In file included from /root/cj_build/impl_relocation_receipt_queue6-full/src/runtime/src/Heap/Allocator/AllocBufferManager.h:15:
In file included from /root/cj_build/impl_relocation_receipt_queue6-full/src/runtime/src/Heap/Allocator/AllocBuffer.h:16:
In file included from /root/cj_build/impl_relocation_receipt_queue6-full/src/runtime/src/Heap/Allocator/RegionList.h:11:
In file included from /root/cj_build/impl_relocation_receipt_queue6-full/src/runtime/src/Heap/Allocator/RegionInfo.h:43:
/root/cj_build/impl_relocation_receipt_queue6-full/src/runtime/src/Heap/Verify/NullRouteCaller.h:34:1: warning: inline variables are a C++17 extension [-Wc++17-extensions]
inline thread_local const char* g_tag = nullptr;
^
/root/cj_build/impl_relocation_receipt_queue6-full/src/runtime/src/Heap/Verify/NullRouteCaller.h:35:1: warning: inline variables are a C++17 extension [-Wc++17-extensions]
inline thread_local const char* g_edgeSrc = nullptr;
^
/root/cj_build/impl_relocation_receipt_queue6-full/src/runtime/src/Heap/Verify/NullRouteCaller.h:36:1: warning: inline variables are a C++17 extension [-Wc++17-extensions]
inline thread_local uintptr_t g_slot = 0;
^
/root/cj_build/impl_relocation_receipt_queue6-full/src/runtime/src/Heap/Verify/NullRouteCaller.h:37:1: warning: inline variables are a C++17 extension [-Wc++17-extensions]
inline thread_local void* g_host = nullptr;
^
In file included from /root/cj_build/impl_relocation_receipt_queue6-full/src/runtime/src/Heap/Collector/TaskQueue.cpp:10:
In file included from /root/cj_build/impl_relocation_receipt_queue6-full/src/runtime/src/Heap/Collector/CollectorProxy.h:14:
In file included from /root/cj_build/impl_relocation_receipt_queue6-full/src/runtime/src/Heap/WCollector/WCollector.h:22:
In file included from /root/cj_build/impl_relocation_receipt_queue6-full/src/runtime/src/Heap/Allocator/RegionSpace.h:19:
In file included from /root/cj_build/impl_relocation_receipt_queue6-full/src/runtime/src/Heap/Allocator/Allocator.h:11:
In file included from /root/cj_build/impl_relocation_receipt_queue6-full/src/runtime/src/Heap/Allocator/AllocBufferManager.h:15:
In file included from /root/cj_build/impl_relocation_receipt_queue6-full/src/runtime/src/Heap/Allocator/AllocBuffer.h:16:
In file included from /root/cj_build/impl_relocation_receipt_queue6-full/src/runtime/src/Heap/Allocator/RegionList.h:11:
In file included from /root/cj_build/impl_relocation_receipt_queue6-full/src/runtime/src/Heap/Allocator/RegionInfo.h:53:
/root/cj_build/impl_relocation_receipt_queue6-full/src/runtime/src/Heap/Verify/MutatorRelocate.h:102:8: warning: constexpr if is a C++17 extension [-Wc++17-extensions]
    if constexpr (kWaitRegionPublish) {
       ^
In file included from /root/cj_build/impl_relocation_receipt_queue6-full/src/runtime/src/Heap/Collector/TaskQueue.cpp:10:
In file included from /root/cj_build/impl_relocation_receipt_queue6-full/src/runtime/src/Heap/Collector/CollectorProxy.h:14:
In file included from /root/cj_build/impl_relocation_receipt_queue6-full/src/runtime/src/Heap/WCollector/WCollector.h:22:
In file included from /root/cj_build/impl_relocation_receipt_queue6-full/src/runtime/src/Heap/Allocator/RegionSpace.h:22:
In file included from /root/cj_build/impl_relocation_receipt_queue6-full/src/runtime/src/Heap/Allocator/RegionManager.h:25:
In file included from /root/cj_build/impl_relocation_receipt_queue6-full/src/runtime/src/Heap/Allocator/FreeRegionManager.h:15:
In file included from /root/cj_build/impl_relocation_receipt_queue6-full/src/runtime/src/Common/ScopedObjectAccess.h:11:
In file included from /root/cj_build/impl_relocation_receipt_queue6-full/src/runtime/src/Mutator/Mutator.inline.h:11:
In file included from /root/cj_build/impl_relocation_receipt_queue6-full/src/runtime/src/Mutator/MutatorManager.h:17:
/root/cj_build/impl_relocation_receipt_queue6-full/src/runtime/src/Base/GcLog.h:217:45: warning: format string is not a string literal [-Wformat-nonliteral]
        int n = vsnprintf(buf, sizeof(buf), format, args);
                                            ^~~~~~
In file included from /root/cj_build/impl_relocation_receipt_queue6-full/src/runtime/src/Heap/Collector/TaskQueue.cpp:10:
In file included from /root/cj_build/impl_relocation_receipt_queue6-full/src/runtime/src/Heap/Collector/CollectorProxy.h:14:
In file included from /root/cj_build/impl_relocation_receipt_queue6-full/src/runtime/src/Heap/WCollector/WCollector.h:24:
In file included from /root/cj_build/impl_relocation_receipt_queue6-full/src/runtime/src/Heap/Collector/CopyCollector.h:13:
/root/cj_build/impl_relocation_receipt_queue6-full/src/runtime/src/Heap/Collector/TracingCollector.h:352:20: warning: unused variable 'objSize' [-Wunused-variable]
            size_t objSize = obj->GetSize();
                   ^
In file included from /root/cj_build/impl_relocation_receipt_queue6-full/src/runtime/src/Heap/Collector/TaskQueue.cpp:10:
In file included from /root/cj_build/impl_relocation_receipt_queue6-full/src/runtime/src/Heap/Collector/CollectorProxy.h:14:
/root/cj_build/impl_relocation_receipt_queue6-full/src/runtime/src/Heap/WCollector/WCollector.h:425:12: warning: constexpr if is a C++17 extension [-Wc++17-extensions]
        if constexpr (ForwardingTable::kEntriesSoleWhenArmed) {
           ^
/root/cj_build/impl_relocation_receipt_queue6-full/src/runtime/src/Heap/WCollector/WCollector.h:450:12: warning: constexpr if is a C++17 extension [-Wc++17-extensions]
        if constexpr (ForwardingTable::kEntriesSoleWhenArmed) {
           ^
/root/cj_build/impl_relocation_receipt_queue6-full/src/runtime/src/Heap/WCollector/WCollector.h:348:38: warning: unused variable 'waitCount' [-Wunused-variable]
        static std::atomic<uint64_t> waitCount{ 0 };
                                     ^
/root/cj_build/impl_relocation_receipt_queue6-full/src/runtime/src/Heap/WCollector/WCollector.h:344:38: warning: unused variable 'nonHeapCount' [-Wunused-variable]
        static std::atomic<uint64_t> nonHeapCount{ 0 };
                                     ^
/root/cj_build/impl_relocation_receipt_queue6-full/src/runtime/src/Heap/WCollector/WCollector.h:345:38: warning: unused variable 'noGhostCount' [-Wunused-variable]
        static std::atomic<uint64_t> noGhostCount{ 0 };
                                     ^
/root/cj_build/impl_relocation_receipt_queue6-full/src/runtime/src/Heap/WCollector/WCollector.h:347:38: warning: unused variable 'receiptCount' [-Wunused-variable]
        static std::atomic<uint64_t> receiptCount{ 0 };
                                     ^
/root/cj_build/impl_relocation_receipt_queue6-full/src/runtime/src/Heap/WCollector/WCollector.h:349:38: warning: unused variable 'giveFromCount' [-Wunused-variable]
        static std::atomic<uint64_t> giveFromCount{ 0 };
                                     ^
/root/cj_build/impl_relocation_receipt_queue6-full/src/runtime/src/Heap/WCollector/WCollector.h:343:38: warning: unused variable 'callCount' [-Wunused-variable]
        static std::atomic<uint64_t> callCount{ 0 };
                                     ^
/root/cj_build/impl_relocation_receipt_queue6-full/src/runtime/src/Heap/WCollector/WCollector.h:357:20: warning: unused variable 'funnel' [-Wunused-variable]
        const bool funnel = RemapFunnelOn();
                   ^
/root/cj_build/impl_relocation_receipt_queue6-full/src/runtime/src/Heap/WCollector/WCollector.h:346:38: warning: unused variable 'routeNullCount' [-Wunused-variable]
        static std::atomic<uint64_t> routeNullCount{ 0 };
                                     ^
/root/cj_build/impl_relocation_receipt_queue6-full/src/runtime/src/Heap/WCollector/WCollector.h:622:12: warning: constexpr if is a C++17 extension [-Wc++17-extensions]
        if constexpr (ForwardingTable::kEntriesSoleWhenArmed) {
           ^
/root/cj_build/impl_relocation_receipt_queue6-full/src/runtime/src/Heap/WCollector/WCollector.h:677:12: warning: constexpr if is a C++17 extension [-Wc++17-extensions]
        if constexpr (ForwardingTable::kConsumeEntries) {
           ^
/root/cj_build/impl_relocation_receipt_queue6-full/src/runtime/src/Heap/WCollector/WCollector.h:682:16: warning: constexpr if is a C++17 extension [-Wc++17-extensions]
            if constexpr (ForwardingTable::kEntriesSoleWhenArmed) {
               ^
/root/cj_build/impl_relocation_receipt_queue6-full/src/runtime/src/Heap/WCollector/WCollector.h:713:12: warning: constexpr if is a C++17 extension [-Wc++17-extensions]
        if constexpr (ForwardingTable::kConsumeEntries) {
           ^
23 warnings generated.
[ 44%] Built target Heap
Consolidate compiler generated dependencies of target Mutator
[ 44%] Building CXX object src/Heap/Verify/CMakeFiles/Verify.dir/SurvNodeDiag.cpp.o
[ 46%] Building CXX object src/Heap/WCollector/CMakeFiles/WCollector.dir/__/Collector/Generation.cpp.o
[ 46%] Built target Barrier
[ 47%] Building CXX object src/Heap/Collector/CMakeFiles/Collector.dir/CopyCollector.cpp.o
In file included from /root/cj_build/impl_relocation_receipt_queue6-full/src/runtime/src/Heap/Verify/SurvNodeDiag.cpp:15:
In file included from /root/cj_build/impl_relocation_receipt_queue6-full/src/runtime/src/Heap/Allocator/RegionInfo.h:41:
/root/cj_build/impl_relocation_receipt_queue6-full/src/runtime/src/Heap/Verify/AllocPhaseDiag.h:57:1: warning: inline variables are a C++17 extension [-Wc++17-extensions]
inline Slot g_table[kCap] = {};
^
/root/cj_build/impl_relocation_receipt_queue6-full/src/runtime/src/Heap/Verify/AllocPhaseDiag.h:58:1: warning: inline variables are a C++17 extension [-Wc++17-extensions]
inline NearEntry g_near[kNearCap] = {};
^
In file included from /root/cj_build/impl_relocation_receipt_queue6-full/src/runtime/src/Heap/Verify/SurvNodeDiag.cpp:15:
In file included from /root/cj_build/impl_relocation_receipt_queue6-full/src/runtime/src/Heap/Allocator/RegionInfo.h:43:
/root/cj_build/impl_relocation_receipt_queue6-full/src/runtime/src/Heap/Verify/NullRouteCaller.h:34:1: warning: inline variables are a C++17 extension [-Wc++17-extensions]
inline thread_local const char* g_tag = nullptr;
^
/root/cj_build/impl_relocation_receipt_queue6-full/src/runtime/src/Heap/Verify/NullRouteCaller.h:35:1: warning: inline variables are a C++17 extension [-Wc++17-extensions]
inline thread_local const char* g_edgeSrc = nullptr;
^
/root/cj_build/impl_relocation_receipt_queue6-full/src/runtime/src/Heap/Verify/NullRouteCaller.h:36:1: warning: inline variables are a C++17 extension [-Wc++17-extensions]
inline thread_local uintptr_t g_slot = 0;
^
/root/cj_build/impl_relocation_receipt_queue6-full/src/runtime/src/Heap/Verify/NullRouteCaller.h:37:1: warning: inline variables are a C++17 extension [-Wc++17-extensions]
inline thread_local void* g_host = nullptr;
^
In file included from /root/cj_build/impl_relocation_receipt_queue6-full/src/runtime/src/Heap/Verify/SurvNodeDiag.cpp:15:
In file included from /root/cj_build/impl_relocation_receipt_queue6-full/src/runtime/src/Heap/Allocator/RegionInfo.h:53:
/root/cj_build/impl_relocation_receipt_queue6-full/src/runtime/src/Heap/Verify/MutatorRelocate.h:102:8: warning: constexpr if is a C++17 extension [-Wc++17-extensions]
    if constexpr (kWaitRegionPublish) {
       ^
In file included from /root/cj_build/impl_relocation_receipt_queue6-full/src/runtime/src/Heap/Verify/SurvNodeDiag.cpp:16:
In file included from /root/cj_build/impl_relocation_receipt_queue6-full/src/runtime/src/Heap/Allocator/RegionSpace.h:22:
In file included from /root/cj_build/impl_relocation_receipt_queue6-full/src/runtime/src/Heap/Allocator/RegionManager.h:25:
In file included from /root/cj_build/impl_relocation_receipt_queue6-full/src/runtime/src/Heap/Allocator/FreeRegionManager.h:15:
In file included from /root/cj_build/impl_relocation_receipt_queue6-full/src/runtime/src/Common/ScopedObjectAccess.h:11:
In file included from /root/cj_build/impl_relocation_receipt_queue6-full/src/runtime/src/Mutator/Mutator.inline.h:11:
In file included from /root/cj_build/impl_relocation_receipt_queue6-full/src/runtime/src/Mutator/MutatorManager.h:17:
/root/cj_build/impl_relocation_receipt_queue6-full/src/runtime/src/Base/GcLog.h:217:45: warning: format string is not a string literal [-Wformat-nonliteral]
        int n = vsnprintf(buf, sizeof(buf), format, args);
                                            ^~~~~~
8 warnings generated.
[ 47%] Building CXX object src/Mutator/CMakeFiles/Mutator.dir/Mutator.cpp.o
In file included from /root/cj_build/impl_relocation_receipt_queue6-full/src/runtime/src/Heap/Collector/Generation.cpp:8:
In file included from /root/cj_build/impl_relocation_receipt_queue6-full/src/runtime/src/Heap/WCollector/WCollector.h:22:
In file included from /root/cj_build/impl_relocation_receipt_queue6-full/src/runtime/src/Heap/Allocator/RegionSpace.h:19:
In file included from /root/cj_build/impl_relocation_receipt_queue6-full/src/runtime/src/Heap/Allocator/Allocator.h:11:
In file included from /root/cj_build/impl_relocation_receipt_queue6-full/src/runtime/src/Heap/Allocator/AllocBufferManager.h:15:
In file included from /root/cj_build/impl_relocation_receipt_queue6-full/src/runtime/src/Heap/Allocator/AllocBuffer.h:16:
In file included from /root/cj_build/impl_relocation_receipt_queue6-full/src/runtime/src/Heap/Allocator/RegionList.h:11:
In file included from /root/cj_build/impl_relocation_receipt_queue6-full/src/runtime/src/Heap/Allocator/RegionInfo.h:41:
/root/cj_build/impl_relocation_receipt_queue6-full/src/runtime/src/Heap/Verify/AllocPhaseDiag.h:57:1: warning: inline variables are a C++17 extension [-Wc++17-extensions]
inline Slot g_table[kCap] = {};
^
/root/cj_build/impl_relocation_receipt_queue6-full/src/runtime/src/Heap/Verify/AllocPhaseDiag.h:58:1: warning: inline variables are a C++17 extension [-Wc++17-extensions]
inline NearEntry g_near[kNearCap] = {};
^
In file included from /root/cj_build/impl_relocation_receipt_queue6-full/src/runtime/src/Heap/Collector/Generation.cpp:8:
In file included from /root/cj_build/impl_relocation_receipt_queue6-full/src/runtime/src/Heap/WCollector/WCollector.h:22:
In file included from /root/cj_build/impl_relocation_receipt_queue6-full/src/runtime/src/Heap/Allocator/RegionSpace.h:19:
In file included from /root/cj_build/impl_relocation_receipt_queue6-full/src/runtime/src/Heap/Allocator/Allocator.h:11:
In file included from /root/cj_build/impl_relocation_receipt_queue6-full/src/runtime/src/Heap/Allocator/AllocBufferManager.h:15:
In file included from /root/cj_build/impl_relocation_receipt_queue6-full/src/runtime/src/Heap/Allocator/AllocBuffer.h:16:
In file included from /root/cj_build/impl_relocation_receipt_queue6-full/src/runtime/src/Heap/Allocator/RegionList.h:11:
In file included from /root/cj_build/impl_relocation_receipt_queue6-full/src/runtime/src/Heap/Allocator/RegionInfo.h:43:
/root/cj_build/impl_relocation_receipt_queue6-full/src/runtime/src/Heap/Verify/NullRouteCaller.h:34:1: warning: inline variables are a C++17 extension [-Wc++17-extensions]
inline thread_local const char* g_tag = nullptr;
^
/root/cj_build/impl_relocation_receipt_queue6-full/src/runtime/src/Heap/Verify/NullRouteCaller.h:35:1: warning: inline variables are a C++17 extension [-Wc++17-extensions]
inline thread_local const char* g_edgeSrc = nullptr;
^
/root/cj_build/impl_relocation_receipt_queue6-full/src/runtime/src/Heap/Verify/NullRouteCaller.h:36:1: warning: inline variables are a C++17 extension [-Wc++17-extensions]
inline thread_local uintptr_t g_slot = 0;
^
/root/cj_build/impl_relocation_receipt_queue6-full/src/runtime/src/Heap/Verify/NullRouteCaller.h:37:1: warning: inline variables are a C++17 extension [-Wc++17-extensions]
inline thread_local void* g_host = nullptr;
^
In file included from /root/cj_build/impl_relocation_receipt_queue6-full/src/runtime/src/Heap/Collector/Generation.cpp:8:
In file included from /root/cj_build/impl_relocation_receipt_queue6-full/src/runtime/src/Heap/WCollector/WCollector.h:22:
In file included from /root/cj_build/impl_relocation_receipt_queue6-full/src/runtime/src/Heap/Allocator/RegionSpace.h:19:
In file included from /root/cj_build/impl_relocation_receipt_queue6-full/src/runtime/src/Heap/Allocator/Allocator.h:11:
In file included from /root/cj_build/impl_relocation_receipt_queue6-full/src/runtime/src/Heap/Allocator/AllocBufferManager.h:15:
In file included from /root/cj_build/impl_relocation_receipt_queue6-full/src/runtime/src/Heap/Allocator/AllocBuffer.h:16:
In file included from /root/cj_build/impl_relocation_receipt_queue6-full/src/runtime/src/Heap/Allocator/RegionList.h:11:
In file included from /root/cj_build/impl_relocation_receipt_queue6-full/src/runtime/src/Heap/Allocator/RegionInfo.h:53:
/root/cj_build/impl_relocation_receipt_queue6-full/src/runtime/src/Heap/Verify/MutatorRelocate.h:102:8: warning: constexpr if is a C++17 extension [-Wc++17-extensions]
    if constexpr (kWaitRegionPublish) {
       ^
In file included from /root/cj_build/impl_relocation_receipt_queue6-full/src/runtime/src/Heap/Collector/Generation.cpp:8:
In file included from /root/cj_build/impl_relocation_receipt_queue6-full/src/runtime/src/Heap/WCollector/WCollector.h:22:
In file included from /root/cj_build/impl_relocation_receipt_queue6-full/src/runtime/src/Heap/Allocator/RegionSpace.h:22:
In file included from /root/cj_build/impl_relocation_receipt_queue6-full/src/runtime/src/Heap/Allocator/RegionManager.h:25:
In file included from /root/cj_build/impl_relocation_receipt_queue6-full/src/runtime/src/Heap/Allocator/FreeRegionManager.h:15:
In file included from /root/cj_build/impl_relocation_receipt_queue6-full/src/runtime/src/Common/ScopedObjectAccess.h:11:
In file included from /root/cj_build/impl_relocation_receipt_queue6-full/src/runtime/src/Mutator/Mutator.inline.h:11:
In file included from /root/cj_build/impl_relocation_receipt_queue6-full/src/runtime/src/Mutator/MutatorManager.h:17:
/root/cj_build/impl_relocation_receipt_queue6-full/src/runtime/src/Base/GcLog.h:217:45: warning: format string is not a string literal [-Wformat-nonliteral]
        int n = vsnprintf(buf, sizeof(buf), format, args);
                                            ^~~~~~
In file included from /root/cj_build/impl_relocation_receipt_queue6-full/src/runtime/src/Heap/Collector/Generation.cpp:8:
In file included from /root/cj_build/impl_relocation_receipt_queue6-full/src/runtime/src/Heap/WCollector/WCollector.h:24:
In file included from /root/cj_build/impl_relocation_receipt_queue6-full/src/runtime/src/Heap/Collector/CopyCollector.h:13:
/root/cj_build/impl_relocation_receipt_queue6-full/src/runtime/src/Heap/Collector/TracingCollector.h:352:20: warning: unused variable 'objSize' [-Wunused-variable]
            size_t objSize = obj->GetSize();
                   ^
In file included from /root/cj_build/impl_relocation_receipt_queue6-full/src/runtime/src/Heap/Collector/Generation.cpp:8:
/root/cj_build/impl_relocation_receipt_queue6-full/src/runtime/src/Heap/WCollector/WCollector.h:425:12: warning: constexpr if is a C++17 extension [-Wc++17-extensions]
        if constexpr (ForwardingTable::kEntriesSoleWhenArmed) {
           ^
/root/cj_build/impl_relocation_receipt_queue6-full/src/runtime/src/Heap/WCollector/WCollector.h:450:12: warning: constexpr if is a C++17 extension [-Wc++17-extensions]
        if constexpr (ForwardingTable::kEntriesSoleWhenArmed) {
           ^
/root/cj_build/impl_relocation_receipt_queue6-full/src/runtime/src/Heap/WCollector/WCollector.h:344:38: warning: unused variable 'nonHeapCount' [-Wunused-variable]
        static std::atomic<uint64_t> nonHeapCount{ 0 };
                                     ^
/root/cj_build/impl_relocation_receipt_queue6-full/src/runtime/src/Heap/WCollector/WCollector.h:347:38: warning: unused variable 'receiptCount' [-Wunused-variable]
        static std::atomic<uint64_t> receiptCount{ 0 };
                                     ^
/root/cj_build/impl_relocation_receipt_queue6-full/src/runtime/src/Heap/WCollector/WCollector.h:348:38: warning: unused variable 'waitCount' [-Wunused-variable]
        static std::atomic<uint64_t> waitCount{ 0 };
                                     ^
/root/cj_build/impl_relocation_receipt_queue6-full/src/runtime/src/Heap/WCollector/WCollector.h:345:38: warning: unused variable 'noGhostCount' [-Wunused-variable]
        static std::atomic<uint64_t> noGhostCount{ 0 };
                                     ^
/root/cj_build/impl_relocation_receipt_queue6-full/src/runtime/src/Heap/WCollector/WCollector.h:343:38: warning: unused variable 'callCount' [-Wunused-variable]
        static std::atomic<uint64_t> callCount{ 0 };
                                     ^
/root/cj_build/impl_relocation_receipt_queue6-full/src/runtime/src/Heap/WCollector/WCollector.h:349:38: warning: unused variable 'giveFromCount' [-Wunused-variable]
        static std::atomic<uint64_t> giveFromCount{ 0 };
                                     ^
/root/cj_build/impl_relocation_receipt_queue6-full/src/runtime/src/Heap/WCollector/WCollector.h:346:38: warning: unused variable 'routeNullCount' [-Wunused-variable]
        static std::atomic<uint64_t> routeNullCount{ 0 };
                                     ^
/root/cj_build/impl_relocation_receipt_queue6-full/src/runtime/src/Heap/WCollector/WCollector.h:357:20: warning: unused variable 'funnel' [-Wunused-variable]
        const bool funnel = RemapFunnelOn();
                   ^
/root/cj_build/impl_relocation_receipt_queue6-full/src/runtime/src/Heap/WCollector/WCollector.h:622:12: warning: constexpr if is a C++17 extension [-Wc++17-extensions]
        if constexpr (ForwardingTable::kEntriesSoleWhenArmed) {
           ^
/root/cj_build/impl_relocation_receipt_queue6-full/src/runtime/src/Heap/WCollector/WCollector.h:677:12: warning: constexpr if is a C++17 extension [-Wc++17-extensions]
        if constexpr (ForwardingTable::kConsumeEntries) {
           ^
/root/cj_build/impl_relocation_receipt_queue6-full/src/runtime/src/Heap/WCollector/WCollector.h:682:16: warning: constexpr if is a C++17 extension [-Wc++17-extensions]
            if constexpr (ForwardingTable::kEntriesSoleWhenArmed) {
               ^
/root/cj_build/impl_relocation_receipt_queue6-full/src/runtime/src/Heap/WCollector/WCollector.h:713:12: warning: constexpr if is a C++17 extension [-Wc++17-extensions]
        if constexpr (ForwardingTable::kConsumeEntries) {
           ^
/root/cj_build/impl_relocation_receipt_queue6-full/src/runtime/src/Heap/Collector/Generation.cpp:1018:50: warning: lambda capture 'this' is not used [-Wunused-lambda-capture]
                        object->ForEachRefField([this, &reachableSlots](RefField<>& field) {
                                                 ^~~~~
/root/cj_build/impl_relocation_receipt_queue6-full/src/runtime/src/Heap/Collector/Generation.cpp:1390:65: warning: lambda capture 'object' is not used [-Wunused-lambda-capture]
                object->ForEachRefField([this, &blackmarkExtra, object, &fixpointRefFields,
                                                              ~~^~~~~~
25 warnings generated.
Consolidate compiler generated dependencies of target ObjectModel
In file included from /root/cj_build/impl_relocation_receipt_queue6-full/src/runtime/src/Heap/Collector/CopyCollector.cpp:8:
In file included from /root/cj_build/impl_relocation_receipt_queue6-full/src/runtime/src/Heap/Collector/CopyCollector.h:11:
In file included from /root/cj_build/impl_relocation_receipt_queue6-full/src/runtime/src/Heap/Allocator/RegionSpace.h:19:
In file included from /root/cj_build/impl_relocation_receipt_queue6-full/src/runtime/src/Heap/Allocator/Allocator.h:11:
In file included from /root/cj_build/impl_relocation_receipt_queue6-full/src/runtime/src/Heap/Allocator/AllocBufferManager.h:15:
In file included from /root/cj_build/impl_relocation_receipt_queue6-full/src/runtime/src/Heap/Allocator/AllocBuffer.h:16:
In file included from /root/cj_build/impl_relocation_receipt_queue6-full/src/runtime/src/Heap/Allocator/RegionList.h:11:
In file included from /root/cj_build/impl_relocation_receipt_queue6-full/src/runtime/src/Heap/Allocator/RegionInfo.h:41:
/root/cj_build/impl_relocation_receipt_queue6-full/src/runtime/src/Heap/Verify/AllocPhaseDiag.h:57:1: warning: inline variables are a C++17 extension [-Wc++17-extensions]
inline Slot g_table[kCap] = {};
^
/root/cj_build/impl_relocation_receipt_queue6-full/src/runtime/src/Heap/Verify/AllocPhaseDiag.h:58:1: warning: inline variables are a C++17 extension [-Wc++17-extensions]
inline NearEntry g_near[kNearCap] = {};
^
In file included from /root/cj_build/impl_relocation_receipt_queue6-full/src/runtime/src/Heap/Collector/CopyCollector.cpp:8:
In file included from /root/cj_build/impl_relocation_receipt_queue6-full/src/runtime/src/Heap/Collector/CopyCollector.h:11:
In file included from /root/cj_build/impl_relocation_receipt_queue6-full/src/runtime/src/Heap/Allocator/RegionSpace.h:19:
In file included from /root/cj_build/impl_relocation_receipt_queue6-full/src/runtime/src/Heap/Allocator/Allocator.h:11:
In file included from /root/cj_build/impl_relocation_receipt_queue6-full/src/runtime/src/Heap/Allocator/AllocBufferManager.h:15:
In file included from /root/cj_build/impl_relocation_receipt_queue6-full/src/runtime/src/Heap/Allocator/AllocBuffer.h:16:
In file included from /root/cj_build/impl_relocation_receipt_queue6-full/src/runtime/src/Heap/Allocator/RegionList.h:11:
In file included from /root/cj_build/impl_relocation_receipt_queue6-full/src/runtime/src/Heap/Allocator/RegionInfo.h:43:
/root/cj_build/impl_relocation_receipt_queue6-full/src/runtime/src/Heap/Verify/NullRouteCaller.h:34:1: warning: inline variables are a C++17 extension [-Wc++17-extensions]
inline thread_local const char* g_tag = nullptr;
^
/root/cj_build/impl_relocation_receipt_queue6-full/src/runtime/src/Heap/Verify/NullRouteCaller.h:35:1: warning: inline variables are a C++17 extension [-Wc++17-extensions]
inline thread_local const char* g_edgeSrc = nullptr;
^
/root/cj_build/impl_relocation_receipt_queue6-full/src/runtime/src/Heap/Verify/NullRouteCaller.h:36:1: warning: inline variables are a C++17 extension [-Wc++17-extensions]
inline thread_local uintptr_t g_slot = 0;
^
/root/cj_build/impl_relocation_receipt_queue6-full/src/runtime/src/Heap/Verify/NullRouteCaller.h:37:1: warning: inline variables are a C++17 extension [-Wc++17-extensions]
inline thread_local void* g_host = nullptr;
^
In file included from /root/cj_build/impl_relocation_receipt_queue6-full/src/runtime/src/Heap/Collector/CopyCollector.cpp:8:
In file included from /root/cj_build/impl_relocation_receipt_queue6-full/src/runtime/src/Heap/Collector/CopyCollector.h:11:
In file included from /root/cj_build/impl_relocation_receipt_queue6-full/src/runtime/src/Heap/Allocator/RegionSpace.h:19:
In file included from /root/cj_build/impl_relocation_receipt_queue6-full/src/runtime/src/Heap/Allocator/Allocator.h:11:
In file included from /root/cj_build/impl_relocation_receipt_queue6-full/src/runtime/src/Heap/Allocator/AllocBufferManager.h:15:
In file included from /root/cj_build/impl_relocation_receipt_queue6-full/src/runtime/src/Heap/Allocator/AllocBuffer.h:16:
In file included from /root/cj_build/impl_relocation_receipt_queue6-full/src/runtime/src/Heap/Allocator/RegionList.h:11:
In file included from /root/cj_build/impl_relocation_receipt_queue6-full/src/runtime/src/Heap/Allocator/RegionInfo.h:53:
/root/cj_build/impl_relocation_receipt_queue6-full/src/runtime/src/Heap/Verify/MutatorRelocate.h:102:8: warning: constexpr if is a C++17 extension [-Wc++17-extensions]
    if constexpr (kWaitRegionPublish) {
       ^
In file included from /root/cj_build/impl_relocation_receipt_queue6-full/src/runtime/src/Heap/Collector/CopyCollector.cpp:8:
In file included from /root/cj_build/impl_relocation_receipt_queue6-full/src/runtime/src/Heap/Collector/CopyCollector.h:11:
In file included from /root/cj_build/impl_relocation_receipt_queue6-full/src/runtime/src/Heap/Allocator/RegionSpace.h:22:
In file included from /root/cj_build/impl_relocation_receipt_queue6-full/src/runtime/src/Heap/Allocator/RegionManager.h:25:
In file included from /root/cj_build/impl_relocation_receipt_queue6-full/src/runtime/src/Heap/Allocator/FreeRegionManager.h:15:
In file included from /root/cj_build/impl_relocation_receipt_queue6-full/src/runtime/src/Common/ScopedObjectAccess.h:11:
In file included from /root/cj_build/impl_relocation_receipt_queue6-full/src/runtime/src/Mutator/Mutator.inline.h:11:
In file included from /root/cj_build/impl_relocation_receipt_queue6-full/src/runtime/src/Mutator/MutatorManager.h:17:
/root/cj_build/impl_relocation_receipt_queue6-full/src/runtime/src/Base/GcLog.h:217:45: warning: format string is not a string literal [-Wformat-nonliteral]
        int n = vsnprintf(buf, sizeof(buf), format, args);
                                            ^~~~~~
In file included from /root/cj_build/impl_relocation_receipt_queue6-full/src/runtime/src/Heap/Collector/CopyCollector.cpp:8:
In file included from /root/cj_build/impl_relocation_receipt_queue6-full/src/runtime/src/Heap/Collector/CopyCollector.h:13:
/root/cj_build/impl_relocation_receipt_queue6-full/src/runtime/src/Heap/Collector/TracingCollector.h:352:20: warning: unused variable 'objSize' [-Wunused-variable]
            size_t objSize = obj->GetSize();
                   ^
In file included from /root/cj_build/impl_relocation_receipt_queue6-full/src/runtime/src/Heap/Collector/CopyCollector.cpp:17:
/root/cj_build/impl_relocation_receipt_queue6-full/src/runtime/src/Heap/Collector/GcTrigger.h:477:8: warning: constexpr if is a C++17 extension [-Wc++17-extensions]
    if constexpr (kGcTriggerMajorAllocRateEnabled) {
       ^
/root/cj_build/impl_relocation_receipt_queue6-full/src/runtime/src/Heap/Collector/GcTrigger.h:496:8: warning: constexpr if is a C++17 extension [-Wc++17-extensions]
    if constexpr (kGcTriggerProactiveEnabled) {
       ^
/root/cj_build/impl_relocation_receipt_queue6-full/src/runtime/src/Heap/Collector/CopyCollector.cpp:189:12: warning: constexpr if is a C++17 extension [-Wc++17-extensions]
        if constexpr (kGcTriggerDynamicWorkersEnabled) {
           ^
12 warnings generated.
[ 47%] Building CXX object src/Heap/Verify/CMakeFiles/Verify.dir/VerifyRegions.cpp.o
In file included from /root/cj_build/impl_relocation_receipt_queue6-full/src/runtime/src/Mutator/Mutator.cpp:15:
In file included from /root/cj_build/impl_relocation_receipt_queue6-full/src/runtime/src/Mutator/../Heap/Collector/CopyCollector.h:11:
In file included from /root/cj_build/impl_relocation_receipt_queue6-full/src/runtime/src/Mutator/../Heap/Allocator/RegionSpace.h:19:
In file included from /root/cj_build/impl_relocation_receipt_queue6-full/src/runtime/src/Mutator/../Heap/Allocator/Allocator.h:11:
In file included from /root/cj_build/impl_relocation_receipt_queue6-full/src/runtime/src/Mutator/../Heap/Allocator/AllocBufferManager.h:15:
In file included from /root/cj_build/impl_relocation_receipt_queue6-full/src/runtime/src/Mutator/../Heap/Allocator/AllocBuffer.h:16:
In file included from /root/cj_build/impl_relocation_receipt_queue6-full/src/runtime/src/Mutator/../Heap/Allocator/RegionList.h:11:
In file included from /root/cj_build/impl_relocation_receipt_queue6-full/src/runtime/src/Mutator/../Heap/Allocator/RegionInfo.h:41:
/root/cj_build/impl_relocation_receipt_queue6-full/src/runtime/src/Heap/Verify/AllocPhaseDiag.h:57:1: warning: inline variables are a C++17 extension [-Wc++17-extensions]
inline Slot g_table[kCap] = {};
^
/root/cj_build/impl_relocation_receipt_queue6-full/src/runtime/src/Heap/Verify/AllocPhaseDiag.h:58:1: warning: inline variables are a C++17 extension [-Wc++17-extensions]
inline NearEntry g_near[kNearCap] = {};
^
In file included from /root/cj_build/impl_relocation_receipt_queue6-full/src/runtime/src/Mutator/Mutator.cpp:15:
In file included from /root/cj_build/impl_relocation_receipt_queue6-full/src/runtime/src/Mutator/../Heap/Collector/CopyCollector.h:11:
In file included from /root/cj_build/impl_relocation_receipt_queue6-full/src/runtime/src/Mutator/../Heap/Allocator/RegionSpace.h:19:
In file included from /root/cj_build/impl_relocation_receipt_queue6-full/src/runtime/src/Mutator/../Heap/Allocator/Allocator.h:11:
In file included from /root/cj_build/impl_relocation_receipt_queue6-full/src/runtime/src/Mutator/../Heap/Allocator/AllocBufferManager.h:15:
In file included from /root/cj_build/impl_relocation_receipt_queue6-full/src/runtime/src/Mutator/../Heap/Allocator/AllocBuffer.h:16:
In file included from /root/cj_build/impl_relocation_receipt_queue6-full/src/runtime/src/Mutator/../Heap/Allocator/RegionList.h:11:
In file included from /root/cj_build/impl_relocation_receipt_queue6-full/src/runtime/src/Mutator/../Heap/Allocator/RegionInfo.h:43:
/root/cj_build/impl_relocation_receipt_queue6-full/src/runtime/src/Heap/Verify/NullRouteCaller.h:34:1: warning: inline variables are a C++17 extension [-Wc++17-extensions]
inline thread_local const char* g_tag = nullptr;
^
/root/cj_build/impl_relocation_receipt_queue6-full/src/runtime/src/Heap/Verify/NullRouteCaller.h:35:1: warning: inline variables are a C++17 extension [-Wc++17-extensions]
inline thread_local const char* g_edgeSrc = nullptr;
^
/root/cj_build/impl_relocation_receipt_queue6-full/src/runtime/src/Heap/Verify/NullRouteCaller.h:36:1: warning: inline variables are a C++17 extension [-Wc++17-extensions]
inline thread_local uintptr_t g_slot = 0;
^
/root/cj_build/impl_relocation_receipt_queue6-full/src/runtime/src/Heap/Verify/NullRouteCaller.h:37:1: warning: inline variables are a C++17 extension [-Wc++17-extensions]
inline thread_local void* g_host = nullptr;
^
In file included from /root/cj_build/impl_relocation_receipt_queue6-full/src/runtime/src/Mutator/Mutator.cpp:15:
In file included from /root/cj_build/impl_relocation_receipt_queue6-full/src/runtime/src/Mutator/../Heap/Collector/CopyCollector.h:11:
In file included from /root/cj_build/impl_relocation_receipt_queue6-full/src/runtime/src/Mutator/../Heap/Allocator/RegionSpace.h:19:
In file included from /root/cj_build/impl_relocation_receipt_queue6-full/src/runtime/src/Mutator/../Heap/Allocator/Allocator.h:11:
In file included from /root/cj_build/impl_relocation_receipt_queue6-full/src/runtime/src/Mutator/../Heap/Allocator/AllocBufferManager.h:15:
In file included from /root/cj_build/impl_relocation_receipt_queue6-full/src/runtime/src/Mutator/../Heap/Allocator/AllocBuffer.h:16:
In file included from /root/cj_build/impl_relocation_receipt_queue6-full/src/runtime/src/Mutator/../Heap/Allocator/RegionList.h:11:
In file included from /root/cj_build/impl_relocation_receipt_queue6-full/src/runtime/src/Mutator/../Heap/Allocator/RegionInfo.h:53:
/root/cj_build/impl_relocation_receipt_queue6-full/src/runtime/src/Heap/Verify/MutatorRelocate.h:102:8: warning: constexpr if is a C++17 extension [-Wc++17-extensions]
    if constexpr (kWaitRegionPublish) {
       ^
In file included from /root/cj_build/impl_relocation_receipt_queue6-full/src/runtime/src/Mutator/Mutator.cpp:15:
In file included from /root/cj_build/impl_relocation_receipt_queue6-full/src/runtime/src/Mutator/../Heap/Collector/CopyCollector.h:11:
In file included from /root/cj_build/impl_relocation_receipt_queue6-full/src/runtime/src/Mutator/../Heap/Allocator/RegionSpace.h:22:
In file included from /root/cj_build/impl_relocation_receipt_queue6-full/src/runtime/src/Mutator/../Heap/Allocator/RegionManager.h:25:
In file included from /root/cj_build/impl_relocation_receipt_queue6-full/src/runtime/src/Mutator/../Heap/Allocator/FreeRegionManager.h:15:
In file included from /root/cj_build/impl_relocation_receipt_queue6-full/src/runtime/src/Common/ScopedObjectAccess.h:11:
In file included from /root/cj_build/impl_relocation_receipt_queue6-full/src/runtime/src/Mutator/Mutator.inline.h:11:
In file included from /root/cj_build/impl_relocation_receipt_queue6-full/src/runtime/src/Mutator/MutatorManager.h:17:
/root/cj_build/impl_relocation_receipt_queue6-full/src/runtime/src/Base/GcLog.h:217:45: warning: format string is not a string literal [-Wformat-nonliteral]
        int n = vsnprintf(buf, sizeof(buf), format, args);
                                            ^~~~~~
In file included from /root/cj_build/impl_relocation_receipt_queue6-full/src/runtime/src/Mutator/Mutator.cpp:15:
In file included from /root/cj_build/impl_relocation_receipt_queue6-full/src/runtime/src/Mutator/../Heap/Collector/CopyCollector.h:13:
/root/cj_build/impl_relocation_receipt_queue6-full/src/runtime/src/Mutator/../Heap/Collector/TracingCollector.h:352:20: warning: unused variable 'objSize' [-Wunused-variable]
            size_t objSize = obj->GetSize();
                   ^
In file included from /root/cj_build/impl_relocation_receipt_queue6-full/src/runtime/src/Mutator/Mutator.cpp:23:
/root/cj_build/impl_relocation_receipt_queue6-full/src/runtime/src/Heap/WCollector/WCollector.h:425:12: warning: constexpr if is a C++17 extension [-Wc++17-extensions]
        if constexpr (ForwardingTable::kEntriesSoleWhenArmed) {
           ^
/root/cj_build/impl_relocation_receipt_queue6-full/src/runtime/src/Heap/WCollector/WCollector.h:450:12: warning: constexpr if is a C++17 extension [-Wc++17-extensions]
        if constexpr (ForwardingTable::kEntriesSoleWhenArmed) {
           ^
/root/cj_build/impl_relocation_receipt_queue6-full/src/runtime/src/Heap/WCollector/WCollector.h:345:38: warning: unused variable 'noGhostCount' [-Wunused-variable]
        static std::atomic<uint64_t> noGhostCount{ 0 };
                                     ^
/root/cj_build/impl_relocation_receipt_queue6-full/src/runtime/src/Heap/WCollector/WCollector.h:348:38: warning: unused variable 'waitCount' [-Wunused-variable]
        static std::atomic<uint64_t> waitCount{ 0 };
                                     ^
/root/cj_build/impl_relocation_receipt_queue6-full/src/runtime/src/Heap/WCollector/WCollector.h:357:20: warning: unused variable 'funnel' [-Wunused-variable]
        const bool funnel = RemapFunnelOn();
                   ^
/root/cj_build/impl_relocation_receipt_queue6-full/src/runtime/src/Heap/WCollector/WCollector.h:343:38: warning: unused variable 'callCount' [-Wunused-variable]
        static std::atomic<uint64_t> callCount{ 0 };
                                     ^
/root/cj_build/impl_relocation_receipt_queue6-full/src/runtime/src/Heap/WCollector/WCollector.h:346:38: warning: unused variable 'routeNullCount' [-Wunused-variable]
        static std::atomic<uint64_t> routeNullCount{ 0 };
                                     ^
/root/cj_build/impl_relocation_receipt_queue6-full/src/runtime/src/Heap/WCollector/WCollector.h:344:38: warning: unused variable 'nonHeapCount' [-Wunused-variable]
        static std::atomic<uint64_t> nonHeapCount{ 0 };
                                     ^
/root/cj_build/impl_relocation_receipt_queue6-full/src/runtime/src/Heap/WCollector/WCollector.h:349:38: warning: unused variable 'giveFromCount' [-Wunused-variable]
        static std::atomic<uint64_t> giveFromCount{ 0 };
                                     ^
/root/cj_build/impl_relocation_receipt_queue6-full/src/runtime/src/Heap/WCollector/WCollector.h:347:38: warning: unused variable 'receiptCount' [-Wunused-variable]
        static std::atomic<uint64_t> receiptCount{ 0 };
                                     ^
/root/cj_build/impl_relocation_receipt_queue6-full/src/runtime/src/Heap/WCollector/WCollector.h:622:12: warning: constexpr if is a C++17 extension [-Wc++17-extensions]
        if constexpr (ForwardingTable::kEntriesSoleWhenArmed) {
           ^
/root/cj_build/impl_relocation_receipt_queue6-full/src/runtime/src/Heap/WCollector/WCollector.h:677:12: warning: constexpr if is a C++17 extension [-Wc++17-extensions]
        if constexpr (ForwardingTable::kConsumeEntries) {
           ^
/root/cj_build/impl_relocation_receipt_queue6-full/src/runtime/src/Heap/WCollector/WCollector.h:682:16: warning: constexpr if is a C++17 extension [-Wc++17-extensions]
            if constexpr (ForwardingTable::kEntriesSoleWhenArmed) {
               ^
/root/cj_build/impl_relocation_receipt_queue6-full/src/runtime/src/Heap/WCollector/WCollector.h:713:12: warning: constexpr if is a C++17 extension [-Wc++17-extensions]
        if constexpr (ForwardingTable::kConsumeEntries) {
           ^
/root/cj_build/impl_relocation_receipt_queue6-full/src/runtime/src/Mutator/Mutator.cpp:796:20: warning: decomposition declarations are a C++17 extension [-Wc++17-extensions]
        for (auto& [oldDerivedSlot, oldBase, offset] : derivedSlots) {
                   ^~~~~~~~~~~~~~~~~~~~~~~~~~~~~~~~~
24 warnings generated.
[ 47%] Building CXX object src/Heap/WCollector/CMakeFiles/WCollector.dir/__/Collector/Mark.cpp.o
[ 47%] Building CXX object src/Heap/Collector/CMakeFiles/Collector.dir/LiveInfo.cpp.o
In file included from /root/cj_build/impl_relocation_receipt_queue6-full/src/runtime/src/Heap/Verify/VerifyRegions.cpp:15:
In file included from /root/cj_build/impl_relocation_receipt_queue6-full/src/runtime/src/Heap/Verify/VerifyRegions.h:17:
In file included from /root/cj_build/impl_relocation_receipt_queue6-full/src/runtime/src/Heap/Allocator/RegionInfo.h:41:
/root/cj_build/impl_relocation_receipt_queue6-full/src/runtime/src/Heap/Verify/AllocPhaseDiag.h:57:1: warning: inline variables are a C++17 extension [-Wc++17-extensions]
inline Slot g_table[kCap] = {};
^
/root/cj_build/impl_relocation_receipt_queue6-full/src/runtime/src/Heap/Verify/AllocPhaseDiag.h:58:1: warning: inline variables are a C++17 extension [-Wc++17-extensions]
inline NearEntry g_near[kNearCap] = {};
^
In file included from /root/cj_build/impl_relocation_receipt_queue6-full/src/runtime/src/Heap/Verify/VerifyRegions.cpp:15:
In file included from /root/cj_build/impl_relocation_receipt_queue6-full/src/runtime/src/Heap/Verify/VerifyRegions.h:17:
In file included from /root/cj_build/impl_relocation_receipt_queue6-full/src/runtime/src/Heap/Allocator/RegionInfo.h:43:
/root/cj_build/impl_relocation_receipt_queue6-full/src/runtime/src/Heap/Verify/NullRouteCaller.h:34:1: warning: inline variables are a C++17 extension [-Wc++17-extensions]
inline thread_local const char* g_tag = nullptr;
^
/root/cj_build/impl_relocation_receipt_queue6-full/src/runtime/src/Heap/Verify/NullRouteCaller.h:35:1: warning: inline variables are a C++17 extension [-Wc++17-extensions]
inline thread_local const char* g_edgeSrc = nullptr;
^
/root/cj_build/impl_relocation_receipt_queue6-full/src/runtime/src/Heap/Verify/NullRouteCaller.h:36:1: warning: inline variables are a C++17 extension [-Wc++17-extensions]
inline thread_local uintptr_t g_slot = 0;
^
/root/cj_build/impl_relocation_receipt_queue6-full/src/runtime/src/Heap/Verify/NullRouteCaller.h:37:1: warning: inline variables are a C++17 extension [-Wc++17-extensions]
inline thread_local void* g_host = nullptr;
^
In file included from /root/cj_build/impl_relocation_receipt_queue6-full/src/runtime/src/Heap/Verify/VerifyRegions.cpp:15:
In file included from /root/cj_build/impl_relocation_receipt_queue6-full/src/runtime/src/Heap/Verify/VerifyRegions.h:17:
In file included from /root/cj_build/impl_relocation_receipt_queue6-full/src/runtime/src/Heap/Allocator/RegionInfo.h:53:
/root/cj_build/impl_relocation_receipt_queue6-full/src/runtime/src/Heap/Verify/MutatorRelocate.h:102:8: warning: constexpr if is a C++17 extension [-Wc++17-extensions]
    if constexpr (kWaitRegionPublish) {
       ^
In file included from /root/cj_build/impl_relocation_receipt_queue6-full/src/runtime/src/Heap/Verify/VerifyRegions.cpp:24:
In file included from /root/cj_build/impl_relocation_receipt_queue6-full/src/runtime/src/Heap/Allocator/RegionManager.h:25:
In file included from /root/cj_build/impl_relocation_receipt_queue6-full/src/runtime/src/Heap/Allocator/FreeRegionManager.h:15:
In file included from /root/cj_build/impl_relocation_receipt_queue6-full/src/runtime/src/Common/ScopedObjectAccess.h:11:
In file included from /root/cj_build/impl_relocation_receipt_queue6-full/src/runtime/src/Mutator/Mutator.inline.h:11:
In file included from /root/cj_build/impl_relocation_receipt_queue6-full/src/runtime/src/Mutator/MutatorManager.h:17:
/root/cj_build/impl_relocation_receipt_queue6-full/src/runtime/src/Base/GcLog.h:217:45: warning: format string is not a string literal [-Wformat-nonliteral]
        int n = vsnprintf(buf, sizeof(buf), format, args);
                                            ^~~~~~
/root/cj_build/impl_relocation_receipt_queue6-full/src/runtime/src/Heap/Verify/VerifyRegions.cpp:79:6: warning: unused function 'EnvIsOne' [-Wunused-function]
bool EnvIsOne(const char* name)
     ^
/root/cj_build/impl_relocation_receipt_queue6-full/src/runtime/src/Heap/Verify/VerifyRegions.cpp:85:8: warning: unused function 'EnvAsSize' [-Wunused-function]
size_t EnvAsSize(const char* name, size_t defaultValue)
       ^
10 warnings generated.
[ 52%] Built target ObjectModel
[ 52%] Building CXX object src/Mutator/CMakeFiles/Mutator.dir/SatbBuffer.cpp.o
Consolidate compiler generated dependencies of target UnwindStack
In file included from /root/cj_build/impl_relocation_receipt_queue6-full/src/runtime/src/Heap/Collector/Mark.cpp:8:
In file included from /root/cj_build/impl_relocation_receipt_queue6-full/src/runtime/src/Heap/WCollector/WCollector.h:22:
In file included from /root/cj_build/impl_relocation_receipt_queue6-full/src/runtime/src/Heap/Allocator/RegionSpace.h:19:
In file included from /root/cj_build/impl_relocation_receipt_queue6-full/src/runtime/src/Heap/Allocator/Allocator.h:11:
In file included from /root/cj_build/impl_relocation_receipt_queue6-full/src/runtime/src/Heap/Allocator/AllocBufferManager.h:15:
In file included from /root/cj_build/impl_relocation_receipt_queue6-full/src/runtime/src/Heap/Allocator/AllocBuffer.h:16:
In file included from /root/cj_build/impl_relocation_receipt_queue6-full/src/runtime/src/Heap/Allocator/RegionList.h:11:
In file included from /root/cj_build/impl_relocation_receipt_queue6-full/src/runtime/src/Heap/Allocator/RegionInfo.h:41:
/root/cj_build/impl_relocation_receipt_queue6-full/src/runtime/src/Heap/Verify/AllocPhaseDiag.h:57:1: warning: inline variables are a C++17 extension [-Wc++17-extensions]
inline Slot g_table[kCap] = {};
^
/root/cj_build/impl_relocation_receipt_queue6-full/src/runtime/src/Heap/Verify/AllocPhaseDiag.h:58:1: warning: inline variables are a C++17 extension [-Wc++17-extensions]
inline NearEntry g_near[kNearCap] = {};
^
In file included from /root/cj_build/impl_relocation_receipt_queue6-full/src/runtime/src/Heap/Collector/Mark.cpp:8:
In file included from /root/cj_build/impl_relocation_receipt_queue6-full/src/runtime/src/Heap/WCollector/WCollector.h:22:
In file included from /root/cj_build/impl_relocation_receipt_queue6-full/src/runtime/src/Heap/Allocator/RegionSpace.h:19:
In file included from /root/cj_build/impl_relocation_receipt_queue6-full/src/runtime/src/Heap/Allocator/Allocator.h:11:
In file included from /root/cj_build/impl_relocation_receipt_queue6-full/src/runtime/src/Heap/Allocator/AllocBufferManager.h:15:
In file included from /root/cj_build/impl_relocation_receipt_queue6-full/src/runtime/src/Heap/Allocator/AllocBuffer.h:16:
In file included from /root/cj_build/impl_relocation_receipt_queue6-full/src/runtime/src/Heap/Allocator/RegionList.h:11:
In file included from /root/cj_build/impl_relocation_receipt_queue6-full/src/runtime/src/Heap/Allocator/RegionInfo.h:43:
/root/cj_build/impl_relocation_receipt_queue6-full/src/runtime/src/Heap/Verify/NullRouteCaller.h:34:1: warning: inline variables are a C++17 extension [-Wc++17-extensions]
inline thread_local const char* g_tag = nullptr;
^
/root/cj_build/impl_relocation_receipt_queue6-full/src/runtime/src/Heap/Verify/NullRouteCaller.h:35:1: warning: inline variables are a C++17 extension [-Wc++17-extensions]
inline thread_local const char* g_edgeSrc = nullptr;
^
/root/cj_build/impl_relocation_receipt_queue6-full/src/runtime/src/Heap/Verify/NullRouteCaller.h:36:1: warning: inline variables are a C++17 extension [-Wc++17-extensions]
inline thread_local uintptr_t g_slot = 0;
^
/root/cj_build/impl_relocation_receipt_queue6-full/src/runtime/src/Heap/Verify/NullRouteCaller.h:37:1: warning: inline variables are a C++17 extension [-Wc++17-extensions]
inline thread_local void* g_host = nullptr;
^
In file included from /root/cj_build/impl_relocation_receipt_queue6-full/src/runtime/src/Heap/Collector/Mark.cpp:8:
In file included from /root/cj_build/impl_relocation_receipt_queue6-full/src/runtime/src/Heap/WCollector/WCollector.h:22:
In file included from /root/cj_build/impl_relocation_receipt_queue6-full/src/runtime/src/Heap/Allocator/RegionSpace.h:19:
In file included from /root/cj_build/impl_relocation_receipt_queue6-full/src/runtime/src/Heap/Allocator/Allocator.h:11:
In file included from /root/cj_build/impl_relocation_receipt_queue6-full/src/runtime/src/Heap/Allocator/AllocBufferManager.h:15:
In file included from /root/cj_build/impl_relocation_receipt_queue6-full/src/runtime/src/Heap/Allocator/AllocBuffer.h:16:
In file included from /root/cj_build/impl_relocation_receipt_queue6-full/src/runtime/src/Heap/Allocator/RegionList.h:11:
In file included from /root/cj_build/impl_relocation_receipt_queue6-full/src/runtime/src/Heap/Allocator/RegionInfo.h:53:
/root/cj_build/impl_relocation_receipt_queue6-full/src/runtime/src/Heap/Verify/MutatorRelocate.h:102:8: warning: constexpr if is a C++17 extension [-Wc++17-extensions]
    if constexpr (kWaitRegionPublish) {
       ^
In file included from /root/cj_build/impl_relocation_receipt_queue6-full/src/runtime/src/Heap/Collector/Mark.cpp:8:
In file included from /root/cj_build/impl_relocation_receipt_queue6-full/src/runtime/src/Heap/WCollector/WCollector.h:22:
In file included from /root/cj_build/impl_relocation_receipt_queue6-full/src/runtime/src/Heap/Allocator/RegionSpace.h:22:
In file included from /root/cj_build/impl_relocation_receipt_queue6-full/src/runtime/src/Heap/Allocator/RegionManager.h:25:
In file included from /root/cj_build/impl_relocation_receipt_queue6-full/src/runtime/src/Heap/Allocator/FreeRegionManager.h:15:
In file included from /root/cj_build/impl_relocation_receipt_queue6-full/src/runtime/src/Common/ScopedObjectAccess.h:11:
In file included from /root/cj_build/impl_relocation_receipt_queue6-full/src/runtime/src/Mutator/Mutator.inline.h:11:
In file included from /root/cj_build/impl_relocation_receipt_queue6-full/src/runtime/src/Mutator/MutatorManager.h:17:
/root/cj_build/impl_relocation_receipt_queue6-full/src/runtime/src/Base/GcLog.h:217:45: warning: format string is not a string literal [-Wformat-nonliteral]
        int n = vsnprintf(buf, sizeof(buf), format, args);
                                            ^~~~~~
In file included from /root/cj_build/impl_relocation_receipt_queue6-full/src/runtime/src/Heap/Collector/Mark.cpp:8:
In file included from /root/cj_build/impl_relocation_receipt_queue6-full/src/runtime/src/Heap/WCollector/WCollector.h:24:
In file included from /root/cj_build/impl_relocation_receipt_queue6-full/src/runtime/src/Heap/Collector/CopyCollector.h:13:
/root/cj_build/impl_relocation_receipt_queue6-full/src/runtime/src/Heap/Collector/TracingCollector.h:352:20: warning: unused variable 'objSize' [-Wunused-variable]
            size_t objSize = obj->GetSize();
                   ^
In file included from /root/cj_build/impl_relocation_receipt_queue6-full/src/runtime/src/Heap/Collector/Mark.cpp:8:
/root/cj_build/impl_relocation_receipt_queue6-full/src/runtime/src/Heap/WCollector/WCollector.h:425:12: warning: constexpr if is a C++17 extension [-Wc++17-extensions]
        if constexpr (ForwardingTable::kEntriesSoleWhenArmed) {
           ^
/root/cj_build/impl_relocation_receipt_queue6-full/src/runtime/src/Heap/WCollector/WCollector.h:450:12: warning: constexpr if is a C++17 extension [-Wc++17-extensions]
        if constexpr (ForwardingTable::kEntriesSoleWhenArmed) {
           ^
/root/cj_build/impl_relocation_receipt_queue6-full/src/runtime/src/Heap/WCollector/WCollector.h:348:38: warning: unused variable 'waitCount' [-Wunused-variable]
        static std::atomic<uint64_t> waitCount{ 0 };
                                     ^
/root/cj_build/impl_relocation_receipt_queue6-full/src/runtime/src/Heap/WCollector/WCollector.h:345:38: warning: unused variable 'noGhostCount' [-Wunused-variable]
        static std::atomic<uint64_t> noGhostCount{ 0 };
                                     ^
/root/cj_build/impl_relocation_receipt_queue6-full/src/runtime/src/Heap/WCollector/WCollector.h:344:38: warning: unused variable 'nonHeapCount' [-Wunused-variable]
        static std::atomic<uint64_t> nonHeapCount{ 0 };
                                     ^
/root/cj_build/impl_relocation_receipt_queue6-full/src/runtime/src/Heap/WCollector/WCollector.h:347:38: warning: unused variable 'receiptCount' [-Wunused-variable]
        static std::atomic<uint64_t> receiptCount{ 0 };
                                     ^
/root/cj_build/impl_relocation_receipt_queue6-full/src/runtime/src/Heap/WCollector/WCollector.h:343:38: warning: unused variable 'callCount' [-Wunused-variable]
        static std::atomic<uint64_t> callCount{ 0 };
                                     ^
/root/cj_build/impl_relocation_receipt_queue6-full/src/runtime/src/Heap/WCollector/WCollector.h:349:38: warning: unused variable 'giveFromCount' [-Wunused-variable]
        static std::atomic<uint64_t> giveFromCount{ 0 };
                                     ^
/root/cj_build/impl_relocation_receipt_queue6-full/src/runtime/src/Heap/WCollector/WCollector.h:357:20: warning: unused variable 'funnel' [-Wunused-variable]
        const bool funnel = RemapFunnelOn();
                   ^
/root/cj_build/impl_relocation_receipt_queue6-full/src/runtime/src/Heap/WCollector/WCollector.h:346:38: warning: unused variable 'routeNullCount' [-Wunused-variable]
        static std::atomic<uint64_t> routeNullCount{ 0 };
                                     ^
/root/cj_build/impl_relocation_receipt_queue6-full/src/runtime/src/Heap/WCollector/WCollector.h:622:12: warning: constexpr if is a C++17 extension [-Wc++17-extensions]
        if constexpr (ForwardingTable::kEntriesSoleWhenArmed) {
           ^
/root/cj_build/impl_relocation_receipt_queue6-full/src/runtime/src/Heap/WCollector/WCollector.h:677:12: warning: constexpr if is a C++17 extension [-Wc++17-extensions]
        if constexpr (ForwardingTable::kConsumeEntries) {
           ^
/root/cj_build/impl_relocation_receipt_queue6-full/src/runtime/src/Heap/WCollector/WCollector.h:682:16: warning: constexpr if is a C++17 extension [-Wc++17-extensions]
            if constexpr (ForwardingTable::kEntriesSoleWhenArmed) {
               ^
/root/cj_build/impl_relocation_receipt_queue6-full/src/runtime/src/Heap/WCollector/WCollector.h:713:12: warning: constexpr if is a C++17 extension [-Wc++17-extensions]
        if constexpr (ForwardingTable::kConsumeEntries) {
           ^
/root/cj_build/impl_relocation_receipt_queue6-full/src/runtime/src/Heap/Collector/Mark.cpp:1874:8: warning: constexpr if is a C++17 extension [-Wc++17-extensions]
    if constexpr (kGcTriggerDynamicWorkersEnabled) {
       ^
/root/cj_build/impl_relocation_receipt_queue6-full/src/runtime/src/Heap/Collector/Mark.cpp:970:18: warning: unused variable 'kMarkStripeLocalCapacity' [-Wunused-const-variable]
constexpr size_t kMarkStripeLocalCapacity = 64;
                 ^
25 warnings generated.
In file included from /root/cj_build/impl_relocation_receipt_queue6-full/src/runtime/src/Heap/Collector/LiveInfo.cpp:9:
In file included from /root/cj_build/impl_relocation_receipt_queue6-full/src/runtime/src/Heap/Allocator/RegionInfo.h:41:
/root/cj_build/impl_relocation_receipt_queue6-full/src/runtime/src/Heap/Verify/AllocPhaseDiag.h:57:1: warning: inline variables are a C++17 extension [-Wc++17-extensions]
inline Slot g_table[kCap] = {};
^
/root/cj_build/impl_relocation_receipt_queue6-full/src/runtime/src/Heap/Verify/AllocPhaseDiag.h:58:1: warning: inline variables are a C++17 extension [-Wc++17-extensions]
inline NearEntry g_near[kNearCap] = {};
^
In file included from /root/cj_build/impl_relocation_receipt_queue6-full/src/runtime/src/Heap/Collector/LiveInfo.cpp:9:
In file included from /root/cj_build/impl_relocation_receipt_queue6-full/src/runtime/src/Heap/Allocator/RegionInfo.h:43:
/root/cj_build/impl_relocation_receipt_queue6-full/src/runtime/src/Heap/Verify/NullRouteCaller.h:34:1: warning: inline variables are a C++17 extension [-Wc++17-extensions]
inline thread_local const char* g_tag = nullptr;
^
/root/cj_build/impl_relocation_receipt_queue6-full/src/runtime/src/Heap/Verify/NullRouteCaller.h:35:1: warning: inline variables are a C++17 extension [-Wc++17-extensions]
inline thread_local const char* g_edgeSrc = nullptr;
^
/root/cj_build/impl_relocation_receipt_queue6-full/src/runtime/src/Heap/Verify/NullRouteCaller.h:36:1: warning: inline variables are a C++17 extension [-Wc++17-extensions]
inline thread_local uintptr_t g_slot = 0;
^
/root/cj_build/impl_relocation_receipt_queue6-full/src/runtime/src/Heap/Verify/NullRouteCaller.h:37:1: warning: inline variables are a C++17 extension [-Wc++17-extensions]
inline thread_local void* g_host = nullptr;
^
In file included from /root/cj_build/impl_relocation_receipt_queue6-full/src/runtime/src/Heap/Collector/LiveInfo.cpp:9:
In file included from /root/cj_build/impl_relocation_receipt_queue6-full/src/runtime/src/Heap/Allocator/RegionInfo.h:53:
/root/cj_build/impl_relocation_receipt_queue6-full/src/runtime/src/Heap/Verify/MutatorRelocate.h:102:8: warning: constexpr if is a C++17 extension [-Wc++17-extensions]
    if constexpr (kWaitRegionPublish) {
       ^
In file included from /root/cj_build/impl_relocation_receipt_queue6-full/src/runtime/src/Heap/Collector/LiveInfo.cpp:10:
In file included from /root/cj_build/impl_relocation_receipt_queue6-full/src/runtime/src/Heap/Allocator/RegionSpace.h:22:
In file included from /root/cj_build/impl_relocation_receipt_queue6-full/src/runtime/src/Heap/Allocator/RegionManager.h:25:
In file included from /root/cj_build/impl_relocation_receipt_queue6-full/src/runtime/src/Heap/Allocator/FreeRegionManager.h:15:
In file included from /root/cj_build/impl_relocation_receipt_queue6-full/src/runtime/src/Common/ScopedObjectAccess.h:11:
In file included from /root/cj_build/impl_relocation_receipt_queue6-full/src/runtime/src/Mutator/Mutator.inline.h:11:
In file included from /root/cj_build/impl_relocation_receipt_queue6-full/src/runtime/src/Mutator/MutatorManager.h:17:
/root/cj_build/impl_relocation_receipt_queue6-full/src/runtime/src/Base/GcLog.h:217:45: warning: format string is not a string literal [-Wformat-nonliteral]
        int n = vsnprintf(buf, sizeof(buf), format, args);
                                            ^~~~~~
8 warnings generated.
[ 52%] Building CXX object src/Heap/Verify/CMakeFiles/Verify.dir/TagReuseProbe.cpp.o
[ 53%] Building CXX object src/Mutator/CMakeFiles/Mutator.dir/MutatorManager.cpp.o
In file included from /root/cj_build/impl_relocation_receipt_queue6-full/src/runtime/src/Mutator/SatbBuffer.cpp:8:
In file included from /root/cj_build/impl_relocation_receipt_queue6-full/src/runtime/src/Mutator/SatbBuffer.h:14:
In file included from /root/cj_build/impl_relocation_receipt_queue6-full/src/runtime/src/Heap/Allocator/RegionInfo.h:41:
/root/cj_build/impl_relocation_receipt_queue6-full/src/runtime/src/Heap/Verify/AllocPhaseDiag.h:57:1: warning: inline variables are a C++17 extension [-Wc++17-extensions]
inline Slot g_table[kCap] = {};
^
/root/cj_build/impl_relocation_receipt_queue6-full/src/runtime/src/Heap/Verify/AllocPhaseDiag.h:58:1: warning: inline variables are a C++17 extension [-Wc++17-extensions]
inline NearEntry g_near[kNearCap] = {};
^
In file included from /root/cj_build/impl_relocation_receipt_queue6-full/src/runtime/src/Mutator/SatbBuffer.cpp:8:
In file included from /root/cj_build/impl_relocation_receipt_queue6-full/src/runtime/src/Mutator/SatbBuffer.h:14:
In file included from /root/cj_build/impl_relocation_receipt_queue6-full/src/runtime/src/Heap/Allocator/RegionInfo.h:43:
/root/cj_build/impl_relocation_receipt_queue6-full/src/runtime/src/Heap/Verify/NullRouteCaller.h:34:1: warning: inline variables are a C++17 extension [-Wc++17-extensions]
inline thread_local const char* g_tag = nullptr;
^
/root/cj_build/impl_relocation_receipt_queue6-full/src/runtime/src/Heap/Verify/NullRouteCaller.h:35:1: warning: inline variables are a C++17 extension [-Wc++17-extensions]
inline thread_local const char* g_edgeSrc = nullptr;
^
/root/cj_build/impl_relocation_receipt_queue6-full/src/runtime/src/Heap/Verify/NullRouteCaller.h:36:1: warning: inline variables are a C++17 extension [-Wc++17-extensions]
inline thread_local uintptr_t g_slot = 0;
^
/root/cj_build/impl_relocation_receipt_queue6-full/src/runtime/src/Heap/Verify/NullRouteCaller.h:37:1: warning: inline variables are a C++17 extension [-Wc++17-extensions]
inline thread_local void* g_host = nullptr;
^
In file included from /root/cj_build/impl_relocation_receipt_queue6-full/src/runtime/src/Mutator/SatbBuffer.cpp:8:
In file included from /root/cj_build/impl_relocation_receipt_queue6-full/src/runtime/src/Mutator/SatbBuffer.h:14:
In file included from /root/cj_build/impl_relocation_receipt_queue6-full/src/runtime/src/Heap/Allocator/RegionInfo.h:53:
/root/cj_build/impl_relocation_receipt_queue6-full/src/runtime/src/Heap/Verify/MutatorRelocate.h:102:8: warning: constexpr if is a C++17 extension [-Wc++17-extensions]
    if constexpr (kWaitRegionPublish) {
       ^
In file included from /root/cj_build/impl_relocation_receipt_queue6-full/src/runtime/src/Mutator/SatbBuffer.cpp:11:
In file included from /root/cj_build/impl_relocation_receipt_queue6-full/src/runtime/src/Heap/Allocator/RegionSpace.h:22:
In file included from /root/cj_build/impl_relocation_receipt_queue6-full/src/runtime/src/Heap/Allocator/RegionManager.h:25:
In file included from /root/cj_build/impl_relocation_receipt_queue6-full/src/runtime/src/Heap/Allocator/FreeRegionManager.h:15:
In file included from /root/cj_build/impl_relocation_receipt_queue6-full/src/runtime/src/Common/ScopedObjectAccess.h:11:
In file included from /root/cj_build/impl_relocation_receipt_queue6-full/src/runtime/src/Mutator/Mutator.inline.h:11:
In file included from /root/cj_build/impl_relocation_receipt_queue6-full/src/runtime/src/Mutator/MutatorManager.h:17:
/root/cj_build/impl_relocation_receipt_queue6-full/src/runtime/src/Base/GcLog.h:217:45: warning: format string is not a string literal [-Wformat-nonliteral]
        int n = vsnprintf(buf, sizeof(buf), format, args);
                                            ^~~~~~
8 warnings generated.
[ 53%] Building CXX object src/Heap/Collector/CMakeFiles/Collector.dir/ForwardDataManager.cpp.o
[ 53%] Building CXX object src/UnwindStack/CMakeFiles/UnwindStack.dir/StackInfo.cpp.o
In file included from /root/cj_build/impl_relocation_receipt_queue6-full/src/runtime/src/Heap/Verify/TagReuseProbe.cpp:15:
In file included from /root/cj_build/impl_relocation_receipt_queue6-full/src/runtime/src/Heap/Allocator/RegionInfo.h:41:
/root/cj_build/impl_relocation_receipt_queue6-full/src/runtime/src/Heap/Verify/AllocPhaseDiag.h:57:1: warning: inline variables are a C++17 extension [-Wc++17-extensions]
inline Slot g_table[kCap] = {};
^
/root/cj_build/impl_relocation_receipt_queue6-full/src/runtime/src/Heap/Verify/AllocPhaseDiag.h:58:1: warning: inline variables are a C++17 extension [-Wc++17-extensions]
inline NearEntry g_near[kNearCap] = {};
^
In file included from /root/cj_build/impl_relocation_receipt_queue6-full/src/runtime/src/Heap/Verify/TagReuseProbe.cpp:15:
In file included from /root/cj_build/impl_relocation_receipt_queue6-full/src/runtime/src/Heap/Allocator/RegionInfo.h:43:
/root/cj_build/impl_relocation_receipt_queue6-full/src/runtime/src/Heap/Verify/NullRouteCaller.h:34:1: warning: inline variables are a C++17 extension [-Wc++17-extensions]
inline thread_local const char* g_tag = nullptr;
^
/root/cj_build/impl_relocation_receipt_queue6-full/src/runtime/src/Heap/Verify/NullRouteCaller.h:35:1: warning: inline variables are a C++17 extension [-Wc++17-extensions]
inline thread_local const char* g_edgeSrc = nullptr;
^
/root/cj_build/impl_relocation_receipt_queue6-full/src/runtime/src/Heap/Verify/NullRouteCaller.h:36:1: warning: inline variables are a C++17 extension [-Wc++17-extensions]
inline thread_local uintptr_t g_slot = 0;
^
/root/cj_build/impl_relocation_receipt_queue6-full/src/runtime/src/Heap/Verify/NullRouteCaller.h:37:1: warning: inline variables are a C++17 extension [-Wc++17-extensions]
inline thread_local void* g_host = nullptr;
^
In file included from /root/cj_build/impl_relocation_receipt_queue6-full/src/runtime/src/Heap/Verify/TagReuseProbe.cpp:15:
In file included from /root/cj_build/impl_relocation_receipt_queue6-full/src/runtime/src/Heap/Allocator/RegionInfo.h:53:
/root/cj_build/impl_relocation_receipt_queue6-full/src/runtime/src/Heap/Verify/MutatorRelocate.h:102:8: warning: constexpr if is a C++17 extension [-Wc++17-extensions]
    if constexpr (kWaitRegionPublish) {
       ^
In file included from /root/cj_build/impl_relocation_receipt_queue6-full/src/runtime/src/Heap/Verify/TagReuseProbe.cpp:16:
In file included from /root/cj_build/impl_relocation_receipt_queue6-full/src/runtime/src/Heap/Allocator/RegionManager.h:25:
In file included from /root/cj_build/impl_relocation_receipt_queue6-full/src/runtime/src/Heap/Allocator/FreeRegionManager.h:15:
In file included from /root/cj_build/impl_relocation_receipt_queue6-full/src/runtime/src/Common/ScopedObjectAccess.h:11:
In file included from /root/cj_build/impl_relocation_receipt_queue6-full/src/runtime/src/Mutator/Mutator.inline.h:11:
In file included from /root/cj_build/impl_relocation_receipt_queue6-full/src/runtime/src/Mutator/MutatorManager.h:17:
/root/cj_build/impl_relocation_receipt_queue6-full/src/runtime/src/Base/GcLog.h:217:45: warning: format string is not a string literal [-Wformat-nonliteral]
        int n = vsnprintf(buf, sizeof(buf), format, args);
                                            ^~~~~~
/root/cj_build/impl_relocation_receipt_queue6-full/src/runtime/src/Heap/Verify/TagReuseProbe.cpp:36:6: warning: unused function 'EnvIsOne' [-Wunused-function]
bool EnvIsOne(const char* name)
     ^
9 warnings generated.
[ 53%] Building CXX object src/Heap/WCollector/CMakeFiles/WCollector.dir/__/Collector/Relocate.cpp.o
In file included from /root/cj_build/impl_relocation_receipt_queue6-full/src/runtime/src/Mutator/MutatorManager.cpp:8:
In file included from /root/cj_build/impl_relocation_receipt_queue6-full/src/runtime/src/Mutator/MutatorManager.h:17:
/root/cj_build/impl_relocation_receipt_queue6-full/src/runtime/src/Base/GcLog.h:217:45: warning: format string is not a string literal [-Wformat-nonliteral]
        int n = vsnprintf(buf, sizeof(buf), format, args);
                                            ^~~~~~
In file included from /root/cj_build/impl_relocation_receipt_queue6-full/src/runtime/src/Mutator/MutatorManager.cpp:8:
In file included from /root/cj_build/impl_relocation_receipt_queue6-full/src/runtime/src/Mutator/MutatorManager.h:23:
In file included from /root/cj_build/impl_relocation_receipt_queue6-full/src/runtime/src/Mutator/Mutator.h:16:
In file included from /root/cj_build/impl_relocation_receipt_queue6-full/src/runtime/src/Heap/Allocator/Allocator.h:11:
In file included from /root/cj_build/impl_relocation_receipt_queue6-full/src/runtime/src/Heap/Allocator/AllocBufferManager.h:15:
In file included from /root/cj_build/impl_relocation_receipt_queue6-full/src/runtime/src/Heap/Allocator/AllocBuffer.h:16:
In file included from /root/cj_build/impl_relocation_receipt_queue6-full/src/runtime/src/Heap/Allocator/RegionList.h:11:
In file included from /root/cj_build/impl_relocation_receipt_queue6-full/src/runtime/src/Heap/Allocator/RegionInfo.h:41:
/root/cj_build/impl_relocation_receipt_queue6-full/src/runtime/src/Heap/Verify/AllocPhaseDiag.h:57:1: warning: inline variables are a C++17 extension [-Wc++17-extensions]
inline Slot g_table[kCap] = {};
^
/root/cj_build/impl_relocation_receipt_queue6-full/src/runtime/src/Heap/Verify/AllocPhaseDiag.h:58:1: warning: inline variables are a C++17 extension [-Wc++17-extensions]
inline NearEntry g_near[kNearCap] = {};
^
In file included from /root/cj_build/impl_relocation_receipt_queue6-full/src/runtime/src/Mutator/MutatorManager.cpp:8:
In file included from /root/cj_build/impl_relocation_receipt_queue6-full/src/runtime/src/Mutator/MutatorManager.h:23:
In file included from /root/cj_build/impl_relocation_receipt_queue6-full/src/runtime/src/Mutator/Mutator.h:16:
In file included from /root/cj_build/impl_relocation_receipt_queue6-full/src/runtime/src/Heap/Allocator/Allocator.h:11:
In file included from /root/cj_build/impl_relocation_receipt_queue6-full/src/runtime/src/Heap/Allocator/AllocBufferManager.h:15:
In file included from /root/cj_build/impl_relocation_receipt_queue6-full/src/runtime/src/Heap/Allocator/AllocBuffer.h:16:
In file included from /root/cj_build/impl_relocation_receipt_queue6-full/src/runtime/src/Heap/Allocator/RegionList.h:11:
In file included from /root/cj_build/impl_relocation_receipt_queue6-full/src/runtime/src/Heap/Allocator/RegionInfo.h:43:
/root/cj_build/impl_relocation_receipt_queue6-full/src/runtime/src/Heap/Verify/NullRouteCaller.h:34:1: warning: inline variables are a C++17 extension [-Wc++17-extensions]
inline thread_local const char* g_tag = nullptr;
^
/root/cj_build/impl_relocation_receipt_queue6-full/src/runtime/src/Heap/Verify/NullRouteCaller.h:35:1: warning: inline variables are a C++17 extension [-Wc++17-extensions]
inline thread_local const char* g_edgeSrc = nullptr;
^
/root/cj_build/impl_relocation_receipt_queue6-full/src/runtime/src/Heap/Verify/NullRouteCaller.h:36:1: warning: inline variables are a C++17 extension [-Wc++17-extensions]
inline thread_local uintptr_t g_slot = 0;
^
/root/cj_build/impl_relocation_receipt_queue6-full/src/runtime/src/Heap/Verify/NullRouteCaller.h:37:1: warning: inline variables are a C++17 extension [-Wc++17-extensions]
inline thread_local void* g_host = nullptr;
^
In file included from /root/cj_build/impl_relocation_receipt_queue6-full/src/runtime/src/Mutator/MutatorManager.cpp:8:
In file included from /root/cj_build/impl_relocation_receipt_queue6-full/src/runtime/src/Mutator/MutatorManager.h:23:
In file included from /root/cj_build/impl_relocation_receipt_queue6-full/src/runtime/src/Mutator/Mutator.h:16:
In file included from /root/cj_build/impl_relocation_receipt_queue6-full/src/runtime/src/Heap/Allocator/Allocator.h:11:
In file included from /root/cj_build/impl_relocation_receipt_queue6-full/src/runtime/src/Heap/Allocator/AllocBufferManager.h:15:
In file included from /root/cj_build/impl_relocation_receipt_queue6-full/src/runtime/src/Heap/Allocator/AllocBuffer.h:16:
In file included from /root/cj_build/impl_relocation_receipt_queue6-full/src/runtime/src/Heap/Allocator/RegionList.h:11:
In file included from /root/cj_build/impl_relocation_receipt_queue6-full/src/runtime/src/Heap/Allocator/RegionInfo.h:53:
/root/cj_build/impl_relocation_receipt_queue6-full/src/runtime/src/Heap/Verify/MutatorRelocate.h:102:8: warning: constexpr if is a C++17 extension [-Wc++17-extensions]
    if constexpr (kWaitRegionPublish) {
       ^
In file included from /root/cj_build/impl_relocation_receipt_queue6-full/src/runtime/src/Mutator/MutatorManager.cpp:17:
/root/cj_build/impl_relocation_receipt_queue6-full/src/runtime/src/Heap/Collector/TracingCollector.h:352:20: warning: unused variable 'objSize' [-Wunused-variable]
            size_t objSize = obj->GetSize();
                   ^
9 warnings generated.
[ 53%] Building CXX object src/Heap/WCollector/CMakeFiles/WCollector.dir/__/Collector/Remembered.cpp.o
In file included from /root/cj_build/impl_relocation_receipt_queue6-full/src/runtime/src/Heap/Collector/ForwardDataManager.cpp:15:
In file included from /root/cj_build/impl_relocation_receipt_queue6-full/src/runtime/src/Heap/Allocator/RegionInfo.h:41:
/root/cj_build/impl_relocation_receipt_queue6-full/src/runtime/src/Heap/Verify/AllocPhaseDiag.h:57:1: warning: inline variables are a C++17 extension [-Wc++17-extensions]
inline Slot g_table[kCap] = {};
^
/root/cj_build/impl_relocation_receipt_queue6-full/src/runtime/src/Heap/Verify/AllocPhaseDiag.h:58:1: warning: inline variables are a C++17 extension [-Wc++17-extensions]
inline NearEntry g_near[kNearCap] = {};
^
In file included from /root/cj_build/impl_relocation_receipt_queue6-full/src/runtime/src/Heap/Collector/ForwardDataManager.cpp:15:
In file included from /root/cj_build/impl_relocation_receipt_queue6-full/src/runtime/src/Heap/Allocator/RegionInfo.h:43:
/root/cj_build/impl_relocation_receipt_queue6-full/src/runtime/src/Heap/Verify/NullRouteCaller.h:34:1: warning: inline variables are a C++17 extension [-Wc++17-extensions]
inline thread_local const char* g_tag = nullptr;
^
/root/cj_build/impl_relocation_receipt_queue6-full/src/runtime/src/Heap/Verify/NullRouteCaller.h:35:1: warning: inline variables are a C++17 extension [-Wc++17-extensions]
inline thread_local const char* g_edgeSrc = nullptr;
^
/root/cj_build/impl_relocation_receipt_queue6-full/src/runtime/src/Heap/Verify/NullRouteCaller.h:36:1: warning: inline variables are a C++17 extension [-Wc++17-extensions]
inline thread_local uintptr_t g_slot = 0;
^
/root/cj_build/impl_relocation_receipt_queue6-full/src/runtime/src/Heap/Verify/NullRouteCaller.h:37:1: warning: inline variables are a C++17 extension [-Wc++17-extensions]
inline thread_local void* g_host = nullptr;
^
In file included from /root/cj_build/impl_relocation_receipt_queue6-full/src/runtime/src/Heap/Collector/ForwardDataManager.cpp:15:
In file included from /root/cj_build/impl_relocation_receipt_queue6-full/src/runtime/src/Heap/Allocator/RegionInfo.h:53:
/root/cj_build/impl_relocation_receipt_queue6-full/src/runtime/src/Heap/Verify/MutatorRelocate.h:102:8: warning: constexpr if is a C++17 extension [-Wc++17-extensions]
    if constexpr (kWaitRegionPublish) {
       ^
In file included from /root/cj_build/impl_relocation_receipt_queue6-full/src/runtime/src/Heap/Collector/ForwardDataManager.cpp:16:
In file included from /root/cj_build/impl_relocation_receipt_queue6-full/src/runtime/src/Heap/Allocator/RegionManager.h:25:
In file included from /root/cj_build/impl_relocation_receipt_queue6-full/src/runtime/src/Heap/Allocator/FreeRegionManager.h:15:
In file included from /root/cj_build/impl_relocation_receipt_queue6-full/src/runtime/src/Common/ScopedObjectAccess.h:11:
In file included from /root/cj_build/impl_relocation_receipt_queue6-full/src/runtime/src/Mutator/Mutator.inline.h:11:
In file included from /root/cj_build/impl_relocation_receipt_queue6-full/src/runtime/src/Mutator/MutatorManager.h:17:
/root/cj_build/impl_relocation_receipt_queue6-full/src/runtime/src/Base/GcLog.h:217:45: warning: format string is not a string literal [-Wformat-nonliteral]
        int n = vsnprintf(buf, sizeof(buf), format, args);
                                            ^~~~~~
8 warnings generated.
[ 53%] Building CXX object src/Heap/Verify/CMakeFiles/Verify.dir/Stw2CurrentAudit.cpp.o
In file included from /root/cj_build/impl_relocation_receipt_queue6-full/src/runtime/src/UnwindStack/StackInfo.cpp:13:
In file included from /root/cj_build/impl_relocation_receipt_queue6-full/src/runtime/src/UnwindStack/../Heap/Collector/TracingCollector.h:17:
In file included from /root/cj_build/impl_relocation_receipt_queue6-full/src/runtime/src/Heap/Allocator/RegionSpace.h:19:
In file included from /root/cj_build/impl_relocation_receipt_queue6-full/src/runtime/src/Heap/Allocator/Allocator.h:11:
In file included from /root/cj_build/impl_relocation_receipt_queue6-full/src/runtime/src/Heap/Allocator/AllocBufferManager.h:15:
In file included from /root/cj_build/impl_relocation_receipt_queue6-full/src/runtime/src/Heap/Allocator/AllocBuffer.h:16:
In file included from /root/cj_build/impl_relocation_receipt_queue6-full/src/runtime/src/Heap/Allocator/RegionList.h:11:
In file included from /root/cj_build/impl_relocation_receipt_queue6-full/src/runtime/src/Heap/Allocator/RegionInfo.h:41:
/root/cj_build/impl_relocation_receipt_queue6-full/src/runtime/src/Heap/Verify/AllocPhaseDiag.h:57:1: warning: inline variables are a C++17 extension [-Wc++17-extensions]
inline Slot g_table[kCap] = {};
^
/root/cj_build/impl_relocation_receipt_queue6-full/src/runtime/src/Heap/Verify/AllocPhaseDiag.h:58:1: warning: inline variables are a C++17 extension [-Wc++17-extensions]
inline NearEntry g_near[kNearCap] = {};
^
In file included from /root/cj_build/impl_relocation_receipt_queue6-full/src/runtime/src/UnwindStack/StackInfo.cpp:13:
In file included from /root/cj_build/impl_relocation_receipt_queue6-full/src/runtime/src/UnwindStack/../Heap/Collector/TracingCollector.h:17:
In file included from /root/cj_build/impl_relocation_receipt_queue6-full/src/runtime/src/Heap/Allocator/RegionSpace.h:19:
In file included from /root/cj_build/impl_relocation_receipt_queue6-full/src/runtime/src/Heap/Allocator/Allocator.h:11:
In file included from /root/cj_build/impl_relocation_receipt_queue6-full/src/runtime/src/Heap/Allocator/AllocBufferManager.h:15:
In file included from /root/cj_build/impl_relocation_receipt_queue6-full/src/runtime/src/Heap/Allocator/AllocBuffer.h:16:
In file included from /root/cj_build/impl_relocation_receipt_queue6-full/src/runtime/src/Heap/Allocator/RegionList.h:11:
In file included from /root/cj_build/impl_relocation_receipt_queue6-full/src/runtime/src/Heap/Allocator/RegionInfo.h:43:
/root/cj_build/impl_relocation_receipt_queue6-full/src/runtime/src/Heap/Verify/NullRouteCaller.h:34:1: warning: inline variables are a C++17 extension [-Wc++17-extensions]
inline thread_local const char* g_tag = nullptr;
^
/root/cj_build/impl_relocation_receipt_queue6-full/src/runtime/src/Heap/Verify/NullRouteCaller.h:35:1: warning: inline variables are a C++17 extension [-Wc++17-extensions]
inline thread_local const char* g_edgeSrc = nullptr;
^
/root/cj_build/impl_relocation_receipt_queue6-full/src/runtime/src/Heap/Verify/NullRouteCaller.h:36:1: warning: inline variables are a C++17 extension [-Wc++17-extensions]
inline thread_local uintptr_t g_slot = 0;
^
/root/cj_build/impl_relocation_receipt_queue6-full/src/runtime/src/Heap/Verify/NullRouteCaller.h:37:1: warning: inline variables are a C++17 extension [-Wc++17-extensions]
inline thread_local void* g_host = nullptr;
^
In file included from /root/cj_build/impl_relocation_receipt_queue6-full/src/runtime/src/UnwindStack/StackInfo.cpp:13:
In file included from /root/cj_build/impl_relocation_receipt_queue6-full/src/runtime/src/UnwindStack/../Heap/Collector/TracingCollector.h:17:
In file included from /root/cj_build/impl_relocation_receipt_queue6-full/src/runtime/src/Heap/Allocator/RegionSpace.h:19:
In file included from /root/cj_build/impl_relocation_receipt_queue6-full/src/runtime/src/Heap/Allocator/Allocator.h:11:
In file included from /root/cj_build/impl_relocation_receipt_queue6-full/src/runtime/src/Heap/Allocator/AllocBufferManager.h:15:
In file included from /root/cj_build/impl_relocation_receipt_queue6-full/src/runtime/src/Heap/Allocator/AllocBuffer.h:16:
In file included from /root/cj_build/impl_relocation_receipt_queue6-full/src/runtime/src/Heap/Allocator/RegionList.h:11:
In file included from /root/cj_build/impl_relocation_receipt_queue6-full/src/runtime/src/Heap/Allocator/RegionInfo.h:53:
/root/cj_build/impl_relocation_receipt_queue6-full/src/runtime/src/Heap/Verify/MutatorRelocate.h:102:8: warning: constexpr if is a C++17 extension [-Wc++17-extensions]
    if constexpr (kWaitRegionPublish) {
       ^
In file included from /root/cj_build/impl_relocation_receipt_queue6-full/src/runtime/src/UnwindStack/StackInfo.cpp:13:
In file included from /root/cj_build/impl_relocation_receipt_queue6-full/src/runtime/src/UnwindStack/../Heap/Collector/TracingCollector.h:17:
In file included from /root/cj_build/impl_relocation_receipt_queue6-full/src/runtime/src/Heap/Allocator/RegionSpace.h:22:
In file included from /root/cj_build/impl_relocation_receipt_queue6-full/src/runtime/src/Heap/Allocator/RegionManager.h:25:
In file included from /root/cj_build/impl_relocation_receipt_queue6-full/src/runtime/src/Heap/Allocator/FreeRegionManager.h:15:
In file included from /root/cj_build/impl_relocation_receipt_queue6-full/src/runtime/src/Common/ScopedObjectAccess.h:11:
In file included from /root/cj_build/impl_relocation_receipt_queue6-full/src/runtime/src/Mutator/Mutator.inline.h:11:
In file included from /root/cj_build/impl_relocation_receipt_queue6-full/src/runtime/src/Mutator/MutatorManager.h:17:
/root/cj_build/impl_relocation_receipt_queue6-full/src/runtime/src/Base/GcLog.h:217:45: warning: format string is not a string literal [-Wformat-nonliteral]
        int n = vsnprintf(buf, sizeof(buf), format, args);
                                            ^~~~~~
In file included from /root/cj_build/impl_relocation_receipt_queue6-full/src/runtime/src/UnwindStack/StackInfo.cpp:13:
/root/cj_build/impl_relocation_receipt_queue6-full/src/runtime/src/UnwindStack/../Heap/Collector/TracingCollector.h:352:20: warning: unused variable 'objSize' [-Wunused-variable]
            size_t objSize = obj->GetSize();
                   ^
9 warnings generated.
[ 53%] Linking CXX static library ../../../output/temp/ar/x86_64_Release/libMutator.a
In file included from /root/cj_build/impl_relocation_receipt_queue6-full/src/runtime/src/Heap/Collector/Relocate.cpp:8:
In file included from /root/cj_build/impl_relocation_receipt_queue6-full/src/runtime/src/Heap/WCollector/WCollector.h:22:
In file included from /root/cj_build/impl_relocation_receipt_queue6-full/src/runtime/src/Heap/Allocator/RegionSpace.h:19:
In file included from /root/cj_build/impl_relocation_receipt_queue6-full/src/runtime/src/Heap/Allocator/Allocator.h:11:
In file included from /root/cj_build/impl_relocation_receipt_queue6-full/src/runtime/src/Heap/Allocator/AllocBufferManager.h:15:
In file included from /root/cj_build/impl_relocation_receipt_queue6-full/src/runtime/src/Heap/Allocator/AllocBuffer.h:16:
In file included from /root/cj_build/impl_relocation_receipt_queue6-full/src/runtime/src/Heap/Allocator/RegionList.h:11:
In file included from /root/cj_build/impl_relocation_receipt_queue6-full/src/runtime/src/Heap/Allocator/RegionInfo.h:41:
/root/cj_build/impl_relocation_receipt_queue6-full/src/runtime/src/Heap/Verify/AllocPhaseDiag.h:57:1: warning: inline variables are a C++17 extension [-Wc++17-extensions]
inline Slot g_table[kCap] = {};
^
/root/cj_build/impl_relocation_receipt_queue6-full/src/runtime/src/Heap/Verify/AllocPhaseDiag.h:58:1: warning: inline variables are a C++17 extension [-Wc++17-extensions]
inline NearEntry g_near[kNearCap] = {};
^
In file included from /root/cj_build/impl_relocation_receipt_queue6-full/src/runtime/src/Heap/Collector/Relocate.cpp:8:
In file included from /root/cj_build/impl_relocation_receipt_queue6-full/src/runtime/src/Heap/WCollector/WCollector.h:22:
In file included from /root/cj_build/impl_relocation_receipt_queue6-full/src/runtime/src/Heap/Allocator/RegionSpace.h:19:
In file included from /root/cj_build/impl_relocation_receipt_queue6-full/src/runtime/src/Heap/Allocator/Allocator.h:11:
In file included from /root/cj_build/impl_relocation_receipt_queue6-full/src/runtime/src/Heap/Allocator/AllocBufferManager.h:15:
In file included from /root/cj_build/impl_relocation_receipt_queue6-full/src/runtime/src/Heap/Allocator/AllocBuffer.h:16:
In file included from /root/cj_build/impl_relocation_receipt_queue6-full/src/runtime/src/Heap/Allocator/RegionList.h:11:
In file included from /root/cj_build/impl_relocation_receipt_queue6-full/src/runtime/src/Heap/Allocator/RegionInfo.h:43:
/root/cj_build/impl_relocation_receipt_queue6-full/src/runtime/src/Heap/Verify/NullRouteCaller.h:34:1: warning: inline variables are a C++17 extension [-Wc++17-extensions]
inline thread_local const char* g_tag = nullptr;
^
/root/cj_build/impl_relocation_receipt_queue6-full/src/runtime/src/Heap/Verify/NullRouteCaller.h:35:1: warning: inline variables are a C++17 extension [-Wc++17-extensions]
inline thread_local const char* g_edgeSrc = nullptr;
^
/root/cj_build/impl_relocation_receipt_queue6-full/src/runtime/src/Heap/Verify/NullRouteCaller.h:36:1: warning: inline variables are a C++17 extension [-Wc++17-extensions]
inline thread_local uintptr_t g_slot = 0;
^
/root/cj_build/impl_relocation_receipt_queue6-full/src/runtime/src/Heap/Verify/NullRouteCaller.h:37:1: warning: inline variables are a C++17 extension [-Wc++17-extensions]
inline thread_local void* g_host = nullptr;
^
In file included from /root/cj_build/impl_relocation_receipt_queue6-full/src/runtime/src/Heap/Collector/Relocate.cpp:8:
In file included from /root/cj_build/impl_relocation_receipt_queue6-full/src/runtime/src/Heap/WCollector/WCollector.h:22:
In file included from /root/cj_build/impl_relocation_receipt_queue6-full/src/runtime/src/Heap/Allocator/RegionSpace.h:19:
In file included from /root/cj_build/impl_relocation_receipt_queue6-full/src/runtime/src/Heap/Allocator/Allocator.h:11:
In file included from /root/cj_build/impl_relocation_receipt_queue6-full/src/runtime/src/Heap/Allocator/AllocBufferManager.h:15:
In file included from /root/cj_build/impl_relocation_receipt_queue6-full/src/runtime/src/Heap/Allocator/AllocBuffer.h:16:
In file included from /root/cj_build/impl_relocation_receipt_queue6-full/src/runtime/src/Heap/Allocator/RegionList.h:11:
In file included from /root/cj_build/impl_relocation_receipt_queue6-full/src/runtime/src/Heap/Allocator/RegionInfo.h:53:
/root/cj_build/impl_relocation_receipt_queue6-full/src/runtime/src/Heap/Verify/MutatorRelocate.h:102:8: warning: constexpr if is a C++17 extension [-Wc++17-extensions]
    if constexpr (kWaitRegionPublish) {
       ^
In file included from /root/cj_build/impl_relocation_receipt_queue6-full/src/runtime/src/Heap/Collector/Relocate.cpp:8:
In file included from /root/cj_build/impl_relocation_receipt_queue6-full/src/runtime/src/Heap/WCollector/WCollector.h:22:
In file included from /root/cj_build/impl_relocation_receipt_queue6-full/src/runtime/src/Heap/Allocator/RegionSpace.h:22:
In file included from /root/cj_build/impl_relocation_receipt_queue6-full/src/runtime/src/Heap/Allocator/RegionManager.h:25:
In file included from /root/cj_build/impl_relocation_receipt_queue6-full/src/runtime/src/Heap/Allocator/FreeRegionManager.h:15:
In file included from /root/cj_build/impl_relocation_receipt_queue6-full/src/runtime/src/Common/ScopedObjectAccess.h:11:
In file included from /root/cj_build/impl_relocation_receipt_queue6-full/src/runtime/src/Mutator/Mutator.inline.h:11:
In file included from /root/cj_build/impl_relocation_receipt_queue6-full/src/runtime/src/Mutator/MutatorManager.h:17:
/root/cj_build/impl_relocation_receipt_queue6-full/src/runtime/src/Base/GcLog.h:217:45: warning: format string is not a string literal [-Wformat-nonliteral]
        int n = vsnprintf(buf, sizeof(buf), format, args);
                                            ^~~~~~
In file included from /root/cj_build/impl_relocation_receipt_queue6-full/src/runtime/src/Heap/Collector/Relocate.cpp:8:
In file included from /root/cj_build/impl_relocation_receipt_queue6-full/src/runtime/src/Heap/WCollector/WCollector.h:24:
In file included from /root/cj_build/impl_relocation_receipt_queue6-full/src/runtime/src/Heap/Collector/CopyCollector.h:13:
/root/cj_build/impl_relocation_receipt_queue6-full/src/runtime/src/Heap/Collector/TracingCollector.h:352:20: warning: unused variable 'objSize' [-Wunused-variable]
            size_t objSize = obj->GetSize();
                   ^
In file included from /root/cj_build/impl_relocation_receipt_queue6-full/src/runtime/src/Heap/Collector/Relocate.cpp:8:
/root/cj_build/impl_relocation_receipt_queue6-full/src/runtime/src/Heap/WCollector/WCollector.h:425:12: warning: constexpr if is a C++17 extension [-Wc++17-extensions]
        if constexpr (ForwardingTable::kEntriesSoleWhenArmed) {
           ^
/root/cj_build/impl_relocation_receipt_queue6-full/src/runtime/src/Heap/WCollector/WCollector.h:450:12: warning: constexpr if is a C++17 extension [-Wc++17-extensions]
        if constexpr (ForwardingTable::kEntriesSoleWhenArmed) {
           ^
/root/cj_build/impl_relocation_receipt_queue6-full/src/runtime/src/Heap/WCollector/WCollector.h:344:38: warning: unused variable 'nonHeapCount' [-Wunused-variable]
        static std::atomic<uint64_t> nonHeapCount{ 0 };
                                     ^
/root/cj_build/impl_relocation_receipt_queue6-full/src/runtime/src/Heap/WCollector/WCollector.h:347:38: warning: unused variable 'receiptCount' [-Wunused-variable]
        static std::atomic<uint64_t> receiptCount{ 0 };
                                     ^
/root/cj_build/impl_relocation_receipt_queue6-full/src/runtime/src/Heap/WCollector/WCollector.h:348:38: warning: unused variable 'waitCount' [-Wunused-variable]
        static std::atomic<uint64_t> waitCount{ 0 };
                                     ^
/root/cj_build/impl_relocation_receipt_queue6-full/src/runtime/src/Heap/WCollector/WCollector.h:345:38: warning: unused variable 'noGhostCount' [-Wunused-variable]
        static std::atomic<uint64_t> noGhostCount{ 0 };
                                     ^
/root/cj_build/impl_relocation_receipt_queue6-full/src/runtime/src/Heap/WCollector/WCollector.h:343:38: warning: unused variable 'callCount' [-Wunused-variable]
        static std::atomic<uint64_t> callCount{ 0 };
                                     ^
/root/cj_build/impl_relocation_receipt_queue6-full/src/runtime/src/Heap/WCollector/WCollector.h:349:38: warning: unused variable 'giveFromCount' [-Wunused-variable]
        static std::atomic<uint64_t> giveFromCount{ 0 };
                                     ^
/root/cj_build/impl_relocation_receipt_queue6-full/src/runtime/src/Heap/WCollector/WCollector.h:346:38: warning: unused variable 'routeNullCount' [-Wunused-variable]
        static std::atomic<uint64_t> routeNullCount{ 0 };
                                     ^
/root/cj_build/impl_relocation_receipt_queue6-full/src/runtime/src/Heap/WCollector/WCollector.h:357:20: warning: unused variable 'funnel' [-Wunused-variable]
        const bool funnel = RemapFunnelOn();
                   ^
/root/cj_build/impl_relocation_receipt_queue6-full/src/runtime/src/Heap/WCollector/WCollector.h:622:12: warning: constexpr if is a C++17 extension [-Wc++17-extensions]
        if constexpr (ForwardingTable::kEntriesSoleWhenArmed) {
           ^
/root/cj_build/impl_relocation_receipt_queue6-full/src/runtime/src/Heap/WCollector/WCollector.h:677:12: warning: constexpr if is a C++17 extension [-Wc++17-extensions]
        if constexpr (ForwardingTable::kConsumeEntries) {
           ^
/root/cj_build/impl_relocation_receipt_queue6-full/src/runtime/src/Heap/WCollector/WCollector.h:682:16: warning: constexpr if is a C++17 extension [-Wc++17-extensions]
            if constexpr (ForwardingTable::kEntriesSoleWhenArmed) {
               ^
/root/cj_build/impl_relocation_receipt_queue6-full/src/runtime/src/Heap/WCollector/WCollector.h:713:12: warning: constexpr if is a C++17 extension [-Wc++17-extensions]
        if constexpr (ForwardingTable::kConsumeEntries) {
           ^
/root/cj_build/impl_relocation_receipt_queue6-full/src/runtime/src/Heap/Collector/Relocate.cpp:1510:56: warning: lambda capture 'this' is not used [-Wunused-lambda-capture]
    threadPool->AddWork(new (std::nothrow) LambdaWork([this, rootFix, derivedFix](size_t) {
                                                       ^~~~~
/root/cj_build/impl_relocation_receipt_queue6-full/src/runtime/src/Heap/Collector/Relocate.cpp:1518:56: warning: lambda capture 'this' is not used [-Wunused-lambda-capture]
    threadPool->AddWork(new (std::nothrow) LambdaWork([this, rootFix](size_t) {
                                                       ^~~~~
/root/cj_build/impl_relocation_receipt_queue6-full/src/runtime/src/Heap/Collector/Relocate.cpp:1522:56: warning: lambda capture 'this' is not used [-Wunused-lambda-capture]
    threadPool->AddWork(new (std::nothrow) LambdaWork([this, rootFix](size_t) {
                                                       ^~~~~
/root/cj_build/impl_relocation_receipt_queue6-full/src/runtime/src/Heap/Collector/Relocate.cpp:1530:56: warning: lambda capture 'this' is not used [-Wunused-lambda-capture]
    threadPool->AddWork(new (std::nothrow) LambdaWork([this, rootFix](size_t) {
                                                       ^~~~~
/root/cj_build/impl_relocation_receipt_queue6-full/src/runtime/src/Heap/Collector/Relocate.cpp:1668:33: warning: lambda capture 'this' is not used [-Wunused-lambda-capture]
    auto fixHeapParallelOnly = [this, &reachableVec, &remsetVec, &fixHeapSlice](GCThreadPool* pool) {
                                ^~~~~
/root/cj_build/impl_relocation_receipt_queue6-full/src/runtime/src/Heap/Collector/Relocate.cpp:2532:12: warning: constexpr if is a C++17 extension [-Wc++17-extensions]
        if constexpr (ForwardingTable::kEntriesSoleWhenArmed) {
           ^
/root/cj_build/impl_relocation_receipt_queue6-full/src/runtime/src/Heap/Collector/Relocate.cpp:2677:8: warning: constexpr if is a C++17 extension [-Wc++17-extensions]
    if constexpr (MutatorRelocate::kUnpublishedMeansKeepFrom) {
       ^
/root/cj_build/impl_relocation_receipt_queue6-full/src/runtime/src/Heap/Collector/Relocate.cpp:2774:8: warning: constexpr if is a C++17 extension [-Wc++17-extensions]
    if constexpr (!kResolveStoreValue) {
       ^
31 warnings generated.
[ 55%] Linking CXX static library ../../../../output/temp/ar/x86_64_Release/libCollector.a
In file included from /root/cj_build/impl_relocation_receipt_queue6-full/src/runtime/src/Heap/Collector/Remembered.cpp:8:
In file included from /root/cj_build/impl_relocation_receipt_queue6-full/src/runtime/src/Heap/WCollector/WCollector.h:22:
In file included from /root/cj_build/impl_relocation_receipt_queue6-full/src/runtime/src/Heap/Allocator/RegionSpace.h:19:
In file included from /root/cj_build/impl_relocation_receipt_queue6-full/src/runtime/src/Heap/Allocator/Allocator.h:11:
In file included from /root/cj_build/impl_relocation_receipt_queue6-full/src/runtime/src/Heap/Allocator/AllocBufferManager.h:15:
In file included from /root/cj_build/impl_relocation_receipt_queue6-full/src/runtime/src/Heap/Allocator/AllocBuffer.h:16:
In file included from /root/cj_build/impl_relocation_receipt_queue6-full/src/runtime/src/Heap/Allocator/RegionList.h:11:
In file included from /root/cj_build/impl_relocation_receipt_queue6-full/src/runtime/src/Heap/Allocator/RegionInfo.h:41:
/root/cj_build/impl_relocation_receipt_queue6-full/src/runtime/src/Heap/Verify/AllocPhaseDiag.h:57:1: warning: inline variables are a C++17 extension [-Wc++17-extensions]
inline Slot g_table[kCap] = {};
^
/root/cj_build/impl_relocation_receipt_queue6-full/src/runtime/src/Heap/Verify/AllocPhaseDiag.h:58:1: warning: inline variables are a C++17 extension [-Wc++17-extensions]
inline NearEntry g_near[kNearCap] = {};
^
In file included from /root/cj_build/impl_relocation_receipt_queue6-full/src/runtime/src/Heap/Collector/Remembered.cpp:8:
In file included from /root/cj_build/impl_relocation_receipt_queue6-full/src/runtime/src/Heap/WCollector/WCollector.h:22:
In file included from /root/cj_build/impl_relocation_receipt_queue6-full/src/runtime/src/Heap/Allocator/RegionSpace.h:19:
In file included from /root/cj_build/impl_relocation_receipt_queue6-full/src/runtime/src/Heap/Allocator/Allocator.h:11:
In file included from /root/cj_build/impl_relocation_receipt_queue6-full/src/runtime/src/Heap/Allocator/AllocBufferManager.h:15:
In file included from /root/cj_build/impl_relocation_receipt_queue6-full/src/runtime/src/Heap/Allocator/AllocBuffer.h:16:
In file included from /root/cj_build/impl_relocation_receipt_queue6-full/src/runtime/src/Heap/Allocator/RegionList.h:11:
In file included from /root/cj_build/impl_relocation_receipt_queue6-full/src/runtime/src/Heap/Allocator/RegionInfo.h:43:
/root/cj_build/impl_relocation_receipt_queue6-full/src/runtime/src/Heap/Verify/NullRouteCaller.h:34:1: warning: inline variables are a C++17 extension [-Wc++17-extensions]
inline thread_local const char* g_tag = nullptr;
^
/root/cj_build/impl_relocation_receipt_queue6-full/src/runtime/src/Heap/Verify/NullRouteCaller.h:35:1: warning: inline variables are a C++17 extension [-Wc++17-extensions]
inline thread_local const char* g_edgeSrc = nullptr;
^
/root/cj_build/impl_relocation_receipt_queue6-full/src/runtime/src/Heap/Verify/NullRouteCaller.h:36:1: warning: inline variables are a C++17 extension [-Wc++17-extensions]
inline thread_local uintptr_t g_slot = 0;
^
/root/cj_build/impl_relocation_receipt_queue6-full/src/runtime/src/Heap/Verify/NullRouteCaller.h:37:1: warning: inline variables are a C++17 extension [-Wc++17-extensions]
inline thread_local void* g_host = nullptr;
^
In file included from /root/cj_build/impl_relocation_receipt_queue6-full/src/runtime/src/Heap/Collector/Remembered.cpp:8:
In file included from /root/cj_build/impl_relocation_receipt_queue6-full/src/runtime/src/Heap/WCollector/WCollector.h:22:
In file included from /root/cj_build/impl_relocation_receipt_queue6-full/src/runtime/src/Heap/Allocator/RegionSpace.h:19:
In file included from /root/cj_build/impl_relocation_receipt_queue6-full/src/runtime/src/Heap/Allocator/Allocator.h:11:
In file included from /root/cj_build/impl_relocation_receipt_queue6-full/src/runtime/src/Heap/Allocator/AllocBufferManager.h:15:
In file included from /root/cj_build/impl_relocation_receipt_queue6-full/src/runtime/src/Heap/Allocator/AllocBuffer.h:16:
In file included from /root/cj_build/impl_relocation_receipt_queue6-full/src/runtime/src/Heap/Allocator/RegionList.h:11:
In file included from /root/cj_build/impl_relocation_receipt_queue6-full/src/runtime/src/Heap/Allocator/RegionInfo.h:53:
/root/cj_build/impl_relocation_receipt_queue6-full/src/runtime/src/Heap/Verify/MutatorRelocate.h:102:8: warning: constexpr if is a C++17 extension [-Wc++17-extensions]
    if constexpr (kWaitRegionPublish) {
       ^
In file included from /root/cj_build/impl_relocation_receipt_queue6-full/src/runtime/src/Heap/Collector/Remembered.cpp:8:
In file included from /root/cj_build/impl_relocation_receipt_queue6-full/src/runtime/src/Heap/WCollector/WCollector.h:22:
In file included from /root/cj_build/impl_relocation_receipt_queue6-full/src/runtime/src/Heap/Allocator/RegionSpace.h:22:
In file included from /root/cj_build/impl_relocation_receipt_queue6-full/src/runtime/src/Heap/Allocator/RegionManager.h:25:
In file included from /root/cj_build/impl_relocation_receipt_queue6-full/src/runtime/src/Heap/Allocator/FreeRegionManager.h:15:
In file included from /root/cj_build/impl_relocation_receipt_queue6-full/src/runtime/src/Common/ScopedObjectAccess.h:11:
In file included from /root/cj_build/impl_relocation_receipt_queue6-full/src/runtime/src/Mutator/Mutator.inline.h:11:
In file included from /root/cj_build/impl_relocation_receipt_queue6-full/src/runtime/src/Mutator/MutatorManager.h:17:
/root/cj_build/impl_relocation_receipt_queue6-full/src/runtime/src/Base/GcLog.h:217:45: warning: format string is not a string literal [-Wformat-nonliteral]
        int n = vsnprintf(buf, sizeof(buf), format, args);
                                            ^~~~~~
In file included from /root/cj_build/impl_relocation_receipt_queue6-full/src/runtime/src/Heap/Collector/Remembered.cpp:8:
In file included from /root/cj_build/impl_relocation_receipt_queue6-full/src/runtime/src/Heap/WCollector/WCollector.h:24:
In file included from /root/cj_build/impl_relocation_receipt_queue6-full/src/runtime/src/Heap/Collector/CopyCollector.h:13:
/root/cj_build/impl_relocation_receipt_queue6-full/src/runtime/src/Heap/Collector/TracingCollector.h:352:20: warning: unused variable 'objSize' [-Wunused-variable]
            size_t objSize = obj->GetSize();
                   ^
In file included from /root/cj_build/impl_relocation_receipt_queue6-full/src/runtime/src/Heap/Collector/Remembered.cpp:8:
/root/cj_build/impl_relocation_receipt_queue6-full/src/runtime/src/Heap/WCollector/WCollector.h:425:12: warning: constexpr if is a C++17 extension [-Wc++17-extensions]
        if constexpr (ForwardingTable::kEntriesSoleWhenArmed) {
           ^
/root/cj_build/impl_relocation_receipt_queue6-full/src/runtime/src/Heap/WCollector/WCollector.h:450:12: warning: constexpr if is a C++17 extension [-Wc++17-extensions]
        if constexpr (ForwardingTable::kEntriesSoleWhenArmed) {
           ^
/root/cj_build/impl_relocation_receipt_queue6-full/src/runtime/src/Heap/WCollector/WCollector.h:348:38: warning: unused variable 'waitCount' [-Wunused-variable]
        static std::atomic<uint64_t> waitCount{ 0 };
                                     ^
/root/cj_build/impl_relocation_receipt_queue6-full/src/runtime/src/Heap/WCollector/WCollector.h:345:38: warning: unused variable 'noGhostCount' [-Wunused-variable]
        static std::atomic<uint64_t> noGhostCount{ 0 };
                                     ^
/root/cj_build/impl_relocation_receipt_queue6-full/src/runtime/src/Heap/WCollector/WCollector.h:344:38: warning: unused variable 'nonHeapCount' [-Wunused-variable]
        static std::atomic<uint64_t> nonHeapCount{ 0 };
                                     ^
/root/cj_build/impl_relocation_receipt_queue6-full/src/runtime/src/Heap/WCollector/WCollector.h:347:38: warning: unused variable 'receiptCount' [-Wunused-variable]
        static std::atomic<uint64_t> receiptCount{ 0 };
                                     ^
/root/cj_build/impl_relocation_receipt_queue6-full/src/runtime/src/Heap/WCollector/WCollector.h:343:38: warning: unused variable 'callCount' [-Wunused-variable]
        static std::atomic<uint64_t> callCount{ 0 };
                                     ^
/root/cj_build/impl_relocation_receipt_queue6-full/src/runtime/src/Heap/WCollector/WCollector.h:349:38: warning: unused variable 'giveFromCount' [-Wunused-variable]
        static std::atomic<uint64_t> giveFromCount{ 0 };
                                     ^
/root/cj_build/impl_relocation_receipt_queue6-full/src/runtime/src/Heap/WCollector/WCollector.h:357:20: warning: unused variable 'funnel' [-Wunused-variable]
        const bool funnel = RemapFunnelOn();
                   ^
/root/cj_build/impl_relocation_receipt_queue6-full/src/runtime/src/Heap/WCollector/WCollector.h:346:38: warning: unused variable 'routeNullCount' [-Wunused-variable]
        static std::atomic<uint64_t> routeNullCount{ 0 };
                                     ^
/root/cj_build/impl_relocation_receipt_queue6-full/src/runtime/src/Heap/WCollector/WCollector.h:622:12: warning: constexpr if is a C++17 extension [-Wc++17-extensions]
        if constexpr (ForwardingTable::kEntriesSoleWhenArmed) {
           ^
/root/cj_build/impl_relocation_receipt_queue6-full/src/runtime/src/Heap/WCollector/WCollector.h:677:12: warning: constexpr if is a C++17 extension [-Wc++17-extensions]
        if constexpr (ForwardingTable::kConsumeEntries) {
           ^
/root/cj_build/impl_relocation_receipt_queue6-full/src/runtime/src/Heap/WCollector/WCollector.h:682:16: warning: constexpr if is a C++17 extension [-Wc++17-extensions]
            if constexpr (ForwardingTable::kEntriesSoleWhenArmed) {
               ^
/root/cj_build/impl_relocation_receipt_queue6-full/src/runtime/src/Heap/WCollector/WCollector.h:713:12: warning: constexpr if is a C++17 extension [-Wc++17-extensions]
        if constexpr (ForwardingTable::kConsumeEntries) {
           ^
/root/cj_build/impl_relocation_receipt_queue6-full/src/runtime/src/Heap/Collector/Remembered.cpp:751:60: warning: lambda capture 'account' is not used [-Wunused-lambda-capture]
    auto walkRange = [&processObject, requireSurvivedMark, account](uintptr_t rangeStart, uintptr_t rangeEnd,
                                                         ~~^~~~~~~
/root/cj_build/impl_relocation_receipt_queue6-full/src/runtime/src/Heap/Collector/Remembered.cpp:876:60: warning: lambda capture 'this' is not used [-Wunused-lambda-capture]
        threadPool->AddWork(new (std::nothrow) LambdaWork([this, &rootAcc, &makeRootVisitor](size_t) {
                                                           ^~~~~
/root/cj_build/impl_relocation_receipt_queue6-full/src/runtime/src/Heap/Collector/Remembered.cpp:881:60: warning: lambda capture 'this' is not used [-Wunused-lambda-capture]
        threadPool->AddWork(new (std::nothrow) LambdaWork([this, &rootAcc, &makeRootVisitor](size_t) {
                                                           ^~~~~
/root/cj_build/impl_relocation_receipt_queue6-full/src/runtime/src/Heap/Collector/Remembered.cpp:885:60: warning: lambda capture 'this' is not used [-Wunused-lambda-capture]
        threadPool->AddWork(new (std::nothrow) LambdaWork([this, &rootAcc, &makeRootVisitor](size_t) {
                                                           ^~~~~
/root/cj_build/impl_relocation_receipt_queue6-full/src/runtime/src/Heap/Collector/Remembered.cpp:897:60: warning: lambda capture 'this' is not used [-Wunused-lambda-capture]
        threadPool->AddWork(new (std::nothrow) LambdaWork([this, &rootAcc, &makeRootVisitor](size_t) {
                                                           ^~~~~
28 warnings generated.
In file included from /root/cj_build/impl_relocation_receipt_queue6-full/src/runtime/src/Heap/Verify/Stw2CurrentAudit.cpp:11:
In file included from /root/cj_build/impl_relocation_receipt_queue6-full/src/runtime/src/Heap/Allocator/AllocBuffer.h:16:
In file included from /root/cj_build/impl_relocation_receipt_queue6-full/src/runtime/src/Heap/Allocator/RegionList.h:11:
In file included from /root/cj_build/impl_relocation_receipt_queue6-full/src/runtime/src/Heap/Allocator/RegionInfo.h:41:
/root/cj_build/impl_relocation_receipt_queue6-full/src/runtime/src/Heap/Verify/AllocPhaseDiag.h:57:1: warning: inline variables are a C++17 extension [-Wc++17-extensions]
inline Slot g_table[kCap] = {};
^
/root/cj_build/impl_relocation_receipt_queue6-full/src/runtime/src/Heap/Verify/AllocPhaseDiag.h:58:1: warning: inline variables are a C++17 extension [-Wc++17-extensions]
inline NearEntry g_near[kNearCap] = {};
^
In file included from /root/cj_build/impl_relocation_receipt_queue6-full/src/runtime/src/Heap/Verify/Stw2CurrentAudit.cpp:11:
In file included from /root/cj_build/impl_relocation_receipt_queue6-full/src/runtime/src/Heap/Allocator/AllocBuffer.h:16:
In file included from /root/cj_build/impl_relocation_receipt_queue6-full/src/runtime/src/Heap/Allocator/RegionList.h:11:
In file included from /root/cj_build/impl_relocation_receipt_queue6-full/src/runtime/src/Heap/Allocator/RegionInfo.h:43:
/root/cj_build/impl_relocation_receipt_queue6-full/src/runtime/src/Heap/Verify/NullRouteCaller.h:34:1: warning: inline variables are a C++17 extension [-Wc++17-extensions]
inline thread_local const char* g_tag = nullptr;
^
/root/cj_build/impl_relocation_receipt_queue6-full/src/runtime/src/Heap/Verify/NullRouteCaller.h:35:1: warning: inline variables are a C++17 extension [-Wc++17-extensions]
inline thread_local const char* g_edgeSrc = nullptr;
^
/root/cj_build/impl_relocation_receipt_queue6-full/src/runtime/src/Heap/Verify/NullRouteCaller.h:36:1: warning: inline variables are a C++17 extension [-Wc++17-extensions]
inline thread_local uintptr_t g_slot = 0;
^
/root/cj_build/impl_relocation_receipt_queue6-full/src/runtime/src/Heap/Verify/NullRouteCaller.h:37:1: warning: inline variables are a C++17 extension [-Wc++17-extensions]
inline thread_local void* g_host = nullptr;
^
In file included from /root/cj_build/impl_relocation_receipt_queue6-full/src/runtime/src/Heap/Verify/Stw2CurrentAudit.cpp:11:
In file included from /root/cj_build/impl_relocation_receipt_queue6-full/src/runtime/src/Heap/Allocator/AllocBuffer.h:16:
In file included from /root/cj_build/impl_relocation_receipt_queue6-full/src/runtime/src/Heap/Allocator/RegionList.h:11:
In file included from /root/cj_build/impl_relocation_receipt_queue6-full/src/runtime/src/Heap/Allocator/RegionInfo.h:53:
/root/cj_build/impl_relocation_receipt_queue6-full/src/runtime/src/Heap/Verify/MutatorRelocate.h:102:8: warning: constexpr if is a C++17 extension [-Wc++17-extensions]
    if constexpr (kWaitRegionPublish) {
       ^
In file included from /root/cj_build/impl_relocation_receipt_queue6-full/src/runtime/src/Heap/Verify/Stw2CurrentAudit.cpp:14:
In file included from /root/cj_build/impl_relocation_receipt_queue6-full/src/runtime/src/Heap/Allocator/RegionSpace.h:22:
In file included from /root/cj_build/impl_relocation_receipt_queue6-full/src/runtime/src/Heap/Allocator/RegionManager.h:25:
In file included from /root/cj_build/impl_relocation_receipt_queue6-full/src/runtime/src/Heap/Allocator/FreeRegionManager.h:15:
In file included from /root/cj_build/impl_relocation_receipt_queue6-full/src/runtime/src/Common/ScopedObjectAccess.h:11:
In file included from /root/cj_build/impl_relocation_receipt_queue6-full/src/runtime/src/Mutator/Mutator.inline.h:11:
In file included from /root/cj_build/impl_relocation_receipt_queue6-full/src/runtime/src/Mutator/MutatorManager.h:17:
/root/cj_build/impl_relocation_receipt_queue6-full/src/runtime/src/Base/GcLog.h:217:45: warning: format string is not a string literal [-Wformat-nonliteral]
        int n = vsnprintf(buf, sizeof(buf), format, args);
                                            ^~~~~~
8 warnings generated.
[ 55%] Building CXX object src/UnwindStack/CMakeFiles/UnwindStack.dir/GcStackInfo.cpp.o
[ 55%] Building CXX object src/UnwindStack/CMakeFiles/UnwindStack.dir/StackFrameCursor.cpp.o
[ 55%] Linking CXX static library ../../../../output/temp/ar/x86_64_Release/libVerify.a
[ 56%] Building CXX object src/Heap/WCollector/CMakeFiles/WCollector.dir/__/Collector/RelocationSet.cpp.o
In file included from /root/cj_build/impl_relocation_receipt_queue6-full/src/runtime/src/UnwindStack/GcStackInfo.cpp:11:
In file included from /root/cj_build/impl_relocation_receipt_queue6-full/src/runtime/src/UnwindStack/../Heap/Collector/TracingCollector.h:17:
In file included from /root/cj_build/impl_relocation_receipt_queue6-full/src/runtime/src/Heap/Allocator/RegionSpace.h:19:
In file included from /root/cj_build/impl_relocation_receipt_queue6-full/src/runtime/src/Heap/Allocator/Allocator.h:11:
In file included from /root/cj_build/impl_relocation_receipt_queue6-full/src/runtime/src/Heap/Allocator/AllocBufferManager.h:15:
In file included from /root/cj_build/impl_relocation_receipt_queue6-full/src/runtime/src/Heap/Allocator/AllocBuffer.h:16:
In file included from /root/cj_build/impl_relocation_receipt_queue6-full/src/runtime/src/Heap/Allocator/RegionList.h:11:
In file included from /root/cj_build/impl_relocation_receipt_queue6-full/src/runtime/src/Heap/Allocator/RegionInfo.h:41:
/root/cj_build/impl_relocation_receipt_queue6-full/src/runtime/src/Heap/Verify/AllocPhaseDiag.h:57:1: warning: inline variables are a C++17 extension [-Wc++17-extensions]
inline Slot g_table[kCap] = {};
^
/root/cj_build/impl_relocation_receipt_queue6-full/src/runtime/src/Heap/Verify/AllocPhaseDiag.h:58:1: warning: inline variables are a C++17 extension [-Wc++17-extensions]
inline NearEntry g_near[kNearCap] = {};
^
In file included from /root/cj_build/impl_relocation_receipt_queue6-full/src/runtime/src/UnwindStack/GcStackInfo.cpp:11:
In file included from /root/cj_build/impl_relocation_receipt_queue6-full/src/runtime/src/UnwindStack/../Heap/Collector/TracingCollector.h:17:
In file included from /root/cj_build/impl_relocation_receipt_queue6-full/src/runtime/src/Heap/Allocator/RegionSpace.h:19:
In file included from /root/cj_build/impl_relocation_receipt_queue6-full/src/runtime/src/Heap/Allocator/Allocator.h:11:
In file included from /root/cj_build/impl_relocation_receipt_queue6-full/src/runtime/src/Heap/Allocator/AllocBufferManager.h:15:
In file included from /root/cj_build/impl_relocation_receipt_queue6-full/src/runtime/src/Heap/Allocator/AllocBuffer.h:16:
In file included from /root/cj_build/impl_relocation_receipt_queue6-full/src/runtime/src/Heap/Allocator/RegionList.h:11:
In file included from /root/cj_build/impl_relocation_receipt_queue6-full/src/runtime/src/Heap/Allocator/RegionInfo.h:43:
/root/cj_build/impl_relocation_receipt_queue6-full/src/runtime/src/Heap/Verify/NullRouteCaller.h:34:1: warning: inline variables are a C++17 extension [-Wc++17-extensions]
inline thread_local const char* g_tag = nullptr;
^
/root/cj_build/impl_relocation_receipt_queue6-full/src/runtime/src/Heap/Verify/NullRouteCaller.h:35:1: warning: inline variables are a C++17 extension [-Wc++17-extensions]
inline thread_local const char* g_edgeSrc = nullptr;
^
/root/cj_build/impl_relocation_receipt_queue6-full/src/runtime/src/Heap/Verify/NullRouteCaller.h:36:1: warning: inline variables are a C++17 extension [-Wc++17-extensions]
inline thread_local uintptr_t g_slot = 0;
^
/root/cj_build/impl_relocation_receipt_queue6-full/src/runtime/src/Heap/Verify/NullRouteCaller.h:37:1: warning: inline variables are a C++17 extension [-Wc++17-extensions]
inline thread_local void* g_host = nullptr;
^
In file included from /root/cj_build/impl_relocation_receipt_queue6-full/src/runtime/src/UnwindStack/GcStackInfo.cpp:11:
In file included from /root/cj_build/impl_relocation_receipt_queue6-full/src/runtime/src/UnwindStack/../Heap/Collector/TracingCollector.h:17:
In file included from /root/cj_build/impl_relocation_receipt_queue6-full/src/runtime/src/Heap/Allocator/RegionSpace.h:19:
In file included from /root/cj_build/impl_relocation_receipt_queue6-full/src/runtime/src/Heap/Allocator/Allocator.h:11:
In file included from /root/cj_build/impl_relocation_receipt_queue6-full/src/runtime/src/Heap/Allocator/AllocBufferManager.h:15:
In file included from /root/cj_build/impl_relocation_receipt_queue6-full/src/runtime/src/Heap/Allocator/AllocBuffer.h:16:
In file included from /root/cj_build/impl_relocation_receipt_queue6-full/src/runtime/src/Heap/Allocator/RegionList.h:11:
In file included from /root/cj_build/impl_relocation_receipt_queue6-full/src/runtime/src/Heap/Allocator/RegionInfo.h:53:
/root/cj_build/impl_relocation_receipt_queue6-full/src/runtime/src/Heap/Verify/MutatorRelocate.h:102:8: warning: constexpr if is a C++17 extension [-Wc++17-extensions]
    if constexpr (kWaitRegionPublish) {
       ^
In file included from /root/cj_build/impl_relocation_receipt_queue6-full/src/runtime/src/UnwindStack/GcStackInfo.cpp:11:
In file included from /root/cj_build/impl_relocation_receipt_queue6-full/src/runtime/src/UnwindStack/../Heap/Collector/TracingCollector.h:17:
In file included from /root/cj_build/impl_relocation_receipt_queue6-full/src/runtime/src/Heap/Allocator/RegionSpace.h:22:
In file included from /root/cj_build/impl_relocation_receipt_queue6-full/src/runtime/src/Heap/Allocator/RegionManager.h:25:
In file included from /root/cj_build/impl_relocation_receipt_queue6-full/src/runtime/src/Heap/Allocator/FreeRegionManager.h:15:
In file included from /root/cj_build/impl_relocation_receipt_queue6-full/src/runtime/src/Common/ScopedObjectAccess.h:11:
In file included from /root/cj_build/impl_relocation_receipt_queue6-full/src/runtime/src/Mutator/Mutator.inline.h:11:
In file included from /root/cj_build/impl_relocation_receipt_queue6-full/src/runtime/src/Mutator/MutatorManager.h:17:
/root/cj_build/impl_relocation_receipt_queue6-full/src/runtime/src/Base/GcLog.h:217:45: warning: format string is not a string literal [-Wformat-nonliteral]
        int n = vsnprintf(buf, sizeof(buf), format, args);
                                            ^~~~~~
In file included from /root/cj_build/impl_relocation_receipt_queue6-full/src/runtime/src/UnwindStack/GcStackInfo.cpp:11:
/root/cj_build/impl_relocation_receipt_queue6-full/src/runtime/src/UnwindStack/../Heap/Collector/TracingCollector.h:352:20: warning: unused variable 'objSize' [-Wunused-variable]
            size_t objSize = obj->GetSize();
                   ^
9 warnings generated.
In file included from /root/cj_build/impl_relocation_receipt_queue6-full/src/runtime/src/UnwindStack/StackFrameCursor.cpp:9:
In file included from /root/cj_build/impl_relocation_receipt_queue6-full/src/runtime/src/UnwindStack/../Heap/Collector/TracingCollector.h:17:
In file included from /root/cj_build/impl_relocation_receipt_queue6-full/src/runtime/src/Heap/Allocator/RegionSpace.h:19:
In file included from /root/cj_build/impl_relocation_receipt_queue6-full/src/runtime/src/Heap/Allocator/Allocator.h:11:
In file included from /root/cj_build/impl_relocation_receipt_queue6-full/src/runtime/src/Heap/Allocator/AllocBufferManager.h:15:
In file included from /root/cj_build/impl_relocation_receipt_queue6-full/src/runtime/src/Heap/Allocator/AllocBuffer.h:16:
In file included from /root/cj_build/impl_relocation_receipt_queue6-full/src/runtime/src/Heap/Allocator/RegionList.h:11:
In file included from /root/cj_build/impl_relocation_receipt_queue6-full/src/runtime/src/Heap/Allocator/RegionInfo.h:41:
/root/cj_build/impl_relocation_receipt_queue6-full/src/runtime/src/Heap/Verify/AllocPhaseDiag.h:57:1: warning: inline variables are a C++17 extension [-Wc++17-extensions]
inline Slot g_table[kCap] = {};
^
/root/cj_build/impl_relocation_receipt_queue6-full/src/runtime/src/Heap/Verify/AllocPhaseDiag.h:58:1: warning: inline variables are a C++17 extension [-Wc++17-extensions]
inline NearEntry g_near[kNearCap] = {};
^
In file included from /root/cj_build/impl_relocation_receipt_queue6-full/src/runtime/src/UnwindStack/StackFrameCursor.cpp:9:
In file included from /root/cj_build/impl_relocation_receipt_queue6-full/src/runtime/src/UnwindStack/../Heap/Collector/TracingCollector.h:17:
In file included from /root/cj_build/impl_relocation_receipt_queue6-full/src/runtime/src/Heap/Allocator/RegionSpace.h:19:
In file included from /root/cj_build/impl_relocation_receipt_queue6-full/src/runtime/src/Heap/Allocator/Allocator.h:11:
In file included from /root/cj_build/impl_relocation_receipt_queue6-full/src/runtime/src/Heap/Allocator/AllocBufferManager.h:15:
In file included from /root/cj_build/impl_relocation_receipt_queue6-full/src/runtime/src/Heap/Allocator/AllocBuffer.h:16:
In file included from /root/cj_build/impl_relocation_receipt_queue6-full/src/runtime/src/Heap/Allocator/RegionList.h:11:
In file included from /root/cj_build/impl_relocation_receipt_queue6-full/src/runtime/src/Heap/Allocator/RegionInfo.h:43:
/root/cj_build/impl_relocation_receipt_queue6-full/src/runtime/src/Heap/Verify/NullRouteCaller.h:34:1: warning: inline variables are a C++17 extension [-Wc++17-extensions]
inline thread_local const char* g_tag = nullptr;
^
/root/cj_build/impl_relocation_receipt_queue6-full/src/runtime/src/Heap/Verify/NullRouteCaller.h:35:1: warning: inline variables are a C++17 extension [-Wc++17-extensions]
inline thread_local const char* g_edgeSrc = nullptr;
^
/root/cj_build/impl_relocation_receipt_queue6-full/src/runtime/src/Heap/Verify/NullRouteCaller.h:36:1: warning: inline variables are a C++17 extension [-Wc++17-extensions]
inline thread_local uintptr_t g_slot = 0;
^
/root/cj_build/impl_relocation_receipt_queue6-full/src/runtime/src/Heap/Verify/NullRouteCaller.h:37:1: warning: inline variables are a C++17 extension [-Wc++17-extensions]
inline thread_local void* g_host = nullptr;
^
In file included from /root/cj_build/impl_relocation_receipt_queue6-full/src/runtime/src/UnwindStack/StackFrameCursor.cpp:9:
In file included from /root/cj_build/impl_relocation_receipt_queue6-full/src/runtime/src/UnwindStack/../Heap/Collector/TracingCollector.h:17:
In file included from /root/cj_build/impl_relocation_receipt_queue6-full/src/runtime/src/Heap/Allocator/RegionSpace.h:19:
In file included from /root/cj_build/impl_relocation_receipt_queue6-full/src/runtime/src/Heap/Allocator/Allocator.h:11:
In file included from /root/cj_build/impl_relocation_receipt_queue6-full/src/runtime/src/Heap/Allocator/AllocBufferManager.h:15:
In file included from /root/cj_build/impl_relocation_receipt_queue6-full/src/runtime/src/Heap/Allocator/AllocBuffer.h:16:
In file included from /root/cj_build/impl_relocation_receipt_queue6-full/src/runtime/src/Heap/Allocator/RegionList.h:11:
In file included from /root/cj_build/impl_relocation_receipt_queue6-full/src/runtime/src/Heap/Allocator/RegionInfo.h:53:
/root/cj_build/impl_relocation_receipt_queue6-full/src/runtime/src/Heap/Verify/MutatorRelocate.h:102:8: warning: constexpr if is a C++17 extension [-Wc++17-extensions]
    if constexpr (kWaitRegionPublish) {
       ^
In file included from /root/cj_build/impl_relocation_receipt_queue6-full/src/runtime/src/UnwindStack/StackFrameCursor.cpp:9:
In file included from /root/cj_build/impl_relocation_receipt_queue6-full/src/runtime/src/UnwindStack/../Heap/Collector/TracingCollector.h:17:
In file included from /root/cj_build/impl_relocation_receipt_queue6-full/src/runtime/src/Heap/Allocator/RegionSpace.h:22:
In file included from /root/cj_build/impl_relocation_receipt_queue6-full/src/runtime/src/Heap/Allocator/RegionManager.h:25:
In file included from /root/cj_build/impl_relocation_receipt_queue6-full/src/runtime/src/Heap/Allocator/FreeRegionManager.h:15:
In file included from /root/cj_build/impl_relocation_receipt_queue6-full/src/runtime/src/Common/ScopedObjectAccess.h:11:
In file included from /root/cj_build/impl_relocation_receipt_queue6-full/src/runtime/src/Mutator/Mutator.inline.h:11:
In file included from /root/cj_build/impl_relocation_receipt_queue6-full/src/runtime/src/Mutator/MutatorManager.h:17:
/root/cj_build/impl_relocation_receipt_queue6-full/src/runtime/src/Base/GcLog.h:217:45: warning: format string is not a string literal [-Wformat-nonliteral]
        int n = vsnprintf(buf, sizeof(buf), format, args);
                                            ^~~~~~
In file included from /root/cj_build/impl_relocation_receipt_queue6-full/src/runtime/src/UnwindStack/StackFrameCursor.cpp:9:
/root/cj_build/impl_relocation_receipt_queue6-full/src/runtime/src/UnwindStack/../Heap/Collector/TracingCollector.h:352:20: warning: unused variable 'objSize' [-Wunused-variable]
            size_t objSize = obj->GetSize();
                   ^
9 warnings generated.
[ 57%] Built target Allocator
[ 57%] Building CXX object src/UnwindStack/CMakeFiles/UnwindStack.dir/StackGrowStackInfo.cpp.o
In file included from /root/cj_build/impl_relocation_receipt_queue6-full/src/runtime/src/Heap/Collector/RelocationSet.cpp:8:
In file included from /root/cj_build/impl_relocation_receipt_queue6-full/src/runtime/src/Heap/WCollector/WCollector.h:22:
In file included from /root/cj_build/impl_relocation_receipt_queue6-full/src/runtime/src/Heap/Allocator/RegionSpace.h:19:
In file included from /root/cj_build/impl_relocation_receipt_queue6-full/src/runtime/src/Heap/Allocator/Allocator.h:11:
In file included from /root/cj_build/impl_relocation_receipt_queue6-full/src/runtime/src/Heap/Allocator/AllocBufferManager.h:15:
In file included from /root/cj_build/impl_relocation_receipt_queue6-full/src/runtime/src/Heap/Allocator/AllocBuffer.h:16:
In file included from /root/cj_build/impl_relocation_receipt_queue6-full/src/runtime/src/Heap/Allocator/RegionList.h:11:
In file included from /root/cj_build/impl_relocation_receipt_queue6-full/src/runtime/src/Heap/Allocator/RegionInfo.h:41:
/root/cj_build/impl_relocation_receipt_queue6-full/src/runtime/src/Heap/Verify/AllocPhaseDiag.h:57:1: warning: inline variables are a C++17 extension [-Wc++17-extensions]
inline Slot g_table[kCap] = {};
^
/root/cj_build/impl_relocation_receipt_queue6-full/src/runtime/src/Heap/Verify/AllocPhaseDiag.h:58:1: warning: inline variables are a C++17 extension [-Wc++17-extensions]
inline NearEntry g_near[kNearCap] = {};
^
In file included from /root/cj_build/impl_relocation_receipt_queue6-full/src/runtime/src/Heap/Collector/RelocationSet.cpp:8:
In file included from /root/cj_build/impl_relocation_receipt_queue6-full/src/runtime/src/Heap/WCollector/WCollector.h:22:
In file included from /root/cj_build/impl_relocation_receipt_queue6-full/src/runtime/src/Heap/Allocator/RegionSpace.h:19:
In file included from /root/cj_build/impl_relocation_receipt_queue6-full/src/runtime/src/Heap/Allocator/Allocator.h:11:
In file included from /root/cj_build/impl_relocation_receipt_queue6-full/src/runtime/src/Heap/Allocator/AllocBufferManager.h:15:
In file included from /root/cj_build/impl_relocation_receipt_queue6-full/src/runtime/src/Heap/Allocator/AllocBuffer.h:16:
In file included from /root/cj_build/impl_relocation_receipt_queue6-full/src/runtime/src/Heap/Allocator/RegionList.h:11:
In file included from /root/cj_build/impl_relocation_receipt_queue6-full/src/runtime/src/Heap/Allocator/RegionInfo.h:43:
/root/cj_build/impl_relocation_receipt_queue6-full/src/runtime/src/Heap/Verify/NullRouteCaller.h:34:1: warning: inline variables are a C++17 extension [-Wc++17-extensions]
inline thread_local const char* g_tag = nullptr;
^
/root/cj_build/impl_relocation_receipt_queue6-full/src/runtime/src/Heap/Verify/NullRouteCaller.h:35:1: warning: inline variables are a C++17 extension [-Wc++17-extensions]
inline thread_local const char* g_edgeSrc = nullptr;
^
/root/cj_build/impl_relocation_receipt_queue6-full/src/runtime/src/Heap/Verify/NullRouteCaller.h:36:1: warning: inline variables are a C++17 extension [-Wc++17-extensions]
inline thread_local uintptr_t g_slot = 0;
^
/root/cj_build/impl_relocation_receipt_queue6-full/src/runtime/src/Heap/Verify/NullRouteCaller.h:37:1: warning: inline variables are a C++17 extension [-Wc++17-extensions]
inline thread_local void* g_host = nullptr;
^
In file included from /root/cj_build/impl_relocation_receipt_queue6-full/src/runtime/src/Heap/Collector/RelocationSet.cpp:8:
In file included from /root/cj_build/impl_relocation_receipt_queue6-full/src/runtime/src/Heap/WCollector/WCollector.h:22:
In file included from /root/cj_build/impl_relocation_receipt_queue6-full/src/runtime/src/Heap/Allocator/RegionSpace.h:19:
In file included from /root/cj_build/impl_relocation_receipt_queue6-full/src/runtime/src/Heap/Allocator/Allocator.h:11:
In file included from /root/cj_build/impl_relocation_receipt_queue6-full/src/runtime/src/Heap/Allocator/AllocBufferManager.h:15:
In file included from /root/cj_build/impl_relocation_receipt_queue6-full/src/runtime/src/Heap/Allocator/AllocBuffer.h:16:
In file included from /root/cj_build/impl_relocation_receipt_queue6-full/src/runtime/src/Heap/Allocator/RegionList.h:11:
In file included from /root/cj_build/impl_relocation_receipt_queue6-full/src/runtime/src/Heap/Allocator/RegionInfo.h:53:
/root/cj_build/impl_relocation_receipt_queue6-full/src/runtime/src/Heap/Verify/MutatorRelocate.h:102:8: warning: constexpr if is a C++17 extension [-Wc++17-extensions]
    if constexpr (kWaitRegionPublish) {
       ^
In file included from /root/cj_build/impl_relocation_receipt_queue6-full/src/runtime/src/Heap/Collector/RelocationSet.cpp:8:
In file included from /root/cj_build/impl_relocation_receipt_queue6-full/src/runtime/src/Heap/WCollector/WCollector.h:22:
In file included from /root/cj_build/impl_relocation_receipt_queue6-full/src/runtime/src/Heap/Allocator/RegionSpace.h:22:
In file included from /root/cj_build/impl_relocation_receipt_queue6-full/src/runtime/src/Heap/Allocator/RegionManager.h:25:
In file included from /root/cj_build/impl_relocation_receipt_queue6-full/src/runtime/src/Heap/Allocator/FreeRegionManager.h:15:
In file included from /root/cj_build/impl_relocation_receipt_queue6-full/src/runtime/src/Common/ScopedObjectAccess.h:11:
In file included from /root/cj_build/impl_relocation_receipt_queue6-full/src/runtime/src/Mutator/Mutator.inline.h:11:
In file included from /root/cj_build/impl_relocation_receipt_queue6-full/src/runtime/src/Mutator/MutatorManager.h:17:
/root/cj_build/impl_relocation_receipt_queue6-full/src/runtime/src/Base/GcLog.h:217:45: warning: format string is not a string literal [-Wformat-nonliteral]
        int n = vsnprintf(buf, sizeof(buf), format, args);
                                            ^~~~~~
In file included from /root/cj_build/impl_relocation_receipt_queue6-full/src/runtime/src/Heap/Collector/RelocationSet.cpp:8:
In file included from /root/cj_build/impl_relocation_receipt_queue6-full/src/runtime/src/Heap/WCollector/WCollector.h:24:
In file included from /root/cj_build/impl_relocation_receipt_queue6-full/src/runtime/src/Heap/Collector/CopyCollector.h:13:
/root/cj_build/impl_relocation_receipt_queue6-full/src/runtime/src/Heap/Collector/TracingCollector.h:352:20: warning: unused variable 'objSize' [-Wunused-variable]
            size_t objSize = obj->GetSize();
                   ^
In file included from /root/cj_build/impl_relocation_receipt_queue6-full/src/runtime/src/Heap/Collector/RelocationSet.cpp:8:
/root/cj_build/impl_relocation_receipt_queue6-full/src/runtime/src/Heap/WCollector/WCollector.h:425:12: warning: constexpr if is a C++17 extension [-Wc++17-extensions]
        if constexpr (ForwardingTable::kEntriesSoleWhenArmed) {
           ^
/root/cj_build/impl_relocation_receipt_queue6-full/src/runtime/src/Heap/WCollector/WCollector.h:450:12: warning: constexpr if is a C++17 extension [-Wc++17-extensions]
        if constexpr (ForwardingTable::kEntriesSoleWhenArmed) {
           ^
/root/cj_build/impl_relocation_receipt_queue6-full/src/runtime/src/Heap/WCollector/WCollector.h:344:38: warning: unused variable 'nonHeapCount' [-Wunused-variable]
        static std::atomic<uint64_t> nonHeapCount{ 0 };
                                     ^
/root/cj_build/impl_relocation_receipt_queue6-full/src/runtime/src/Heap/WCollector/WCollector.h:347:38: warning: unused variable 'receiptCount' [-Wunused-variable]
        static std::atomic<uint64_t> receiptCount{ 0 };
                                     ^
/root/cj_build/impl_relocation_receipt_queue6-full/src/runtime/src/Heap/WCollector/WCollector.h:348:38: warning: unused variable 'waitCount' [-Wunused-variable]
        static std::atomic<uint64_t> waitCount{ 0 };
                                     ^
/root/cj_build/impl_relocation_receipt_queue6-full/src/runtime/src/Heap/WCollector/WCollector.h:345:38: warning: unused variable 'noGhostCount' [-Wunused-variable]
        static std::atomic<uint64_t> noGhostCount{ 0 };
                                     ^
/root/cj_build/impl_relocation_receipt_queue6-full/src/runtime/src/Heap/WCollector/WCollector.h:343:38: warning: unused variable 'callCount' [-Wunused-variable]
        static std::atomic<uint64_t> callCount{ 0 };
                                     ^
/root/cj_build/impl_relocation_receipt_queue6-full/src/runtime/src/Heap/WCollector/WCollector.h:349:38: warning: unused variable 'giveFromCount' [-Wunused-variable]
        static std::atomic<uint64_t> giveFromCount{ 0 };
                                     ^
/root/cj_build/impl_relocation_receipt_queue6-full/src/runtime/src/Heap/WCollector/WCollector.h:346:38: warning: unused variable 'routeNullCount' [-Wunused-variable]
        static std::atomic<uint64_t> routeNullCount{ 0 };
                                     ^
/root/cj_build/impl_relocation_receipt_queue6-full/src/runtime/src/Heap/WCollector/WCollector.h:357:20: warning: unused variable 'funnel' [-Wunused-variable]
        const bool funnel = RemapFunnelOn();
                   ^
/root/cj_build/impl_relocation_receipt_queue6-full/src/runtime/src/Heap/WCollector/WCollector.h:622:12: warning: constexpr if is a C++17 extension [-Wc++17-extensions]
        if constexpr (ForwardingTable::kEntriesSoleWhenArmed) {
           ^
/root/cj_build/impl_relocation_receipt_queue6-full/src/runtime/src/Heap/WCollector/WCollector.h:677:12: warning: constexpr if is a C++17 extension [-Wc++17-extensions]
        if constexpr (ForwardingTable::kConsumeEntries) {
           ^
/root/cj_build/impl_relocation_receipt_queue6-full/src/runtime/src/Heap/WCollector/WCollector.h:682:16: warning: constexpr if is a C++17 extension [-Wc++17-extensions]
            if constexpr (ForwardingTable::kEntriesSoleWhenArmed) {
               ^
/root/cj_build/impl_relocation_receipt_queue6-full/src/runtime/src/Heap/WCollector/WCollector.h:713:12: warning: constexpr if is a C++17 extension [-Wc++17-extensions]
        if constexpr (ForwardingTable::kConsumeEntries) {
           ^
23 warnings generated.
[ 57%] Linking CXX static library ../../../../output/temp/ar/x86_64_Release/libWCollector.a
In file included from /root/cj_build/impl_relocation_receipt_queue6-full/src/runtime/src/UnwindStack/StackGrowStackInfo.cpp:12:
In file included from /root/cj_build/impl_relocation_receipt_queue6-full/src/runtime/src/UnwindStack/../Heap/Collector/TracingCollector.h:17:
In file included from /root/cj_build/impl_relocation_receipt_queue6-full/src/runtime/src/Heap/Allocator/RegionSpace.h:19:
In file included from /root/cj_build/impl_relocation_receipt_queue6-full/src/runtime/src/Heap/Allocator/Allocator.h:11:
In file included from /root/cj_build/impl_relocation_receipt_queue6-full/src/runtime/src/Heap/Allocator/AllocBufferManager.h:15:
In file included from /root/cj_build/impl_relocation_receipt_queue6-full/src/runtime/src/Heap/Allocator/AllocBuffer.h:16:
In file included from /root/cj_build/impl_relocation_receipt_queue6-full/src/runtime/src/Heap/Allocator/RegionList.h:11:
In file included from /root/cj_build/impl_relocation_receipt_queue6-full/src/runtime/src/Heap/Allocator/RegionInfo.h:41:
/root/cj_build/impl_relocation_receipt_queue6-full/src/runtime/src/Heap/Verify/AllocPhaseDiag.h:57:1: warning: inline variables are a C++17 extension [-Wc++17-extensions]
inline Slot g_table[kCap] = {};
^
/root/cj_build/impl_relocation_receipt_queue6-full/src/runtime/src/Heap/Verify/AllocPhaseDiag.h:58:1: warning: inline variables are a C++17 extension [-Wc++17-extensions]
inline NearEntry g_near[kNearCap] = {};
^
In file included from /root/cj_build/impl_relocation_receipt_queue6-full/src/runtime/src/UnwindStack/StackGrowStackInfo.cpp:12:
In file included from /root/cj_build/impl_relocation_receipt_queue6-full/src/runtime/src/UnwindStack/../Heap/Collector/TracingCollector.h:17:
In file included from /root/cj_build/impl_relocation_receipt_queue6-full/src/runtime/src/Heap/Allocator/RegionSpace.h:19:
In file included from /root/cj_build/impl_relocation_receipt_queue6-full/src/runtime/src/Heap/Allocator/Allocator.h:11:
In file included from /root/cj_build/impl_relocation_receipt_queue6-full/src/runtime/src/Heap/Allocator/AllocBufferManager.h:15:
In file included from /root/cj_build/impl_relocation_receipt_queue6-full/src/runtime/src/Heap/Allocator/AllocBuffer.h:16:
In file included from /root/cj_build/impl_relocation_receipt_queue6-full/src/runtime/src/Heap/Allocator/RegionList.h:11:
In file included from /root/cj_build/impl_relocation_receipt_queue6-full/src/runtime/src/Heap/Allocator/RegionInfo.h:43:
/root/cj_build/impl_relocation_receipt_queue6-full/src/runtime/src/Heap/Verify/NullRouteCaller.h:34:1: warning: inline variables are a C++17 extension [-Wc++17-extensions]
inline thread_local const char* g_tag = nullptr;
^
/root/cj_build/impl_relocation_receipt_queue6-full/src/runtime/src/Heap/Verify/NullRouteCaller.h:35:1: warning: inline variables are a C++17 extension [-Wc++17-extensions]
inline thread_local const char* g_edgeSrc = nullptr;
^
/root/cj_build/impl_relocation_receipt_queue6-full/src/runtime/src/Heap/Verify/NullRouteCaller.h:36:1: warning: inline variables are a C++17 extension [-Wc++17-extensions]
inline thread_local uintptr_t g_slot = 0;
^
/root/cj_build/impl_relocation_receipt_queue6-full/src/runtime/src/Heap/Verify/NullRouteCaller.h:37:1: warning: inline variables are a C++17 extension [-Wc++17-extensions]
inline thread_local void* g_host = nullptr;
^
In file included from /root/cj_build/impl_relocation_receipt_queue6-full/src/runtime/src/UnwindStack/StackGrowStackInfo.cpp:12:
In file included from /root/cj_build/impl_relocation_receipt_queue6-full/src/runtime/src/UnwindStack/../Heap/Collector/TracingCollector.h:17:
In file included from /root/cj_build/impl_relocation_receipt_queue6-full/src/runtime/src/Heap/Allocator/RegionSpace.h:19:
In file included from /root/cj_build/impl_relocation_receipt_queue6-full/src/runtime/src/Heap/Allocator/Allocator.h:11:
In file included from /root/cj_build/impl_relocation_receipt_queue6-full/src/runtime/src/Heap/Allocator/AllocBufferManager.h:15:
In file included from /root/cj_build/impl_relocation_receipt_queue6-full/src/runtime/src/Heap/Allocator/AllocBuffer.h:16:
In file included from /root/cj_build/impl_relocation_receipt_queue6-full/src/runtime/src/Heap/Allocator/RegionList.h:11:
In file included from /root/cj_build/impl_relocation_receipt_queue6-full/src/runtime/src/Heap/Allocator/RegionInfo.h:53:
/root/cj_build/impl_relocation_receipt_queue6-full/src/runtime/src/Heap/Verify/MutatorRelocate.h:102:8: warning: constexpr if is a C++17 extension [-Wc++17-extensions]
    if constexpr (kWaitRegionPublish) {
       ^
In file included from /root/cj_build/impl_relocation_receipt_queue6-full/src/runtime/src/UnwindStack/StackGrowStackInfo.cpp:12:
In file included from /root/cj_build/impl_relocation_receipt_queue6-full/src/runtime/src/UnwindStack/../Heap/Collector/TracingCollector.h:17:
In file included from /root/cj_build/impl_relocation_receipt_queue6-full/src/runtime/src/Heap/Allocator/RegionSpace.h:22:
In file included from /root/cj_build/impl_relocation_receipt_queue6-full/src/runtime/src/Heap/Allocator/RegionManager.h:25:
In file included from /root/cj_build/impl_relocation_receipt_queue6-full/src/runtime/src/Heap/Allocator/FreeRegionManager.h:15:
In file included from /root/cj_build/impl_relocation_receipt_queue6-full/src/runtime/src/Common/ScopedObjectAccess.h:11:
In file included from /root/cj_build/impl_relocation_receipt_queue6-full/src/runtime/src/Mutator/Mutator.inline.h:11:
In file included from /root/cj_build/impl_relocation_receipt_queue6-full/src/runtime/src/Mutator/MutatorManager.h:17:
/root/cj_build/impl_relocation_receipt_queue6-full/src/runtime/src/Base/GcLog.h:217:45: warning: format string is not a string literal [-Wformat-nonliteral]
        int n = vsnprintf(buf, sizeof(buf), format, args);
                                            ^~~~~~
In file included from /root/cj_build/impl_relocation_receipt_queue6-full/src/runtime/src/UnwindStack/StackGrowStackInfo.cpp:12:
/root/cj_build/impl_relocation_receipt_queue6-full/src/runtime/src/UnwindStack/../Heap/Collector/TracingCollector.h:352:20: warning: unused variable 'objSize' [-Wunused-variable]
            size_t objSize = obj->GetSize();
                   ^
9 warnings generated.
Consolidate compiler generated dependencies of target CpuProfiler
Consolidate compiler generated dependencies of target Sync
[ 59%] Linking CXX static library ../../../output/temp/ar/x86_64_Release/libUnwindStack.a
[ 60%] Built target Sync
[ 62%] Built target CpuProfiler
Consolidate compiler generated dependencies of target Interpreter
Consolidate compiler generated dependencies of target Signal
[ 65%] Built target Signal
[ 65%] Built target Interpreter
Consolidate compiler generated dependencies of target Sanitizer
[ 65%] Built target Sanitizer
[ 65%] Built target Mutator
[ 69%] Built target Collector
[ 82%] Built target Verify
[ 89%] Built target UnwindStack
[ 89%] Built target WCollector
HEAL_SLOT_GUARD PASS direct_calls=1 escaped=0 enum_sites=72 explicit_uses=87 other=0
[ 89%] Built target check_heal_slot_writes
Scanning dependencies of target cangjie-runtime
Consolidate compiler generated dependencies of target cangjie-runtime
[ 91%] Building CXX object src/CMakeFiles/cangjie-runtime.dir/SignalManager.cpp.o
[ 92%] Building CXX object src/CMakeFiles/cangjie-runtime.dir/CangjieRuntime.cpp.o
In file included from /root/cj_build/impl_relocation_receipt_queue6-full/src/runtime/src/SignalManager.cpp:15:
/root/cj_build/impl_relocation_receipt_queue6-full/src/runtime/src/Base/GcLog.h:217:45: warning: format string is not a string literal [-Wformat-nonliteral]
        int n = vsnprintf(buf, sizeof(buf), format, args);
                                            ^~~~~~
In file included from /root/cj_build/impl_relocation_receipt_queue6-full/src/runtime/src/SignalManager.cpp:20:
In file included from /root/cj_build/impl_relocation_receipt_queue6-full/src/runtime/src/Concurrency/ConcurrencyModel.h:17:
In file included from /root/cj_build/impl_relocation_receipt_queue6-full/src/runtime/src/Mutator/Mutator.h:16:
In file included from /root/cj_build/impl_relocation_receipt_queue6-full/src/runtime/src/Heap/Allocator/Allocator.h:11:
In file included from /root/cj_build/impl_relocation_receipt_queue6-full/src/runtime/src/Heap/Allocator/AllocBufferManager.h:15:
In file included from /root/cj_build/impl_relocation_receipt_queue6-full/src/runtime/src/Heap/Allocator/AllocBuffer.h:16:
In file included from /root/cj_build/impl_relocation_receipt_queue6-full/src/runtime/src/Heap/Allocator/RegionList.h:11:
In file included from /root/cj_build/impl_relocation_receipt_queue6-full/src/runtime/src/Heap/Allocator/RegionInfo.h:41:
/root/cj_build/impl_relocation_receipt_queue6-full/src/runtime/src/Heap/Verify/AllocPhaseDiag.h:57:1: warning: inline variables are a C++17 extension [-Wc++17-extensions]
inline Slot g_table[kCap] = {};
^
/root/cj_build/impl_relocation_receipt_queue6-full/src/runtime/src/Heap/Verify/AllocPhaseDiag.h:58:1: warning: inline variables are a C++17 extension [-Wc++17-extensions]
inline NearEntry g_near[kNearCap] = {};
^
In file included from /root/cj_build/impl_relocation_receipt_queue6-full/src/runtime/src/SignalManager.cpp:20:
In file included from /root/cj_build/impl_relocation_receipt_queue6-full/src/runtime/src/Concurrency/ConcurrencyModel.h:17:
In file included from /root/cj_build/impl_relocation_receipt_queue6-full/src/runtime/src/Mutator/Mutator.h:16:
In file included from /root/cj_build/impl_relocation_receipt_queue6-full/src/runtime/src/Heap/Allocator/Allocator.h:11:
In file included from /root/cj_build/impl_relocation_receipt_queue6-full/src/runtime/src/Heap/Allocator/AllocBufferManager.h:15:
In file included from /root/cj_build/impl_relocation_receipt_queue6-full/src/runtime/src/Heap/Allocator/AllocBuffer.h:16:
In file included from /root/cj_build/impl_relocation_receipt_queue6-full/src/runtime/src/Heap/Allocator/RegionList.h:11:
In file included from /root/cj_build/impl_relocation_receipt_queue6-full/src/runtime/src/Heap/Allocator/RegionInfo.h:43:
/root/cj_build/impl_relocation_receipt_queue6-full/src/runtime/src/Heap/Verify/NullRouteCaller.h:34:1: warning: inline variables are a C++17 extension [-Wc++17-extensions]
inline thread_local const char* g_tag = nullptr;
^
/root/cj_build/impl_relocation_receipt_queue6-full/src/runtime/src/Heap/Verify/NullRouteCaller.h:35:1: warning: inline variables are a C++17 extension [-Wc++17-extensions]
inline thread_local const char* g_edgeSrc = nullptr;
^
/root/cj_build/impl_relocation_receipt_queue6-full/src/runtime/src/Heap/Verify/NullRouteCaller.h:36:1: warning: inline variables are a C++17 extension [-Wc++17-extensions]
inline thread_local uintptr_t g_slot = 0;
^
/root/cj_build/impl_relocation_receipt_queue6-full/src/runtime/src/Heap/Verify/NullRouteCaller.h:37:1: warning: inline variables are a C++17 extension [-Wc++17-extensions]
inline thread_local void* g_host = nullptr;
^
In file included from /root/cj_build/impl_relocation_receipt_queue6-full/src/runtime/src/SignalManager.cpp:20:
In file included from /root/cj_build/impl_relocation_receipt_queue6-full/src/runtime/src/Concurrency/ConcurrencyModel.h:17:
In file included from /root/cj_build/impl_relocation_receipt_queue6-full/src/runtime/src/Mutator/Mutator.h:16:
In file included from /root/cj_build/impl_relocation_receipt_queue6-full/src/runtime/src/Heap/Allocator/Allocator.h:11:
In file included from /root/cj_build/impl_relocation_receipt_queue6-full/src/runtime/src/Heap/Allocator/AllocBufferManager.h:15:
In file included from /root/cj_build/impl_relocation_receipt_queue6-full/src/runtime/src/Heap/Allocator/AllocBuffer.h:16:
In file included from /root/cj_build/impl_relocation_receipt_queue6-full/src/runtime/src/Heap/Allocator/RegionList.h:11:
In file included from /root/cj_build/impl_relocation_receipt_queue6-full/src/runtime/src/Heap/Allocator/RegionInfo.h:53:
/root/cj_build/impl_relocation_receipt_queue6-full/src/runtime/src/Heap/Verify/MutatorRelocate.h:102:8: warning: constexpr if is a C++17 extension [-Wc++17-extensions]
    if constexpr (kWaitRegionPublish) {
       ^
In file included from /root/cj_build/impl_relocation_receipt_queue6-full/src/runtime/src/SignalManager.cpp:21:
/root/cj_build/impl_relocation_receipt_queue6-full/src/runtime/src/Heap/Collector/TracingCollector.h:352:20: warning: unused variable 'objSize' [-Wunused-variable]
            size_t objSize = obj->GetSize();
                   ^
9 warnings generated.
In file included from /root/cj_build/impl_relocation_receipt_queue6-full/src/runtime/src/CangjieRuntime.cpp:23:
In file included from /root/cj_build/impl_relocation_receipt_queue6-full/src/runtime/src/Common/ScopedObjectAccess.h:11:
In file included from /root/cj_build/impl_relocation_receipt_queue6-full/src/runtime/src/Mutator/Mutator.inline.h:11:
In file included from /root/cj_build/impl_relocation_receipt_queue6-full/src/runtime/src/Mutator/MutatorManager.h:17:
/root/cj_build/impl_relocation_receipt_queue6-full/src/runtime/src/Base/GcLog.h:217:45: warning: format string is not a string literal [-Wformat-nonliteral]
        int n = vsnprintf(buf, sizeof(buf), format, args);
                                            ^~~~~~
In file included from /root/cj_build/impl_relocation_receipt_queue6-full/src/runtime/src/CangjieRuntime.cpp:23:
In file included from /root/cj_build/impl_relocation_receipt_queue6-full/src/runtime/src/Common/ScopedObjectAccess.h:11:
In file included from /root/cj_build/impl_relocation_receipt_queue6-full/src/runtime/src/Mutator/Mutator.inline.h:11:
In file included from /root/cj_build/impl_relocation_receipt_queue6-full/src/runtime/src/Mutator/MutatorManager.h:23:
In file included from /root/cj_build/impl_relocation_receipt_queue6-full/src/runtime/src/Mutator/Mutator.h:16:
In file included from /root/cj_build/impl_relocation_receipt_queue6-full/src/runtime/src/Heap/Allocator/Allocator.h:11:
In file included from /root/cj_build/impl_relocation_receipt_queue6-full/src/runtime/src/Heap/Allocator/AllocBufferManager.h:15:
In file included from /root/cj_build/impl_relocation_receipt_queue6-full/src/runtime/src/Heap/Allocator/AllocBuffer.h:16:
In file included from /root/cj_build/impl_relocation_receipt_queue6-full/src/runtime/src/Heap/Allocator/RegionList.h:11:
In file included from /root/cj_build/impl_relocation_receipt_queue6-full/src/runtime/src/Heap/Allocator/RegionInfo.h:41:
/root/cj_build/impl_relocation_receipt_queue6-full/src/runtime/src/Heap/Verify/AllocPhaseDiag.h:57:1: warning: inline variables are a C++17 extension [-Wc++17-extensions]
inline Slot g_table[kCap] = {};
^
/root/cj_build/impl_relocation_receipt_queue6-full/src/runtime/src/Heap/Verify/AllocPhaseDiag.h:58:1: warning: inline variables are a C++17 extension [-Wc++17-extensions]
inline NearEntry g_near[kNearCap] = {};
^
In file included from /root/cj_build/impl_relocation_receipt_queue6-full/src/runtime/src/CangjieRuntime.cpp:23:
In file included from /root/cj_build/impl_relocation_receipt_queue6-full/src/runtime/src/Common/ScopedObjectAccess.h:11:
In file included from /root/cj_build/impl_relocation_receipt_queue6-full/src/runtime/src/Mutator/Mutator.inline.h:11:
In file included from /root/cj_build/impl_relocation_receipt_queue6-full/src/runtime/src/Mutator/MutatorManager.h:23:
In file included from /root/cj_build/impl_relocation_receipt_queue6-full/src/runtime/src/Mutator/Mutator.h:16:
In file included from /root/cj_build/impl_relocation_receipt_queue6-full/src/runtime/src/Heap/Allocator/Allocator.h:11:
In file included from /root/cj_build/impl_relocation_receipt_queue6-full/src/runtime/src/Heap/Allocator/AllocBufferManager.h:15:
In file included from /root/cj_build/impl_relocation_receipt_queue6-full/src/runtime/src/Heap/Allocator/AllocBuffer.h:16:
In file included from /root/cj_build/impl_relocation_receipt_queue6-full/src/runtime/src/Heap/Allocator/RegionList.h:11:
In file included from /root/cj_build/impl_relocation_receipt_queue6-full/src/runtime/src/Heap/Allocator/RegionInfo.h:43:
/root/cj_build/impl_relocation_receipt_queue6-full/src/runtime/src/Heap/Verify/NullRouteCaller.h:34:1: warning: inline variables are a C++17 extension [-Wc++17-extensions]
inline thread_local const char* g_tag = nullptr;
^
/root/cj_build/impl_relocation_receipt_queue6-full/src/runtime/src/Heap/Verify/NullRouteCaller.h:35:1: warning: inline variables are a C++17 extension [-Wc++17-extensions]
inline thread_local const char* g_edgeSrc = nullptr;
^
/root/cj_build/impl_relocation_receipt_queue6-full/src/runtime/src/Heap/Verify/NullRouteCaller.h:36:1: warning: inline variables are a C++17 extension [-Wc++17-extensions]
inline thread_local uintptr_t g_slot = 0;
^
/root/cj_build/impl_relocation_receipt_queue6-full/src/runtime/src/Heap/Verify/NullRouteCaller.h:37:1: warning: inline variables are a C++17 extension [-Wc++17-extensions]
inline thread_local void* g_host = nullptr;
^
In file included from /root/cj_build/impl_relocation_receipt_queue6-full/src/runtime/src/CangjieRuntime.cpp:23:
In file included from /root/cj_build/impl_relocation_receipt_queue6-full/src/runtime/src/Common/ScopedObjectAccess.h:11:
In file included from /root/cj_build/impl_relocation_receipt_queue6-full/src/runtime/src/Mutator/Mutator.inline.h:11:
In file included from /root/cj_build/impl_relocation_receipt_queue6-full/src/runtime/src/Mutator/MutatorManager.h:23:
In file included from /root/cj_build/impl_relocation_receipt_queue6-full/src/runtime/src/Mutator/Mutator.h:16:
In file included from /root/cj_build/impl_relocation_receipt_queue6-full/src/runtime/src/Heap/Allocator/Allocator.h:11:
In file included from /root/cj_build/impl_relocation_receipt_queue6-full/src/runtime/src/Heap/Allocator/AllocBufferManager.h:15:
In file included from /root/cj_build/impl_relocation_receipt_queue6-full/src/runtime/src/Heap/Allocator/AllocBuffer.h:16:
In file included from /root/cj_build/impl_relocation_receipt_queue6-full/src/runtime/src/Heap/Allocator/RegionList.h:11:
In file included from /root/cj_build/impl_relocation_receipt_queue6-full/src/runtime/src/Heap/Allocator/RegionInfo.h:53:
/root/cj_build/impl_relocation_receipt_queue6-full/src/runtime/src/Heap/Verify/MutatorRelocate.h:102:8: warning: constexpr if is a C++17 extension [-Wc++17-extensions]
    if constexpr (kWaitRegionPublish) {
       ^
8 warnings generated.
[ 92%] Linking CXX shared library ../../output/temp/lib/x86_64_Release/libcangjie-runtime.so
Running the deterministic GC unit suite against the runtime just built
[  PASS  ] MarkStripe.SmrHazardPreventsAbaReuse
[  PASS  ] MarkStripe.ConcurrentGlobalStealIsLiveAndLossless
[  PASS  ] PartialArray.EncodeDecodeRoundtrip
[  PASS  ] PartialArray.EmptyAndSingle
[  PASS  ] PartialArray.ThresholdExact
[  PASS  ] PartialArray.ThresholdMinusOne
[  PASS  ] PartialArray.ThresholdPlusOne
[  PASS  ] PartialArray.MultiChunk
[  PASS  ] PartialArray.BoundaryRefs
[  PASS  ] PartialArray.UnalignedStart
[  PASS  ] VerifyRoots.DefaultOffLeavesCorruptRootUnobserved
[  PASS  ] VerifyRoots.EnabledReportsColouredRootBeforeDereference
[  PASS  ] MemMapContract.NullAndInvalidInputsDoNotReachOS
[  PASS  ] MemMapContract.AccessorsBoundaryCommitProtectAndDestroy
[  PASS  ] MemMapContract.FallbackRegistryPreservesEveryAcquiredReservation
[  PASS  ] MemMapContract.BudgetRejectsBeforeReserve
[  PASS  ] MemMapContract.TwoNodeOwnershipRejectsCrossNodeFree
[  PASS  ] MemMapContract.RegionManagerInactiveAllocationUsesMemMapOwner
[========] 343 tests: 343 passed, 0 failed
GC_UNIT_RUN_DONE rc=0 wall_ms=278
GC_UNIT_GATE_NOT_RUN reason=NO_CJC cpp_suite=PASS(fresh) status=/root/cj_build/impl_relocation_receipt_queue6-full/src/runtime/output/temp/lib/x86_64_Release/gc_unit_gate.status
[100%] Built target cangjie-runtime
PRODUCT_BUILD_RC=0
19558ed5f028a92ef0966d4dd23b878d43663bcd8bed0118efb757c28c8d1f02  /root/cj_build/impl_relocation_receipt_queue6-full/src/runtime/output/temp/lib/x86_64_Release/libcangjie-runtime.so
TESTABLE_QUEUE_EXPORTS_BEGIN
0000000000510250 T MapleRuntime::RelocationRequestQueue::BeginWorkers(unsigned long)@@CANGJIE
0000000000510cf0 T MapleRuntime::RelocationRequestQueue::CompleteOwner(void*, std::function<unsigned long (unsigned long)> const&)@@CANGJIE
0000000000511270 T MapleRuntime::RelocationRequestQueue::PruneAndClaim()@@CANGJIE
0000000000510850 T MapleRuntime::RelocationRequestQueue::CompleteHandle(std::shared_ptr<MapleRuntime::RelocationRequestQueue::Request> const&, unsigned long, MapleRuntime::RelocationRequestQueue::State)@@CANGJIE
00000000005112b0 T MapleRuntime::RelocationRequestQueue::SynchronizePoll()@@CANGJIE
0000000000510fc0 T MapleRuntime::RelocationRequestQueue::PruneAndClaimLocked()@@CANGJIE
00000000004d2580 W MapleRuntime::RelocationRequestQueue::SelectBeforeOrdinary(std::function<void* ()> const&)@@CANGJIE
0000000000510420 T MapleRuntime::RelocationRequestQueue::Add(void*, unsigned long)@@CANGJIE
0000000000510cd0 T MapleRuntime::RelocationRequestQueue::Fail(unsigned long)@@CANGJIE
00000000005108b0 T MapleRuntime::RelocationRequestQueue::Wait(std::shared_ptr<MapleRuntime::RelocationRequestQueue::Request> const&)@@CANGJIE
0000000000510aa0 T MapleRuntime::RelocationRequestQueue::Publish(unsigned long, unsigned long)@@CANGJIE
0000000000510ac0 T MapleRuntime::RelocationRequestQueue::Complete(unsigned long, unsigned long, MapleRuntime::RelocationRequestQueue::State)@@CANGJIE
00000000005118a0 T MapleRuntime::RelocationRequestQueue::PendingCount() const@@CANGJIE
00000000005118e0 T MapleRuntime::RelocationRequestQueue::SynchronizedWorkerCount() const@@CANGJIE
0000000000511990 W std::pair<std::__detail::_Node_iterator<std::pair<unsigned long const, std::shared_ptr<MapleRuntime::RelocationRequestQueue::Request> >, false, false>, bool> std::_Hashtable<unsigned long, std::pair<unsigned long const, std::shared_ptr<MapleRuntime::RelocationRequestQueue::Request> >, std::allocator<std::pair<unsigned long const, std::shared_ptr<MapleRuntime::RelocationRequestQueue::Request> > >, std::__detail::_Select1st, std::equal_to<unsigned long>, std::hash<unsigned long>, std::__detail::_Mod_range_hashing, std::__detail::_Default_ranged_hash, std::__detail::_Prime_rehash_policy, std::__detail::_Hashtable_traits<false, false, true> >::_M_emplace<unsigned long&, std::shared_ptr<MapleRuntime::RelocationRequestQueue::Request>&>(std::integral_constant<bool, true>, unsigned long&, std::shared_ptr<MapleRuntime::RelocationRequestQueue::Request>&)@@CANGJIE
0000000000511bd0 W std::_Hashtable<unsigned long, std::pair<unsigned long const, std::shared_ptr<MapleRuntime::RelocationRequestQueue::Request> >, std::allocator<std::pair<unsigned long const, std::shared_ptr<MapleRuntime::RelocationRequestQueue::Request> > >, std::__detail::_Select1st, std::equal_to<unsigned long>, std::hash<unsigned long>, std::__detail::_Mod_range_hashing, std::__detail::_Default_ranged_hash, std::__detail::_Prime_rehash_policy, std::__detail::_Hashtable_traits<false, false, true> >::_M_rehash_aux(unsigned long, std::integral_constant<bool, true>)@@CANGJIE
0000000000511f40 W std::_Hashtable<unsigned long, std::pair<unsigned long const, std::shared_ptr<MapleRuntime::RelocationRequestQueue::Request> >, std::allocator<std::pair<unsigned long const, std::shared_ptr<MapleRuntime::RelocationRequestQueue::Request> > >, std::__detail::_Select1st, std::equal_to<unsigned long>, std::hash<unsigned long>, std::__detail::_Mod_range_hashing, std::__detail::_Default_ranged_hash, std::__detail::_Prime_rehash_policy, std::__detail::_Hashtable_traits<false, false, true> >::_M_erase(unsigned long, std::__detail::_Hash_node_base*, std::__detail::_Hash_node<std::pair<unsigned long const, std::shared_ptr<MapleRuntime::RelocationRequestQueue::Request> >, false>*)@@CANGJIE
00000000004d0fe0 W std::_Hashtable<unsigned long, std::pair<unsigned long const, std::shared_ptr<MapleRuntime::RelocationRequestQueue::Request> >, std::allocator<std::pair<unsigned long const, std::shared_ptr<MapleRuntime::RelocationRequestQueue::Request> > >, std::__detail::_Select1st, std::equal_to<unsigned long>, std::hash<unsigned long>, std::__detail::_Mod_range_hashing, std::__detail::_Default_ranged_hash, std::__detail::_Prime_rehash_policy, std::__detail::_Hashtable_traits<false, false, true> >::~_Hashtable()@@CANGJIE
0000000000511970 W std::_Sp_counted_ptr<MapleRuntime::RelocationRequestQueue::Request*, (__gnu_cxx::_Lock_policy)2>::_M_destroy()@@CANGJIE
0000000000511940 W std::_Sp_counted_ptr<MapleRuntime::RelocationRequestQueue::Request*, (__gnu_cxx::_Lock_policy)2>::_M_dispose()@@CANGJIE
0000000000511980 W std::_Sp_counted_ptr<MapleRuntime::RelocationRequestQueue::Request*, (__gnu_cxx::_Lock_policy)2>::_M_get_deleter(std::type_info const&)@@CANGJIE
0000000000511930 W std::_Sp_counted_ptr<MapleRuntime::RelocationRequestQueue::Request*, (__gnu_cxx::_Lock_policy)2>::~_Sp_counted_ptr()@@CANGJIE
0000000000511cf0 W void std::deque<std::shared_ptr<MapleRuntime::RelocationRequestQueue::Request>, std::allocator<std::shared_ptr<MapleRuntime::RelocationRequestQueue::Request> > >::_M_push_back_aux<std::shared_ptr<MapleRuntime::RelocationRequestQueue::Request> const&>(std::shared_ptr<MapleRuntime::RelocationRequestQueue::Request> const&)@@CANGJIE
0000000000511de0 W std::deque<std::shared_ptr<MapleRuntime::RelocationRequestQueue::Request>, std::allocator<std::shared_ptr<MapleRuntime::RelocationRequestQueue::Request> > >::_M_reallocate_map(unsigned long, bool)@@CANGJIE
00000000004d10f0 W std::deque<std::shared_ptr<MapleRuntime::RelocationRequestQueue::Request>, std::allocator<std::shared_ptr<MapleRuntime::RelocationRequestQueue::Request> > >::_M_destroy_data_aux(std::_Deque_iterator<std::shared_ptr<MapleRuntime::RelocationRequestQueue::Request>, std::shared_ptr<MapleRuntime::RelocationRequestQueue::Request>&, std::shared_ptr<MapleRuntime::RelocationRequestQueue::Request>*>, std::_Deque_iterator<std::shared_ptr<MapleRuntime::RelocationRequestQueue::Request>, std::shared_ptr<MapleRuntime::RelocationRequestQueue::Request>&, std::shared_ptr<MapleRuntime::RelocationRequestQueue::Request>*>)@@CANGJIE
0000000000511110 W std::deque<std::shared_ptr<MapleRuntime::RelocationRequestQueue::Request>, std::allocator<std::shared_ptr<MapleRuntime::RelocationRequestQueue::Request> > >::pop_front()@@CANGJIE
00000000004d0f30 W std::deque<std::shared_ptr<MapleRuntime::RelocationRequestQueue::Request>, std::allocator<std::shared_ptr<MapleRuntime::RelocationRequestQueue::Request> > >::~deque()@@CANGJIE
0000000000512090 W void std::vector<std::shared_ptr<MapleRuntime::RelocationRequestQueue::Request>, std::allocator<std::shared_ptr<MapleRuntime::RelocationRequestQueue::Request> > >::_M_realloc_insert<std::shared_ptr<MapleRuntime::RelocationRequestQueue::Request> const&>(__gnu_cxx::__normal_iterator<std::shared_ptr<MapleRuntime::RelocationRequestQueue::Request>*, std::vector<std::shared_ptr<MapleRuntime::RelocationRequestQueue::Request>, std::allocator<std::shared_ptr<MapleRuntime::RelocationRequestQueue::Request> > > >, std::shared_ptr<MapleRuntime::RelocationRequestQueue::Request> const&)@@CANGJIE
00000000005c85f0 V vtable for std::_Sp_counted_ptr<MapleRuntime::RelocationRequestQueue::Request*, (__gnu_cxx::_Lock_policy)2>@@CANGJIE
TESTABLE_QUEUE_EXPORTS_END
TESTABLE_FORWARD_TASK_EXPORTS_BEGIN
00000000004d4220 W MapleRuntime::ForwardTask<(MapleRuntime::Generation)0>::Execute(unsigned long)@@CANGJIE
00000000004d4590 W MapleRuntime::ForwardTask<(MapleRuntime::Generation)1>::Execute(unsigned long)@@CANGJIE
TESTABLE_FORWARD_TASK_EXPORTS_END
In file included from /root/cj_build/impl_relocation_receipt_queue6-full/src/runtime/tests/gc_unit/test_defect_regressions.cpp:24:
/root/cj_build/impl_relocation_receipt_queue6-full/src/runtime/src/Heap/Collector/TracingCollector.h:352:20: warning: unused variable 'objSize' [-Wunused-variable]
            size_t objSize = obj->GetSize();
                   ^
/root/cj_build/impl_relocation_receipt_queue6-full/src/runtime/src/Heap/Collector/TracingCollector.h:360:47: warning: unused parameter 'ref' [-Wunused-parameter]
    virtual void EnumRefFieldRoot(RefField<>& ref, RootSet& rootSet) const {};
                                              ^
/root/cj_build/impl_relocation_receipt_queue6-full/src/runtime/src/Heap/Collector/TracingCollector.h:360:61: warning: unused parameter 'rootSet' [-Wunused-parameter]
    virtual void EnumRefFieldRoot(RefField<>& ref, RootSet& rootSet) const {};
                                                            ^
/root/cj_build/impl_relocation_receipt_queue6-full/src/runtime/src/Heap/Collector/TracingCollector.h:361:51: warning: unused parameter 'obj' [-Wunused-parameter]
    virtual void TraceObjectRefFields(BaseObject* obj, WorkStack& workStack)
                                                  ^
/root/cj_build/impl_relocation_receipt_queue6-full/src/runtime/src/Heap/Collector/TracingCollector.h:361:67: warning: unused parameter 'workStack' [-Wunused-parameter]
    virtual void TraceObjectRefFields(BaseObject* obj, WorkStack& workStack)
                                                                  ^
/root/cj_build/impl_relocation_receipt_queue6-full/src/runtime/src/Heap/Collector/TracingCollector.h:368:59: warning: unused parameter 'entry' [-Wunused-parameter]
    virtual void FollowPartialArray(const MarkStackEntry& entry, WorkStack& workStack)
                                                          ^
/root/cj_build/impl_relocation_receipt_queue6-full/src/runtime/src/Heap/Collector/TracingCollector.h:368:77: warning: unused parameter 'workStack' [-Wunused-parameter]
    virtual void FollowPartialArray(const MarkStackEntry& entry, WorkStack& workStack)
                                                                            ^
/root/cj_build/impl_relocation_receipt_queue6-full/src/runtime/src/Heap/Collector/TracingCollector.h:372:53: warning: unused parameter 'kind' [-Wunused-parameter]
    virtual BaseObject* GetAndTryTagObj(RefSlotKind kind, BaseObject* obj, RefField<>& field)
                                                    ^
/root/cj_build/impl_relocation_receipt_queue6-full/src/runtime/src/Heap/Collector/TracingCollector.h:372:71: warning: unused parameter 'obj' [-Wunused-parameter]
    virtual BaseObject* GetAndTryTagObj(RefSlotKind kind, BaseObject* obj, RefField<>& field)
                                                                      ^
/root/cj_build/impl_relocation_receipt_queue6-full/src/runtime/src/Heap/Collector/TracingCollector.h:372:88: warning: unused parameter 'field' [-Wunused-parameter]
    virtual BaseObject* GetAndTryTagObj(RefSlotKind kind, BaseObject* obj, RefField<>& field)
                                                                                       ^
/root/cj_build/impl_relocation_receipt_queue6-full/src/runtime/src/Heap/Collector/TracingCollector.h:453:27: warning: unused parameter 'heapMarked' [-Wunused-parameter]
    void ResetBitmap(bool heapMarked)
                          ^
/root/cj_build/impl_relocation_receipt_queue6-full/src/runtime/src/Heap/Collector/TracingCollector.h:491:47: warning: unused parameter 'root' [-Wunused-parameter]
    virtual void EnumAndTagRawRoot(ObjectRef& root, RootSet& rootSet) const
                                              ^
/root/cj_build/impl_relocation_receipt_queue6-full/src/runtime/src/Heap/Collector/TracingCollector.h:491:62: warning: unused parameter 'rootSet' [-Wunused-parameter]
    virtual void EnumAndTagRawRoot(ObjectRef& root, RootSet& rootSet) const
                                                             ^
13 warnings generated.
In file included from /root/cj_build/impl_relocation_receipt_queue6-full/src/runtime/tests/gc_unit/test_forwarding_no_geometry.cpp:12:
In file included from /root/cj_build/impl_relocation_receipt_queue6-full/src/runtime/src/Heap/WCollector/WCollector.h:24:
In file included from /root/cj_build/impl_relocation_receipt_queue6-full/src/runtime/src/Heap/Collector/CopyCollector.h:13:
/root/cj_build/impl_relocation_receipt_queue6-full/src/runtime/src/Heap/Collector/TracingCollector.h:352:20: warning: unused variable 'objSize' [-Wunused-variable]
            size_t objSize = obj->GetSize();
                   ^
/root/cj_build/impl_relocation_receipt_queue6-full/src/runtime/src/Heap/Collector/TracingCollector.h:360:47: warning: unused parameter 'ref' [-Wunused-parameter]
    virtual void EnumRefFieldRoot(RefField<>& ref, RootSet& rootSet) const {};
                                              ^
/root/cj_build/impl_relocation_receipt_queue6-full/src/runtime/src/Heap/Collector/TracingCollector.h:360:61: warning: unused parameter 'rootSet' [-Wunused-parameter]
    virtual void EnumRefFieldRoot(RefField<>& ref, RootSet& rootSet) const {};
                                                            ^
/root/cj_build/impl_relocation_receipt_queue6-full/src/runtime/src/Heap/Collector/TracingCollector.h:361:51: warning: unused parameter 'obj' [-Wunused-parameter]
    virtual void TraceObjectRefFields(BaseObject* obj, WorkStack& workStack)
                                                  ^
/root/cj_build/impl_relocation_receipt_queue6-full/src/runtime/src/Heap/Collector/TracingCollector.h:361:67: warning: unused parameter 'workStack' [-Wunused-parameter]
    virtual void TraceObjectRefFields(BaseObject* obj, WorkStack& workStack)
                                                                  ^
/root/cj_build/impl_relocation_receipt_queue6-full/src/runtime/src/Heap/Collector/TracingCollector.h:368:59: warning: unused parameter 'entry' [-Wunused-parameter]
    virtual void FollowPartialArray(const MarkStackEntry& entry, WorkStack& workStack)
                                                          ^
/root/cj_build/impl_relocation_receipt_queue6-full/src/runtime/src/Heap/Collector/TracingCollector.h:368:77: warning: unused parameter 'workStack' [-Wunused-parameter]
    virtual void FollowPartialArray(const MarkStackEntry& entry, WorkStack& workStack)
                                                                            ^
/root/cj_build/impl_relocation_receipt_queue6-full/src/runtime/src/Heap/Collector/TracingCollector.h:372:53: warning: unused parameter 'kind' [-Wunused-parameter]
    virtual BaseObject* GetAndTryTagObj(RefSlotKind kind, BaseObject* obj, RefField<>& field)
                                                    ^
/root/cj_build/impl_relocation_receipt_queue6-full/src/runtime/src/Heap/Collector/TracingCollector.h:372:71: warning: unused parameter 'obj' [-Wunused-parameter]
    virtual BaseObject* GetAndTryTagObj(RefSlotKind kind, BaseObject* obj, RefField<>& field)
                                                                      ^
/root/cj_build/impl_relocation_receipt_queue6-full/src/runtime/src/Heap/Collector/TracingCollector.h:372:88: warning: unused parameter 'field' [-Wunused-parameter]
    virtual BaseObject* GetAndTryTagObj(RefSlotKind kind, BaseObject* obj, RefField<>& field)
                                                                                       ^
/root/cj_build/impl_relocation_receipt_queue6-full/src/runtime/src/Heap/Collector/TracingCollector.h:453:27: warning: unused parameter 'heapMarked' [-Wunused-parameter]
    void ResetBitmap(bool heapMarked)
                          ^
/root/cj_build/impl_relocation_receipt_queue6-full/src/runtime/src/Heap/Collector/TracingCollector.h:491:47: warning: unused parameter 'root' [-Wunused-parameter]
    virtual void EnumAndTagRawRoot(ObjectRef& root, RootSet& rootSet) const
                                              ^
/root/cj_build/impl_relocation_receipt_queue6-full/src/runtime/src/Heap/Collector/TracingCollector.h:491:62: warning: unused parameter 'rootSet' [-Wunused-parameter]
    virtual void EnumAndTagRawRoot(ObjectRef& root, RootSet& rootSet) const
                                                             ^
In file included from /root/cj_build/impl_relocation_receipt_queue6-full/src/runtime/tests/gc_unit/test_forwarding_no_geometry.cpp:12:
/root/cj_build/impl_relocation_receipt_queue6-full/src/runtime/src/Heap/WCollector/WCollector.h:343:38: warning: unused variable 'callCount' [-Wunused-variable]
        static std::atomic<uint64_t> callCount{ 0 };
                                     ^
/root/cj_build/impl_relocation_receipt_queue6-full/src/runtime/src/Heap/WCollector/WCollector.h:357:20: warning: unused variable 'funnel' [-Wunused-variable]
        const bool funnel = RemapFunnelOn();
                   ^
/root/cj_build/impl_relocation_receipt_queue6-full/src/runtime/src/Heap/WCollector/WCollector.h:349:38: warning: unused variable 'giveFromCount' [-Wunused-variable]
        static std::atomic<uint64_t> giveFromCount{ 0 };
                                     ^
/root/cj_build/impl_relocation_receipt_queue6-full/src/runtime/src/Heap/WCollector/WCollector.h:346:38: warning: unused variable 'routeNullCount' [-Wunused-variable]
        static std::atomic<uint64_t> routeNullCount{ 0 };
                                     ^
/root/cj_build/impl_relocation_receipt_queue6-full/src/runtime/src/Heap/WCollector/WCollector.h:348:38: warning: unused variable 'waitCount' [-Wunused-variable]
        static std::atomic<uint64_t> waitCount{ 0 };
                                     ^
/root/cj_build/impl_relocation_receipt_queue6-full/src/runtime/src/Heap/WCollector/WCollector.h:345:38: warning: unused variable 'noGhostCount' [-Wunused-variable]
        static std::atomic<uint64_t> noGhostCount{ 0 };
                                     ^
/root/cj_build/impl_relocation_receipt_queue6-full/src/runtime/src/Heap/WCollector/WCollector.h:344:38: warning: unused variable 'nonHeapCount' [-Wunused-variable]
        static std::atomic<uint64_t> nonHeapCount{ 0 };
                                     ^
/root/cj_build/impl_relocation_receipt_queue6-full/src/runtime/src/Heap/WCollector/WCollector.h:347:38: warning: unused variable 'receiptCount' [-Wunused-variable]
        static std::atomic<uint64_t> receiptCount{ 0 };
                                     ^
21 warnings generated.
In file included from /root/cj_build/impl_relocation_receipt_queue6-full/src/runtime/tests/gc_unit/test_young_conc.cpp:41:
/root/cj_build/impl_relocation_receipt_queue6-full/src/runtime/src/Heap/Collector/TracingCollector.h:352:20: warning: unused variable 'objSize' [-Wunused-variable]
            size_t objSize = obj->GetSize();
                   ^
/root/cj_build/impl_relocation_receipt_queue6-full/src/runtime/src/Heap/Collector/TracingCollector.h:360:47: warning: unused parameter 'ref' [-Wunused-parameter]
    virtual void EnumRefFieldRoot(RefField<>& ref, RootSet& rootSet) const {};
                                              ^
/root/cj_build/impl_relocation_receipt_queue6-full/src/runtime/src/Heap/Collector/TracingCollector.h:360:61: warning: unused parameter 'rootSet' [-Wunused-parameter]
    virtual void EnumRefFieldRoot(RefField<>& ref, RootSet& rootSet) const {};
                                                            ^
/root/cj_build/impl_relocation_receipt_queue6-full/src/runtime/src/Heap/Collector/TracingCollector.h:361:51: warning: unused parameter 'obj' [-Wunused-parameter]
    virtual void TraceObjectRefFields(BaseObject* obj, WorkStack& workStack)
                                                  ^
/root/cj_build/impl_relocation_receipt_queue6-full/src/runtime/src/Heap/Collector/TracingCollector.h:361:67: warning: unused parameter 'workStack' [-Wunused-parameter]
    virtual void TraceObjectRefFields(BaseObject* obj, WorkStack& workStack)
                                                                  ^
/root/cj_build/impl_relocation_receipt_queue6-full/src/runtime/src/Heap/Collector/TracingCollector.h:368:59: warning: unused parameter 'entry' [-Wunused-parameter]
    virtual void FollowPartialArray(const MarkStackEntry& entry, WorkStack& workStack)
                                                          ^
/root/cj_build/impl_relocation_receipt_queue6-full/src/runtime/src/Heap/Collector/TracingCollector.h:368:77: warning: unused parameter 'workStack' [-Wunused-parameter]
    virtual void FollowPartialArray(const MarkStackEntry& entry, WorkStack& workStack)
                                                                            ^
/root/cj_build/impl_relocation_receipt_queue6-full/src/runtime/src/Heap/Collector/TracingCollector.h:372:53: warning: unused parameter 'kind' [-Wunused-parameter]
    virtual BaseObject* GetAndTryTagObj(RefSlotKind kind, BaseObject* obj, RefField<>& field)
                                                    ^
/root/cj_build/impl_relocation_receipt_queue6-full/src/runtime/src/Heap/Collector/TracingCollector.h:372:71: warning: unused parameter 'obj' [-Wunused-parameter]
    virtual BaseObject* GetAndTryTagObj(RefSlotKind kind, BaseObject* obj, RefField<>& field)
                                                                      ^
/root/cj_build/impl_relocation_receipt_queue6-full/src/runtime/src/Heap/Collector/TracingCollector.h:372:88: warning: unused parameter 'field' [-Wunused-parameter]
    virtual BaseObject* GetAndTryTagObj(RefSlotKind kind, BaseObject* obj, RefField<>& field)
                                                                                       ^
/root/cj_build/impl_relocation_receipt_queue6-full/src/runtime/src/Heap/Collector/TracingCollector.h:453:27: warning: unused parameter 'heapMarked' [-Wunused-parameter]
    void ResetBitmap(bool heapMarked)
                          ^
/root/cj_build/impl_relocation_receipt_queue6-full/src/runtime/src/Heap/Collector/TracingCollector.h:491:47: warning: unused parameter 'root' [-Wunused-parameter]
    virtual void EnumAndTagRawRoot(ObjectRef& root, RootSet& rootSet) const
                                              ^
/root/cj_build/impl_relocation_receipt_queue6-full/src/runtime/src/Heap/Collector/TracingCollector.h:491:62: warning: unused parameter 'rootSet' [-Wunused-parameter]
    virtual void EnumAndTagRawRoot(ObjectRef& root, RootSet& rootSet) const
                                                             ^
13 warnings generated.
In file included from /root/cj_build/impl_relocation_receipt_queue6-full/src/runtime/tests/gc_unit/test_gc_thread_pool.cpp:18:
In file included from /root/cj_build/impl_relocation_receipt_queue6-full/src/runtime/src/Heap/Collector/CollectorProxy.h:14:
In file included from /root/cj_build/impl_relocation_receipt_queue6-full/src/runtime/src/Heap/WCollector/WCollector.h:24:
In file included from /root/cj_build/impl_relocation_receipt_queue6-full/src/runtime/src/Heap/Collector/CopyCollector.h:13:
/root/cj_build/impl_relocation_receipt_queue6-full/src/runtime/src/Heap/Collector/TracingCollector.h:352:20: warning: unused variable 'objSize' [-Wunused-variable]
            size_t objSize = obj->GetSize();
                   ^
/root/cj_build/impl_relocation_receipt_queue6-full/src/runtime/src/Heap/Collector/TracingCollector.h:360:47: warning: unused parameter 'ref' [-Wunused-parameter]
    virtual void EnumRefFieldRoot(RefField<>& ref, RootSet& rootSet) const {};
                                              ^
/root/cj_build/impl_relocation_receipt_queue6-full/src/runtime/src/Heap/Collector/TracingCollector.h:360:61: warning: unused parameter 'rootSet' [-Wunused-parameter]
    virtual void EnumRefFieldRoot(RefField<>& ref, RootSet& rootSet) const {};
                                                            ^
/root/cj_build/impl_relocation_receipt_queue6-full/src/runtime/src/Heap/Collector/TracingCollector.h:361:51: warning: unused parameter 'obj' [-Wunused-parameter]
    virtual void TraceObjectRefFields(BaseObject* obj, WorkStack& workStack)
                                                  ^
/root/cj_build/impl_relocation_receipt_queue6-full/src/runtime/src/Heap/Collector/TracingCollector.h:361:67: warning: unused parameter 'workStack' [-Wunused-parameter]
    virtual void TraceObjectRefFields(BaseObject* obj, WorkStack& workStack)
                                                                  ^
/root/cj_build/impl_relocation_receipt_queue6-full/src/runtime/src/Heap/Collector/TracingCollector.h:368:59: warning: unused parameter 'entry' [-Wunused-parameter]
    virtual void FollowPartialArray(const MarkStackEntry& entry, WorkStack& workStack)
                                                          ^
/root/cj_build/impl_relocation_receipt_queue6-full/src/runtime/src/Heap/Collector/TracingCollector.h:368:77: warning: unused parameter 'workStack' [-Wunused-parameter]
    virtual void FollowPartialArray(const MarkStackEntry& entry, WorkStack& workStack)
                                                                            ^
/root/cj_build/impl_relocation_receipt_queue6-full/src/runtime/src/Heap/Collector/TracingCollector.h:372:53: warning: unused parameter 'kind' [-Wunused-parameter]
    virtual BaseObject* GetAndTryTagObj(RefSlotKind kind, BaseObject* obj, RefField<>& field)
                                                    ^
/root/cj_build/impl_relocation_receipt_queue6-full/src/runtime/src/Heap/Collector/TracingCollector.h:372:71: warning: unused parameter 'obj' [-Wunused-parameter]
    virtual BaseObject* GetAndTryTagObj(RefSlotKind kind, BaseObject* obj, RefField<>& field)
                                                                      ^
/root/cj_build/impl_relocation_receipt_queue6-full/src/runtime/src/Heap/Collector/TracingCollector.h:372:88: warning: unused parameter 'field' [-Wunused-parameter]
    virtual BaseObject* GetAndTryTagObj(RefSlotKind kind, BaseObject* obj, RefField<>& field)
                                                                                       ^
/root/cj_build/impl_relocation_receipt_queue6-full/src/runtime/src/Heap/Collector/TracingCollector.h:453:27: warning: unused parameter 'heapMarked' [-Wunused-parameter]
    void ResetBitmap(bool heapMarked)
                          ^
/root/cj_build/impl_relocation_receipt_queue6-full/src/runtime/src/Heap/Collector/TracingCollector.h:491:47: warning: unused parameter 'root' [-Wunused-parameter]
    virtual void EnumAndTagRawRoot(ObjectRef& root, RootSet& rootSet) const
                                              ^
/root/cj_build/impl_relocation_receipt_queue6-full/src/runtime/src/Heap/Collector/TracingCollector.h:491:62: warning: unused parameter 'rootSet' [-Wunused-parameter]
    virtual void EnumAndTagRawRoot(ObjectRef& root, RootSet& rootSet) const
                                                             ^
In file included from /root/cj_build/impl_relocation_receipt_queue6-full/src/runtime/tests/gc_unit/test_gc_thread_pool.cpp:18:
In file included from /root/cj_build/impl_relocation_receipt_queue6-full/src/runtime/src/Heap/Collector/CollectorProxy.h:14:
/root/cj_build/impl_relocation_receipt_queue6-full/src/runtime/src/Heap/WCollector/WCollector.h:345:38: warning: unused variable 'noGhostCount' [-Wunused-variable]
        static std::atomic<uint64_t> noGhostCount{ 0 };
                                     ^
/root/cj_build/impl_relocation_receipt_queue6-full/src/runtime/src/Heap/WCollector/WCollector.h:357:20: warning: unused variable 'funnel' [-Wunused-variable]
        const bool funnel = RemapFunnelOn();
                   ^
/root/cj_build/impl_relocation_receipt_queue6-full/src/runtime/src/Heap/WCollector/WCollector.h:348:38: warning: unused variable 'waitCount' [-Wunused-variable]
        static std::atomic<uint64_t> waitCount{ 0 };
                                     ^
/root/cj_build/impl_relocation_receipt_queue6-full/src/runtime/src/Heap/WCollector/WCollector.h:346:38: warning: unused variable 'routeNullCount' [-Wunused-variable]
        static std::atomic<uint64_t> routeNullCount{ 0 };
                                     ^
/root/cj_build/impl_relocation_receipt_queue6-full/src/runtime/src/Heap/WCollector/WCollector.h:343:38: warning: unused variable 'callCount' [-Wunused-variable]
        static std::atomic<uint64_t> callCount{ 0 };
                                     ^
/root/cj_build/impl_relocation_receipt_queue6-full/src/runtime/src/Heap/WCollector/WCollector.h:347:38: warning: unused variable 'receiptCount' [-Wunused-variable]
        static std::atomic<uint64_t> receiptCount{ 0 };
                                     ^
/root/cj_build/impl_relocation_receipt_queue6-full/src/runtime/src/Heap/WCollector/WCollector.h:349:38: warning: unused variable 'giveFromCount' [-Wunused-variable]
        static std::atomic<uint64_t> giveFromCount{ 0 };
                                     ^
/root/cj_build/impl_relocation_receipt_queue6-full/src/runtime/src/Heap/WCollector/WCollector.h:344:38: warning: unused variable 'nonHeapCount' [-Wunused-variable]
        static std::atomic<uint64_t> nonHeapCount{ 0 };
                                     ^
21 warnings generated.
LINKED_RUNTIME=/root/cj_build/impl_relocation_receipt_queue6-full/src/runtime/output/temp/lib/x86_64_Release
MRT_TESTABLE_INTERNALS=1
=== BINDING_PROOF (undefined in binary that resolve via runtime) ===
                 U _ZN12MapleRuntime11VerifyRoots10ResetStatsEv@CANGJIE
                 U _ZN12MapleRuntime11VerifyRoots12BadRootCountEv@CANGJIE
                 U _ZN12MapleRuntime11VerifyRoots17VerifyRootPayloadERKNS_17RootVerifyContextEPvPNS_10BaseObjectE@CANGJIE
                 U _ZN12MapleRuntime13RangeRegistry13RegisterRangeERKNS_5RangeE@CANGJIE
                 U _ZN12MapleRuntime13RangeRegistry17RegisterCallbacksERKNS0_9CallbacksE@CANGJIE
                 U _ZN12MapleRuntime13RangeRegistry6InsertERKNS_5RangeE@CANGJIE
                 U _ZN12MapleRuntime13RangeRegistry8ClaimLowEm@CANGJIE
                 U _ZN12MapleRuntime13RangeRegistry9ClaimHighEm@CANGJIE
                 U _ZN12MapleRuntime15ForwardingTable22ReceiptAllowsForwardedEm@CANGJIE
                 U _ZN12MapleRuntime22RelocationRequestQueue12BeginWorkersEm@CANGJIE
                 U _ZN12MapleRuntime22RelocationRequestQueue13CompleteOwnerEPvRKSt8functionIFmmEE@CANGJIE
                 U _ZN12MapleRuntime22RelocationRequestQueue13PruneAndClaimEv@CANGJIE
                 U _ZN12MapleRuntime22RelocationRequestQueue15SynchronizePollEv@CANGJIE
                 U _ZN12MapleRuntime22RelocationRequestQueue3AddEPvm@CANGJIE
                 U _ZN12MapleRuntime22RelocationRequestQueue4FailEm@CANGJIE
                 U _ZN12MapleRuntime22RelocationRequestQueue4WaitERKSt10shared_ptrINS0_7RequestEE@CANGJIE
                 U _ZN12MapleRuntime22RelocationRequestQueue7PublishEmm@CANGJIE
                 U _ZN12MapleRuntime26PlausibleManagedObjectGateEPKcPNS_10BaseObjectE@CANGJIE
                 U _ZN12MapleRuntime9Collector16MarkGoodHeapGateEPKcPNS_10BaseObjectE@CANGJIE
                 U _ZN12MapleRuntime9Collector22TryRecoverInteriorBaseEPNS_10BaseObjectES2_@CANGJIE
                 U _ZN12MapleRuntime9Collector26PlausibleManagedObjectGateEPKcPNS_10BaseObjectE@CANGJIE
                 U _ZN12MapleRuntime9RouteInfo8GetRouteEm@CANGJIE
                 U _ZNK12MapleRuntime13RangeRegistry12IsContiguousEv@CANGJIE
                 U _ZNK12MapleRuntime13RangeRegistry8SnapshotEv@CANGJIE
                 U _ZNK12MapleRuntime13RangeRegistry9TotalSizeEv@CANGJIE
                 U _ZNK12MapleRuntime22RelocationRequestQueue12PendingCountEv@CANGJIE
                 U _ZNK12MapleRuntime22RelocationRequestQueue23SynchronizedWorkerCountEv@CANGJIE
                 U _ZNK12MapleRuntime7Barrier18RecordCrossGenEdgeEPNS_10BaseObjectEmS2_@CANGJIE
=== RUNTIME_EXPORTS (product .so) ===
0000000000545560 T _ZN12MapleRuntime11VerifyRoots10RegionNameENS_10AddrRegionE@@CANGJIE
0000000000545c40 T _ZN12MapleRuntime11VerifyRoots10ResetStatsEv@@CANGJIE
0000000000545c20 T _ZN12MapleRuntime11VerifyRoots12BadRootCountEv@@CANGJIE
0000000000545590 T _ZN12MapleRuntime11VerifyRoots12IsZapPatternEm@@CANGJIE
0000000000545c30 T _ZN12MapleRuntime11VerifyRoots13InfoRootCountEv@@CANGJIE
00000000005455a0 T _ZN12MapleRuntime11VerifyRoots15ClassifyAddressEm@@CANGJIE
0000000000545610 T _ZN12MapleRuntime11VerifyRoots17VerifyRootPayloadERKNS_17RootVerifyContextEPvPNS_10BaseObjectE@@CANGJIE
0000000000545a50 T _ZN12MapleRuntime11VerifyRoots18BeforeCheckAndPushEPNS_10BaseObjectE@@CANGJIE
0000000000545bb0 T _ZN12MapleRuntime11VerifyRoots19MakeRegDebugVisitorERKNS_17RootVerifyContextE@@CANGJIE
0000000000545b40 T _ZN12MapleRuntime11VerifyRoots20MakeSlotDebugVisitorERKNS_17RootVerifyContextE@@CANGJIE
00000000005454c0 T _ZN12MapleRuntime11VerifyRoots7EnabledEv@@CANGJIE
0000000000545530 T _ZN12MapleRuntime11VerifyRoots8KindNameENS_8RootKindE@@CANGJIE
0000000000488910 T _ZN12MapleRuntime13RangeRegistry12InsertLockedERKNS_5RangeEb@@CANGJIE
00000000004888d0 T _ZN12MapleRuntime13RangeRegistry13RegisterRangeERKNS_5RangeE@@CANGJIE
0000000000488880 T _ZN12MapleRuntime13RangeRegistry17RegisterCallbacksERKNS0_9CallbacksE@@CANGJIE
0000000000488cf0 T _ZN12MapleRuntime13RangeRegistry18GrowFromBackLockedERNS_5RangeEm@@CANGJIE
0000000000488d90 T _ZN12MapleRuntime13RangeRegistry19GrowFromFrontLockedERNS_5RangeEm@@CANGJIE
0000000000488f30 T _ZN12MapleRuntime13RangeRegistry20ShrinkFromBackLockedERNS_5RangeEm@@CANGJIE
0000000000488e40 T _ZN12MapleRuntime13RangeRegistry21ShrinkFromFrontLockedERNS_5RangeEm@@CANGJIE
0000000000488cb0 T _ZN12MapleRuntime13RangeRegistry6InsertERKNS_5RangeE@@CANGJIE
0000000000489040 T _ZN12MapleRuntime13RangeRegistry8ClaimLowEm@@CANGJIE
0000000000489150 T _ZN12MapleRuntime13RangeRegistry9ClaimHighEm@@CANGJIE
00000000004f34f0 T _ZN12MapleRuntime15ForwardingTable22ReceiptAllowsForwardedEm@@CANGJIE
0000000000510250 T _ZN12MapleRuntime22RelocationRequestQueue12BeginWorkersEm@@CANGJIE
0000000000510cf0 T _ZN12MapleRuntime22RelocationRequestQueue13CompleteOwnerEPvRKSt8functionIFmmEE@@CANGJIE
0000000000511270 T _ZN12MapleRuntime22RelocationRequestQueue13PruneAndClaimEv@@CANGJIE
0000000000510850 T _ZN12MapleRuntime22RelocationRequestQueue14CompleteHandleERKSt10shared_ptrINS0_7RequestEEmNS0_5StateE@@CANGJIE
00000000005112b0 T _ZN12MapleRuntime22RelocationRequestQueue15SynchronizePollEv@@CANGJIE
0000000000510fc0 T _ZN12MapleRuntime22RelocationRequestQueue19PruneAndClaimLockedEv@@CANGJIE
00000000004d2580 W _ZN12MapleRuntime22RelocationRequestQueue20SelectBeforeOrdinaryERKSt8functionIFPvvEE@@CANGJIE
0000000000510420 T _ZN12MapleRuntime22RelocationRequestQueue3AddEPvm@@CANGJIE
0000000000510cd0 T _ZN12MapleRuntime22RelocationRequestQueue4FailEm@@CANGJIE
00000000005108b0 T _ZN12MapleRuntime22RelocationRequestQueue4WaitERKSt10shared_ptrINS0_7RequestEE@@CANGJIE
0000000000510aa0 T _ZN12MapleRuntime22RelocationRequestQueue7PublishEmm@@CANGJIE
0000000000510ac0 T _ZN12MapleRuntime22RelocationRequestQueue8CompleteEmmNS0_5StateE@@CANGJIE
00000000004fee90 T _ZN12MapleRuntime26PlausibleManagedObjectGateEPKcPNS_10BaseObjectE@@CANGJIE
00000000004fee50 T _ZN12MapleRuntime9Collector16MarkGoodHeapGateEPKcPNS_10BaseObjectE@@CANGJIE
00000000004ff1e0 T _ZN12MapleRuntime9Collector22TryRecoverInteriorBaseEPNS_10BaseObjectES2_@@CANGJIE
00000000004ff1d0 T _ZN12MapleRuntime9Collector26PlausibleManagedObjectGateEPKcPNS_10BaseObjectE@@CANGJIE
00000000004fee80 T _ZN12MapleRuntime9Collector28ReportMarkGoodHeapGateCountsEv@@CANGJIE
2026-08-24 03:07:29.299924 322320 E [GCV2][tailslot] REJECT site=gc_unit.tailslot obj=0x785403bb06e8 tip=0x7fffa88942e8 objSize=16 regionEnd=0x785403bb06f0 remain=8 n=1
2026-08-24 03:07:29.300234 322320 E [VALSIDE] armed first_store hdr=0x7fffa88942a0 sc=0 phase=0
[  PASS  ] ColourAddress.UncolorRoundTripAllRemapOneHot
[  PASS  ] ColourAddress.UncolorRoundTripWithMarkBits
[  PASS  ] ColourAddress.LoadBadMaskRejectsStaleRemap
[  PASS  ] ColourAddress.StaleRemapAlwaysLoadBad
[  PASS  ] ColourAddress.RootSlotRejectsColouredValue
[  PASS  ] ColourAddress.PeelForRootWriteBackClearsHighBits
[  PASS  ] ColourAddress.AddressAndColourMasksDisjoint
[  PASS  ] ColourAddress.BitFieldRemapOneHotMatrix
[  PASS  ] ColourAddress.BitFieldMarkBitsIndependentOfRemap
[  PASS  ] ZBitFieldPort.EncodeDecodeRoundTrips
[  PASS  ] ZListPort.InsertAndRemoveFirst
[  PASS  ] ZListPort.RemoveFirstAndLast
[  PASS  ] ZStat.PauseAndConcurrentAreSeparateAccounts
[  PASS  ] ZStat.KindIsSampledAtScopeEntry
[  PASS  ] ZStat.MaxPauseTracksLargestPauseSample
[  PASS  ] ZStat.RegistryEnumeratesObservedPhases
[  PASS  ] ZStat.StwDepthCounterClassifies
[  PASS  ] ZStat.ZeroDurationSampleStillCounts
[  PASS  ] TrustP1.TryUntagHeapSlotWritebackIsColoured
[  PASS  ] TrustP1.PlainUntagWritebackWouldBeCensusHit
[  PASS  ] TrustP1.RootSlotWritebackPlainIsPlain
[  PASS  ] TrustP1.HeapSlotMustNotUseRootPlainShape
[  PASS  ] TrustP1.DerivedInteriorPlainIsDistinctFromK1ObjectRoot
[  PASS  ] TrustP1.ColouredWriteGuardRejectsPlainShape
[  PASS  ] TrustP1.NullIsNotPlainResidual
[  PASS  ] RouteInfo.InsertLookupIdempotentRegion1
[  PASS  ] RouteInfo.MissingDomainReturnsNullNotGarbage
[  PASS  ] RouteInfo.SetRouteInfoOverwrites
[  PASS  ] RouteInfo.ToRegion1BoundaryInclusive
[  PASS  ] RouteInfo.ToRegion2WhenPreLiveExceedsTo1
[  PASS  ] RouteInfo.BindLiveInfo0FromLiveIfNull
[  PASS  ] ZLiveMapPort.OneObjectPageMarkAccountsLiveOnce
[  PASS  ] LiveMap.MarkAndSurvive
[  PASS  ] LiveMap.RetainedMarkWordsSurviveUnbindAndForwardEpochBump
[  PASS  ] LiveMap.RetainedCaptureUnionsYoungFaceBeforePromotion
[  PASS  ] LiveMap.RetainedCaptureSkipsYoungFaceAfterForwardingDone
[  PASS  ] LiveMap.RetainedCaptureUnionsYoungLargeFlagBeforePromotion
[  PASS  ] LiveMap.RetainedLargeMarkBitSurvivesCurrentFaceLoss
[  PASS  ] LiveMap.LiveInfo0SnapshotSurvivesClear
[  PASS  ] LiveMap.BindLiveInfo0AfterLateMark
[  PASS  ] LiveMap.NullBitmapNeverSurvived
[  PASS  ] LiveMap.CurrentPageHasSingleBitmap
[  PASS  ] LiveMap.OwnerDispatchMarksYoungFace
[  PASS  ] LiveMap.OldForwardingCarrierPublishesOwnerAndRetires
[  PASS  ] LiveMap.FromPageOwnerAndLivemapStayIdenticalAcrossPromotion
[  PASS  ] LiveMap.PromotionCarrierLivesUntilForwardingRelease
[  PASS  ] LiveMap.CurrentLargePageHasSingleMarkBit
[  PASS  ] LiveMap.MarkStartAllocWaterIsImplicitLive
[  PASS  ] ObjectGate.TipSmallIntRejected
[  PASS  ] ObjectGate.TipInHeapRejected
[  PASS  ] ObjectGate.PlausibleTipAccepted
[  PASS  ] ObjectGate.RawArrayPlus8RecoversBase
[  PASS  ] ObjectGate.GeomCrossEndRejectedOnActiveRegion
[  PASS  ] ObjectGate.NonInteriorNoFalseRecover
[  PASS  ] ObjectGate.HeaderConsumersRejectFreeRegion
[  PASS  ] ObjectGate.SlotListPopFrontRejectsColouredHead
[  PASS  ] ObjectGate.SlotListPopFrontDropsColouredNext
[  PASS  ] ObjectGate.FreePinnedPushFrontRejectsFreeRegion
[  PASS  ] Remset.CurrentMinorRootOverridesRetainedDeadSnapshotAndNullHeal
[  PASS  ] Remset.StickyBitmapDisabledByDefault
[  PASS  ] Remset.StickyBitmapTracksMutatorBarrierAcrossDrain
[  PASS  ] Remset.OldToYoungRecordedByBarrier
[  PASS  ] Remset.IdleBarrierOldToYoungRecorded
[  PASS  ] Remset.StaticRootNotRecorded
[  PASS  ] Remset.YoungToYoungNotRecorded
[  PASS  ] Remset.OldToOldRecordedBecauseBarrierConditionsOnSlot
[  PASS  ] Remset.EverRecordedStickyBitmapPositiveControl
[  PASS  ] Remset.DrainIsDestructiveSoAnEdgeWrittenOnceIsLost
[  PASS  ] Remset.ReRecordWhileConsumingLandsInTheNextCycleBuffer
[  PASS  ] DefectRegress.PregrantBeforeRouteDomainFreeze
[  PASS  ] DefectRegress.NonHeapTargetNeverCasNull
[  PASS  ] DefectRegress.MarkGoodHeapGateBlocksNonHeap
[  PASS  ] DefectRegress.RelroNonHeapSkipsSelfHealCas
[  PASS  ] DefectRegress.StaticRootObservedValueHeal
[  PASS  ] DefectRegress.StaticRootHealDoesNotClobberConcurrentStore
[  PASS  ] DefectRegress.MinorNonHeapResolveNeverCasNull
[  PASS  ] DefectRegress.TipSmallInt322320 E   #0  0x5f78df15e700 in sprintf_s from /root/cj_build/impl_relocation_receipt_queue6-full/src/runtime/tests/gc_unit/build_queue6_test/cj_gc_unit
322320 E   #0  0x5f78df15e700 in sprintf_s from /root/cj_build/impl_relocation_receipt_queue6-full/src/runtime/tests/gc_unit/build_queue6_test/cj_gc_unit
RejectThenRecoverHost
[  PASS  ] DefectRegress.TipSmallIntRejectWithoutRecoverIsLoss_Contract
[  PASS  ] DefectRegress.FieldPlaceColourMustStripAtAbi
[  PASS  ] DefectRegress.GcCompletePublishSeesThisCycleStats
[  PASS  ] DefectRegress.GcCompleteHeuSuppressedAfterPublish
[  PASS  ] DefectRegress.YoungFinishDefersHeuAtMostOncePerMajor
[  PASS  ] DefectRegress.YoungFinishInsideExistingWindowDoesNotExtendHeuThrottle
[  PASS  ] DefectRegress.YoungFinishDoesNotDeferMajorUnderOldPressure
[  PASS  ] DefectRegress.YoungHeuDeferralKillSwitchDoesNotTouchSharedClockOrCredit
[  PASS  ] DefectRegress.GcCountExportReadsAtomic
[  PASS  ] DefectRegress.ExportHandleDoubleRemoveNoAlias
[  PASS  ] DefectRegress.LiveHolderOnAllocatingPageKeepsSlot
[  PASS  ] DefectRegress.ExportHandleStaleReuseDoesNotTouchNewOccupant
[  PASS  ] ZBitMapPort.StrongPairUnset
[  PASS  ] ZBitMapPort.StrongPairSet
[  PASS  ] RegionBitmap.BitCoverMatchesRegionSize
[  PASS  ] RegionBitmap.GetRegionBitmapSizeMonotonic
[  PASS  ] RegionBitmap.MarkBitsIdempotentAndDisjoint
[  PASS  ] RegionBitmap.MarkBitsAlreadyIsStartBitOnly
[  PASS  ] RegionBitmap.NearEndOffsetsInCover
[  PASS  ] RegionAge.YoungAgeRoundTrip
[  PASS  ] RegionAge.MaxYoungAgeBound
[  PASS  ] RegionAge.YoungFlagIndependentOfAge
[  PASS  ] RegionAge.GenerationIdEnumExists
[  PASS  ] UnwindRegress.SofFoldFlagIsNotAFrame
SIGNAL_FRAME_DIRECT_SPRINTF_CALLS=3 SIGNAL_FRAME_OVERLAPPING_SPRINTF_CALLS=0
[  PASS  ] UnwindRegress.SignalFrameAppendDoesNotOverlap
[  PASS  ] UnwindRegress.SignalFramePrintDoesNotAbort
[  PASS  ] UnwindRegress.FallbackZeroesPcAndLine
[  PASS  ] GctibZero.B_NullGctibSegvIsPointerArm
[  PASS  ] GctibZero.B_AfterCalculateGCTibWalks
[  PASS  ] GctibZero.C_OneRegionElseStillChecks
[  PASS  ] GctibZero.C_PlanSizedByBitmapFaceStaysInRegion1
PINROOT_RESULT futures=16 object_bytes=168 pinned_regions=1 total_pinned_regions=1 raw_pinned_region_pct=100 garbage_while_pinned=0 garbage_after_remove=2688 retained_bytes=2688 collateral_bytes=2520 count_while_pinned=1 count_after_remove=0
[  PASS  ] PinRoot.NativeHeldUnmarkedPinnedObjectSurvivesUntilRemove
[  PASS  ] RegionRetirement.CompactInPlaceLeavesRegionOnAListACollectorWalks
[  PASS  ] RegionRetirement.StayYoungAfterCompactInPlaceDoesNotRelinkRecentFull
[  PASS  ] RegionRetirement.StayYoungTransfersCompletedCompactTailFromThreadLocal
[  PASS  ] RegionRetirement.CompactTailDoesNotStealConcurrentRecentFullNode
[  PASS  ] FollowEdge.HolderSlotToLargePrimitiveArrayIsTraced
[  PASS  ] ZForwardingLife.RetainAfterReleaseRefuses
[  PASS  ] ZForwardingLife.DetachWaitsForLastReader
[  PASS  ] ZForwardingLife.ClaimInvertsAndLateRetainRefusesImmediately
[  PASS  ] ZForwardingLife.CopyInflightPairing
[  PASS  ] ZForwardingLife.RouteDestHoldDecisionDistribution
[  PASS  ] ZForwardingLife.CopyInflightDrainWakes
[  PASS  ] ZForwardingLife.ClaimedRetainRefusesImmediatelyAndResetIdle
[  PASS  ] ZForwardingLife.DetachCheckMeasuresAndHonorsGate
[  PASS  ] ColourIsChecks.EveryColourAtTheStartingEpoch
[  PASS  ] ColourIsChecks.EveryColourAcrossAnIrregularFlipSchedule
[  PASS  ] ColourIsChecks.UncolouredValueIsNeitherLoadGoodNorLoadBad
[  PASS  ] ColourIsChecks.RawNullIsGoodOrNullAndNeverBad
[  PASS  ] ColourIsChecks.RemapPairIsABijectionWithTheFourColours
[  PASS  ] ColourIsChecks.StoreGoodComplementAtTheStartingEpoch
[  PASS  ] ColourIsChecks.StoreGoodComplementAcrossAnIrregularFlipSchedule
[  PASS  ] RemapYoungRoots.IntersectionIsOneHot
[  PASS  ] RemapYoungRoots.YoungFlipXorWrapsAcceptedPair
[  PASS  ] RemapYoungRoots.TwoYoungFlipsWithoutRemapMakeOldColourGoodAgain
[  PASS  ] RemapYoungRoots.Phase8KeepsRootsFromWrappingToGood
[  PASS  ] RemapYoungRoots.RemapClearsDoubleBadOnColouredSlot
[  PASS  ] RemapYoungRoots.UncolouredStackRootIsNotPainted
[  PASS  ] RemapYoungRoots.DisabledPassLeavesDoubleBad
[  PASS  ] ZForwardingEntries.setup
[  PASS  ] ZForwardingEntries.find_empty
[  PASS  ] ZForwardingEntries.find_full
[  PASS  ] ZForwardingEntries.find_every_other
[  PASS  ] ZForwardingEntries.survives_without_geometry
[  PASS  ] ZForwardingEntries.OutOfRangeFromIndexUse2026-08-24 03:07:29.356786 322320 E [FWDTABLE] armed base=0x785403baf6f0 size=8192 unit=4096 entries=3
sOverflowReceipt
[  PASS  ] ZForwardingEntries.OutOfRangeFromIndexIsRefusedNotTruncated
[  PASS  ] ZForwardingEntries.LargeFromIndexRoundTrip
[  PASS  ] ZForwardingEntries.FullTableInsertionUsesOverflowReceipt
[  PASS  ] ZForwardingEntries.FullTableProbeTerminatesInsteadOfSpinning
[  PASS  ] ZForwardingEntries.TableKnowsWhichRegionItWasBuiltFor
[  PASS  ] ZForwardingEntries.CoversRecordsRegionSpan
[  PASS  ] ForwardingNoGeometry.ArmedMissIsNullNotGeometry
[  PASS  ] ForwardingNoGeometry.ArmedLookupAndSuccessfulExclusiveCopyPublishProductReceipt
[  PASS  ] ZGranuleMap.GetPutRemove
[  PASS  ] ZForwarding.AttachedArraySitsAfterObject
[  PASS  ] ZForwarding.ProvisionalUsesRefCountProtocol
[  PASS  ] ZForwardingTable.kZfwdTableConsumeOn
[  PASS  ] ZForwardingTable.MembershipUnlinkKeepsEntries
[  PASS  ] YoungConc.PaintedObjectSkippedByShouldEnqueue
[  PASS  ] YoungConc.SingleCurrentMarkSuppressesEnqueueForEitherClosure
[  PASS  ] YoungConc.TraceRegionSkipsSatbWithoutPaint
[  PASS  ] YoungConc.AllocBlackWhiteWhenConcMarkOff
[  PASS  ] YoungConc.AllocBlackPaintAndGreyWhenConcMarkOn
[  PASS  ] YoungConc.PaintWithoutGreyLedgerMissesWorkStack
[  PASS  ] YoungConc.YoungToYoungWriteNotInRemset
[  PASS  ] YoungConc.YoungToYoungDirtyHolderReachesWorkStack
[  PASS  ] YoungConc.OldToYoungStillRecorded
[  PASS  ] YoungConc.TraceStoreMarksNewYoungTarget
[  PASS  ] YoungConc.IdleStoreDoesNotMarkNewYoungTarget
[  PASS  ] YoungConc.PeekYoungAllocBlackDoesNotConsume
[  PASS  ] YoungConc.Stw2CurrentInjectForcesUncovered
[  PASS  ] YoungConc.ClassifyWaterBeatsMark
[  PASS  ] YoungConc.ClassifyMarkedWhenNoWater
[  PASS  ] YoungConc.ClassifyAllocBlackWhenUnmarked
[  PASS  ] YoungConc.ClassifyUncoveredYoung
[  PASS  ] YoungConc.ClassifySkipOldHolderTarget
[  PASS  ] YoungConc.MarkTerminateProtocolDefault
[  PASS  ] YoungConc.LegacyTerminationMissesUnfullSatbNode
[  PASS  ] RelocationSetSelector.EmptySet
[  PASS  ] RelocationSetSelector.AllSparseSelected
[  PASS  ] RelocationSetSelector.FragmentationLimitStopsPrefix
[  PASS  ] RelocationSetSelector.EqualLiveBytesStableOrder
[  PASS  ] RelocationSetSelector.LargeRegionsNeverSelected
[  PASS  ] RelocationSetSelector.PreFilterDropsLowGarbage
[  PASS  ] RelocationSetSelector.AllocatingPagesNeverSelected
[  PASS  ] StoreBuf.FullAutoFlushKeepsEveryEntry
[  PASS  ] StoreBuf.UnflushedPendingInvisibleToDrain
[  PASS  ] StoreBuf.FlushBeforeRelocateSnapshotPublishesPending
[  PASS  ] StoreBuf.MarkEndSnapshotLeavesCurrentForNextMinor
[  PASS  ] StoreBuf.FlushBeforeMinorDoesNotLoseEdges
[  PASS  ] StoreBuf.ThreadExitFlushRedeems
[  PASS  ] StoreBuf.ReRememberDoesNotFightBuffer
[  PASS  ] PageAgeRangeTest.test
[  PASS  ] PageAge.UntypeRoundTrip
[  PASS  ] TenuringThreshold.PromoteAllIsZero
[  PASS  ] TenuringThreshold.EmptyYoungIsZero
[  PASS  ] TenuringThreshold.GenerationalRaisesThreshold
[  PASS  ] TenuringThreshold.PressureLowersThreshold
[  PASS  ] TenuringThreshold.DistributionFlipBothDirections
[  PASS  ] TenuringThreshold.ComputeToAge
[  PASS  ] RangeValue.SplitGrowAndPartitionPreserveEveryByte
[  PASS  ] RangeRegistryMerge.AdjacentInsertMergesBothNeighbours
[  PASS  ] RangeRegistryMerge.HandOutAndBackCallbacksKeepTheLedgerReversible
[  PASS  ] RangeRegistryDirection.LowAndHighClaimsUseOppositeAddressEnds
[  PASS  ] RangeRegistryFailure.LowNoFitReturnsNullAndPreservesLedger
[  PASS  ] RangeRegistryFailure.HighNoFitReturnsNullAndPreservesLedger
[  PASS  ] RangeRegistryFailure.ZeroSizeReturnsNullAndPreservesLedger
[  PASS  ] RangeRegistryDirection.FixedRandomSequenceMatchesIndependentByteModel
[  PASS  ] StayYoung.PolicySwitchIsWiredToTheDecision
[  PASS  ] StayYoung.BelowThresholdDoesNotPromote
[  PASS  ] StayYoung.BumpAgesAndKeepsYoung
[  PASS  ] StayYoung.AgeClampsAtSurvivor14
[  PASS  ] StayYoung.EnlistTypeMustNotStayLoneFrom
[  PASS  ] StayYoung.GarbageTypeSurvivesGhostAndAgeCas
[  PASS  ] StayYoung.InitRegionClearsGhostSuccessor
[  PASS  ] GcTrigger.SwitchDefaultOn
[  PASS  ] GcTrigger.YoungTriggerPinsAt32WhenAsked
[  PASS  ] GcTrigger.YoungTriggerFloorWithoutSample
[  PASS  ] GcTrigger.YoungTriggerR2026-08-24 03:07:29.361707 322320 E [GhostRetention] retained_regions=0 retained_bytes=0
2026-08-24 03:07:29.391078 322320 E [GCV2][expire-kept] n=1 bytes=4096
2026-08-24 03:07:29.434017 322320 E [GCV2][exempt-kept] n=1 region=0x785403baf5c8 start=0x785403baf6f0 route=0 live=0
2026-08-24 03:07:29.434117 322320 E [GCV2][exempt-kept] n=2 region=0x785403baf5c8 start=0x785403baf6f0 route=0 live=0
2026-08-24 03:07:29.434161 322320 E [GCV2][exempt-kept] n=3 region=0x785403baf5c8 start=0x785403baf6f0 route=0 live=0
aisesOnHighSurvival
[  PASS  ] GcTrigger.YoungTriggerHoldsFloorOnLowSurvival
[  PASS  ] GcTrigger.YoungTriggerRaisesWhenLastMinorFreedLessThanFivePercent
[  PASS  ] GcTrigger.YoungTriggerHoldsFloorWhenDeadYoungIsSmallFractionOfHeap
[  PASS  ] GcTrigger.DirectorMinorIgnoresRaisedWatermark
[  PASS  ] TruncatedSeq.EmptyIsZero
[  PASS  ] TruncatedSeq.OneSamplePredictsItself
[  PASS  ] TruncatedSeq.ConstantWindowHasZeroSd
[  PASS  ] TruncatedSeq.WindowDropsOldest
[  PASS  ] GcTrigger.RateZeroDoesNotFireAllocRate
[  PASS  ] GcTrigger.ConstantRateFiresWhenFreeCannotCoverGc
[  PASS  ] GcTrigger.ConstantRateHoldsWhenFreeCoversGc
[  PASS  ] GcTrigger.RateSpikeFiresViaSigma
[  PASS  ] GcTrigger.RemainingCannotCoverOneGc
[  PASS  ] GcTrigger.WarmupAtTenPercent
[  PASS  ] GcTrigger.WarmupBelowTenPercentSilent
[  PASS  ] GcTrigger.TwoRulesTimerBeatsAllocRate
[  PASS  ] GcTrigger.TwoRulesAllocRateBeatsHighUsage
[  PASS  ] GcTrigger.HighUsageAlone
[  PASS  ] GcTrigger.NotTrustableDisablesAllocRate
[  PASS  ] GcTrigger.SoftMaxIsFreeDenominator
[  PASS  ] GcTrigger.MajorAllocRateAmortizesExtraYoungTime
[  PASS  ] GcTrigger.MajorAllocRateOldGarbageCheaper
[  PASS  ] GcTrigger.MajorAllocRateUrgentWhenYoungSmallAndHighUsage
[  PASS  ] GcTrigger.MajorAllocRateDisabledWhenNotTrustable
[  PASS  ] GcTrigger.MinorUpgradesToMajorAllocRate
[  PASS  ] GcTrigger.ProactiveFiresAfterAcceptableInterval
[  PASS  ] GcTrigger.ProactiveHoldsWithoutGrowthOrTime
[  PASS  ] GcTrigger.ProactiveDisabledWhenCold
[  PASS  ] GcTrigger.DynamicWorkersDefaultOffUsesPoolCap
[  PASS  ] MutatorRelocate.UnpublishedTargetIsKeptRatherThanWaitedFor
[  PASS  ] MutatorRelocate.UnpublishedRegionWaitsForPublish
[  PASS  ] MutatorRelocate.TwoThreadsInsertSameFromLoserTakesWinner
[  PASS  ] MutatorRelocate.ForcedFirstCasFailureReturnsOneReceiptAndOneCompleter
[  PASS  ] MutatorRelocate.ForwardedPublicationRequiresNonNullReceipt
[  PASS  ] MutatorRelocate.ForwardedRegionNoEntryKeepsFrom
[  PASS  ] FwdSpin.LockedWaiterSeesInsertBeforeUnlock
[  PASS  ] MutatorRelocate.RelocateInnerRequiresForwardPhase
[  PASS  ] MutatorRelocate.RefcountZeroRetainRefusesThenWait
[  PASS  ] RelocationRequestQueue.RequestedReceiptIsClaimedBeforeOrdinaryAndCompletesOnce
[  PASS  ] RelocationRequestQueue.FailedOwnerCompletionReleasesWaiterWithoutReceipt
[  PASS  ] RelocationRequestQueue.LastWorkerAndAddHaveOneAtomicProgressDecision
[  PASS  ] RelocationRequestQueue.ProductPreparationCannotReopenClosedWorkerGeneration
[  PASS  ] RelocationRequestQueue.AddWakesAWorkerSynchronizedOnAnEmptyQueue
[  PASS  ] RelocationRequestQueue.RegionManagerCompletesRetainedOwnerThroughProductWiring
[  PASS  ] GCThreadPool.RelocationRequestHasOneCompletionOwnerBeforeWaitFinishReturns
[  PASS  ] GCThreadPool.ActualForwardTaskClosesClaimedRequestExactlyOnceWhenOwnerExits
[  PASS  ] GCThreadPool.ProductParallelEntryRegistersWorkersAndClosesGeneration
[  PASS  ] GCThreadPool.ProductSerialEntryRegistersWorkerAndClosesGeneration
[  PASS  ] GCThreadPool.ProductYoungRuntimeEntryClosesRelocationRequestGeneration
[  PASS  ] GCThreadPool.ActualForwardTaskCompletesClaimedOwnerAtRegionExit
[  PASS  ] IkeKeep.ExpireClearsKeptButLeavesForwarded
[  PASS  ] ExemptLife.DropRetiredCoveringRemovesFindTo
[  PASS  ] ExemptLife.RetiredOnlyLookupSurvivesGhostLoss
[  PASS  ] ReceiptLife.StaleToRegionEpochRejectsReceipt
[  PASS  ] ReceiptLife.DestLaterForwardedHeaderRejectsReceipt
[  PASS  ] ReceiptLife.KeptExpireLatchIsOnce
[  PASS  ] LifeClock.WideClockOutlivesLegacyWrapAndHasNo32kCollision
[  PASS  ] LifeClock.LegacyHoldBitSurvivesIndependentClockBump
[  PASS  ] LifeClock.ForgedOldMarkViewIsCountedAndEnforced
[  PASS  ] LifeClock.ForgedOldRouteInfoIsCountedAndEnforced
[  PASS  ] LifeClock.ReceiptAbaAfter128ReusesIsCountedAndEnforced
[  PASS  ] LifeClock.ArmedAndRetiredEntriesRejectOldFromPage
[  PASS  ] LifeClock.MissingRouteStampSurvivingBoundaryIsCounted
[  PASS  ] ExemptLife.ExemptWaitsForLockedThenPublishesDone
[  PASS  ] ExemptLife.InPlaceCopyMustNotPaintNormalBeforeUnlock
[  PASS  ] ExemptLife.FindHitDoesNotEnterCopyInflight
[  PASS  ] Exemp[GCV2][holewho] sample n=1 off=16 len=48 type=1 next_plausible=0 bucket=0 prev=? filler=1
[GCV2][holewho] sample n=2 off=16 len=48 type=1 next_plausible=0 bucket=0 prev=? filler=1
2026-08-24 03:07:29.454453 322320 E [GCV2][diag] legend: gates live (env-read). A zero means the arm did not fire. Confirm the probe is armed with MRT_GCV2_DIAG_ACTIVE=1 before reading any zero.
[GCV2][holewho] sample n=3 off=16 len=64 type=1 next_plausible=1 bucket=1 prev=? filler=0
[GCV2][zgcselfheal][census] why=armed armed=1 enter=0 null_skip=0 healed=0 fastpath_exit=0 retry=0 cas_fail=0 iter_max=0 spin_alarm=0 pre_ptr_fastpath=0 pre_heal_not_fastpath=0 pre_heal_not_remapped=0 mono_checks=0 mono_load_good=0 mono_mark_good=0 mono_store_good=0 mono_marked_young=0 mono_marked_old=0 mono_finalizable=0
[GCV2][zgcselfheal][census] why=periodic armed=1 enter=1 null_skip=0 healed=0 fastpath_exit=0 retry=0 cas_fail=0 iter_max=0 spin_alarm=0 pre_ptr_fastpath=0 pre_heal_not_fastpath=0 pre_heal_not_remapped=0 mono_checks=0 mono_load_good=0 mono_mark_good=0 mono_store_good=0 mono_marked_young=0 mono_marked_old=0 mono_finalizable=0
2026-08-24 03:07:29.454663 322320 E [ZGCINV][illegal] n=1 phase=6 barrier=forward flipSeq=0 target=0x785403baf730 slotRaw=0x1785403baf730 slotRaw2=0x1785403baf730 addrMatch=1 toVer=(nil) slotIsToVersion=0 route=0 young=0
[GCV2][verify][roots] BAD_ROOT kind=runtime-root phase=gc_unit-coloured-root reason=root-value-is-coloured func=? startIP=(nil) frameIP=(nil) frameFA=(nil) pcOff=0x0 slotBias=0 reg=-1 slotOrReg=0x7fffa8893fc8 raw=0x17f1234567000 obj=(nil) objRegion=other tip=(nil) tipRegion=null typeByte=-1 env=MRT_GCV2_VERIFY_ROOTS=1
2026-08-24 03:07:29.496125 322320 E [ZGCINV][summary] why=atexit i1_checked=0 i1_violations=0 i1_forwarded=0 i1_zero_header=0 illegal=1 stw=0 idle=0 enum=0 trace=0 post_trace=0 preforward=0 forward=1 heal_return_checked=2 heal_return_failures=0
[GCV2][holewho] atexit n=3 bytes=160 never=2 after_neighbor=1 header_cleared=0 next_plausible=1 tl=3 rf=0
[GCV2][markwater] atexit armed=0 turned=0
[GCV2][page-owner] point=atexit mismatch_attempts=0 first_paints=0 mode=assert
[FWDTABLE][refuse] atexit full=0 overflow=0 fallbackFull=0 fallbackOverflow=0 armedHit=2 armedMiss=2 unarmed=0
[GCV2][fillerzero] atexit
[GCV2][fillerzero] site=slot_extra n=16 bytes=2432 dense_n=0 dense_bytes=0 buckets= 2^7=16
[GCV2][fillerzero] site=clear_units n=0 bytes=0 dense_n=0 dense_bytes=0 buckets=
[GCV2][fillerzero] site=take_garbage n=0 bytes=0 dense_n=0 dense_bytes=0 buckets=
[GCV2][fillerzero] site=take_inactive n=0 bytes=0 dense_n=0 dense_bytes=0 buckets=
[GCV2][fillerzero] site=dirty_take n=0 bytes=0 dense_n=0 dense_bytes=0 buckets=
[GCV2][fillerzero] site=released_pre n=0 bytes=0 dense_n=0 dense_bytes=0 buckets=
[GCV2][fillerzero] site=compact n=0 bytes=0 dense_n=0 dense_bytes=0 buckets=
[GCV2][fillerzero] site=compact_partial n=0 bytes=0 dense_n=0 dense_bytes=0 buckets=
[GCV2][fillerzero] site=route_reserve n=0 bytes=0 dense_n=0 dense_bytes=0 buckets=
[GCV2][ike-keep] atexit trueEmpty=0 keep=0 keepBytes=0 nullFace=0 epoch=0
[GCV2][w1-store] atexit total=9 ghostFrom=0
[GCV2][w1-holder] atexit ghost=0 forwarded=0
[GCV2][tailslot] geom_cross_end=1
[GCV2][page-owner] point=atexit mismatch_attempts=0 first_paints=0 mode=assert
[GCV2][detach-check] phase=measure site=collect_from_garbage checks=0 evidence=0 blocked=0 active_table=0 retired_table=0 route_dest_held=0 fwd_positive=0 fwd_readers=0 fwd_claimed=0 fwd_released=0 copy_inflight=0
[GCV2][detach-check] phase=measure site=take_garbage checks=1 evidence=1 blocked=0 active_table=0 retired_table=1 route_dest_held=0 fwd_positive=0 fwd_readers=0 fwd_claimed=0 fwd_released=0 copy_inflight=0
[GCV2][detach-check] phase=measure site=take_after_dispel checks=0 evidence=0 blocked=0 active_table=0 retired_table=0 route_dest_held=0 fwd_positive=0 fwd_readers=0 fwd_claimed=0 fwd_released=0 copy_inflight=0
[GCV2][detach-check] phase=measure site=reclaim_dirty checks=0 evidence=0 blocked=0 active_table=0 retired_table=0 route_dest_held=0 fwd_positive=0 fwd_readers=0 fwd_claimed=0 fwd_released=0 copy_inflight=0
[GCV2][detach-check] phase=measure site=reclaim_mark_quarantine checks=0 evidence=0 blocked=0 active_table=0 retired_table=0 route_dest_held=0 fwd_positive=0 fwd_readers=0 fwd_claimed=0 fwd_released=0 copy_inflight=0
[GCV2][detach-check] phase=measure site=release_region checks=0 evidence=0 blocked=0 active_table=0 retired_table=0 route_dest_held=0 fwd_positive=0 fwd_readers=0 fwd_claimed=0 fwd_released=0 copy_inflight=0
[GCV2][detach-check] phase=measure site=release_garbage_units checks=0 evidence=0 blocked=0 active_table=0 retired_table=0 route_dest_held=0 fwd_positive=0 fwd_readers=0 fwd_claimed=0 fwd_released=0 copy_inflight=0
[GCV2][detach-check] phase=measure site=take_garbage_reuse checks=3 evidence=2 blocked=0 active_table=0 retired_table=0 route_dest_held=2 fwd_positive=2 fwd_readers=0 fwd_claimed=1 fwd_released=1 copy_inflight=2
[GCV2][detach-check] phase=measure site=take_dirty_reuse checks=0 evidence=0 blocked=0 active_table=0 retired_table=0 route_dest_held=0 fwd_positive=0 fwd_readers=0 fwd_claimed=0 fwd_released=0 copy_inflight=0
[GCV2][detach-check] phase=measure site=take_released_reuse checks=0 evidence=0 blocked=0 active_table=0 retired_table=0 route_dest_held=0 fwd_positive=0 fwd_readers=0 fwd_claimed=0 fwd_released=0 copy_inflight=0
[GCV2][detach-check] phase=measure site=clear_units checks=0 evidence=0 blocked=0 active_table=0 retired_table=0 route_dest_held=0 fwd_positive=0 fwd_readers=0 fwd_claimed=0 fwd_released=0 copy_inflight=0
[GCV2][detach-check] phase=measure site=release_units checks=0 evidence=0 blocked=0 active_table=0 retired_table=0 route_dest_held=0 fwd_positive=0 fwd_readers=0 fwd_claimed=0 fwd_released=0 copy_inflight=0
[GCV2][detach-check] phase=measure site=init_free_units checks=0 evidence=0 blocked=0 active_table=0 retired_table=0 route_dest_held=0 fwd_positive=0 fwd_readers=0 fwd_claimed=0 fwd_released=0 copy_inflight=0
[GCV2][detach-check] phase=measure site=init_region_info checks=66081 evidence=65871 blocked=0 active_table=8 retired_table=65871 route_dest_held=1 fwd_positive=0 fwd_readers=0 fwd_claimed=0 fwd_released=0 copy_inflight=0
[GCV2][detach-check] phase=measure site=major_recheck checks=0 evidence=0 blocked=0 active_table=0 retired_table=0 route_dest_held=0 fwd_positive=0 fwd_readers=0 fwd_claimed=0 fwd_released=0 copy_inflight=0
[GCV2][detach-quarantine] gate=0 admitted=0 released=0 recheck_held=0 peak_entries=0 max_entries=65536 max_rechecks=8
[GCV2][zlife] atexit refuse_released=6 refuse_claimed=3 detach_waited=1
tLife.ExemptAlreadyForwardedStillPublishesDone
[  PASS  ] ExemptLife.PrepareInstallStripsForwardedResidual
[  PASS  ] ExemptLife.PrepareInstallLeavesLockedAlone
[  PASS  ] ZForwardingLife.DrainScopeWaitsCopiedWhenRefCountZero
[  PASS  ] HealCoverage.NullAndPlainAreNotMisses
[  PASS  ] HealCoverage.CurrentColourIsLoadGood
[  PASS  ] HealCoverage.PreviousYoungColourIsStaleBeforeWrap
[  PASS  ] HealCoverage.InjectPositiveControlRings
[  PASS  ] HealCoverage.TwoYoungFlipsWrapStaleIntoLookingGood
[  PASS  ] HealCoverage.FaceOfSplitsTheFiveHealSurfaces
[  PASS  ] HealCoverage.CensusWordsCountsEachKind
[  PASS  ] DiagGate.LegacyEnvArmsTheGate
[  PASS  ] DiagGate.NullLegacyNameIsNotAnArm
[  PASS  ] DiagGate.UnsetLegacyEnvLeavesGateOff
[  PASS  ] DiagGate.AnnounceAndLegendAreIdempotent
[  PASS  ] InteriorEdgeClass.SlotNotRefWinsOverEverything
[  PASS  ] InteriorEdgeClass.InStreamLiveIsRecoverFail
[  PASS  ] InteriorEdgeClass.InStreamDeadIsBaseUnmarked
[  PASS  ] InteriorEdgeClass.RecoverWithoutStream
[  PASS  ] InteriorEdgeClass.TruncatedWalkIsNotValueCorrupt
[  PASS  ] InteriorEdgeClass.ValueCorruptIsTheResidual
[  PASS  ] InteriorEdgeClass.FourKindsExhaustiveAndNamed
[  PASS  ] IsFromReg.TryDeleteFromFailsAfterPinRetype
[  PASS  ] IsFromReg.UnlistedGarbageClaimIsRefusedUntilPrepend
[  PASS  ] IsFromReg.TakeGarbageSkipsRawPointerHold
[  PASS  ] TypeFence.SizeIsOneWord
[  PASS  ] TypeFence.NullDefault
[  PASS  ] TypeFence.FromResolvedRoundTrip
[  PASS  ] TypeFence.CopyPreservesBits
[  PASS  ] TypeFence.MaybeFromIsNotConstructible
[  PASS  ] FillerObj.ExplicitOffLeavesZeroGapUnwalkable
[  PASS  ] FillerObj.EnabledWalkCrossesFilledGap
[  PASS  ] FillerObj.RouteReserveGapWalkableWhenEnabled
[  PASS  ] I2ReadRef.ForwardedFromReturnsTo
[  PASS  ] FwdReturn.IllegalTuplePositiveControlIncrementsBacking
[  PASS  ] FwdReturn.HealAndReturnSameAddressPasses
[  PASS  ] FwdReturn.HealAndReturnMismatchAborts
[  PASS  ] FnlzRoots.RegisteredFinalizerIsRawPointerButNotStrongRoot
[  PASS  ] FnlzRoots.VisitFinalizersCountMatchesRegister
[  PASS  ] MarkStackEntry.ObjectPoliciesAreIndependent
[  PASS  ] MarkStackEntry.PartialArrayIsASeparateKind
[  PASS  ] MarkStackEntry.StackSplitPreservesPolicy
[  PASS  ] MarkStripe.NoSmrPositiveControlCorruptsHead
[  PASS  ] MarkStripe.SmrHazardPreventsAbaReuse
[  PASS  ] MarkStripe.ConcurrentGlobalStealIsLiveAndLossless
[  PASS  ] PartialArray.EncodeDecodeRoundtrip
[  PASS  ] PartialArray.EmptyAndSingle
[  PASS  ] PartialArray.ThresholdExact
[  PASS  ] PartialArray.ThresholdMinusOne
[  PASS  ] PartialArray.ThresholdPlusOne
[  PASS  ] PartialArray.MultiChunk
[  PASS  ] PartialArray.BoundaryRefs
[  PASS  ] PartialArray.UnalignedStart
[  PASS  ] VerifyRoots.DefaultOffLeavesCorruptRootUnobserved
[  PASS  ] VerifyRoots.EnabledReportsColouredRootBeforeDereference
[  PASS  ] MemMapContract.NullAndInvalidInputsDoNotReachOS
[  PASS  ] MemMapContract.AccessorsBoundaryCommitProtectAndDestroy
[  PASS  ] MemMapContract.FallbackRegistryPreservesEveryAcquiredReservation
[  PASS  ] MemMapContract.BudgetRejectsBeforeReserve
[  PASS  ] MemMapContract.TwoNodeOwnershipRejectsCrossNodeFree
[  PASS  ] MemMapContract.RegionManagerInactiveAllocationUsesMemMapOwner
[========] 343 tests: 343 passed, 0 failed
GC_UNIT_RUN_DONE rc=0 wall_ms=277
TEST_RC=0
b65925b173194fb776fb3b0fd35443a8faf5312a1c3cbdc454e8cfbb53c04c6c  /root/cj_build/impl_relocation_receipt_queue6-full/src/runtime/tests/gc_unit/build_queue6_test/cj_gc_unit
TEST_FORWARD_TASK_BINDING_BEGIN
                 U MapleRuntime::ForwardTask<(MapleRuntime::Generation)1>::Execute(unsigned long)@CANGJIE
TEST_FORWARD_TASK_BINDING_END
2026-08-24T03:07:29+08:00
 03:07:29 up 33 days,  4:17,  1 user,  load average: 2.61, 4.33, 3.49
FINAL_RC=0
