Consolidate compiler generated dependencies of target cjthreadmodel
Consolidate compiler generated dependencies of target CjFileLoader
Consolidate compiler generated dependencies of target boundscheck
Consolidate compiler generated dependencies of target Concurrency
Consolidate compiler generated dependencies of target BinaryFile
Consolidate compiler generated dependencies of target CjFile
Consolidate compiler generated dependencies of target Loader
[  0%] Checking that HeapSlot compare-exchange writes stay inside HealSlot
Consolidate compiler generated dependencies of target Base
Consolidate compiler generated dependencies of target CjSemanticVersion
Consolidate compiler generated dependencies of target Inspector
[  0%] Built target cjNativeStartAndEnd
Consolidate compiler generated dependencies of target Exception
[  1%] Checking that a diagnostic documenting a gate is not an all-no-op implementation
Consolidate compiler generated dependencies of target Heap
Consolidate compiler generated dependencies of target Common
[  1%] Built target cjthreadmodel
[  1%] Built target BinaryFile
[ 15%] Built target Loader
[ 18%] Built target Concurrency
[ 21%] Built target boundscheck
[ 26%] Built target CjFile
[ 27%] Built target Base
[ 27%] Built target CjSemanticVersion
[ 27%] Built target Inspector
[ 29%] Built target CjFileLoader
[ 30%] Built target Exception
[ 30%] Building CXX object src/Common/CMakeFiles/Common.dir/BaseObject.cpp.o
[ 32%] Built target Heap
Consolidate compiler generated dependencies of target Barrier
Consolidate compiler generated dependencies of target Sync
Consolidate compiler generated dependencies of target Allocator
Consolidate compiler generated dependencies of target Sanitizer
Consolidate compiler generated dependencies of target CpuProfiler
Consolidate compiler generated dependencies of target Signal
Consolidate compiler generated dependencies of target Interpreter
In file included from /root/impl_gcunit3-aa48-run/runtime/src/Common/BaseObject.h:11,
                 from /root/impl_gcunit3-aa48-run/runtime/src/Common/BaseObject.cpp:9:
/root/impl_gcunit3-aa48-run/runtime/src/Common/StateWord.h: In member function ‘void MapleRuntime::ObjectState::SetStateCode(MapleRuntime::ObjectState::ObjectStateCode)’:
/root/impl_gcunit3-aa48-run/runtime/src/Common/StateWord.h:46:60: warning: conversion from ‘uint16_t’ {aka ‘short unsigned int’} to ‘unsigned char:2’ may change value [-Wconversion]
   46 |     void SetStateCode(ObjectStateCode state) { stateCode = static_cast<uint16_t>(state); }
      |                                                            ^~~~~~~~~~~~~~~~~~~~~~~~~~~~
In file included from /root/impl_gcunit3-aa48-run/runtime/src/ObjectModel/MClass.h:21,
                 from /root/impl_gcunit3-aa48-run/runtime/src/ObjectModel/MClass.inline.h:13,
                 from /root/impl_gcunit3-aa48-run/runtime/src/Common/BaseObject.h:13,
                 from /root/impl_gcunit3-aa48-run/runtime/src/Common/BaseObject.cpp:9:
/root/impl_gcunit3-aa48-run/runtime/src/ObjectModel/FieldInfo.h: At global scope:
/root/impl_gcunit3-aa48-run/runtime/src/ObjectModel/FieldInfo.h:45:33: warning: ‘unused’ attribute ignored [-Wattributes]
   45 |     U32 __attribute__((unused)) slot;
      |                                 ^~~~
In file included from /root/impl_gcunit3-aa48-run/runtime/src/ObjectModel/MClass.h:23,
                 from /root/impl_gcunit3-aa48-run/runtime/src/ObjectModel/MClass.inline.h:13,
                 from /root/impl_gcunit3-aa48-run/runtime/src/Common/BaseObject.h:13,
                 from /root/impl_gcunit3-aa48-run/runtime/src/Common/BaseObject.cpp:9:
/root/impl_gcunit3-aa48-run/runtime/src/ObjectModel/PackageInfo.h:64:38: warning: ‘unused’ attribute ignored [-Wattributes]
   64 |     U8 __attribute__((unused)) slot[7];
      |                                      ^
In file included from /root/impl_gcunit3-aa48-run/runtime/src/ObjectModel/MClass.inline.h:13,
                 from /root/impl_gcunit3-aa48-run/runtime/src/Common/BaseObject.h:13,
                 from /root/impl_gcunit3-aa48-run/runtime/src/Common/BaseObject.cpp:9:
/root/impl_gcunit3-aa48-run/runtime/src/ObjectModel/MClass.h: In member function ‘void MapleRuntime::ShortGCTib::ForEachBitmapWordInRange(MapleRuntime::MAddress, const RefFieldVisitor&, MapleRuntime::MAddress, MapleRuntime::MAddress) const’:
/root/impl_gcunit3-aa48-run/runtime/src/ObjectModel/MClass.h:254:48: warning: conversion from ‘MapleRuntime::MAddress’ {aka ‘long unsigned int’} to ‘MapleRuntime::U32’ {aka ‘unsigned int’} may change value [-Wconversion]
  254 |         U32 startPos = (rangeStart - baseAddr) / sizeof(RefField<>);
      |                        ~~~~~~~~~~~~~~~~~~~~~~~~^~~~~~~~~~~~~~~~~~~~
/root/impl_gcunit3-aa48-run/runtime/src/ObjectModel/MClass.h: In member function ‘void MapleRuntime::StdGCTib::ForEachBitmapWordInRange(MapleRuntime::MAddress, const RefFieldVisitor&, MapleRuntime::MAddress, MapleRuntime::MAddress) const’:
/root/impl_gcunit3-aa48-run/runtime/src/ObjectModel/MClass.h:339:53: warning: conversion from ‘MapleRuntime::MAddress’ {aka ‘long unsigned int’} to ‘MapleRuntime::U32’ {aka ‘unsigned int’} may change value [-Wconversion]
  339 |         U32 startIndex = (rangeStart - contentAddr) / mapWordSize;
      |                          ~~~~~~~~~~~~~~~~~~~~~~~~~~~^~~~~~~~~~~~~
/root/impl_gcunit3-aa48-run/runtime/src/ObjectModel/MClass.h: At global scope:
/root/impl_gcunit3-aa48-run/runtime/src/ObjectModel/MClass.h:860:33: warning: ‘unused’ attribute ignored [-Wattributes]
  860 |     U16 __attribute__((unused)) slot;
      |                                 ^~~~
In file included from /root/impl_gcunit3-aa48-run/runtime/src/StackMap/DerivedPtr.h:11,
                 from /root/impl_gcunit3-aa48-run/runtime/src/StackMap/CompressedStackMap.h:15,
                 from /root/impl_gcunit3-aa48-run/runtime/src/StackMap/StackMap.h:11,
                 from /root/impl_gcunit3-aa48-run/runtime/src/StackManager.h:15,
                 from /root/impl_gcunit3-aa48-run/runtime/src/Base/Panic.h:15,
                 from /root/impl_gcunit3-aa48-run/runtime/src/Heap/Allocator/RegionInfo.h:33,
                 from /root/impl_gcunit3-aa48-run/runtime/src/Common/BaseObject.cpp:10:
/root/impl_gcunit3-aa48-run/runtime/src/StackMap/StackMapTable.h: In member function ‘MapleRuntime::U32 MapleRuntime::BitsManager::GetBits(MapleRuntime::U32) const’:
/root/impl_gcunit3-aa48-run/runtime/src/StackMap/StackMapTable.h:56:49: warning: conversion from ‘MapleRuntime::U64’ {aka ‘long unsigned int’} to ‘MapleRuntime::U32’ {aka ‘unsigned int’} may change value [-Wconversion]
   56 |         return ((ConnectBytesToU64() >> bitPos) & bitsMask);
      |                ~~~~~~~~~~~~~~~~~~~~~~~~~~~~~~~~~^~~~~~~~~~~
In file included from /root/impl_gcunit3-aa48-run/runtime/src/StackMap/StackMap.h:11,
                 from /root/impl_gcunit3-aa48-run/runtime/src/StackManager.h:15,
                 from /root/impl_gcunit3-aa48-run/runtime/src/Base/Panic.h:15,
                 from /root/impl_gcunit3-aa48-run/runtime/src/Heap/Allocator/RegionInfo.h:33,
                 from /root/impl_gcunit3-aa48-run/runtime/src/Common/BaseObject.cpp:10:
/root/impl_gcunit3-aa48-run/runtime/src/StackMap/CompressedStackMap.h: In member function ‘MapleRuntime::StackMapInvalidReason MapleRuntime::CompressedStackMapHead::GetInvalidReason(MapleRuntime::Uptr, MapleRuntime::Uptr) const’:
/root/impl_gcunit3-aa48-run/runtime/src/StackMap/CompressedStackMap.h:182:16: warning: switch missing default case [-Wswitch-default]
  182 |         switch (stackMapTable.GetLookupResult(startPC, framePC)) {
      |                ^
In file included from /root/impl_gcunit3-aa48-run/runtime/src/Heap/Heap.h:16,
                 from /root/impl_gcunit3-aa48-run/runtime/src/Heap/Collector/ForwardDataManager.h:12,
                 from /root/impl_gcunit3-aa48-run/runtime/src/Heap/Allocator/RegionInfo.h:35,
                 from /root/impl_gcunit3-aa48-run/runtime/src/Common/BaseObject.cpp:10:
/root/impl_gcunit3-aa48-run/runtime/src/Heap/Collector/Collector.h: In member function ‘const char* MapleRuntime::FindToVersionResult::unavailable_route_name() const’:
/root/impl_gcunit3-aa48-run/runtime/src/Heap/Collector/Collector.h:126:16: warning: switch missing default case [-Wswitch-default]
  126 |         switch (unavailableRoute) {
      |                ^
In file included from /root/impl_gcunit3-aa48-run/runtime/src/Heap/Collector/ForwardDataManager.h:25,
                 from /root/impl_gcunit3-aa48-run/runtime/src/Heap/Allocator/RegionInfo.h:35,
                 from /root/impl_gcunit3-aa48-run/runtime/src/Common/BaseObject.cpp:10:
/root/impl_gcunit3-aa48-run/runtime/src/Heap/Collector/LiveInfo.h: In member function ‘void MapleRuntime::RegionBitmap::AddLiveBytesForMask(const MapleRuntime::RegionBitmap::BitMaskInfo&, size_t, size_t)’:
/root/impl_gcunit3-aa48-run/runtime/src/Heap/Collector/LiveInfo.h:138:51: warning: conversion from ‘long unsigned int’ to ‘uint8_t’ {aka ‘unsigned char’} may change value [-Wconversion]
  138 |         uint8_t calFactor = factor > markWordSize ? markWordSize : factor;
      |                             ~~~~~~~~~~~~~~~~~~~~~~^~~~~~~~~~~~~~~~~~~~~~~
/root/impl_gcunit3-aa48-run/runtime/src/Heap/Collector/LiveInfo.h: In lambda function:
/root/impl_gcunit3-aa48-run/runtime/src/Heap/Collector/LiveInfo.h:144:37: warning: conversion from ‘int’ to ‘std::__atomic_base<short unsigned int>::__int_type’ {aka ‘short unsigned int’} may change value [-Wconversion]
  144 |                 __builtin_popcountll(mask & kLiveBitMask));
      |                 ~~~~~~~~~~~~~~~~~~~~^~~~~~~~~~~~~~~~~~~~~
/root/impl_gcunit3-aa48-run/runtime/src/Heap/Collector/LiveInfo.h: In static member function ‘static void MapleRuntime::RegionBitmap::GetPreMaskInfo(size_t, size_t, MapleRuntime::RegionBitmap::PreMaskInfo&)’:
/root/impl_gcunit3-aa48-run/runtime/src/Heap/Collector/LiveInfo.h:246:51: warning: conversion from ‘long unsigned int’ to ‘uint8_t’ {aka ‘unsigned char’} may change value [-Wconversion]
  246 |         uint8_t calFactor = factor > markWordSize ? markWordSize : factor;
      |                             ~~~~~~~~~~~~~~~~~~~~~~^~~~~~~~~~~~~~~~~~~~~~~
/root/impl_gcunit3-aa48-run/runtime/src/Heap/Collector/LiveInfo.h:251:74: warning: conversion from ‘long unsigned int’ to ‘int8_t’ {aka ‘signed char’} may change value [-Wconversion]
  251 |         maskInfo.partIndex = maskInfo.index / (markWordSize / calFactor) - 1;
      |                              ~~~~~~~~~~~~~~~~~~~~~~~~~~~~~~~~~~~~~~~~~~~~^~~
In file included from /root/impl_gcunit3-aa48-run/runtime/src/Heap/Allocator/RegionInfo.h:36,
                 from /root/impl_gcunit3-aa48-run/runtime/src/Common/BaseObject.cpp:10:
/root/impl_gcunit3-aa48-run/runtime/src/Heap/Collector/ZForwardingLife.h: In static member function ‘static bool MapleRuntime::ZForwardingLife::begin_copy(std::atomic<int>&)’:
/root/impl_gcunit3-aa48-run/runtime/src/Heap/Collector/ZForwardingLife.h:192:20: warning: switch missing default case [-Wswitch-default]
  192 |             switch (copy_admission_state(word)) {
      |                    ^
In file included from /root/impl_gcunit3-aa48-run/runtime/src/Heap/Allocator/RegionInfo.h:42,
                 from /root/impl_gcunit3-aa48-run/runtime/src/Common/BaseObject.cpp:10:
/root/impl_gcunit3-aa48-run/runtime/src/Heap/Verify/AllocPhaseDiag.h: At global scope:
/root/impl_gcunit3-aa48-run/runtime/src/Heap/Verify/AllocPhaseDiag.h:57:1: warning: inline variables are only available with ‘-std=c++17’ or ‘-std=gnu++17’
   57 | inline Slot g_table[kCap] = {};
      | ^~~~~~
/root/impl_gcunit3-aa48-run/runtime/src/Heap/Verify/AllocPhaseDiag.h:58:1: warning: inline variables are only available with ‘-std=c++17’ or ‘-std=gnu++17’
   58 | inline NearEntry g_near[kNearCap] = {};
      | ^~~~~~
In file included from /root/impl_gcunit3-aa48-run/runtime/src/Common/BaseObject.cpp:10:
/root/impl_gcunit3-aa48-run/runtime/src/Heap/Allocator/RegionInfo.h: In member function ‘bool MapleRuntime::RegionInfo::ResurrectObject(const MapleRuntime::BaseObject*, size_t)’:
/root/impl_gcunit3-aa48-run/runtime/src/Heap/Allocator/RegionInfo.h:1568:35: warning: conversion from ‘size_t’ {aka ‘long unsigned int’} to ‘MapleRuntime::U32’ {aka ‘unsigned int’} may change value [-Wconversion]
 1568 |         U32 objSize = obj->GetSize();
      |                       ~~~~~~~~~~~~^~
/root/impl_gcunit3-aa48-run/runtime/src/Heap/Allocator/RegionInfo.h: In member function ‘bool MapleRuntime::RegionInfo::EnqueueObject(const MapleRuntime::BaseObject*, size_t)’:
/root/impl_gcunit3-aa48-run/runtime/src/Heap/Allocator/RegionInfo.h:1604:35: warning: conversion from ‘size_t’ {aka ‘long unsigned int’} to ‘MapleRuntime::U32’ {aka ‘unsigned int’} may change value [-Wconversion]
 1604 |         U32 objSize = obj->GetSize();
      |                       ~~~~~~~~~~~~^~
In file included from /root/impl_gcunit3-aa48-run/runtime/src/Base/Log.h:19,
                 from /root/impl_gcunit3-aa48-run/runtime/src/Common/BaseObject.cpp:8:
/root/impl_gcunit3-aa48-run/runtime/src/Heap/Allocator/RegionInfo.h: In member function ‘MapleRuntime::RegionInfo::UnitInfo& MapleRuntime::RegionInfo::UnitInfo::UnitInfoArray::operator[](size_t)’:
/root/impl_gcunit3-aa48-run/runtime/src/Heap/Allocator/RegionInfo.h:4013:29: warning: comparison of unsigned expression in ‘>= 0’ is always true [-Wtype-limits]
 4013 |                 CHECK(index >= 0 && index < size);
      |                       ~~~~~~^~~~
/root/impl_gcunit3-aa48-run/runtime/src/Base/Macros.h:54:62: note: in definition of macro ‘UNLIKELY’
   54 | #define UNLIKELY(exp) (__builtin_expect(static_cast<long>(!!(exp)), 0))
      |                                                              ^~~
/root/impl_gcunit3-aa48-run/runtime/src/Heap/Allocator/RegionInfo.h:4013:17: note: in expansion of macro ‘CHECK’
 4013 |                 CHECK(index >= 0 && index < size);
      |                 ^~~~~
In file included from /root/impl_gcunit3-aa48-run/runtime/src/ObjectModel/PackageInfo.h:16,
                 from /root/impl_gcunit3-aa48-run/runtime/src/ObjectModel/MClass.h:23,
                 from /root/impl_gcunit3-aa48-run/runtime/src/ObjectModel/MClass.inline.h:13,
                 from /root/impl_gcunit3-aa48-run/runtime/src/Common/BaseObject.h:13,
                 from /root/impl_gcunit3-aa48-run/runtime/src/Common/BaseObject.cpp:9:
/root/impl_gcunit3-aa48-run/runtime/src/Base/Globals.h: In instantiation of ‘constexpr T MapleRuntime::AlignUp(T, T) [with T = short unsigned int]’:
/root/impl_gcunit3-aa48-run/runtime/src/Common/PageAllocator.h:106:56:   required from here
/root/impl_gcunit3-aa48-run/runtime/src/Base/Globals.h:75:36: warning: conversion from ‘int’ to ‘short unsigned int’ may change value [-Wconversion]
   75 |     return ((size + alignment - 1) & ~static_cast<T>(alignment - 1));
      |            ~~~~~~~~~~~~~~~~~~~~~~~~^~~~~~~~~~~~~~~~~~~~~~~~~~~~~~~~~
In file included from /root/impl_gcunit3-aa48-run/runtime/src/Heap/Collector/FinalizerProcessor.h:17,
                 from /root/impl_gcunit3-aa48-run/runtime/src/Common/BaseObject.cpp:12:
/root/impl_gcunit3-aa48-run/runtime/src/Common/PageAllocator.h: In member function ‘void MapleRuntime::PageAllocator::InitPage(MapleRuntime::PageAllocator::Page&)’:
/root/impl_gcunit3-aa48-run/runtime/src/Common/PageAllocator.h:186:64: warning: conversion from ‘long unsigned int’ to ‘uint16_t’ {aka ‘short unsigned int’} may change value [-Wconversion]
  186 |         page.free = (AllocatorUtils::ALLOC_PAGE_SIZE - offset) / slotAlignment;
      |                     ~~~~~~~~~~~~~~~~~~~~~~~~~~~~~~~~~~~~~~~~~~~^~~~~~~~~~~~~~~
In file included from /root/impl_gcunit3-aa48-run/runtime/src/StackManager.h:13,
                 from /root/impl_gcunit3-aa48-run/runtime/src/Base/Panic.h:15,
                 from /root/impl_gcunit3-aa48-run/runtime/src/Heap/Allocator/RegionInfo.h:33,
                 from /root/impl_gcunit3-aa48-run/runtime/src/Common/BaseObject.cpp:10:
/root/impl_gcunit3-aa48-run/runtime/src/Common/StackType.h: At global scope:
/root/impl_gcunit3-aa48-run/runtime/src/Common/StackType.h:251:24: warning: ‘virtual MapleRuntime::FrameInfo& MapleRuntime::FrameInfo::operator=(const MapleRuntime::FrameInfo&)’ was hidden [-Woverloaded-virtual]
  251 |     virtual FrameInfo& operator=(const FrameInfo& frame)
      |                        ^~~~~~~~
In file included from /root/impl_gcunit3-aa48-run/runtime/src/Exception/Exception.h:18,
                 from /root/impl_gcunit3-aa48-run/runtime/src/Mutator/Mutator.h:15,
                 from /root/impl_gcunit3-aa48-run/runtime/src/Common/BaseObject.cpp:14:
/root/impl_gcunit3-aa48-run/runtime/src/Exception/EhFrameInfo.h:44:7: note:   by ‘MapleRuntime::EHFrameInfo& MapleRuntime::EHFrameInfo::operator=(const MapleRuntime::EHFrameInfo&)’
   44 | class EHFrameInfo : public FrameInfo, public IEHFrameInfo {
      |       ^~~~~~~~~~~
/root/impl_gcunit3-aa48-run/runtime/src/Exception/EhFrameInfo.h: In static member function ‘static uint32_t MapleRuntime::EHFrameInfo::ReadVarInt(MapleRuntime::Uptr**, uint32_t&)’:
/root/impl_gcunit3-aa48-run/runtime/src/Exception/EhFrameInfo.h:221:77: warning: conversion from ‘MapleRuntime::Uptr’ {aka ‘long unsigned int’} to ‘uint32_t’ {aka ‘unsigned int’} may change value [-Wconversion]
  221 |         res = (*reinterpret_cast<ArchUInt*>(*point) >> (tagLen * validPos)) & bitsMask;
      |               ~~~~~~~~~~~~~~~~~~~~~~~~~~~~~~~~~~~~~~~~~~~~~~~~~~~~~~~~~~~~~~^~~~~~~~~~
In file included from /root/impl_gcunit3-aa48-run/runtime/src/Common/BaseObject.cpp:14:
/root/impl_gcunit3-aa48-run/runtime/src/Mutator/Mutator.h: In member function ‘void MapleRuntime::Mutator::InitTid()’:
/root/impl_gcunit3-aa48-run/runtime/src/Mutator/Mutator.h:134:50: warning: conversion from ‘uint64_t’ {aka ‘long unsigned int’} to ‘uint32_t’ {aka ‘unsigned int’} may change value [-Wconversion]
  134 |         tid = ThreadLocal::GetThreadLocalData()->tid;
      |               ~~~~~~~~~~~~~~~~~~~~~~~~~~~~~~~~~~~^~~
In file included from /root/impl_gcunit3-aa48-run/runtime/src/Common/BaseObject.cpp:16:
/root/impl_gcunit3-aa48-run/runtime/src/ObjectModel/MArray.inline.h: In member function ‘MapleRuntime::BaseObject* MapleRuntime::MArray::GetRefElement(MapleRuntime::MIndex)’:
/root/impl_gcunit3-aa48-run/runtime/src/ObjectModel/MArray.inline.h:62:62: warning: conversion from ‘size_t’ {aka ‘long unsigned int’} to ‘MapleRuntime::U32’ {aka ‘unsigned int’} may change value [-Wconversion]
   62 |     RefField<>& ref = GetRefField(MArray::GetContentOffset() + RefField<>::GetSize() * index);
      |                                   ~~~~~~~~~~~~~~~~~~~~~~~~~~~^~~~~~~~~~~~~~~~~~~~~~~~~~~~~~~
/root/impl_gcunit3-aa48-run/runtime/src/ObjectModel/MArray.inline.h: In member function ‘void MapleRuntime::MArray::SetRefElement(MapleRuntime::MIndex, MapleRuntime::ObjectPtr)’:
/root/impl_gcunit3-aa48-run/runtime/src/ObjectModel/MArray.inline.h:68:62: warning: conversion from ‘size_t’ {aka ‘long unsigned int’} to ‘MapleRuntime::U32’ {aka ‘unsigned int’} may change value [-Wconversion]
   68 |     RefField<>& ref = GetRefField(MArray::GetContentOffset() + RefField<>::GetSize() * index);
      |                                   ~~~~~~~~~~~~~~~~~~~~~~~~~~~^~~~~~~~~~~~~~~~~~~~~~~~~~~~~~~
/root/impl_gcunit3-aa48-run/runtime/src/ObjectModel/MArray.inline.h: In static member function ‘static MapleRuntime::MArray* MapleRuntime::MArray::NewArray(MapleRuntime::MIndex, MapleRuntime::TypeInfo&, MapleRuntime::AllocType)’:
/root/impl_gcunit3-aa48-run/runtime/src/ObjectModel/MArray.inline.h:114:59: warning: conversion from ‘long unsigned int’ to ‘MapleRuntime::U32’ {aka ‘unsigned int’} may change value [-Wconversion]
  114 |         newArray = NewKnownWidthArray(nElems, arrayClass, elemBits, allocType);
      |                                                           ^~~~~~~~
/root/impl_gcunit3-aa48-run/runtime/src/ObjectModel/MArray.inline.h: In static member function ‘static MapleRuntime::MArray* MapleRuntime::MArray::NewKnownWidthArray(MapleRuntime::MIndex, MapleRuntime::TypeInfo&, MapleRuntime::U32, MapleRuntime::AllocType)’:
/root/impl_gcunit3-aa48-run/runtime/src/ObjectModel/MArray.inline.h:145:53: warning: conversion from ‘MapleRuntime::MIndex’ {aka ‘long unsigned int’} to ‘MapleRuntime::MSize’ {aka ‘unsigned int’} may change value [-Wconversion]
  145 |             return InitializeLargeRefArray(address, arraySize, nElems, arrayClass);
      |                                                     ^~~~~~~~~
In file included from /root/impl_gcunit3-aa48-run/runtime/src/Common/BaseObject.cpp:18:
/root/impl_gcunit3-aa48-run/runtime/src/ObjectModel/MObject.inline.h: In member function ‘MapleRuntime::MObject* MapleRuntime::MObject::LoadRef(size_t)’:
/root/impl_gcunit3-aa48-run/runtime/src/ObjectModel/MObject.inline.h:70:42: warning: conversion from ‘size_t’ {aka ‘long unsigned int’} to ‘MapleRuntime::U32’ {aka ‘unsigned int’} may change value [-Wconversion]
   70 |     RefField<>& ref = GetRefField<false>(offset);
      |                                          ^~~~~~
/root/impl_gcunit3-aa48-run/runtime/src/ObjectModel/MObject.inline.h: In member function ‘void MapleRuntime::MObject::StoreRef(size_t, MapleRuntime::MObject*)’:
/root/impl_gcunit3-aa48-run/runtime/src/ObjectModel/MObject.inline.h:76:42: warning: conversion from ‘size_t’ {aka ‘long unsigned int’} to ‘MapleRuntime::U32’ {aka ‘unsigned int’} may change value [-Wconversion]
   76 |     RefField<>& ref = GetRefField<false>(offset);
      |                                          ^~~~~~
/root/impl_gcunit3-aa48-run/runtime/src/Common/BaseObject.cpp: At global scope:
/root/impl_gcunit3-aa48-run/runtime/src/Common/BaseObject.cpp:273:37: warning: ‘g_cjLoadGoodMask’ initialized and declared ‘extern’
  273 | extern "C" MRT_EXPORT unsigned long g_cjLoadGoodMask = kLoadGood0;
      |                                     ^~~~~~~~~~~~~~~~
/root/impl_gcunit3-aa48-run/runtime/src/Common/BaseObject.cpp:275:26: warning: ‘g_cjLoadBadMask’ initialized and declared ‘extern’
  275 | extern "C" unsigned long g_cjLoadBadMask = kLoadBad0;
      |                          ^~~~~~~~~~~~~~~
/root/impl_gcunit3-aa48-run/runtime/src/Common/BaseObject.cpp:277:37: warning: ‘g_cjMarkBadMask’ initialized and declared ‘extern’
  277 | extern "C" MRT_EXPORT unsigned long g_cjMarkBadMask = kMarkBad0;
      |                                     ^~~~~~~~~~~~~~~
/root/impl_gcunit3-aa48-run/runtime/src/Common/BaseObject.cpp:279:37: warning: ‘g_cjStoreBadMask’ initialized and declared ‘extern’
  279 | extern "C" MRT_EXPORT unsigned long g_cjStoreBadMask = kStoreBad0;
      |                                     ^~~~~~~~~~~~~~~~
/root/impl_gcunit3-aa48-run/runtime/src/Common/BaseObject.cpp:281:37: warning: ‘g_cjStoreGoodMask’ initialized and declared ‘extern’
  281 | extern "C" MRT_EXPORT unsigned long g_cjStoreGoodMask = kStoreGood0;
      |                                     ^~~~~~~~~~~~~~~~~
In file included from /root/impl_gcunit3-aa48-run/runtime/src/Common/BaseObject.cpp:10:
/root/impl_gcunit3-aa48-run/runtime/src/Heap/Allocator/RegionInfo.h: In instantiation of ‘bool MapleRuntime::RegionInfo::MarkObject(MapleRuntime::MarkView<G>, const MapleRuntime::BaseObject*) [with MapleRuntime::Generation G = MapleRuntime::Generation::Young]’:
/root/impl_gcunit3-aa48-run/runtime/src/Heap/Allocator/RegionInfo.h:1541:30:   required from here
/root/impl_gcunit3-aa48-run/runtime/src/Heap/Allocator/RegionInfo.h:1478:35: warning: conversion from ‘size_t’ {aka ‘long unsigned int’} to ‘MapleRuntime::U32’ {aka ‘unsigned int’} may change value [-Wconversion]
 1478 |         U32 objSize = obj->GetSize();
      |                       ~~~~~~~~~~~~^~
/root/impl_gcunit3-aa48-run/runtime/src/Heap/Allocator/RegionInfo.h: In instantiation of ‘bool MapleRuntime::RegionInfo::MarkObject(MapleRuntime::MarkView<G>, const MapleRuntime::BaseObject*) [with MapleRuntime::Generation G = MapleRuntime::Generation::Old]’:
/root/impl_gcunit3-aa48-run/runtime/src/Heap/Allocator/RegionInfo.h:1543:26:   required from here
/root/impl_gcunit3-aa48-run/runtime/src/Heap/Allocator/RegionInfo.h:1478:35: warning: conversion from ‘size_t’ {aka ‘long unsigned int’} to ‘MapleRuntime::U32’ {aka ‘unsigned int’} may change value [-Wconversion]
cc1plus: note: unrecognized command-line option ‘-Wno-shorten-64-to-32’ may have been intended to silence earlier diagnostics
cc1plus: note: unrecognized command-line option ‘-Wno-implicit-int-float-conversion’ may have been intended to silence earlier diagnostics
cc1plus: note: unrecognized command-line option ‘-Wno-implicit-int-conversion’ may have been intended to silence earlier diagnostics
cc1plus: note: unrecognized command-line option ‘-Wno-unused-command-line-argument’ may have been intended to silence earlier diagnostics
Consolidate compiler generated dependencies of target ObjectModel
Consolidate compiler generated dependencies of target Mutator
Consolidate compiler generated dependencies of target WCollector
Consolidate compiler generated dependencies of target UnwindStack
[ 33%] Built target Barrier
[ 33%] Linking CXX static library ../../../output/temp/ar/x86_64_Release/libCommon.a
[ 35%] Built target Sync
[ 38%] Built target Allocator
[ 40%] Built target Interpreter
[ 41%] Built target CpuProfiler
Consolidate compiler generated dependencies of target Collector
[ 43%] Built target Signal
[ 43%] Building CXX object src/Mutator/CMakeFiles/Mutator.dir/Mutator.cpp.o
[ 43%] Building CXX object src/ObjectModel/CMakeFiles/ObjectModel.dir/MArray.cpp.o
[ 43%] Built target Sanitizer
[ 50%] Built target UnwindStack
[ 50%] Building CXX object src/Heap/WCollector/CMakeFiles/WCollector.dir/__/Collector/Relocate.cpp.o
DIAG_HOLLOW_GUARD PASS gated_subsystems=32
In file included from /root/impl_gcunit3-aa48-run/runtime/src/Common/BaseObject.h:11,
                 from /root/impl_gcunit3-aa48-run/runtime/src/UnwindStack/StackInfo.h:13,
                 from /root/impl_gcunit3-aa48-run/runtime/src/UnwindStack/GcStackInfo.h:12,
                 from /root/impl_gcunit3-aa48-run/runtime/src/Inspector/CjAllocData.h:10,
                 from /root/impl_gcunit3-aa48-run/runtime/src/ObjectModel/MArray.inline.h:11,
                 from /root/impl_gcunit3-aa48-run/runtime/src/ObjectModel/MArray.cpp:8:
/root/impl_gcunit3-aa48-run/runtime/src/Common/StateWord.h: In member function ‘void MapleRuntime::ObjectState::SetStateCode(MapleRuntime::ObjectState::ObjectStateCode)’:
/root/impl_gcunit3-aa48-run/runtime/src/Common/StateWord.h:46:60: warning: conversion from ‘uint16_t’ {aka ‘short unsigned int’} to ‘unsigned char:2’ may change value [-Wconversion]
   46 |     void SetStateCode(ObjectStateCode state) { stateCode = static_cast<uint16_t>(state); }
      |                                                            ^~~~~~~~~~~~~~~~~~~~~~~~~~~~
In file included from /root/impl_gcunit3-aa48-run/runtime/src/ObjectModel/MClass.h:21,
                 from /root/impl_gcunit3-aa48-run/runtime/src/ObjectModel/MClass.inline.h:13,
                 from /root/impl_gcunit3-aa48-run/runtime/src/Common/BaseObject.h:13,
                 from /root/impl_gcunit3-aa48-run/runtime/src/UnwindStack/StackInfo.h:13,
                 from /root/impl_gcunit3-aa48-run/runtime/src/UnwindStack/GcStackInfo.h:12,
                 from /root/impl_gcunit3-aa48-run/runtime/src/Inspector/CjAllocData.h:10,
                 from /root/impl_gcunit3-aa48-run/runtime/src/ObjectModel/MArray.inline.h:11,
                 from /root/impl_gcunit3-aa48-run/runtime/src/ObjectModel/MArray.cpp:8:
/root/impl_gcunit3-aa48-run/runtime/src/ObjectModel/FieldInfo.h: At global scope:
/root/impl_gcunit3-aa48-run/runtime/src/ObjectModel/FieldInfo.h:45:33: warning: ‘unused’ attribute ignored [-Wattributes]
   45 |     U32 __attribute__((unused)) slot;
      |                                 ^~~~
In file included from /root/impl_gcunit3-aa48-run/runtime/src/ObjectModel/MClass.h:23,
                 from /root/impl_gcunit3-aa48-run/runtime/src/ObjectModel/MClass.inline.h:13,
                 from /root/impl_gcunit3-aa48-run/runtime/src/Common/BaseObject.h:13,
                 from /root/impl_gcunit3-aa48-run/runtime/src/UnwindStack/StackInfo.h:13,
                 from /root/impl_gcunit3-aa48-run/runtime/src/UnwindStack/GcStackInfo.h:12,
                 from /root/impl_gcunit3-aa48-run/runtime/src/Inspector/CjAllocData.h:10,
                 from /root/impl_gcunit3-aa48-run/runtime/src/ObjectModel/MArray.inline.h:11,
                 from /root/impl_gcunit3-aa48-run/runtime/src/ObjectModel/MArray.cpp:8:
/root/impl_gcunit3-aa48-run/runtime/src/ObjectModel/PackageInfo.h:64:38: warning: ‘unused’ attribute ignored [-Wattributes]
   64 |     U8 __attribute__((unused)) slot[7];
      |                                      ^
In file included from /root/impl_gcunit3-aa48-run/runtime/src/ObjectModel/MClass.inline.h:13,
                 from /root/impl_gcunit3-aa48-run/runtime/src/Common/BaseObject.h:13,
                 from /root/impl_gcunit3-aa48-run/runtime/src/UnwindStack/StackInfo.h:13,
                 from /root/impl_gcunit3-aa48-run/runtime/src/UnwindStack/GcStackInfo.h:12,
                 from /root/impl_gcunit3-aa48-run/runtime/src/Inspector/CjAllocData.h:10,
                 from /root/impl_gcunit3-aa48-run/runtime/src/ObjectModel/MArray.inline.h:11,
                 from /root/impl_gcunit3-aa48-run/runtime/src/ObjectModel/MArray.cpp:8:
/root/impl_gcunit3-aa48-run/runtime/src/ObjectModel/MClass.h: In member function ‘void MapleRuntime::ShortGCTib::ForEachBitmapWordInRange(MapleRuntime::MAddress, const RefFieldVisitor&, MapleRuntime::MAddress, MapleRuntime::MAddress) const’:
/root/impl_gcunit3-aa48-run/runtime/src/ObjectModel/MClass.h:254:48: warning: conversion from ‘MapleRuntime::MAddress’ {aka ‘long unsigned int’} to ‘MapleRuntime::U32’ {aka ‘unsigned int’} may change value [-Wconversion]
  254 |         U32 startPos = (rangeStart - baseAddr) / sizeof(RefField<>);
      |                        ~~~~~~~~~~~~~~~~~~~~~~~~^~~~~~~~~~~~~~~~~~~~
/root/impl_gcunit3-aa48-run/runtime/src/ObjectModel/MClass.h: In member function ‘void MapleRuntime::StdGCTib::ForEachBitmapWordInRange(MapleRuntime::MAddress, const RefFieldVisitor&, MapleRuntime::MAddress, MapleRuntime::MAddress) const’:
/root/impl_gcunit3-aa48-run/runtime/src/ObjectModel/MClass.h:339:53: warning: conversion from ‘MapleRuntime::MAddress’ {aka ‘long unsigned int’} to ‘MapleRuntime::U32’ {aka ‘unsigned int’} may change value [-Wconversion]
  339 |         U32 startIndex = (rangeStart - contentAddr) / mapWordSize;
      |                          ~~~~~~~~~~~~~~~~~~~~~~~~~~~^~~~~~~~~~~~~
/root/impl_gcunit3-aa48-run/runtime/src/ObjectModel/MClass.h: At global scope:
/root/impl_gcunit3-aa48-run/runtime/src/ObjectModel/MClass.h:860:33: warning: ‘unused’ attribute ignored [-Wattributes]
  860 |     U16 __attribute__((unused)) slot;
      |                                 ^~~~
In file included from /root/impl_gcunit3-aa48-run/runtime/src/StackMap/DerivedPtr.h:11,
                 from /root/impl_gcunit3-aa48-run/runtime/src/StackMap/CompressedStackMap.h:15,
                 from /root/impl_gcunit3-aa48-run/runtime/src/StackMap/StackMap.h:11,
                 from /root/impl_gcunit3-aa48-run/runtime/src/StackManager.h:15,
                 from /root/impl_gcunit3-aa48-run/runtime/src/Base/Panic.h:15,
                 from /root/impl_gcunit3-aa48-run/runtime/src/Inspector/FileStream.h:15,
                 from /root/impl_gcunit3-aa48-run/runtime/src/Inspector/HeapSnapshotJsonSerializer.h:13,
                 from /root/impl_gcunit3-aa48-run/runtime/src/Inspector/CjAllocData.h:12,
                 from /root/impl_gcunit3-aa48-run/runtime/src/ObjectModel/MArray.inline.h:11,
                 from /root/impl_gcunit3-aa48-run/runtime/src/ObjectModel/MArray.cpp:8:
/root/impl_gcunit3-aa48-run/runtime/src/StackMap/StackMapTable.h: In member function ‘MapleRuntime::U32 MapleRuntime::BitsManager::GetBits(MapleRuntime::U32) const’:
/root/impl_gcunit3-aa48-run/runtime/src/StackMap/StackMapTable.h:56:49: warning: conversion from ‘MapleRuntime::U64’ {aka ‘long unsigned int’} to ‘MapleRuntime::U32’ {aka ‘unsigned int’} may change value [-Wconversion]
   56 |         return ((ConnectBytesToU64() >> bitPos) & bitsMask);
      |                ~~~~~~~~~~~~~~~~~~~~~~~~~~~~~~~~~^~~~~~~~~~~
In file included from /root/impl_gcunit3-aa48-run/runtime/src/StackMap/StackMap.h:11,
                 from /root/impl_gcunit3-aa48-run/runtime/src/StackManager.h:15,
                 from /root/impl_gcunit3-aa48-run/runtime/src/Base/Panic.h:15,
                 from /root/impl_gcunit3-aa48-run/runtime/src/Inspector/FileStream.h:15,
                 from /root/impl_gcunit3-aa48-run/runtime/src/Inspector/HeapSnapshotJsonSerializer.h:13,
                 from /root/impl_gcunit3-aa48-run/runtime/src/Inspector/CjAllocData.h:12,
                 from /root/impl_gcunit3-aa48-run/runtime/src/ObjectModel/MArray.inline.h:11,
                 from /root/impl_gcunit3-aa48-run/runtime/src/ObjectModel/MArray.cpp:8:
/root/impl_gcunit3-aa48-run/runtime/src/StackMap/CompressedStackMap.h: In member function ‘MapleRuntime::StackMapInvalidReason MapleRuntime::CompressedStackMapHead::GetInvalidReason(MapleRuntime::Uptr, MapleRuntime::Uptr) const’:
/root/impl_gcunit3-aa48-run/runtime/src/StackMap/CompressedStackMap.h:182:16: warning: switch missing default case [-Wswitch-default]
  182 |         switch (stackMapTable.GetLookupResult(startPC, framePC)) {
      |                ^
In file included from /root/impl_gcunit3-aa48-run/runtime/src/Heap/Heap.h:16,
                 from /root/impl_gcunit3-aa48-run/runtime/src/ObjectModel/MArray.inline.h:15,
                 from /root/impl_gcunit3-aa48-run/runtime/src/ObjectModel/MArray.cpp:8:
/root/impl_gcunit3-aa48-run/runtime/src/Heap/Collector/Collector.h: In member function ‘const char* MapleRuntime::FindToVersionResult::unavailable_route_name() const’:
/root/impl_gcunit3-aa48-run/runtime/src/Heap/Collector/Collector.h:126:16: warning: switch missing default case [-Wswitch-default]
  126 |         switch (unavailableRoute) {
      |                ^
In file included from /root/impl_gcunit3-aa48-run/runtime/src/UnwindStack/StackInfo.h:14,
                 from /root/impl_gcunit3-aa48-run/runtime/src/UnwindStack/GcStackInfo.h:12,
                 from /root/impl_gcunit3-aa48-run/runtime/src/Inspector/CjAllocData.h:10,
                 from /root/impl_gcunit3-aa48-run/runtime/src/ObjectModel/MArray.inline.h:11,
                 from /root/impl_gcunit3-aa48-run/runtime/src/ObjectModel/MArray.cpp:8:
/root/impl_gcunit3-aa48-run/runtime/src/Common/StackType.h: At global scope:
/root/impl_gcunit3-aa48-run/runtime/src/Common/StackType.h:251:24: warning: ‘virtual MapleRuntime::FrameInfo& MapleRuntime::FrameInfo::operator=(const MapleRuntime::FrameInfo&)’ was hidden [-Woverloaded-virtual]
  251 |     virtual FrameInfo& operator=(const FrameInfo& frame)
      |                        ^~~~~~~~
In file included from /root/impl_gcunit3-aa48-run/runtime/src/Exception/Exception.h:18,
                 from /root/impl_gcunit3-aa48-run/runtime/src/Mutator/Mutator.h:15,
                 from /root/impl_gcunit3-aa48-run/runtime/src/HeapManager.inline.h:14,
                 from /root/impl_gcunit3-aa48-run/runtime/src/ObjectModel/MArray.inline.h:16,
                 from /root/impl_gcunit3-aa48-run/runtime/src/ObjectModel/MArray.cpp:8:
/root/impl_gcunit3-aa48-run/runtime/src/Exception/EhFrameInfo.h:44:7: note:   by ‘MapleRuntime::EHFrameInfo& MapleRuntime::EHFrameInfo::operator=(const MapleRuntime::EHFrameInfo&)’
   44 | class EHFrameInfo : public FrameInfo, public IEHFrameInfo {
      |       ^~~~~~~~~~~
/root/impl_gcunit3-aa48-run/runtime/src/Exception/EhFrameInfo.h: In static member function ‘static uint32_t MapleRuntime::EHFrameInfo::ReadVarInt(MapleRuntime::Uptr**, uint32_t&)’:
/root/impl_gcunit3-aa48-run/runtime/src/Exception/EhFrameInfo.h:221:77: warning: conversion from ‘MapleRuntime::Uptr’ {aka ‘long unsigned int’} to ‘uint32_t’ {aka ‘unsigned int’} may change value [-Wconversion]
  221 |         res = (*reinterpret_cast<ArchUInt*>(*point) >> (tagLen * validPos)) & bitsMask;
      |               ~~~~~~~~~~~~~~~~~~~~~~~~~~~~~~~~~~~~~~~~~~~~~~~~~~~~~~~~~~~~~~^~~~~~~~~~
In file included from /root/impl_gcunit3-aa48-run/runtime/src/Heap/Collector/ForwardDataManager.h:25,
                 from /root/impl_gcunit3-aa48-run/runtime/src/Heap/Allocator/RegionInfo.h:35,
                 from /root/impl_gcunit3-aa48-run/runtime/src/Heap/Allocator/RegionList.h:11,
                 from /root/impl_gcunit3-aa48-run/runtime/src/Heap/Allocator/AllocBuffer.h:17,
                 from /root/impl_gcunit3-aa48-run/runtime/src/Heap/Allocator/AllocBufferManager.h:15,
                 from /root/impl_gcunit3-aa48-run/runtime/src/Heap/Allocator/Allocator.h:11,
                 from /root/impl_gcunit3-aa48-run/runtime/src/Mutator/Mutator.h:16,
                 from /root/impl_gcunit3-aa48-run/runtime/src/HeapManager.inline.h:14,
                 from /root/impl_gcunit3-aa48-run/runtime/src/ObjectModel/MArray.inline.h:16,
                 from /root/impl_gcunit3-aa48-run/runtime/src/ObjectModel/MArray.cpp:8:
/root/impl_gcunit3-aa48-run/runtime/src/Heap/Collector/LiveInfo.h: In member function ‘void MapleRuntime::RegionBitmap::AddLiveBytesForMask(const MapleRuntime::RegionBitmap::BitMaskInfo&, size_t, size_t)’:
/root/impl_gcunit3-aa48-run/runtime/src/Heap/Collector/LiveInfo.h:138:51: warning: conversion from ‘long unsigned int’ to ‘uint8_t’ {aka ‘unsigned char’} may change value [-Wconversion]
  138 |         uint8_t calFactor = factor > markWordSize ? markWordSize : factor;
      |                             ~~~~~~~~~~~~~~~~~~~~~~^~~~~~~~~~~~~~~~~~~~~~~
/root/impl_gcunit3-aa48-run/runtime/src/Heap/Collector/LiveInfo.h: In lambda function:
/root/impl_gcunit3-aa48-run/runtime/src/Heap/Collector/LiveInfo.h:144:37: warning: conversion from ‘int’ to ‘std::__atomic_base<short unsigned int>::__int_type’ {aka ‘short unsigned int’} may change value [-Wconversion]
  144 |                 __builtin_popcountll(mask & kLiveBitMask));
      |                 ~~~~~~~~~~~~~~~~~~~~^~~~~~~~~~~~~~~~~~~~~
/root/impl_gcunit3-aa48-run/runtime/src/Heap/Collector/LiveInfo.h: In static member function ‘static void MapleRuntime::RegionBitmap::GetPreMaskInfo(size_t, size_t, MapleRuntime::RegionBitmap::PreMaskInfo&)’:
/root/impl_gcunit3-aa48-run/runtime/src/Heap/Collector/LiveInfo.h:246:51: warning: conversion from ‘long unsigned int’ to ‘uint8_t’ {aka ‘unsigned char’} may change value [-Wconversion]
  246 |         uint8_t calFactor = factor > markWordSize ? markWordSize : factor;
      |                             ~~~~~~~~~~~~~~~~~~~~~~^~~~~~~~~~~~~~~~~~~~~~~
/root/impl_gcunit3-aa48-run/runtime/src/Heap/Collector/LiveInfo.h:251:74: warning: conversion from ‘long unsigned int’ to ‘int8_t’ {aka ‘signed char’} may change value [-Wconversion]
  251 |         maskInfo.partIndex = maskInfo.index / (markWordSize / calFactor) - 1;
      |                              ~~~~~~~~~~~~~~~~~~~~~~~~~~~~~~~~~~~~~~~~~~~~^~~
In file included from /root/impl_gcunit3-aa48-run/runtime/src/Heap/Allocator/RegionInfo.h:36,
                 from /root/impl_gcunit3-aa48-run/runtime/src/Heap/Allocator/RegionList.h:11,
                 from /root/impl_gcunit3-aa48-run/runtime/src/Heap/Allocator/AllocBuffer.h:17,
                 from /root/impl_gcunit3-aa48-run/runtime/src/Heap/Allocator/AllocBufferManager.h:15,
                 from /root/impl_gcunit3-aa48-run/runtime/src/Heap/Allocator/Allocator.h:11,
                 from /root/impl_gcunit3-aa48-run/runtime/src/Mutator/Mutator.h:16,
                 from /root/impl_gcunit3-aa48-run/runtime/src/HeapManager.inline.h:14,
                 from /root/impl_gcunit3-aa48-run/runtime/src/ObjectModel/MArray.inline.h:16,
                 from /root/impl_gcunit3-aa48-run/runtime/src/ObjectModel/MArray.cpp:8:
/root/impl_gcunit3-aa48-run/runtime/src/Heap/Collector/ZForwardingLife.h: In static member function ‘static bool MapleRuntime::ZForwardingLife::begin_copy(std::atomic<int>&)’:
/root/impl_gcunit3-aa48-run/runtime/src/Heap/Collector/ZForwardingLife.h:192:20: warning: switch missing default case [-Wswitch-default]
  192 |             switch (copy_admission_state(word)) {
      |                    ^
In file included from /root/impl_gcunit3-aa48-run/runtime/src/Heap/Allocator/RegionInfo.h:42,
                 from /root/impl_gcunit3-aa48-run/runtime/src/Heap/Allocator/RegionList.h:11,
                 from /root/impl_gcunit3-aa48-run/runtime/src/Heap/Allocator/AllocBuffer.h:17,
                 from /root/impl_gcunit3-aa48-run/runtime/src/Heap/Allocator/AllocBufferManager.h:15,
                 from /root/impl_gcunit3-aa48-run/runtime/src/Heap/Allocator/Allocator.h:11,
                 from /root/impl_gcunit3-aa48-run/runtime/src/Mutator/Mutator.h:16,
                 from /root/impl_gcunit3-aa48-run/runtime/src/HeapManager.inline.h:14,
                 from /root/impl_gcunit3-aa48-run/runtime/src/ObjectModel/MArray.inline.h:16,
                 from /root/impl_gcunit3-aa48-run/runtime/src/ObjectModel/MArray.cpp:8:
/root/impl_gcunit3-aa48-run/runtime/src/Heap/Verify/AllocPhaseDiag.h: At global scope:
/root/impl_gcunit3-aa48-run/runtime/src/Heap/Verify/AllocPhaseDiag.h:57:1: warning: inline variables are only available with ‘-std=c++17’ or ‘-std=gnu++17’
   57 | inline Slot g_table[kCap] = {};
      | ^~~~~~
/root/impl_gcunit3-aa48-run/runtime/src/Heap/Verify/AllocPhaseDiag.h:58:1: warning: inline variables are only available with ‘-std=c++17’ or ‘-std=gnu++17’
   58 | inline NearEntry g_near[kNearCap] = {};
      | ^~~~~~
In file included from /root/impl_gcunit3-aa48-run/runtime/src/Heap/Allocator/RegionList.h:11,
                 from /root/impl_gcunit3-aa48-run/runtime/src/Heap/Allocator/AllocBuffer.h:17,
                 from /root/impl_gcunit3-aa48-run/runtime/src/Heap/Allocator/AllocBufferManager.h:15,
                 from /root/impl_gcunit3-aa48-run/runtime/src/Heap/Allocator/Allocator.h:11,
                 from /root/impl_gcunit3-aa48-run/runtime/src/Mutator/Mutator.h:16,
                 from /root/impl_gcunit3-aa48-run/runtime/src/HeapManager.inline.h:14,
                 from /root/impl_gcunit3-aa48-run/runtime/src/ObjectModel/MArray.inline.h:16,
                 from /root/impl_gcunit3-aa48-run/runtime/src/ObjectModel/MArray.cpp:8:
/root/impl_gcunit3-aa48-run/runtime/src/Heap/Allocator/RegionInfo.h: In member function ‘bool MapleRuntime::RegionInfo::ResurrectObject(const MapleRuntime::BaseObject*, size_t)’:
/root/impl_gcunit3-aa48-run/runtime/src/Heap/Allocator/RegionInfo.h:1568:35: warning: conversion from ‘size_t’ {aka ‘long unsigned int’} to ‘MapleRuntime::U32’ {aka ‘unsigned int’} may change value [-Wconversion]
 1568 |         U32 objSize = obj->GetSize();
      |                       ~~~~~~~~~~~~^~
/root/impl_gcunit3-aa48-run/runtime/src/Heap/Allocator/RegionInfo.h: In member function ‘bool MapleRuntime::RegionInfo::EnqueueObject(const MapleRuntime::BaseObject*, size_t)’:
/root/impl_gcunit3-aa48-run/runtime/src/Heap/Allocator/RegionInfo.h:1604:35: warning: conversion from ‘size_t’ {aka ‘long unsigned int’} to ‘MapleRuntime::U32’ {aka ‘unsigned int’} may change value [-Wconversion]
 1604 |         U32 objSize = obj->GetSize();
      |                       ~~~~~~~~~~~~^~
In file included from /root/impl_gcunit3-aa48-run/runtime/src/Base/Log.h:19,
                 from /root/impl_gcunit3-aa48-run/runtime/src/Base/LogFile.h:15,
                 from /root/impl_gcunit3-aa48-run/runtime/src/UnwindStack/GcStackInfo.h:11,
                 from /root/impl_gcunit3-aa48-run/runtime/src/Inspector/CjAllocData.h:10,
                 from /root/impl_gcunit3-aa48-run/runtime/src/ObjectModel/MArray.inline.h:11,
                 from /root/impl_gcunit3-aa48-run/runtime/src/ObjectModel/MArray.cpp:8:
/root/impl_gcunit3-aa48-run/runtime/src/Heap/Allocator/RegionInfo.h: In member function ‘MapleRuntime::RegionInfo::UnitInfo& MapleRuntime::RegionInfo::UnitInfo::UnitInfoArray::operator[](size_t)’:
/root/impl_gcunit3-aa48-run/runtime/src/Heap/Allocator/RegionInfo.h:4013:29: warning: comparison of unsigned expression in ‘>= 0’ is always true [-Wtype-limits]
 4013 |                 CHECK(index >= 0 && index < size);
      |                       ~~~~~~^~~~
/root/impl_gcunit3-aa48-run/runtime/src/Base/Macros.h:54:62: note: in definition of macro ‘UNLIKELY’
   54 | #define UNLIKELY(exp) (__builtin_expect(static_cast<long>(!!(exp)), 0))
      |                                                              ^~~
/root/impl_gcunit3-aa48-run/runtime/src/Heap/Allocator/RegionInfo.h:4013:17: note: in expansion of macro ‘CHECK’
 4013 |                 CHECK(index >= 0 && index < size);
      |                 ^~~~~
In file included from /root/impl_gcunit3-aa48-run/runtime/src/ObjectModel/PackageInfo.h:16,
                 from /root/impl_gcunit3-aa48-run/runtime/src/ObjectModel/MClass.h:23,
                 from /root/impl_gcunit3-aa48-run/runtime/src/ObjectModel/MClass.inline.h:13,
                 from /root/impl_gcunit3-aa48-run/runtime/src/Common/BaseObject.h:13,
                 from /root/impl_gcunit3-aa48-run/runtime/src/UnwindStack/StackInfo.h:13,
                 from /root/impl_gcunit3-aa48-run/runtime/src/UnwindStack/GcStackInfo.h:12,
                 from /root/impl_gcunit3-aa48-run/runtime/src/Inspector/CjAllocData.h:10,
                 from /root/impl_gcunit3-aa48-run/runtime/src/ObjectModel/MArray.inline.h:11,
                 from /root/impl_gcunit3-aa48-run/runtime/src/ObjectModel/MArray.cpp:8:
/root/impl_gcunit3-aa48-run/runtime/src/Base/Globals.h: In instantiation of ‘constexpr T MapleRuntime::AlignUp(T, T) [with T = short unsigned int]’:
/root/impl_gcunit3-aa48-run/runtime/src/Common/PageAllocator.h:106:56:   required from here
/root/impl_gcunit3-aa48-run/runtime/src/Base/Globals.h:75:36: warning: conversion from ‘int’ to ‘short unsigned int’ may change value [-Wconversion]
   75 |     return ((size + alignment - 1) & ~static_cast<T>(alignment - 1));
      |            ~~~~~~~~~~~~~~~~~~~~~~~~^~~~~~~~~~~~~~~~~~~~~~~~~~~~~~~~~
In file included from /root/impl_gcunit3-aa48-run/runtime/src/Heap/Allocator/AllocBufferManager.h:17,
                 from /root/impl_gcunit3-aa48-run/runtime/src/Heap/Allocator/Allocator.h:11,
                 from /root/impl_gcunit3-aa48-run/runtime/src/Mutator/Mutator.h:16,
                 from /root/impl_gcunit3-aa48-run/runtime/src/HeapManager.inline.h:14,
                 from /root/impl_gcunit3-aa48-run/runtime/src/ObjectModel/MArray.inline.h:16,
                 from /root/impl_gcunit3-aa48-run/runtime/src/ObjectModel/MArray.cpp:8:
/root/impl_gcunit3-aa48-run/runtime/src/Common/PageAllocator.h: In member function ‘void MapleRuntime::PageAllocator::InitPage(MapleRuntime::PageAllocator::Page&)’:
/root/impl_gcunit3-aa48-run/runtime/src/Common/PageAllocator.h:186:64: warning: conversion from ‘long unsigned int’ to ‘uint16_t’ {aka ‘short unsigned int’} may change value [-Wconversion]
  186 |         page.free = (AllocatorUtils::ALLOC_PAGE_SIZE - offset) / slotAlignment;
      |                     ~~~~~~~~~~~~~~~~~~~~~~~~~~~~~~~~~~~~~~~~~~~^~~~~~~~~~~~~~~
In file included from /root/impl_gcunit3-aa48-run/runtime/src/HeapManager.inline.h:14,
                 from /root/impl_gcunit3-aa48-run/runtime/src/ObjectModel/MArray.inline.h:16,
                 from /root/impl_gcunit3-aa48-run/runtime/src/ObjectModel/MArray.cpp:8:
/root/impl_gcunit3-aa48-run/runtime/src/Mutator/Mutator.h: In member function ‘void MapleRuntime::Mutator::InitTid()’:
/root/impl_gcunit3-aa48-run/runtime/src/Mutator/Mutator.h:134:50: warning: conversion from ‘uint64_t’ {aka ‘long unsigned int’} to ‘uint32_t’ {aka ‘unsigned int’} may change value [-Wconversion]
  134 |         tid = ThreadLocal::GetThreadLocalData()->tid;
      |               ~~~~~~~~~~~~~~~~~~~~~~~~~~~~~~~~~~~^~~
In file included from /root/impl_gcunit3-aa48-run/runtime/src/ObjectModel/MArray.cpp:8:
/root/impl_gcunit3-aa48-run/runtime/src/ObjectModel/MArray.inline.h: In member function ‘MapleRuntime::BaseObject* MapleRuntime::MArray::GetRefElement(MapleRuntime::MIndex)’:
/root/impl_gcunit3-aa48-run/runtime/src/ObjectModel/MArray.inline.h:62:62: warning: conversion from ‘size_t’ {aka ‘long unsigned int’} to ‘MapleRuntime::U32’ {aka ‘unsigned int’} may change value [-Wconversion]
   62 |     RefField<>& ref = GetRefField(MArray::GetContentOffset() + RefField<>::GetSize() * index);
      |                                   ~~~~~~~~~~~~~~~~~~~~~~~~~~~^~~~~~~~~~~~~~~~~~~~~~~~~~~~~~~
/root/impl_gcunit3-aa48-run/runtime/src/ObjectModel/MArray.inline.h: In member function ‘void MapleRuntime::MArray::SetRefElement(MapleRuntime::MIndex, MapleRuntime::ObjectPtr)’:
/root/impl_gcunit3-aa48-run/runtime/src/ObjectModel/MArray.inline.h:68:62: warning: conversion from ‘size_t’ {aka ‘long unsigned int’} to ‘MapleRuntime::U32’ {aka ‘unsigned int’} may change value [-Wconversion]
   68 |     RefField<>& ref = GetRefField(MArray::GetContentOffset() + RefField<>::GetSize() * index);
      |                                   ~~~~~~~~~~~~~~~~~~~~~~~~~~~^~~~~~~~~~~~~~~~~~~~~~~~~~~~~~~
/root/impl_gcunit3-aa48-run/runtime/src/ObjectModel/MArray.inline.h: In static member function ‘static MapleRuntime::MArray* MapleRuntime::MArray::NewArray(MapleRuntime::MIndex, MapleRuntime::TypeInfo&, MapleRuntime::AllocType)’:
/root/impl_gcunit3-aa48-run/runtime/src/ObjectModel/MArray.inline.h:114:59: warning: conversion from ‘long unsigned int’ to ‘MapleRuntime::U32’ {aka ‘unsigned int’} may change value [-Wconversion]
  114 |         newArray = NewKnownWidthArray(nElems, arrayClass, elemBits, allocType);
      |                                                           ^~~~~~~~
/root/impl_gcunit3-aa48-run/runtime/src/ObjectModel/MArray.inline.h: In static member function ‘static MapleRuntime::MArray* MapleRuntime::MArray::NewKnownWidthArray(MapleRuntime::MIndex, MapleRuntime::TypeInfo&, MapleRuntime::U32, MapleRuntime::AllocType)’:
/root/impl_gcunit3-aa48-run/runtime/src/ObjectModel/MArray.inline.h:145:53: warning: conversion from ‘MapleRuntime::MIndex’ {aka ‘long unsigned int’} to ‘MapleRuntime::MSize’ {aka ‘unsigned int’} may change value [-Wconversion]
  145 |             return InitializeLargeRefArray(address, arraySize, nElems, arrayClass);
      |                                                     ^~~~~~~~~
In file included from /root/impl_gcunit3-aa48-run/runtime/src/Heap/Collector/CollectorResources.h:15,
                 from /root/impl_gcunit3-aa48-run/runtime/src/ObjectModel/MArray.cpp:17:
/root/impl_gcunit3-aa48-run/runtime/src/Heap/Collector/TaskQueue.h: At global scope:
/root/impl_gcunit3-aa48-run/runtime/src/Heap/Collector/TaskQueue.h:61:21: warning: ‘virtual constexpr MapleRuntime::GCTask& MapleRuntime::GCTask::operator=(const MapleRuntime::GCTask&)’ was hidden [-Woverloaded-virtual]
   61 |     virtual GCTask& operator=(const GCTask&) = default;
      |                     ^~~~~~~~
/root/impl_gcunit3-aa48-run/runtime/src/Heap/Collector/TaskQueue.h:93:17: note:   by ‘constexpr MapleRuntime::GCExecutor& MapleRuntime::GCExecutor::operator=(const MapleRuntime::GCExecutor&)’
   93 |     GCExecutor& operator=(const GCExecutor&) = default;
      |                 ^~~~~~~~
In file included from /root/impl_gcunit3-aa48-run/runtime/src/Heap/Allocator/RegionList.h:11,
                 from /root/impl_gcunit3-aa48-run/runtime/src/Heap/Allocator/AllocBuffer.h:17,
                 from /root/impl_gcunit3-aa48-run/runtime/src/Heap/Allocator/AllocBufferManager.h:15,
                 from /root/impl_gcunit3-aa48-run/runtime/src/Heap/Allocator/Allocator.h:11,
                 from /root/impl_gcunit3-aa48-run/runtime/src/Mutator/Mutator.h:16,
                 from /root/impl_gcunit3-aa48-run/runtime/src/HeapManager.inline.h:14,
                 from /root/impl_gcunit3-aa48-run/runtime/src/ObjectModel/MArray.inline.h:16,
                 from /root/impl_gcunit3-aa48-run/runtime/src/ObjectModel/MArray.cpp:8:
/root/impl_gcunit3-aa48-run/runtime/src/Heap/Allocator/RegionInfo.h: In instantiation of ‘bool MapleRuntime::RegionInfo::MarkObject(MapleRuntime::MarkView<G>, const MapleRuntime::BaseObject*) [with MapleRuntime::Generation G = MapleRuntime::Generation::Young]’:
/root/impl_gcunit3-aa48-run/runtime/src/Heap/Allocator/RegionInfo.h:1541:30:   required from here
/root/impl_gcunit3-aa48-run/runtime/src/Heap/Allocator/RegionInfo.h:1478:35: warning: conversion from ‘size_t’ {aka ‘long unsigned int’} to ‘MapleRuntime::U32’ {aka ‘unsigned int’} may change value [-Wconversion]
 1478 |         U32 objSize = obj->GetSize();
      |                       ~~~~~~~~~~~~^~
/root/impl_gcunit3-aa48-run/runtime/src/Heap/Allocator/RegionInfo.h: In instantiation of ‘bool MapleRuntime::RegionInfo::MarkObject(MapleRuntime::MarkView<G>, const MapleRuntime::BaseObject*) [with MapleRuntime::Generation G = MapleRuntime::Generation::Old]’:
/root/impl_gcunit3-aa48-run/runtime/src/Heap/Allocator/RegionInfo.h:1543:26:   required from here
/root/impl_gcunit3-aa48-run/runtime/src/Heap/Allocator/RegionInfo.h:1478:35: warning: conversion from ‘size_t’ {aka ‘long unsigned int’} to ‘MapleRuntime::U32’ {aka ‘unsigned int’} may change value [-Wconversion]
cc1plus: note: unrecognized command-line option ‘-Wno-shorten-64-to-32’ may have been intended to silence earlier diagnostics
cc1plus: note: unrecognized command-line option ‘-Wno-implicit-int-float-conversion’ may have been intended to silence earlier diagnostics
cc1plus: note: unrecognized command-line option ‘-Wno-implicit-int-conversion’ may have been intended to silence earlier diagnostics
cc1plus: note: unrecognized command-line option ‘-Wno-unused-command-line-argument’ may have been intended to silence earlier diagnostics
Consolidate compiler generated dependencies of target Verify
[ 60%] Built target Collector
[ 60%] Built target check_diag_not_hollow
In file included from /root/impl_gcunit3-aa48-run/runtime/src/Heap/WCollector/WCollector.h:12,
                 from /root/impl_gcunit3-aa48-run/runtime/src/Heap/Collector/Relocate.cpp:8:
/root/impl_gcunit3-aa48-run/runtime/src/Heap/Verify/HealCoverage.h: In function ‘void MapleRuntime::HealCoverage::Add(MapleRuntime::HealCoverage::Counts&, MapleRuntime::HealCoverage::Kind)’:
/root/impl_gcunit3-aa48-run/runtime/src/Heap/Verify/HealCoverage.h:88:12: warning: switch missing default case [-Wswitch-default]
   88 |     switch (k) {
      |            ^
/root/impl_gcunit3-aa48-run/runtime/src/Heap/Verify/HealCoverage.h: In function ‘void MapleRuntime::HealCoverage::AddFace(MapleRuntime::HealCoverage::Counts&, MapleRuntime::HealCoverage::Face)’:
/root/impl_gcunit3-aa48-run/runtime/src/Heap/Verify/HealCoverage.h:106:12: warning: switch missing default case [-Wswitch-default]
  106 |     switch (f) {
      |            ^
In file included from /root/impl_gcunit3-aa48-run/runtime/src/Common/BaseObject.h:11,
                 from /root/impl_gcunit3-aa48-run/runtime/src/StackMap/StackMapTypeDef.h:15,
                 from /root/impl_gcunit3-aa48-run/runtime/src/StackMap/SlotRoot.h:10,
                 from /root/impl_gcunit3-aa48-run/runtime/src/StackMap/DerivedPtr.h:10,
                 from /root/impl_gcunit3-aa48-run/runtime/src/StackMap/CompressedStackMap.h:15,
                 from /root/impl_gcunit3-aa48-run/runtime/src/StackMap/StackMap.h:11,
                 from /root/impl_gcunit3-aa48-run/runtime/src/StackManager.h:15,
                 from /root/impl_gcunit3-aa48-run/runtime/src/Base/Panic.h:15,
                 from /root/impl_gcunit3-aa48-run/runtime/src/Heap/Allocator/RegionInfo.h:33,
                 from /root/impl_gcunit3-aa48-run/runtime/src/Heap/Allocator/RegionList.h:11,
                 from /root/impl_gcunit3-aa48-run/runtime/src/Heap/Allocator/AllocBuffer.h:17,
                 from /root/impl_gcunit3-aa48-run/runtime/src/Heap/Allocator/AllocBufferManager.h:15,
                 from /root/impl_gcunit3-aa48-run/runtime/src/Heap/Allocator/Allocator.h:11,
                 from /root/impl_gcunit3-aa48-run/runtime/src/Heap/Allocator/RegionSpace.h:19,
                 from /root/impl_gcunit3-aa48-run/runtime/src/Heap/WCollector/WCollector.h:24,
                 from /root/impl_gcunit3-aa48-run/runtime/src/Heap/Collector/Relocate.cpp:8:
/root/impl_gcunit3-aa48-run/runtime/src/Common/StateWord.h: In member function ‘void MapleRuntime::ObjectState::SetStateCode(MapleRuntime::ObjectState::ObjectStateCode)’:
/root/impl_gcunit3-aa48-run/runtime/src/Common/StateWord.h:46:60: warning: conversion from ‘uint16_t’ {aka ‘short unsigned int’} to ‘unsigned char:2’ may change value [-Wconversion]
   46 |     void SetStateCode(ObjectStateCode state) { stateCode = static_cast<uint16_t>(state); }
      |                                                            ^~~~~~~~~~~~~~~~~~~~~~~~~~~~
In file included from /root/impl_gcunit3-aa48-run/runtime/src/ObjectModel/MClass.h:21,
                 from /root/impl_gcunit3-aa48-run/runtime/src/ObjectModel/MClass.inline.h:13,
                 from /root/impl_gcunit3-aa48-run/runtime/src/Common/BaseObject.h:13,
                 from /root/impl_gcunit3-aa48-run/runtime/src/StackMap/StackMapTypeDef.h:15,
                 from /root/impl_gcunit3-aa48-run/runtime/src/StackMap/SlotRoot.h:10,
                 from /root/impl_gcunit3-aa48-run/runtime/src/StackMap/DerivedPtr.h:10,
                 from /root/impl_gcunit3-aa48-run/runtime/src/StackMap/CompressedStackMap.h:15,
                 from /root/impl_gcunit3-aa48-run/runtime/src/StackMap/StackMap.h:11,
                 from /root/impl_gcunit3-aa48-run/runtime/src/StackManager.h:15,
                 from /root/impl_gcunit3-aa48-run/runtime/src/Base/Panic.h:15,
                 from /root/impl_gcunit3-aa48-run/runtime/src/Heap/Allocator/RegionInfo.h:33,
                 from /root/impl_gcunit3-aa48-run/runtime/src/Heap/Allocator/RegionList.h:11,
                 from /root/impl_gcunit3-aa48-run/runtime/src/Heap/Allocator/AllocBuffer.h:17,
                 from /root/impl_gcunit3-aa48-run/runtime/src/Heap/Allocator/AllocBufferManager.h:15,
                 from /root/impl_gcunit3-aa48-run/runtime/src/Heap/Allocator/Allocator.h:11,
                 from /root/impl_gcunit3-aa48-run/runtime/src/Heap/Allocator/RegionSpace.h:19,
                 from /root/impl_gcunit3-aa48-run/runtime/src/Heap/WCollector/WCollector.h:24,
                 from /root/impl_gcunit3-aa48-run/runtime/src/Heap/Collector/Relocate.cpp:8:
/root/impl_gcunit3-aa48-run/runtime/src/ObjectModel/FieldInfo.h: At global scope:
/root/impl_gcunit3-aa48-run/runtime/src/ObjectModel/FieldInfo.h:45:33: warning: ‘unused’ attribute ignored [-Wattributes]
   45 |     U32 __attribute__((unused)) slot;
      |                                 ^~~~
In file included from /root/impl_gcunit3-aa48-run/runtime/src/ObjectModel/MClass.h:23,
                 from /root/impl_gcunit3-aa48-run/runtime/src/ObjectModel/MClass.inline.h:13,
                 from /root/impl_gcunit3-aa48-run/runtime/src/Common/BaseObject.h:13,
                 from /root/impl_gcunit3-aa48-run/runtime/src/StackMap/StackMapTypeDef.h:15,
                 from /root/impl_gcunit3-aa48-run/runtime/src/StackMap/SlotRoot.h:10,
                 from /root/impl_gcunit3-aa48-run/runtime/src/StackMap/DerivedPtr.h:10,
                 from /root/impl_gcunit3-aa48-run/runtime/src/StackMap/CompressedStackMap.h:15,
                 from /root/impl_gcunit3-aa48-run/runtime/src/StackMap/StackMap.h:11,
                 from /root/impl_gcunit3-aa48-run/runtime/src/StackManager.h:15,
                 from /root/impl_gcunit3-aa48-run/runtime/src/Base/Panic.h:15,
                 from /root/impl_gcunit3-aa48-run/runtime/src/Heap/Allocator/RegionInfo.h:33,
                 from /root/impl_gcunit3-aa48-run/runtime/src/Heap/Allocator/RegionList.h:11,
                 from /root/impl_gcunit3-aa48-run/runtime/src/Heap/Allocator/AllocBuffer.h:17,
                 from /root/impl_gcunit3-aa48-run/runtime/src/Heap/Allocator/AllocBufferManager.h:15,
                 from /root/impl_gcunit3-aa48-run/runtime/src/Heap/Allocator/Allocator.h:11,
                 from /root/impl_gcunit3-aa48-run/runtime/src/Heap/Allocator/RegionSpace.h:19,
                 from /root/impl_gcunit3-aa48-run/runtime/src/Heap/WCollector/WCollector.h:24,
                 from /root/impl_gcunit3-aa48-run/runtime/src/Heap/Collector/Relocate.cpp:8:
/root/impl_gcunit3-aa48-run/runtime/src/ObjectModel/PackageInfo.h:64:38: warning: ‘unused’ attribute ignored [-Wattributes]
   64 |     U8 __attribute__((unused)) slot[7];
      |                                      ^
In file included from /root/impl_gcunit3-aa48-run/runtime/src/ObjectModel/MClass.inline.h:13,
                 from /root/impl_gcunit3-aa48-run/runtime/src/Common/BaseObject.h:13,
                 from /root/impl_gcunit3-aa48-run/runtime/src/StackMap/StackMapTypeDef.h:15,
                 from /root/impl_gcunit3-aa48-run/runtime/src/StackMap/SlotRoot.h:10,
                 from /root/impl_gcunit3-aa48-run/runtime/src/StackMap/DerivedPtr.h:10,
                 from /root/impl_gcunit3-aa48-run/runtime/src/StackMap/CompressedStackMap.h:15,
                 from /root/impl_gcunit3-aa48-run/runtime/src/StackMap/StackMap.h:11,
                 from /root/impl_gcunit3-aa48-run/runtime/src/StackManager.h:15,
                 from /root/impl_gcunit3-aa48-run/runtime/src/Base/Panic.h:15,
                 from /root/impl_gcunit3-aa48-run/runtime/src/Heap/Allocator/RegionInfo.h:33,
                 from /root/impl_gcunit3-aa48-run/runtime/src/Heap/Allocator/RegionList.h:11,
                 from /root/impl_gcunit3-aa48-run/runtime/src/Heap/Allocator/AllocBuffer.h:17,
                 from /root/impl_gcunit3-aa48-run/runtime/src/Heap/Allocator/AllocBufferManager.h:15,
                 from /root/impl_gcunit3-aa48-run/runtime/src/Heap/Allocator/Allocator.h:11,
                 from /root/impl_gcunit3-aa48-run/runtime/src/Heap/Allocator/RegionSpace.h:19,
                 from /root/impl_gcunit3-aa48-run/runtime/src/Heap/WCollector/WCollector.h:24,
                 from /root/impl_gcunit3-aa48-run/runtime/src/Heap/Collector/Relocate.cpp:8:
/root/impl_gcunit3-aa48-run/runtime/src/ObjectModel/MClass.h: In member function ‘void MapleRuntime::ShortGCTib::ForEachBitmapWordInRange(MapleRuntime::MAddress, const RefFieldVisitor&, MapleRuntime::MAddress, MapleRuntime::MAddress) const’:
/root/impl_gcunit3-aa48-run/runtime/src/ObjectModel/MClass.h:254:48: warning: conversion from ‘MapleRuntime::MAddress’ {aka ‘long unsigned int’} to ‘MapleRuntime::U32’ {aka ‘unsigned int’} may change value [-Wconversion]
  254 |         U32 startPos = (rangeStart - baseAddr) / sizeof(RefField<>);
      |                        ~~~~~~~~~~~~~~~~~~~~~~~~^~~~~~~~~~~~~~~~~~~~
/root/impl_gcunit3-aa48-run/runtime/src/ObjectModel/MClass.h: In member function ‘void MapleRuntime::StdGCTib::ForEachBitmapWordInRange(MapleRuntime::MAddress, const RefFieldVisitor&, MapleRuntime::MAddress, MapleRuntime::MAddress) const’:
/root/impl_gcunit3-aa48-run/runtime/src/ObjectModel/MClass.h:339:53: warning: conversion from ‘MapleRuntime::MAddress’ {aka ‘long unsigned int’} to ‘MapleRuntime::U32’ {aka ‘unsigned int’} may change value [-Wconversion]
  339 |         U32 startIndex = (rangeStart - contentAddr) / mapWordSize;
      |                          ~~~~~~~~~~~~~~~~~~~~~~~~~~~^~~~~~~~~~~~~
/root/impl_gcunit3-aa48-run/runtime/src/ObjectModel/MClass.h: At global scope:
/root/impl_gcunit3-aa48-run/runtime/src/ObjectModel/MClass.h:860:33: warning: ‘unused’ attribute ignored [-Wattributes]
  860 |     U16 __attribute__((unused)) slot;
      |                                 ^~~~
In file included from /root/impl_gcunit3-aa48-run/runtime/src/StackMap/DerivedPtr.h:11,
                 from /root/impl_gcunit3-aa48-run/runtime/src/StackMap/CompressedStackMap.h:15,
                 from /root/impl_gcunit3-aa48-run/runtime/src/StackMap/StackMap.h:11,
                 from /root/impl_gcunit3-aa48-run/runtime/src/StackManager.h:15,
                 from /root/impl_gcunit3-aa48-run/runtime/src/Base/Panic.h:15,
                 from /root/impl_gcunit3-aa48-run/runtime/src/Heap/Allocator/RegionInfo.h:33,
                 from /root/impl_gcunit3-aa48-run/runtime/src/Heap/Allocator/RegionList.h:11,
                 from /root/impl_gcunit3-aa48-run/runtime/src/Heap/Allocator/AllocBuffer.h:17,
                 from /root/impl_gcunit3-aa48-run/runtime/src/Heap/Allocator/AllocBufferManager.h:15,
                 from /root/impl_gcunit3-aa48-run/runtime/src/Heap/Allocator/Allocator.h:11,
                 from /root/impl_gcunit3-aa48-run/runtime/src/Heap/Allocator/RegionSpace.h:19,
                 from /root/impl_gcunit3-aa48-run/runtime/src/Heap/WCollector/WCollector.h:24,
                 from /root/impl_gcunit3-aa48-run/runtime/src/Heap/Collector/Relocate.cpp:8:
/root/impl_gcunit3-aa48-run/runtime/src/StackMap/StackMapTable.h: In member function ‘MapleRuntime::U32 MapleRuntime::BitsManager::GetBits(MapleRuntime::U32) const’:
/root/impl_gcunit3-aa48-run/runtime/src/StackMap/StackMapTable.h:56:49: warning: conversion from ‘MapleRuntime::U64’ {aka ‘long unsigned int’} to ‘MapleRuntime::U32’ {aka ‘unsigned int’} may change value [-Wconversion]
   56 |         return ((ConnectBytesToU64() >> bitPos) & bitsMask);
      |                ~~~~~~~~~~~~~~~~~~~~~~~~~~~~~~~~~^~~~~~~~~~~
In file included from /root/impl_gcunit3-aa48-run/runtime/src/StackMap/StackMap.h:11,
                 from /root/impl_gcunit3-aa48-run/runtime/src/StackManager.h:15,
                 from /root/impl_gcunit3-aa48-run/runtime/src/Base/Panic.h:15,
                 from /root/impl_gcunit3-aa48-run/runtime/src/Heap/Allocator/RegionInfo.h:33,
                 from /root/impl_gcunit3-aa48-run/runtime/src/Heap/Allocator/RegionList.h:11,
                 from /root/impl_gcunit3-aa48-run/runtime/src/Heap/Allocator/AllocBuffer.h:17,
                 from /root/impl_gcunit3-aa48-run/runtime/src/Heap/Allocator/AllocBufferManager.h:15,
                 from /root/impl_gcunit3-aa48-run/runtime/src/Heap/Allocator/Allocator.h:11,
                 from /root/impl_gcunit3-aa48-run/runtime/src/Heap/Allocator/RegionSpace.h:19,
                 from /root/impl_gcunit3-aa48-run/runtime/src/Heap/WCollector/WCollector.h:24,
                 from /root/impl_gcunit3-aa48-run/runtime/src/Heap/Collector/Relocate.cpp:8:
/root/impl_gcunit3-aa48-run/runtime/src/StackMap/CompressedStackMap.h: In member function ‘MapleRuntime::StackMapInvalidReason MapleRuntime::CompressedStackMapHead::GetInvalidReason(MapleRuntime::Uptr, MapleRuntime::Uptr) const’:
/root/impl_gcunit3-aa48-run/runtime/src/StackMap/CompressedStackMap.h:182:16: warning: switch missing default case [-Wswitch-default]
  182 |         switch (stackMapTable.GetLookupResult(startPC, framePC)) {
      |                ^
In file included from /root/impl_gcunit3-aa48-run/runtime/src/Heap/Heap.h:16,
                 from /root/impl_gcunit3-aa48-run/runtime/src/Heap/Collector/ForwardDataManager.h:12,
                 from /root/impl_gcunit3-aa48-run/runtime/src/Heap/Allocator/RegionInfo.h:35,
                 from /root/impl_gcunit3-aa48-run/runtime/src/Heap/Allocator/RegionList.h:11,
                 from /root/impl_gcunit3-aa48-run/runtime/src/Heap/Allocator/AllocBuffer.h:17,
                 from /root/impl_gcunit3-aa48-run/runtime/src/Heap/Allocator/AllocBufferManager.h:15,
                 from /root/impl_gcunit3-aa48-run/runtime/src/Heap/Allocator/Allocator.h:11,
                 from /root/impl_gcunit3-aa48-run/runtime/src/Heap/Allocator/RegionSpace.h:19,
                 from /root/impl_gcunit3-aa48-run/runtime/src/Heap/WCollector/WCollector.h:24,
                 from /root/impl_gcunit3-aa48-run/runtime/src/Heap/Collector/Relocate.cpp:8:
/root/impl_gcunit3-aa48-run/runtime/src/Heap/Collector/Collector.h: In member function ‘const char* MapleRuntime::FindToVersionResult::unavailable_route_name() const’:
/root/impl_gcunit3-aa48-run/runtime/src/Heap/Collector/Collector.h:126:16: warning: switch missing default case [-Wswitch-default]
  126 |         switch (unavailableRoute) {
      |                ^
In file included from /root/impl_gcunit3-aa48-run/runtime/src/Heap/Collector/ForwardDataManager.h:25,
                 from /root/impl_gcunit3-aa48-run/runtime/src/Heap/Allocator/RegionInfo.h:35,
                 from /root/impl_gcunit3-aa48-run/runtime/src/Heap/Allocator/RegionList.h:11,
                 from /root/impl_gcunit3-aa48-run/runtime/src/Heap/Allocator/AllocBuffer.h:17,
                 from /root/impl_gcunit3-aa48-run/runtime/src/Heap/Allocator/AllocBufferManager.h:15,
                 from /root/impl_gcunit3-aa48-run/runtime/src/Heap/Allocator/Allocator.h:11,
                 from /root/impl_gcunit3-aa48-run/runtime/src/Heap/Allocator/RegionSpace.h:19,
                 from /root/impl_gcunit3-aa48-run/runtime/src/Heap/WCollector/WCollector.h:24,
                 from /root/impl_gcunit3-aa48-run/runtime/src/Heap/Collector/Relocate.cpp:8:
/root/impl_gcunit3-aa48-run/runtime/src/Heap/Collector/LiveInfo.h: In member function ‘void MapleRuntime::RegionBitmap::AddLiveBytesForMask(const MapleRuntime::RegionBitmap::BitMaskInfo&, size_t, size_t)’:
/root/impl_gcunit3-aa48-run/runtime/src/Heap/Collector/LiveInfo.h:138:51: warning: conversion from ‘long unsigned int’ to ‘uint8_t’ {aka ‘unsigned char’} may change value [-Wconversion]
  138 |         uint8_t calFactor = factor > markWordSize ? markWordSize : factor;
      |                             ~~~~~~~~~~~~~~~~~~~~~~^~~~~~~~~~~~~~~~~~~~~~~
/root/impl_gcunit3-aa48-run/runtime/src/Heap/Collector/LiveInfo.h: In lambda function:
/root/impl_gcunit3-aa48-run/runtime/src/Heap/Collector/LiveInfo.h:144:37: warning: conversion from ‘int’ to ‘std::__atomic_base<short unsigned int>::__int_type’ {aka ‘short unsigned int’} may change value [-Wconversion]
  144 |                 __builtin_popcountll(mask & kLiveBitMask));
      |                 ~~~~~~~~~~~~~~~~~~~~^~~~~~~~~~~~~~~~~~~~~
/root/impl_gcunit3-aa48-run/runtime/src/Heap/Collector/LiveInfo.h: In static member function ‘static void MapleRuntime::RegionBitmap::GetPreMaskInfo(size_t, size_t, MapleRuntime::RegionBitmap::PreMaskInfo&)’:
/root/impl_gcunit3-aa48-run/runtime/src/Heap/Collector/LiveInfo.h:246:51: warning: conversion from ‘long unsigned int’ to ‘uint8_t’ {aka ‘unsigned char’} may change value [-Wconversion]
  246 |         uint8_t calFactor = factor > markWordSize ? markWordSize : factor;
      |                             ~~~~~~~~~~~~~~~~~~~~~~^~~~~~~~~~~~~~~~~~~~~~~
/root/impl_gcunit3-aa48-run/runtime/src/Heap/Collector/LiveInfo.h:251:74: warning: conversion from ‘long unsigned int’ to ‘int8_t’ {aka ‘signed char’} may change value [-Wconversion]
  251 |         maskInfo.partIndex = maskInfo.index / (markWordSize / calFactor) - 1;
      |                              ~~~~~~~~~~~~~~~~~~~~~~~~~~~~~~~~~~~~~~~~~~~~^~~
In file included from /root/impl_gcunit3-aa48-run/runtime/src/Heap/Allocator/RegionInfo.h:36,
                 from /root/impl_gcunit3-aa48-run/runtime/src/Heap/Allocator/RegionList.h:11,
                 from /root/impl_gcunit3-aa48-run/runtime/src/Heap/Allocator/AllocBuffer.h:17,
                 from /root/impl_gcunit3-aa48-run/runtime/src/Heap/Allocator/AllocBufferManager.h:15,
                 from /root/impl_gcunit3-aa48-run/runtime/src/Heap/Allocator/Allocator.h:11,
                 from /root/impl_gcunit3-aa48-run/runtime/src/Heap/Allocator/RegionSpace.h:19,
                 from /root/impl_gcunit3-aa48-run/runtime/src/Heap/WCollector/WCollector.h:24,
                 from /root/impl_gcunit3-aa48-run/runtime/src/Heap/Collector/Relocate.cpp:8:
/root/impl_gcunit3-aa48-run/runtime/src/Heap/Collector/ZForwardingLife.h: In static member function ‘static bool MapleRuntime::ZForwardingLife::begin_copy(std::atomic<int>&)’:
/root/impl_gcunit3-aa48-run/runtime/src/Heap/Collector/ZForwardingLife.h:192:20: warning: switch missing default case [-Wswitch-default]
  192 |             switch (copy_admission_state(word)) {
      |                    ^
In file included from /root/impl_gcunit3-aa48-run/runtime/src/Heap/Allocator/RegionInfo.h:42,
                 from /root/impl_gcunit3-aa48-run/runtime/src/Heap/Allocator/RegionList.h:11,
                 from /root/impl_gcunit3-aa48-run/runtime/src/Heap/Allocator/AllocBuffer.h:17,
                 from /root/impl_gcunit3-aa48-run/runtime/src/Heap/Allocator/AllocBufferManager.h:15,
                 from /root/impl_gcunit3-aa48-run/runtime/src/Heap/Allocator/Allocator.h:11,
                 from /root/impl_gcunit3-aa48-run/runtime/src/Heap/Allocator/RegionSpace.h:19,
                 from /root/impl_gcunit3-aa48-run/runtime/src/Heap/WCollector/WCollector.h:24,
                 from /root/impl_gcunit3-aa48-run/runtime/src/Heap/Collector/Relocate.cpp:8:
/root/impl_gcunit3-aa48-run/runtime/src/Heap/Verify/AllocPhaseDiag.h: At global scope:
/root/impl_gcunit3-aa48-run/runtime/src/Heap/Verify/AllocPhaseDiag.h:57:1: warning: inline variables are only available with ‘-std=c++17’ or ‘-std=gnu++17’
   57 | inline Slot g_table[kCap] = {};
      | ^~~~~~
/root/impl_gcunit3-aa48-run/runtime/src/Heap/Verify/AllocPhaseDiag.h:58:1: warning: inline variables are only available with ‘-std=c++17’ or ‘-std=gnu++17’
   58 | inline NearEntry g_near[kNearCap] = {};
      | ^~~~~~
In file included from /root/impl_gcunit3-aa48-run/runtime/src/Heap/Allocator/RegionList.h:11,
                 from /root/impl_gcunit3-aa48-run/runtime/src/Heap/Allocator/AllocBuffer.h:17,
                 from /root/impl_gcunit3-aa48-run/runtime/src/Heap/Allocator/AllocBufferManager.h:15,
                 from /root/impl_gcunit3-aa48-run/runtime/src/Heap/Allocator/Allocator.h:11,
                 from /root/impl_gcunit3-aa48-run/runtime/src/Heap/Allocator/RegionSpace.h:19,
                 from /root/impl_gcunit3-aa48-run/runtime/src/Heap/WCollector/WCollector.h:24,
                 from /root/impl_gcunit3-aa48-run/runtime/src/Heap/Collector/Relocate.cpp:8:
/root/impl_gcunit3-aa48-run/runtime/src/Heap/Allocator/RegionInfo.h: In member function ‘bool MapleRuntime::RegionInfo::ResurrectObject(const MapleRuntime::BaseObject*, size_t)’:
/root/impl_gcunit3-aa48-run/runtime/src/Heap/Allocator/RegionInfo.h:1568:35: warning: conversion from ‘size_t’ {aka ‘long unsigned int’} to ‘MapleRuntime::U32’ {aka ‘unsigned int’} may change value [-Wconversion]
 1568 |         U32 objSize = obj->GetSize();
      |                       ~~~~~~~~~~~~^~
/root/impl_gcunit3-aa48-run/runtime/src/Heap/Allocator/RegionInfo.h: In member function ‘bool MapleRuntime::RegionInfo::EnqueueObject(const MapleRuntime::BaseObject*, size_t)’:
/root/impl_gcunit3-aa48-run/runtime/src/Heap/Allocator/RegionInfo.h:1604:35: warning: conversion from ‘size_t’ {aka ‘long unsigned int’} to ‘MapleRuntime::U32’ {aka ‘unsigned int’} may change value [-Wconversion]
 1604 |         U32 objSize = obj->GetSize();
      |                       ~~~~~~~~~~~~^~
In file included from /root/impl_gcunit3-aa48-run/runtime/src/Base/Log.h:19,
                 from /root/impl_gcunit3-aa48-run/runtime/src/Base/TimeUtils.h:14,
                 from /root/impl_gcunit3-aa48-run/runtime/src/Heap/WCollector/WCollector.h:11,
                 from /root/impl_gcunit3-aa48-run/runtime/src/Heap/Collector/Relocate.cpp:8:
/root/impl_gcunit3-aa48-run/runtime/src/Heap/Allocator/RegionInfo.h: In member function ‘MapleRuntime::RegionInfo::UnitInfo& MapleRuntime::RegionInfo::UnitInfo::UnitInfoArray::operator[](size_t)’:
/root/impl_gcunit3-aa48-run/runtime/src/Heap/Allocator/RegionInfo.h:4013:29: warning: comparison of unsigned expression in ‘>= 0’ is always true [-Wtype-limits]
 4013 |                 CHECK(index >= 0 && index < size);
      |                       ~~~~~~^~~~
/root/impl_gcunit3-aa48-run/runtime/src/Base/Macros.h:54:62: note: in definition of macro ‘UNLIKELY’
   54 | #define UNLIKELY(exp) (__builtin_expect(static_cast<long>(!!(exp)), 0))
      |                                                              ^~~
/root/impl_gcunit3-aa48-run/runtime/src/Heap/Allocator/RegionInfo.h:4013:17: note: in expansion of macro ‘CHECK’
 4013 |                 CHECK(index >= 0 && index < size);
      |                 ^~~~~
In file included from /root/impl_gcunit3-aa48-run/runtime/src/Heap/Allocator/RegionInfo.h:30,
                 from /root/impl_gcunit3-aa48-run/runtime/src/Heap/Allocator/RegionList.h:11,
                 from /root/impl_gcunit3-aa48-run/runtime/src/Heap/Allocator/AllocBuffer.h:17,
                 from /root/impl_gcunit3-aa48-run/runtime/src/Heap/Allocator/AllocBufferManager.h:15,
                 from /root/impl_gcunit3-aa48-run/runtime/src/Heap/Allocator/Allocator.h:11,
                 from /root/impl_gcunit3-aa48-run/runtime/src/Heap/Allocator/RegionSpace.h:19,
                 from /root/impl_gcunit3-aa48-run/runtime/src/Heap/WCollector/WCollector.h:24,
                 from /root/impl_gcunit3-aa48-run/runtime/src/Heap/Collector/Relocate.cpp:8:
/root/impl_gcunit3-aa48-run/runtime/src/Base/Globals.h: In instantiation of ‘constexpr T MapleRuntime::AlignUp(T, T) [with T = short unsigned int]’:
/root/impl_gcunit3-aa48-run/runtime/src/Common/PageAllocator.h:106:56:   required from here
/root/impl_gcunit3-aa48-run/runtime/src/Base/Globals.h:75:36: warning: conversion from ‘int’ to ‘short unsigned int’ may change value [-Wconversion]
   75 |     return ((size + alignment - 1) & ~static_cast<T>(alignment - 1));
      |            ~~~~~~~~~~~~~~~~~~~~~~~~^~~~~~~~~~~~~~~~~~~~~~~~~~~~~~~~~
In file included from /root/impl_gcunit3-aa48-run/runtime/src/Heap/Allocator/AllocBufferManager.h:17,
                 from /root/impl_gcunit3-aa48-run/runtime/src/Heap/Allocator/Allocator.h:11,
                 from /root/impl_gcunit3-aa48-run/runtime/src/Heap/Allocator/RegionSpace.h:19,
                 from /root/impl_gcunit3-aa48-run/runtime/src/Heap/WCollector/WCollector.h:24,
                 from /root/impl_gcunit3-aa48-run/runtime/src/Heap/Collector/Relocate.cpp:8:
/root/impl_gcunit3-aa48-run/runtime/src/Common/PageAllocator.h: In member function ‘void MapleRuntime::PageAllocator::InitPage(MapleRuntime::PageAllocator::Page&)’:
/root/impl_gcunit3-aa48-run/runtime/src/Common/PageAllocator.h:186:64: warning: conversion from ‘long unsigned int’ to ‘uint16_t’ {aka ‘short unsigned int’} may change value [-Wconversion]
  186 |         page.free = (AllocatorUtils::ALLOC_PAGE_SIZE - offset) / slotAlignment;
      |                     ~~~~~~~~~~~~~~~~~~~~~~~~~~~~~~~~~~~~~~~~~~~^~~~~~~~~~~~~~~
In file included from /root/impl_gcunit3-aa48-run/runtime/src/StackManager.h:13,
                 from /root/impl_gcunit3-aa48-run/runtime/src/Base/Panic.h:15,
                 from /root/impl_gcunit3-aa48-run/runtime/src/Heap/Allocator/RegionInfo.h:33,
                 from /root/impl_gcunit3-aa48-run/runtime/src/Heap/Allocator/RegionList.h:11,
                 from /root/impl_gcunit3-aa48-run/runtime/src/Heap/Allocator/AllocBuffer.h:17,
                 from /root/impl_gcunit3-aa48-run/runtime/src/Heap/Allocator/AllocBufferManager.h:15,
                 from /root/impl_gcunit3-aa48-run/runtime/src/Heap/Allocator/Allocator.h:11,
                 from /root/impl_gcunit3-aa48-run/runtime/src/Heap/Allocator/RegionSpace.h:19,
                 from /root/impl_gcunit3-aa48-run/runtime/src/Heap/WCollector/WCollector.h:24,
                 from /root/impl_gcunit3-aa48-run/runtime/src/Heap/Collector/Relocate.cpp:8:
/root/impl_gcunit3-aa48-run/runtime/src/Common/StackType.h: At global scope:
/root/impl_gcunit3-aa48-run/runtime/src/Common/StackType.h:251:24: warning: ‘virtual MapleRuntime::FrameInfo& MapleRuntime::FrameInfo::operator=(const MapleRuntime::FrameInfo&)’ was hidden [-Woverloaded-virtual]
  251 |     virtual FrameInfo& operator=(const FrameInfo& frame)
      |                        ^~~~~~~~
In file included from /root/impl_gcunit3-aa48-run/runtime/src/Exception/Exception.h:18,
                 from /root/impl_gcunit3-aa48-run/runtime/src/Mutator/Mutator.h:15,
                 from /root/impl_gcunit3-aa48-run/runtime/src/Heap/Allocator/RegionSpace.h:21,
                 from /root/impl_gcunit3-aa48-run/runtime/src/Heap/WCollector/WCollector.h:24,
                 from /root/impl_gcunit3-aa48-run/runtime/src/Heap/Collector/Relocate.cpp:8:
/root/impl_gcunit3-aa48-run/runtime/src/Exception/EhFrameInfo.h:44:7: note:   by ‘MapleRuntime::EHFrameInfo& MapleRuntime::EHFrameInfo::operator=(const MapleRuntime::EHFrameInfo&)’
   44 | class EHFrameInfo : public FrameInfo, public IEHFrameInfo {
      |       ^~~~~~~~~~~
/root/impl_gcunit3-aa48-run/runtime/src/Exception/EhFrameInfo.h: In static member function ‘static uint32_t MapleRuntime::EHFrameInfo::ReadVarInt(MapleRuntime::Uptr**, uint32_t&)’:
/root/impl_gcunit3-aa48-run/runtime/src/Exception/EhFrameInfo.h:221:77: warning: conversion from ‘MapleRuntime::Uptr’ {aka ‘long unsigned int’} to ‘uint32_t’ {aka ‘unsigned int’} may change value [-Wconversion]
  221 |         res = (*reinterpret_cast<ArchUInt*>(*point) >> (tagLen * validPos)) & bitsMask;
      |               ~~~~~~~~~~~~~~~~~~~~~~~~~~~~~~~~~~~~~~~~~~~~~~~~~~~~~~~~~~~~~~^~~~~~~~~~
In file included from /root/impl_gcunit3-aa48-run/runtime/src/Heap/Allocator/RegionSpace.h:21,
                 from /root/impl_gcunit3-aa48-run/runtime/src/Heap/WCollector/WCollector.h:24,
                 from /root/impl_gcunit3-aa48-run/runtime/src/Heap/Collector/Relocate.cpp:8:
/root/impl_gcunit3-aa48-run/runtime/src/Mutator/Mutator.h: In member function ‘void MapleRuntime::Mutator::InitTid()’:
/root/impl_gcunit3-aa48-run/runtime/src/Mutator/Mutator.h:134:50: warning: conversion from ‘uint64_t’ {aka ‘long unsigned int’} to ‘uint32_t’ {aka ‘unsigned int’} may change value [-Wconversion]
  134 |         tid = ThreadLocal::GetThreadLocalData()->tid;
      |               ~~~~~~~~~~~~~~~~~~~~~~~~~~~~~~~~~~~^~~
In file included from /root/impl_gcunit3-aa48-run/runtime/src/Heap/Allocator/RegionManager.h:27,
                 from /root/impl_gcunit3-aa48-run/runtime/src/Heap/Allocator/RegionSpace.h:22,
                 from /root/impl_gcunit3-aa48-run/runtime/src/Heap/WCollector/WCollector.h:24,
                 from /root/impl_gcunit3-aa48-run/runtime/src/Heap/Collector/Relocate.cpp:8:
/root/impl_gcunit3-aa48-run/runtime/src/Heap/Allocator/FreeRegionManager.h: In member function ‘MapleRuntime::RegionInfo* MapleRuntime::FreeRegionManager::TakeRegion(size_t, MapleRuntime::RegionInfo::UnitRole, bool, bool, bool)’:
/root/impl_gcunit3-aa48-run/runtime/src/Heap/Allocator/FreeRegionManager.h:67:55: warning: conversion from ‘size_t’ {aka ‘long unsigned int’} to ‘MapleRuntime::CartesianTree::Count’ {aka ‘unsigned int’} may change value [-Wconversion]
   67 |                     dirtyOk = dirtyUnitTree.TakeUnits(num, idx);
      |                                                       ^~~
/root/impl_gcunit3-aa48-run/runtime/src/Heap/Allocator/FreeRegionManager.h:76:55: warning: conversion from ‘size_t’ {aka ‘long unsigned int’} to ‘MapleRuntime::FreeRegionManager::UnitCount’ {aka ‘unsigned int’} may change value [-Wconversion]
   76 |                         AddDetachQuarantineUnits(idx, num, false, false);
      |                                                       ^~~
/root/impl_gcunit3-aa48-run/runtime/src/Heap/Allocator/FreeRegionManager.h:109:61: warning: conversion from ‘size_t’ {aka ‘long unsigned int’} to ‘MapleRuntime::CartesianTree::Count’ {aka ‘unsigned int’} may change value [-Wconversion]
  109 |                     releasedOk = releasedUnitTree.TakeUnits(num, idx);
      |                                                             ^~~
/root/impl_gcunit3-aa48-run/runtime/src/Heap/Allocator/FreeRegionManager.h:118:55: warning: conversion from ‘size_t’ {aka ‘long unsigned int’} to ‘MapleRuntime::FreeRegionManager::UnitCount’ {aka ‘unsigned int’} may change value [-Wconversion]
  118 |                         AddDetachQuarantineUnits(idx, num, true, false);
      |                                                       ^~~
In file included from /root/impl_gcunit3-aa48-run/runtime/src/Heap/WCollector/WCollector.h:24,
                 from /root/impl_gcunit3-aa48-run/runtime/src/Heap/Collector/Relocate.cpp:8:
/root/impl_gcunit3-aa48-run/runtime/src/Heap/Allocator/RegionSpace.h: In member function ‘size_t MapleRuntime::RegionSpace::GetTargetSize() const’:
/root/impl_gcunit3-aa48-run/runtime/src/Heap/Allocator/RegionSpace.h:81:51: warning: conversion from ‘size_t’ {aka ‘long unsigned int’} to ‘double’ may change value [-Wconversion]
   81 |         return static_cast<size_t>(GetUsedPageSize() / heapUtilization);
      |                                    ~~~~~~~~~~~~~~~^~
/root/impl_gcunit3-aa48-run/runtime/src/Heap/Allocator/RegionSpace.h: In member function ‘virtual size_t MapleRuntime::RegionSpace::ReclaimGarbageMemory(bool)’:
/root/impl_gcunit3-aa48-run/runtime/src/Heap/Allocator/RegionSpace.h:123:61: warning: conversion from ‘size_t’ {aka ‘long unsigned int’} to ‘double’ may change value [-Wconversion]
  123 |                 std::max(dirtyHeapUsed, static_cast<size_t>(sizeAfter * cachedRatio));
      |                                                             ^~~~~~~~~
In file included from /root/impl_gcunit3-aa48-run/runtime/src/Heap/Collector/CollectorResources.h:15,
                 from /root/impl_gcunit3-aa48-run/runtime/src/Heap/Collector/TracingCollector.h:15,
                 from /root/impl_gcunit3-aa48-run/runtime/src/Heap/Collector/CopyCollector.h:13,
                 from /root/impl_gcunit3-aa48-run/runtime/src/Heap/WCollector/WCollector.h:26,
                 from /root/impl_gcunit3-aa48-run/runtime/src/Heap/Collector/Relocate.cpp:8:
/root/impl_gcunit3-aa48-run/runtime/src/Heap/Collector/TaskQueue.h: At global scope:
/root/impl_gcunit3-aa48-run/runtime/src/Heap/Collector/TaskQueue.h:61:21: warning: ‘virtual constexpr MapleRuntime::GCTask& MapleRuntime::GCTask::operator=(const MapleRuntime::GCTask&)’ was hidden [-Woverloaded-virtual]
   61 |     virtual GCTask& operator=(const GCTask&) = default;
      |                     ^~~~~~~~
/root/impl_gcunit3-aa48-run/runtime/src/Heap/Collector/TaskQueue.h:93:17: note:   by ‘constexpr MapleRuntime::GCExecutor& MapleRuntime::GCExecutor::operator=(const MapleRuntime::GCExecutor&)’
   93 |     GCExecutor& operator=(const GCExecutor&) = default;
      |                 ^~~~~~~~
In file included from /root/impl_gcunit3-aa48-run/runtime/src/Heap/Collector/CopyCollector.h:13,
                 from /root/impl_gcunit3-aa48-run/runtime/src/Heap/WCollector/WCollector.h:26,
                 from /root/impl_gcunit3-aa48-run/runtime/src/Heap/Collector/Relocate.cpp:8:
/root/impl_gcunit3-aa48-run/runtime/src/Heap/Collector/TracingCollector.h: In member function ‘virtual bool MapleRuntime::TracingCollector::MarkObject(MapleRuntime::BaseObject*) const’:
/root/impl_gcunit3-aa48-run/runtime/src/Heap/Collector/TracingCollector.h:384:20: warning: unused variable ‘objSize’ [-Wunused-variable]
  384 |             size_t objSize = obj->GetSize();
      |                    ^~~~~~~
In file included from /root/impl_gcunit3-aa48-run/runtime/src/Heap/Collector/Relocate.cpp:8:
/root/impl_gcunit3-aa48-run/runtime/src/Heap/WCollector/WCollector.h: In member function ‘virtual MapleRuntime::BaseObject* MapleRuntime::WCollector::relocate_or_remap_object(MapleRuntime::BaseObject*, MapleRuntime::ZGenerationId) const’:
/root/impl_gcunit3-aa48-run/runtime/src/Heap/WCollector/WCollector.h:422:12: warning: ‘if constexpr’ only available with ‘-std=c++17’ or ‘-std=gnu++17’
  422 |         if constexpr (ForwardingTable::kEntriesSoleWhenArmed) {
      |            ^~~~~~~~~
/root/impl_gcunit3-aa48-run/runtime/src/Heap/WCollector/WCollector.h:443:12: warning: ‘if constexpr’ only available with ‘-std=c++17’ or ‘-std=gnu++17’
  443 |         if constexpr (ForwardingTable::kEntriesSoleWhenArmed) {
      |            ^~~~~~~~~
/root/impl_gcunit3-aa48-run/runtime/src/Heap/WCollector/WCollector.h: In member function ‘MapleRuntime::BaseObject* MapleRuntime::WCollector::GetForwardPointer(MapleRuntime::BaseObject*, MapleRuntime::RegionInfo*) const’:
/root/impl_gcunit3-aa48-run/runtime/src/Heap/WCollector/WCollector.h:644:12: warning: ‘if constexpr’ only available with ‘-std=c++17’ or ‘-std=gnu++17’
  644 |         if constexpr (ForwardingTable::kEntriesSoleWhenArmed) {
      |            ^~~~~~~~~
/root/impl_gcunit3-aa48-run/runtime/src/Heap/WCollector/WCollector.h: In lambda function:
/root/impl_gcunit3-aa48-run/runtime/src/Heap/WCollector/WCollector.h:715:20: warning: switch missing default case [-Wswitch-default]
  715 |             switch (answer) {
      |                    ^
/root/impl_gcunit3-aa48-run/runtime/src/Heap/WCollector/WCollector.h: In lambda function:
/root/impl_gcunit3-aa48-run/runtime/src/Heap/WCollector/WCollector.h:728:20: warning: switch missing default case [-Wswitch-default]
  728 |             switch (static_cast<uint8_t>(cause)) {
      |                    ^
/root/impl_gcunit3-aa48-run/runtime/src/Heap/WCollector/WCollector.h: In member function ‘virtual MapleRuntime::FindToVersionResult MapleRuntime::WCollector::FindToVersion(MapleRuntime::BaseObject*) const’:
/root/impl_gcunit3-aa48-run/runtime/src/Heap/WCollector/WCollector.h:776:12: warning: ‘if constexpr’ only available with ‘-std=c++17’ or ‘-std=gnu++17’
  776 |         if constexpr (ForwardingTable::kConsumeEntries) {
      |            ^~~~~~~~~
/root/impl_gcunit3-aa48-run/runtime/src/Heap/WCollector/WCollector.h:782:16: warning: ‘if constexpr’ only available with ‘-std=c++17’ or ‘-std=gnu++17’
  782 |             if constexpr (ForwardingTable::kEntriesSoleWhenArmed) {
      |                ^~~~~~~~~
/root/impl_gcunit3-aa48-run/runtime/src/Heap/WCollector/WCollector.h:840:12: warning: ‘if constexpr’ only available with ‘-std=c++17’ or ‘-std=gnu++17’
  840 |         if constexpr (ForwardingTable::kConsumeEntries) {
      |            ^~~~~~~~~
In file included from /root/impl_gcunit3-aa48-run/runtime/src/Heap/Collector/Relocate.cpp:63:
/root/impl_gcunit3-aa48-run/runtime/src/ObjectModel/MArray.inline.h: In member function ‘MapleRuntime::BaseObject* MapleRuntime::MArray::GetRefElement(MapleRuntime::MIndex)’:
/root/impl_gcunit3-aa48-run/runtime/src/ObjectModel/MArray.inline.h:62:62: warning: conversion from ‘size_t’ {aka ‘long unsigned int’} to ‘MapleRuntime::U32’ {aka ‘unsigned int’} may change value [-Wconversion]
   62 |     RefField<>& ref = GetRefField(MArray::GetContentOffset() + RefField<>::GetSize() * index);
      |                                   ~~~~~~~~~~~~~~~~~~~~~~~~~~~^~~~~~~~~~~~~~~~~~~~~~~~~~~~~~~
/root/impl_gcunit3-aa48-run/runtime/src/ObjectModel/MArray.inline.h: In member function ‘void MapleRuntime::MArray::SetRefElement(MapleRuntime::MIndex, MapleRuntime::ObjectPtr)’:
/root/impl_gcunit3-aa48-run/runtime/src/ObjectModel/MArray.inline.h:68:62: warning: conversion from ‘size_t’ {aka ‘long unsigned int’} to ‘MapleRuntime::U32’ {aka ‘unsigned int’} may change value [-Wconversion]
   68 |     RefField<>& ref = GetRefField(MArray::GetContentOffset() + RefField<>::GetSize() * index);
      |                                   ~~~~~~~~~~~~~~~~~~~~~~~~~~~^~~~~~~~~~~~~~~~~~~~~~~~~~~~~~~
/root/impl_gcunit3-aa48-run/runtime/src/ObjectModel/MArray.inline.h: In static member function ‘static MapleRuntime::MArray* MapleRuntime::MArray::NewArray(MapleRuntime::MIndex, MapleRuntime::TypeInfo&, MapleRuntime::AllocType)’:
/root/impl_gcunit3-aa48-run/runtime/src/ObjectModel/MArray.inline.h:114:59: warning: conversion from ‘long unsigned int’ to ‘MapleRuntime::U32’ {aka ‘unsigned int’} may change value [-Wconversion]
  114 |         newArray = NewKnownWidthArray(nElems, arrayClass, elemBits, allocType);
      |                                                           ^~~~~~~~
/root/impl_gcunit3-aa48-run/runtime/src/ObjectModel/MArray.inline.h: In static member function ‘static MapleRuntime::MArray* MapleRuntime::MArray::NewKnownWidthArray(MapleRuntime::MIndex, MapleRuntime::TypeInfo&, MapleRuntime::U32, MapleRuntime::AllocType)’:
/root/impl_gcunit3-aa48-run/runtime/src/ObjectModel/MArray.inline.h:145:53: warning: conversion from ‘MapleRuntime::MIndex’ {aka ‘long unsigned int’} to ‘MapleRuntime::MSize’ {aka ‘unsigned int’} may change value [-Wconversion]
  145 |             return InitializeLargeRefArray(address, arraySize, nElems, arrayClass);
      |                                                     ^~~~~~~~~
/root/impl_gcunit3-aa48-run/runtime/src/Heap/Collector/Relocate.cpp: In function ‘MapleRuntime::CompactedMissClass MapleRuntime::ClassifyCompactedMiss(MapleRuntime::RegionInfo*, MapleRuntime::BaseObject*)’:
/root/impl_gcunit3-aa48-run/runtime/src/Heap/Collector/Relocate.cpp:1955:12: warning: variable ‘contOff’ set but not used [-Wunused-but-set-variable]
 1955 |     size_t contOff = 0;
      |            ^~~~~~~
/root/impl_gcunit3-aa48-run/runtime/src/Heap/Collector/Relocate.cpp:1956:12: warning: variable ‘contSize’ set but not used [-Wunused-but-set-variable]
 1956 |     size_t contSize = 0;
      |            ^~~~~~~~
/root/impl_gcunit3-aa48-run/runtime/src/Heap/Collector/Relocate.cpp: In lambda function:
/root/impl_gcunit3-aa48-run/runtime/src/Heap/Collector/Relocate.cpp:2009:12: warning: ‘if constexpr’ only available with ‘-std=c++17’ or ‘-std=gnu++17’
 2009 |         if constexpr (ForwardingTable::kEntriesSoleWhenArmed) {
      |            ^~~~~~~~~
/root/impl_gcunit3-aa48-run/runtime/src/Heap/Collector/Relocate.cpp: In member function ‘MapleRuntime::BaseObject* MapleRuntime::WCollector::TryForwardObject(MapleRuntime::BaseObject*)’:
/root/impl_gcunit3-aa48-run/runtime/src/Heap/Collector/Relocate.cpp:2462:16: warning: switch missing default case [-Wswitch-default]
 2462 |         switch (ClassifyCompactedMiss(region, obj)) {
      |                ^
/root/impl_gcunit3-aa48-run/runtime/src/Heap/Collector/Relocate.cpp:2524:16: warning: switch missing default case [-Wswitch-default]
 2524 |         switch (ClassifyCompactedMiss(region, obj)) {
      |                ^
In file included from /root/impl_gcunit3-aa48-run/runtime/src/Heap/Allocator/RegionList.h:11,
                 from /root/impl_gcunit3-aa48-run/runtime/src/Heap/Allocator/AllocBuffer.h:17,
                 from /root/impl_gcunit3-aa48-run/runtime/src/Heap/Allocator/AllocBufferManager.h:15,
                 from /root/impl_gcunit3-aa48-run/runtime/src/Heap/Allocator/Allocator.h:11,
                 from /root/impl_gcunit3-aa48-run/runtime/src/Heap/Allocator/RegionSpace.h:19,
                 from /root/impl_gcunit3-aa48-run/runtime/src/Heap/WCollector/WCollector.h:24,
                 from /root/impl_gcunit3-aa48-run/runtime/src/Heap/Collector/Relocate.cpp:8:
/root/impl_gcunit3-aa48-run/runtime/src/Heap/Allocator/RegionInfo.h: In instantiation of ‘bool MapleRuntime::RegionInfo::MarkObject(MapleRuntime::MarkView<G>, const MapleRuntime::BaseObject*) [with MapleRuntime::Generation G = MapleRuntime::Generation::Young]’:
/root/impl_gcunit3-aa48-run/runtime/src/Heap/Allocator/RegionInfo.h:1541:30:   required from here
/root/impl_gcunit3-aa48-run/runtime/src/Heap/Allocator/RegionInfo.h:1478:35: warning: conversion from ‘size_t’ {aka ‘long unsigned int’} to ‘MapleRuntime::U32’ {aka ‘unsigned int’} may change value [-Wconversion]
 1478 |         U32 objSize = obj->GetSize();
      |                       ~~~~~~~~~~~~^~
/root/impl_gcunit3-aa48-run/runtime/src/Heap/Allocator/RegionInfo.h: In instantiation of ‘bool MapleRuntime::RegionInfo::MarkObject(MapleRuntime::MarkView<G>, const MapleRuntime::BaseObject*) [with MapleRuntime::Generation G = MapleRuntime::Generation::Old]’:
/root/impl_gcunit3-aa48-run/runtime/src/Heap/Allocator/RegionInfo.h:1543:26:   required from here
/root/impl_gcunit3-aa48-run/runtime/src/Heap/Allocator/RegionInfo.h:1478:35: warning: conversion from ‘size_t’ {aka ‘long unsigned int’} to ‘MapleRuntime::U32’ {aka ‘unsigned int’} may change value [-Wconversion]
In file included from /root/impl_gcunit3-aa48-run/runtime/src/ObjectModel/PackageInfo.h:13,
                 from /root/impl_gcunit3-aa48-run/runtime/src/ObjectModel/MClass.h:23,
                 from /root/impl_gcunit3-aa48-run/runtime/src/ObjectModel/MClass.inline.h:13,
                 from /root/impl_gcunit3-aa48-run/runtime/src/Common/BaseObject.h:13,
                 from /root/impl_gcunit3-aa48-run/runtime/src/StackMap/StackMapTypeDef.h:15,
                 from /root/impl_gcunit3-aa48-run/runtime/src/StackMap/SlotRoot.h:10,
                 from /root/impl_gcunit3-aa48-run/runtime/src/StackMap/DerivedPtr.h:10,
                 from /root/impl_gcunit3-aa48-run/runtime/src/StackMap/CompressedStackMap.h:15,
                 from /root/impl_gcunit3-aa48-run/runtime/src/StackMap/StackMap.h:11,
                 from /root/impl_gcunit3-aa48-run/runtime/src/StackManager.h:15,
                 from /root/impl_gcunit3-aa48-run/runtime/src/Base/Panic.h:15,
                 from /root/impl_gcunit3-aa48-run/runtime/src/Heap/Allocator/RegionInfo.h:33,
                 from /root/impl_gcunit3-aa48-run/runtime/src/Heap/Allocator/RegionList.h:11,
                 from /root/impl_gcunit3-aa48-run/runtime/src/Heap/Allocator/AllocBuffer.h:17,
                 from /root/impl_gcunit3-aa48-run/runtime/src/Heap/Allocator/AllocBufferManager.h:15,
                 from /root/impl_gcunit3-aa48-run/runtime/src/Heap/Allocator/Allocator.h:11,
                 from /root/impl_gcunit3-aa48-run/runtime/src/Heap/Allocator/RegionSpace.h:19,
                 from /root/impl_gcunit3-aa48-run/runtime/src/Heap/WCollector/WCollector.h:24,
                 from /root/impl_gcunit3-aa48-run/runtime/src/Heap/Collector/Relocate.cpp:8:
/root/impl_gcunit3-aa48-run/runtime/src/ObjectModel/RefField.h: In instantiation of ‘MapleRuntime::HeapSlot<isAtomic>::HeapSlot(const MapleRuntime::BaseObject*, MapleRuntime::MAddress) [with bool isAtomic = false; MapleRuntime::MAddress = long unsigned int]’:
/root/impl_gcunit3-aa48-run/runtime/src/Heap/WCollector/WCollector.h:911:55:   required from here
/root/impl_gcunit3-aa48-run/runtime/src/ObjectModel/RefField.h:260:19: warning: conversion from ‘MapleRuntime::MAddress’ {aka ‘long unsigned int’} to ‘long unsigned int:48’ may change value [-Wconversion]
  260 |         : address(reinterpret_cast<MAddress>(obj)),
      |                   ^~~~~~~~~~~~~~~~~~~~~~~~~~~~~~~
/root/impl_gcunit3-aa48-run/runtime/src/ObjectModel/RefField.h:264:48: warning: conversion from ‘MapleRuntime::MAddress’ {aka ‘long unsigned int’} to ‘unsigned char’ may change value [-Wconversion]
  264 |           padding((colour >> REMEMBERED_SHIFT) & ((MAddress(1) << TAG_ID_PADDING_BITS) - 1))
      |                   ~~~~~~~~~~~~~~~~~~~~~~~~~~~~~^~~~~~~~~~~~~~~~~~~~~~~~~~~~~~~~~~~~~~~~~~~~
/root/impl_gcunit3-aa48-run/runtime/src/ObjectModel/RefField.h: In instantiation of ‘MapleRuntime::HeapSlot<isAtomic>::HeapSlot(const MapleRuntime::BaseObject*) [with bool isAtomic = false]’:
/root/impl_gcunit3-aa48-run/runtime/src/Heap/WCollector/WCollector.h:958:64:   required from here
/root/impl_gcunit3-aa48-run/runtime/src/ObjectModel/RefField.h:285:19: warning: conversion from ‘MapleRuntime::MAddress’ {aka ‘long unsigned int’} to ‘long unsigned int:48’ may change value [-Wconversion]
  285 |         address = reinterpret_cast<MAddress>(obj);
      |                   ^~~~~~~~~~~~~~~~~~~~~~~~~~~~~~~
At global scope:
cc1plus: note: unrecognized command-line option ‘-Wno-shorten-64-to-32’ may have been intended to silence earlier diagnostics
cc1plus: note: unrecognized command-line option ‘-Wno-implicit-int-float-conversion’ may have been intended to silence earlier diagnostics
cc1plus: note: unrecognized command-line option ‘-Wno-implicit-int-conversion’ may have been intended to silence earlier diagnostics
cc1plus: note: unrecognized command-line option ‘-Wno-unused-command-line-argument’ may have been intended to silence earlier diagnostics
[ 61%] Linking CXX static library ../../../output/temp/ar/x86_64_Release/libObjectModel.a
[ 75%] Built target Verify
[ 75%] Linking CXX static library ../../../../output/temp/ar/x86_64_Release/libWCollector.a
[ 78%] Built target Common
[ 81%] Built target ObjectModel
[ 87%] Built target WCollector
In file included from /root/impl_gcunit3-aa48-run/runtime/src/Common/BaseObject.h:11,
                 from /root/impl_gcunit3-aa48-run/runtime/src/StackMap/StackMapTypeDef.h:15,
                 from /root/impl_gcunit3-aa48-run/runtime/src/StackMap/SlotRoot.h:10,
                 from /root/impl_gcunit3-aa48-run/runtime/src/StackMap/DerivedPtr.h:10,
                 from /root/impl_gcunit3-aa48-run/runtime/src/StackMap/CompressedStackMap.h:15,
                 from /root/impl_gcunit3-aa48-run/runtime/src/StackMap/StackMap.h:11,
                 from /root/impl_gcunit3-aa48-run/runtime/src/StackManager.h:15,
                 from /root/impl_gcunit3-aa48-run/runtime/src/Base/Panic.h:15,
                 from /root/impl_gcunit3-aa48-run/runtime/src/Mutator/../Heap/Allocator/RegionInfo.h:33,
                 from /root/impl_gcunit3-aa48-run/runtime/src/Mutator/../Heap/Allocator/RegionList.h:11,
                 from /root/impl_gcunit3-aa48-run/runtime/src/Mutator/../Heap/Allocator/AllocBuffer.h:17,
                 from /root/impl_gcunit3-aa48-run/runtime/src/Mutator/../Heap/Allocator/AllocBufferManager.h:15,
                 from /root/impl_gcunit3-aa48-run/runtime/src/Mutator/../Heap/Allocator/Allocator.h:11,
                 from /root/impl_gcunit3-aa48-run/runtime/src/Mutator/../Heap/Allocator/RegionSpace.h:19,
                 from /root/impl_gcunit3-aa48-run/runtime/src/Mutator/../Heap/Collector/CopyCollector.h:11,
                 from /root/impl_gcunit3-aa48-run/runtime/src/Mutator/Mutator.cpp:15:
/root/impl_gcunit3-aa48-run/runtime/src/Common/StateWord.h: In member function ‘void MapleRuntime::ObjectState::SetStateCode(MapleRuntime::ObjectState::ObjectStateCode)’:
/root/impl_gcunit3-aa48-run/runtime/src/Common/StateWord.h:46:60: warning: conversion from ‘uint16_t’ {aka ‘short unsigned int’} to ‘unsigned char:2’ may change value [-Wconversion]
   46 |     void SetStateCode(ObjectStateCode state) { stateCode = static_cast<uint16_t>(state); }
      |                                                            ^~~~~~~~~~~~~~~~~~~~~~~~~~~~
In file included from /root/impl_gcunit3-aa48-run/runtime/src/ObjectModel/MClass.h:21,
                 from /root/impl_gcunit3-aa48-run/runtime/src/ObjectModel/MClass.inline.h:13,
                 from /root/impl_gcunit3-aa48-run/runtime/src/Common/BaseObject.h:13,
                 from /root/impl_gcunit3-aa48-run/runtime/src/StackMap/StackMapTypeDef.h:15,
                 from /root/impl_gcunit3-aa48-run/runtime/src/StackMap/SlotRoot.h:10,
                 from /root/impl_gcunit3-aa48-run/runtime/src/StackMap/DerivedPtr.h:10,
                 from /root/impl_gcunit3-aa48-run/runtime/src/StackMap/CompressedStackMap.h:15,
                 from /root/impl_gcunit3-aa48-run/runtime/src/StackMap/StackMap.h:11,
                 from /root/impl_gcunit3-aa48-run/runtime/src/StackManager.h:15,
                 from /root/impl_gcunit3-aa48-run/runtime/src/Base/Panic.h:15,
                 from /root/impl_gcunit3-aa48-run/runtime/src/Mutator/../Heap/Allocator/RegionInfo.h:33,
                 from /root/impl_gcunit3-aa48-run/runtime/src/Mutator/../Heap/Allocator/RegionList.h:11,
                 from /root/impl_gcunit3-aa48-run/runtime/src/Mutator/../Heap/Allocator/AllocBuffer.h:17,
                 from /root/impl_gcunit3-aa48-run/runtime/src/Mutator/../Heap/Allocator/AllocBufferManager.h:15,
                 from /root/impl_gcunit3-aa48-run/runtime/src/Mutator/../Heap/Allocator/Allocator.h:11,
                 from /root/impl_gcunit3-aa48-run/runtime/src/Mutator/../Heap/Allocator/RegionSpace.h:19,
                 from /root/impl_gcunit3-aa48-run/runtime/src/Mutator/../Heap/Collector/CopyCollector.h:11,
                 from /root/impl_gcunit3-aa48-run/runtime/src/Mutator/Mutator.cpp:15:
/root/impl_gcunit3-aa48-run/runtime/src/ObjectModel/FieldInfo.h: At global scope:
/root/impl_gcunit3-aa48-run/runtime/src/ObjectModel/FieldInfo.h:45:33: warning: ‘unused’ attribute ignored [-Wattributes]
   45 |     U32 __attribute__((unused)) slot;
      |                                 ^~~~
In file included from /root/impl_gcunit3-aa48-run/runtime/src/ObjectModel/MClass.h:23,
                 from /root/impl_gcunit3-aa48-run/runtime/src/ObjectModel/MClass.inline.h:13,
                 from /root/impl_gcunit3-aa48-run/runtime/src/Common/BaseObject.h:13,
                 from /root/impl_gcunit3-aa48-run/runtime/src/StackMap/StackMapTypeDef.h:15,
                 from /root/impl_gcunit3-aa48-run/runtime/src/StackMap/SlotRoot.h:10,
                 from /root/impl_gcunit3-aa48-run/runtime/src/StackMap/DerivedPtr.h:10,
                 from /root/impl_gcunit3-aa48-run/runtime/src/StackMap/CompressedStackMap.h:15,
                 from /root/impl_gcunit3-aa48-run/runtime/src/StackMap/StackMap.h:11,
                 from /root/impl_gcunit3-aa48-run/runtime/src/StackManager.h:15,
                 from /root/impl_gcunit3-aa48-run/runtime/src/Base/Panic.h:15,
                 from /root/impl_gcunit3-aa48-run/runtime/src/Mutator/../Heap/Allocator/RegionInfo.h:33,
                 from /root/impl_gcunit3-aa48-run/runtime/src/Mutator/../Heap/Allocator/RegionList.h:11,
                 from /root/impl_gcunit3-aa48-run/runtime/src/Mutator/../Heap/Allocator/AllocBuffer.h:17,
                 from /root/impl_gcunit3-aa48-run/runtime/src/Mutator/../Heap/Allocator/AllocBufferManager.h:15,
                 from /root/impl_gcunit3-aa48-run/runtime/src/Mutator/../Heap/Allocator/Allocator.h:11,
                 from /root/impl_gcunit3-aa48-run/runtime/src/Mutator/../Heap/Allocator/RegionSpace.h:19,
                 from /root/impl_gcunit3-aa48-run/runtime/src/Mutator/../Heap/Collector/CopyCollector.h:11,
                 from /root/impl_gcunit3-aa48-run/runtime/src/Mutator/Mutator.cpp:15:
/root/impl_gcunit3-aa48-run/runtime/src/ObjectModel/PackageInfo.h:64:38: warning: ‘unused’ attribute ignored [-Wattributes]
   64 |     U8 __attribute__((unused)) slot[7];
      |                                      ^
In file included from /root/impl_gcunit3-aa48-run/runtime/src/ObjectModel/MClass.inline.h:13,
                 from /root/impl_gcunit3-aa48-run/runtime/src/Common/BaseObject.h:13,
                 from /root/impl_gcunit3-aa48-run/runtime/src/StackMap/StackMapTypeDef.h:15,
                 from /root/impl_gcunit3-aa48-run/runtime/src/StackMap/SlotRoot.h:10,
                 from /root/impl_gcunit3-aa48-run/runtime/src/StackMap/DerivedPtr.h:10,
                 from /root/impl_gcunit3-aa48-run/runtime/src/StackMap/CompressedStackMap.h:15,
                 from /root/impl_gcunit3-aa48-run/runtime/src/StackMap/StackMap.h:11,
                 from /root/impl_gcunit3-aa48-run/runtime/src/StackManager.h:15,
                 from /root/impl_gcunit3-aa48-run/runtime/src/Base/Panic.h:15,
                 from /root/impl_gcunit3-aa48-run/runtime/src/Mutator/../Heap/Allocator/RegionInfo.h:33,
                 from /root/impl_gcunit3-aa48-run/runtime/src/Mutator/../Heap/Allocator/RegionList.h:11,
                 from /root/impl_gcunit3-aa48-run/runtime/src/Mutator/../Heap/Allocator/AllocBuffer.h:17,
                 from /root/impl_gcunit3-aa48-run/runtime/src/Mutator/../Heap/Allocator/AllocBufferManager.h:15,
                 from /root/impl_gcunit3-aa48-run/runtime/src/Mutator/../Heap/Allocator/Allocator.h:11,
                 from /root/impl_gcunit3-aa48-run/runtime/src/Mutator/../Heap/Allocator/RegionSpace.h:19,
                 from /root/impl_gcunit3-aa48-run/runtime/src/Mutator/../Heap/Collector/CopyCollector.h:11,
                 from /root/impl_gcunit3-aa48-run/runtime/src/Mutator/Mutator.cpp:15:
/root/impl_gcunit3-aa48-run/runtime/src/ObjectModel/MClass.h: In member function ‘void MapleRuntime::ShortGCTib::ForEachBitmapWordInRange(MapleRuntime::MAddress, const RefFieldVisitor&, MapleRuntime::MAddress, MapleRuntime::MAddress) const’:
/root/impl_gcunit3-aa48-run/runtime/src/ObjectModel/MClass.h:254:48: warning: conversion from ‘MapleRuntime::MAddress’ {aka ‘long unsigned int’} to ‘MapleRuntime::U32’ {aka ‘unsigned int’} may change value [-Wconversion]
  254 |         U32 startPos = (rangeStart - baseAddr) / sizeof(RefField<>);
      |                        ~~~~~~~~~~~~~~~~~~~~~~~~^~~~~~~~~~~~~~~~~~~~
/root/impl_gcunit3-aa48-run/runtime/src/ObjectModel/MClass.h: In member function ‘void MapleRuntime::StdGCTib::ForEachBitmapWordInRange(MapleRuntime::MAddress, const RefFieldVisitor&, MapleRuntime::MAddress, MapleRuntime::MAddress) const’:
/root/impl_gcunit3-aa48-run/runtime/src/ObjectModel/MClass.h:339:53: warning: conversion from ‘MapleRuntime::MAddress’ {aka ‘long unsigned int’} to ‘MapleRuntime::U32’ {aka ‘unsigned int’} may change value [-Wconversion]
  339 |         U32 startIndex = (rangeStart - contentAddr) / mapWordSize;
      |                          ~~~~~~~~~~~~~~~~~~~~~~~~~~~^~~~~~~~~~~~~
/root/impl_gcunit3-aa48-run/runtime/src/ObjectModel/MClass.h: At global scope:
/root/impl_gcunit3-aa48-run/runtime/src/ObjectModel/MClass.h:860:33: warning: ‘unused’ attribute ignored [-Wattributes]
  860 |     U16 __attribute__((unused)) slot;
      |                                 ^~~~
In file included from /root/impl_gcunit3-aa48-run/runtime/src/StackMap/DerivedPtr.h:11,
                 from /root/impl_gcunit3-aa48-run/runtime/src/StackMap/CompressedStackMap.h:15,
                 from /root/impl_gcunit3-aa48-run/runtime/src/StackMap/StackMap.h:11,
                 from /root/impl_gcunit3-aa48-run/runtime/src/StackManager.h:15,
                 from /root/impl_gcunit3-aa48-run/runtime/src/Base/Panic.h:15,
                 from /root/impl_gcunit3-aa48-run/runtime/src/Mutator/../Heap/Allocator/RegionInfo.h:33,
                 from /root/impl_gcunit3-aa48-run/runtime/src/Mutator/../Heap/Allocator/RegionList.h:11,
                 from /root/impl_gcunit3-aa48-run/runtime/src/Mutator/../Heap/Allocator/AllocBuffer.h:17,
                 from /root/impl_gcunit3-aa48-run/runtime/src/Mutator/../Heap/Allocator/AllocBufferManager.h:15,
                 from /root/impl_gcunit3-aa48-run/runtime/src/Mutator/../Heap/Allocator/Allocator.h:11,
                 from /root/impl_gcunit3-aa48-run/runtime/src/Mutator/../Heap/Allocator/RegionSpace.h:19,
                 from /root/impl_gcunit3-aa48-run/runtime/src/Mutator/../Heap/Collector/CopyCollector.h:11,
                 from /root/impl_gcunit3-aa48-run/runtime/src/Mutator/Mutator.cpp:15:
/root/impl_gcunit3-aa48-run/runtime/src/StackMap/StackMapTable.h: In member function ‘MapleRuntime::U32 MapleRuntime::BitsManager::GetBits(MapleRuntime::U32) const’:
/root/impl_gcunit3-aa48-run/runtime/src/StackMap/StackMapTable.h:56:49: warning: conversion from ‘MapleRuntime::U64’ {aka ‘long unsigned int’} to ‘MapleRuntime::U32’ {aka ‘unsigned int’} may change value [-Wconversion]
   56 |         return ((ConnectBytesToU64() >> bitPos) & bitsMask);
      |                ~~~~~~~~~~~~~~~~~~~~~~~~~~~~~~~~~^~~~~~~~~~~
In file included from /root/impl_gcunit3-aa48-run/runtime/src/StackMap/StackMap.h:11,
                 from /root/impl_gcunit3-aa48-run/runtime/src/StackManager.h:15,
                 from /root/impl_gcunit3-aa48-run/runtime/src/Base/Panic.h:15,
                 from /root/impl_gcunit3-aa48-run/runtime/src/Mutator/../Heap/Allocator/RegionInfo.h:33,
                 from /root/impl_gcunit3-aa48-run/runtime/src/Mutator/../Heap/Allocator/RegionList.h:11,
                 from /root/impl_gcunit3-aa48-run/runtime/src/Mutator/../Heap/Allocator/AllocBuffer.h:17,
                 from /root/impl_gcunit3-aa48-run/runtime/src/Mutator/../Heap/Allocator/AllocBufferManager.h:15,
                 from /root/impl_gcunit3-aa48-run/runtime/src/Mutator/../Heap/Allocator/Allocator.h:11,
                 from /root/impl_gcunit3-aa48-run/runtime/src/Mutator/../Heap/Allocator/RegionSpace.h:19,
                 from /root/impl_gcunit3-aa48-run/runtime/src/Mutator/../Heap/Collector/CopyCollector.h:11,
                 from /root/impl_gcunit3-aa48-run/runtime/src/Mutator/Mutator.cpp:15:
/root/impl_gcunit3-aa48-run/runtime/src/StackMap/CompressedStackMap.h: In member function ‘MapleRuntime::StackMapInvalidReason MapleRuntime::CompressedStackMapHead::GetInvalidReason(MapleRuntime::Uptr, MapleRuntime::Uptr) const’:
/root/impl_gcunit3-aa48-run/runtime/src/StackMap/CompressedStackMap.h:182:16: warning: switch missing default case [-Wswitch-default]
  182 |         switch (stackMapTable.GetLookupResult(startPC, framePC)) {
      |                ^
In file included from /root/impl_gcunit3-aa48-run/runtime/src/Heap/Heap.h:16,
                 from /root/impl_gcunit3-aa48-run/runtime/src/Heap/Collector/ForwardDataManager.h:12,
                 from /root/impl_gcunit3-aa48-run/runtime/src/Mutator/../Heap/Allocator/RegionInfo.h:35,
                 from /root/impl_gcunit3-aa48-run/runtime/src/Mutator/../Heap/Allocator/RegionList.h:11,
                 from /root/impl_gcunit3-aa48-run/runtime/src/Mutator/../Heap/Allocator/AllocBuffer.h:17,
                 from /root/impl_gcunit3-aa48-run/runtime/src/Mutator/../Heap/Allocator/AllocBufferManager.h:15,
                 from /root/impl_gcunit3-aa48-run/runtime/src/Mutator/../Heap/Allocator/Allocator.h:11,
                 from /root/impl_gcunit3-aa48-run/runtime/src/Mutator/../Heap/Allocator/RegionSpace.h:19,
                 from /root/impl_gcunit3-aa48-run/runtime/src/Mutator/../Heap/Collector/CopyCollector.h:11,
                 from /root/impl_gcunit3-aa48-run/runtime/src/Mutator/Mutator.cpp:15:
/root/impl_gcunit3-aa48-run/runtime/src/Heap/Collector/Collector.h: In member function ‘const char* MapleRuntime::FindToVersionResult::unavailable_route_name() const’:
/root/impl_gcunit3-aa48-run/runtime/src/Heap/Collector/Collector.h:126:16: warning: switch missing default case [-Wswitch-default]
  126 |         switch (unavailableRoute) {
      |                ^
In file included from /root/impl_gcunit3-aa48-run/runtime/src/Heap/Collector/ForwardDataManager.h:25,
                 from /root/impl_gcunit3-aa48-run/runtime/src/Mutator/../Heap/Allocator/RegionInfo.h:35,
                 from /root/impl_gcunit3-aa48-run/runtime/src/Mutator/../Heap/Allocator/RegionList.h:11,
                 from /root/impl_gcunit3-aa48-run/runtime/src/Mutator/../Heap/Allocator/AllocBuffer.h:17,
                 from /root/impl_gcunit3-aa48-run/runtime/src/Mutator/../Heap/Allocator/AllocBufferManager.h:15,
                 from /root/impl_gcunit3-aa48-run/runtime/src/Mutator/../Heap/Allocator/Allocator.h:11,
                 from /root/impl_gcunit3-aa48-run/runtime/src/Mutator/../Heap/Allocator/RegionSpace.h:19,
                 from /root/impl_gcunit3-aa48-run/runtime/src/Mutator/../Heap/Collector/CopyCollector.h:11,
                 from /root/impl_gcunit3-aa48-run/runtime/src/Mutator/Mutator.cpp:15:
/root/impl_gcunit3-aa48-run/runtime/src/Heap/Collector/LiveInfo.h: In member function ‘void MapleRuntime::RegionBitmap::AddLiveBytesForMask(const MapleRuntime::RegionBitmap::BitMaskInfo&, size_t, size_t)’:
/root/impl_gcunit3-aa48-run/runtime/src/Heap/Collector/LiveInfo.h:138:51: warning: conversion from ‘long unsigned int’ to ‘uint8_t’ {aka ‘unsigned char’} may change value [-Wconversion]
  138 |         uint8_t calFactor = factor > markWordSize ? markWordSize : factor;
      |                             ~~~~~~~~~~~~~~~~~~~~~~^~~~~~~~~~~~~~~~~~~~~~~
/root/impl_gcunit3-aa48-run/runtime/src/Heap/Collector/LiveInfo.h: In lambda function:
/root/impl_gcunit3-aa48-run/runtime/src/Heap/Collector/LiveInfo.h:144:37: warning: conversion from ‘int’ to ‘std::__atomic_base<short unsigned int>::__int_type’ {aka ‘short unsigned int’} may change value [-Wconversion]
  144 |                 __builtin_popcountll(mask & kLiveBitMask));
      |                 ~~~~~~~~~~~~~~~~~~~~^~~~~~~~~~~~~~~~~~~~~
/root/impl_gcunit3-aa48-run/runtime/src/Heap/Collector/LiveInfo.h: In static member function ‘static void MapleRuntime::RegionBitmap::GetPreMaskInfo(size_t, size_t, MapleRuntime::RegionBitmap::PreMaskInfo&)’:
/root/impl_gcunit3-aa48-run/runtime/src/Heap/Collector/LiveInfo.h:246:51: warning: conversion from ‘long unsigned int’ to ‘uint8_t’ {aka ‘unsigned char’} may change value [-Wconversion]
  246 |         uint8_t calFactor = factor > markWordSize ? markWordSize : factor;
      |                             ~~~~~~~~~~~~~~~~~~~~~~^~~~~~~~~~~~~~~~~~~~~~~
/root/impl_gcunit3-aa48-run/runtime/src/Heap/Collector/LiveInfo.h:251:74: warning: conversion from ‘long unsigned int’ to ‘int8_t’ {aka ‘signed char’} may change value [-Wconversion]
  251 |         maskInfo.partIndex = maskInfo.index / (markWordSize / calFactor) - 1;
      |                              ~~~~~~~~~~~~~~~~~~~~~~~~~~~~~~~~~~~~~~~~~~~~^~~
In file included from /root/impl_gcunit3-aa48-run/runtime/src/Mutator/../Heap/Allocator/RegionInfo.h:36,
                 from /root/impl_gcunit3-aa48-run/runtime/src/Mutator/../Heap/Allocator/RegionList.h:11,
                 from /root/impl_gcunit3-aa48-run/runtime/src/Mutator/../Heap/Allocator/AllocBuffer.h:17,
                 from /root/impl_gcunit3-aa48-run/runtime/src/Mutator/../Heap/Allocator/AllocBufferManager.h:15,
                 from /root/impl_gcunit3-aa48-run/runtime/src/Mutator/../Heap/Allocator/Allocator.h:11,
                 from /root/impl_gcunit3-aa48-run/runtime/src/Mutator/../Heap/Allocator/RegionSpace.h:19,
                 from /root/impl_gcunit3-aa48-run/runtime/src/Mutator/../Heap/Collector/CopyCollector.h:11,
                 from /root/impl_gcunit3-aa48-run/runtime/src/Mutator/Mutator.cpp:15:
/root/impl_gcunit3-aa48-run/runtime/src/Heap/Collector/ZForwardingLife.h: In static member function ‘static bool MapleRuntime::ZForwardingLife::begin_copy(std::atomic<int>&)’:
/root/impl_gcunit3-aa48-run/runtime/src/Heap/Collector/ZForwardingLife.h:192:20: warning: switch missing default case [-Wswitch-default]
  192 |             switch (copy_admission_state(word)) {
      |                    ^
In file included from /root/impl_gcunit3-aa48-run/runtime/src/Mutator/../Heap/Allocator/RegionInfo.h:42,
                 from /root/impl_gcunit3-aa48-run/runtime/src/Mutator/../Heap/Allocator/RegionList.h:11,
                 from /root/impl_gcunit3-aa48-run/runtime/src/Mutator/../Heap/Allocator/AllocBuffer.h:17,
                 from /root/impl_gcunit3-aa48-run/runtime/src/Mutator/../Heap/Allocator/AllocBufferManager.h:15,
                 from /root/impl_gcunit3-aa48-run/runtime/src/Mutator/../Heap/Allocator/Allocator.h:11,
                 from /root/impl_gcunit3-aa48-run/runtime/src/Mutator/../Heap/Allocator/RegionSpace.h:19,
                 from /root/impl_gcunit3-aa48-run/runtime/src/Mutator/../Heap/Collector/CopyCollector.h:11,
                 from /root/impl_gcunit3-aa48-run/runtime/src/Mutator/Mutator.cpp:15:
/root/impl_gcunit3-aa48-run/runtime/src/Heap/Verify/AllocPhaseDiag.h: At global scope:
/root/impl_gcunit3-aa48-run/runtime/src/Heap/Verify/AllocPhaseDiag.h:57:1: warning: inline variables are only available with ‘-std=c++17’ or ‘-std=gnu++17’
   57 | inline Slot g_table[kCap] = {};
      | ^~~~~~
/root/impl_gcunit3-aa48-run/runtime/src/Heap/Verify/AllocPhaseDiag.h:58:1: warning: inline variables are only available with ‘-std=c++17’ or ‘-std=gnu++17’
   58 | inline NearEntry g_near[kNearCap] = {};
      | ^~~~~~
In file included from /root/impl_gcunit3-aa48-run/runtime/src/Mutator/../Heap/Allocator/RegionList.h:11,
                 from /root/impl_gcunit3-aa48-run/runtime/src/Mutator/../Heap/Allocator/AllocBuffer.h:17,
                 from /root/impl_gcunit3-aa48-run/runtime/src/Mutator/../Heap/Allocator/AllocBufferManager.h:15,
                 from /root/impl_gcunit3-aa48-run/runtime/src/Mutator/../Heap/Allocator/Allocator.h:11,
                 from /root/impl_gcunit3-aa48-run/runtime/src/Mutator/../Heap/Allocator/RegionSpace.h:19,
                 from /root/impl_gcunit3-aa48-run/runtime/src/Mutator/../Heap/Collector/CopyCollector.h:11,
                 from /root/impl_gcunit3-aa48-run/runtime/src/Mutator/Mutator.cpp:15:
/root/impl_gcunit3-aa48-run/runtime/src/Mutator/../Heap/Allocator/RegionInfo.h: In member function ‘bool MapleRuntime::RegionInfo::ResurrectObject(const MapleRuntime::BaseObject*, size_t)’:
/root/impl_gcunit3-aa48-run/runtime/src/Mutator/../Heap/Allocator/RegionInfo.h:1568:35: warning: conversion from ‘size_t’ {aka ‘long unsigned int’} to ‘MapleRuntime::U32’ {aka ‘unsigned int’} may change value [-Wconversion]
 1568 |         U32 objSize = obj->GetSize();
      |                       ~~~~~~~~~~~~^~
/root/impl_gcunit3-aa48-run/runtime/src/Mutator/../Heap/Allocator/RegionInfo.h: In member function ‘bool MapleRuntime::RegionInfo::EnqueueObject(const MapleRuntime::BaseObject*, size_t)’:
/root/impl_gcunit3-aa48-run/runtime/src/Mutator/../Heap/Allocator/RegionInfo.h:1604:35: warning: conversion from ‘size_t’ {aka ‘long unsigned int’} to ‘MapleRuntime::U32’ {aka ‘unsigned int’} may change value [-Wconversion]
 1604 |         U32 objSize = obj->GetSize();
      |                       ~~~~~~~~~~~~^~
In file included from /root/impl_gcunit3-aa48-run/runtime/src/Common/TypeDef.h:14,
                 from /root/impl_gcunit3-aa48-run/runtime/src/Mutator/Mutator.cpp:9:
/root/impl_gcunit3-aa48-run/runtime/src/Mutator/../Heap/Allocator/RegionInfo.h: In member function ‘MapleRuntime::RegionInfo::UnitInfo& MapleRuntime::RegionInfo::UnitInfo::UnitInfoArray::operator[](size_t)’:
/root/impl_gcunit3-aa48-run/runtime/src/Mutator/../Heap/Allocator/RegionInfo.h:4013:29: warning: comparison of unsigned expression in ‘>= 0’ is always true [-Wtype-limits]
 4013 |                 CHECK(index >= 0 && index < size);
      |                       ~~~~~~^~~~
/root/impl_gcunit3-aa48-run/runtime/src/Base/Macros.h:54:62: note: in definition of macro ‘UNLIKELY’
   54 | #define UNLIKELY(exp) (__builtin_expect(static_cast<long>(!!(exp)), 0))
      |                                                              ^~~
/root/impl_gcunit3-aa48-run/runtime/src/Mutator/../Heap/Allocator/RegionInfo.h:4013:17: note: in expansion of macro ‘CHECK’
 4013 |                 CHECK(index >= 0 && index < size);
      |                 ^~~~~
In file included from /root/impl_gcunit3-aa48-run/runtime/src/Mutator/../Heap/Allocator/RegionInfo.h:30,
                 from /root/impl_gcunit3-aa48-run/runtime/src/Mutator/../Heap/Allocator/RegionList.h:11,
                 from /root/impl_gcunit3-aa48-run/runtime/src/Mutator/../Heap/Allocator/AllocBuffer.h:17,
                 from /root/impl_gcunit3-aa48-run/runtime/src/Mutator/../Heap/Allocator/AllocBufferManager.h:15,
                 from /root/impl_gcunit3-aa48-run/runtime/src/Mutator/../Heap/Allocator/Allocator.h:11,
                 from /root/impl_gcunit3-aa48-run/runtime/src/Mutator/../Heap/Allocator/RegionSpace.h:19,
                 from /root/impl_gcunit3-aa48-run/runtime/src/Mutator/../Heap/Collector/CopyCollector.h:11,
                 from /root/impl_gcunit3-aa48-run/runtime/src/Mutator/Mutator.cpp:15:
/root/impl_gcunit3-aa48-run/runtime/src/Base/Globals.h: In instantiation of ‘constexpr T MapleRuntime::AlignUp(T, T) [with T = short unsigned int]’:
/root/impl_gcunit3-aa48-run/runtime/src/Common/PageAllocator.h:106:56:   required from here
/root/impl_gcunit3-aa48-run/runtime/src/Base/Globals.h:75:36: warning: conversion from ‘int’ to ‘short unsigned int’ may change value [-Wconversion]
   75 |     return ((size + alignment - 1) & ~static_cast<T>(alignment - 1));
      |            ~~~~~~~~~~~~~~~~~~~~~~~~^~~~~~~~~~~~~~~~~~~~~~~~~~~~~~~~~
In file included from /root/impl_gcunit3-aa48-run/runtime/src/Mutator/../Heap/Allocator/AllocBufferManager.h:17,
                 from /root/impl_gcunit3-aa48-run/runtime/src/Mutator/../Heap/Allocator/Allocator.h:11,
                 from /root/impl_gcunit3-aa48-run/runtime/src/Mutator/../Heap/Allocator/RegionSpace.h:19,
                 from /root/impl_gcunit3-aa48-run/runtime/src/Mutator/../Heap/Collector/CopyCollector.h:11,
                 from /root/impl_gcunit3-aa48-run/runtime/src/Mutator/Mutator.cpp:15:
/root/impl_gcunit3-aa48-run/runtime/src/Common/PageAllocator.h: In member function ‘void MapleRuntime::PageAllocator::InitPage(MapleRuntime::PageAllocator::Page&)’:
/root/impl_gcunit3-aa48-run/runtime/src/Common/PageAllocator.h:186:64: warning: conversion from ‘long unsigned int’ to ‘uint16_t’ {aka ‘short unsigned int’} may change value [-Wconversion]
  186 |         page.free = (AllocatorUtils::ALLOC_PAGE_SIZE - offset) / slotAlignment;
      |                     ~~~~~~~~~~~~~~~~~~~~~~~~~~~~~~~~~~~~~~~~~~~^~~~~~~~~~~~~~~
In file included from /root/impl_gcunit3-aa48-run/runtime/src/StackManager.h:13,
                 from /root/impl_gcunit3-aa48-run/runtime/src/Base/Panic.h:15,
                 from /root/impl_gcunit3-aa48-run/runtime/src/Mutator/../Heap/Allocator/RegionInfo.h:33,
                 from /root/impl_gcunit3-aa48-run/runtime/src/Mutator/../Heap/Allocator/RegionList.h:11,
                 from /root/impl_gcunit3-aa48-run/runtime/src/Mutator/../Heap/Allocator/AllocBuffer.h:17,
                 from /root/impl_gcunit3-aa48-run/runtime/src/Mutator/../Heap/Allocator/AllocBufferManager.h:15,
                 from /root/impl_gcunit3-aa48-run/runtime/src/Mutator/../Heap/Allocator/Allocator.h:11,
                 from /root/impl_gcunit3-aa48-run/runtime/src/Mutator/../Heap/Allocator/RegionSpace.h:19,
                 from /root/impl_gcunit3-aa48-run/runtime/src/Mutator/../Heap/Collector/CopyCollector.h:11,
                 from /root/impl_gcunit3-aa48-run/runtime/src/Mutator/Mutator.cpp:15:
/root/impl_gcunit3-aa48-run/runtime/src/Common/StackType.h: At global scope:
/root/impl_gcunit3-aa48-run/runtime/src/Common/StackType.h:251:24: warning: ‘virtual MapleRuntime::FrameInfo& MapleRuntime::FrameInfo::operator=(const MapleRuntime::FrameInfo&)’ was hidden [-Woverloaded-virtual]
  251 |     virtual FrameInfo& operator=(const FrameInfo& frame)
      |                        ^~~~~~~~
In file included from /root/impl_gcunit3-aa48-run/runtime/src/Exception/Exception.h:18,
                 from /root/impl_gcunit3-aa48-run/runtime/src/Mutator/Mutator.h:15,
                 from /root/impl_gcunit3-aa48-run/runtime/src/Mutator/../Heap/Allocator/RegionSpace.h:21,
                 from /root/impl_gcunit3-aa48-run/runtime/src/Mutator/../Heap/Collector/CopyCollector.h:11,
                 from /root/impl_gcunit3-aa48-run/runtime/src/Mutator/Mutator.cpp:15:
/root/impl_gcunit3-aa48-run/runtime/src/Exception/EhFrameInfo.h:44:7: note:   by ‘MapleRuntime::EHFrameInfo& MapleRuntime::EHFrameInfo::operator=(const MapleRuntime::EHFrameInfo&)’
   44 | class EHFrameInfo : public FrameInfo, public IEHFrameInfo {
      |       ^~~~~~~~~~~
/root/impl_gcunit3-aa48-run/runtime/src/Exception/EhFrameInfo.h: In static member function ‘static uint32_t MapleRuntime::EHFrameInfo::ReadVarInt(MapleRuntime::Uptr**, uint32_t&)’:
/root/impl_gcunit3-aa48-run/runtime/src/Exception/EhFrameInfo.h:221:77: warning: conversion from ‘MapleRuntime::Uptr’ {aka ‘long unsigned int’} to ‘uint32_t’ {aka ‘unsigned int’} may change value [-Wconversion]
  221 |         res = (*reinterpret_cast<ArchUInt*>(*point) >> (tagLen * validPos)) & bitsMask;
      |               ~~~~~~~~~~~~~~~~~~~~~~~~~~~~~~~~~~~~~~~~~~~~~~~~~~~~~~~~~~~~~~^~~~~~~~~~
In file included from /root/impl_gcunit3-aa48-run/runtime/src/Mutator/../Heap/Allocator/RegionSpace.h:21,
                 from /root/impl_gcunit3-aa48-run/runtime/src/Mutator/../Heap/Collector/CopyCollector.h:11,
                 from /root/impl_gcunit3-aa48-run/runtime/src/Mutator/Mutator.cpp:15:
/root/impl_gcunit3-aa48-run/runtime/src/Mutator/Mutator.h: In member function ‘void MapleRuntime::Mutator::InitTid()’:
/root/impl_gcunit3-aa48-run/runtime/src/Mutator/Mutator.h:134:50: warning: conversion from ‘uint64_t’ {aka ‘long unsigned int’} to ‘uint32_t’ {aka ‘unsigned int’} may change value [-Wconversion]
  134 |         tid = ThreadLocal::GetThreadLocalData()->tid;
      |               ~~~~~~~~~~~~~~~~~~~~~~~~~~~~~~~~~~~^~~
In file included from /root/impl_gcunit3-aa48-run/runtime/src/Mutator/../Heap/Allocator/RegionManager.h:27,
                 from /root/impl_gcunit3-aa48-run/runtime/src/Mutator/../Heap/Allocator/RegionSpace.h:22,
                 from /root/impl_gcunit3-aa48-run/runtime/src/Mutator/../Heap/Collector/CopyCollector.h:11,
                 from /root/impl_gcunit3-aa48-run/runtime/src/Mutator/Mutator.cpp:15:
/root/impl_gcunit3-aa48-run/runtime/src/Mutator/../Heap/Allocator/FreeRegionManager.h: In member function ‘MapleRuntime::RegionInfo* MapleRuntime::FreeRegionManager::TakeRegion(size_t, MapleRuntime::RegionInfo::UnitRole, bool, bool, bool)’:
/root/impl_gcunit3-aa48-run/runtime/src/Mutator/../Heap/Allocator/FreeRegionManager.h:67:55: warning: conversion from ‘size_t’ {aka ‘long unsigned int’} to ‘MapleRuntime::CartesianTree::Count’ {aka ‘unsigned int’} may change value [-Wconversion]
   67 |                     dirtyOk = dirtyUnitTree.TakeUnits(num, idx);
      |                                                       ^~~
/root/impl_gcunit3-aa48-run/runtime/src/Mutator/../Heap/Allocator/FreeRegionManager.h:76:55: warning: conversion from ‘size_t’ {aka ‘long unsigned int’} to ‘MapleRuntime::FreeRegionManager::UnitCount’ {aka ‘unsigned int’} may change value [-Wconversion]
   76 |                         AddDetachQuarantineUnits(idx, num, false, false);
      |                                                       ^~~
/root/impl_gcunit3-aa48-run/runtime/src/Mutator/../Heap/Allocator/FreeRegionManager.h:109:61: warning: conversion from ‘size_t’ {aka ‘long unsigned int’} to ‘MapleRuntime::CartesianTree::Count’ {aka ‘unsigned int’} may change value [-Wconversion]
  109 |                     releasedOk = releasedUnitTree.TakeUnits(num, idx);
      |                                                             ^~~
/root/impl_gcunit3-aa48-run/runtime/src/Mutator/../Heap/Allocator/FreeRegionManager.h:118:55: warning: conversion from ‘size_t’ {aka ‘long unsigned int’} to ‘MapleRuntime::FreeRegionManager::UnitCount’ {aka ‘unsigned int’} may change value [-Wconversion]
  118 |                         AddDetachQuarantineUnits(idx, num, true, false);
      |                                                       ^~~
In file included from /root/impl_gcunit3-aa48-run/runtime/src/Mutator/../Heap/Collector/CopyCollector.h:11,
                 from /root/impl_gcunit3-aa48-run/runtime/src/Mutator/Mutator.cpp:15:
/root/impl_gcunit3-aa48-run/runtime/src/Mutator/../Heap/Allocator/RegionSpace.h: In member function ‘size_t MapleRuntime::RegionSpace::GetTargetSize() const’:
/root/impl_gcunit3-aa48-run/runtime/src/Mutator/../Heap/Allocator/RegionSpace.h:81:51: warning: conversion from ‘size_t’ {aka ‘long unsigned int’} to ‘double’ may change value [-Wconversion]
   81 |         return static_cast<size_t>(GetUsedPageSize() / heapUtilization);
      |                                    ~~~~~~~~~~~~~~~^~
/root/impl_gcunit3-aa48-run/runtime/src/Mutator/../Heap/Allocator/RegionSpace.h: In member function ‘virtual size_t MapleRuntime::RegionSpace::ReclaimGarbageMemory(bool)’:
/root/impl_gcunit3-aa48-run/runtime/src/Mutator/../Heap/Allocator/RegionSpace.h:123:61: warning: conversion from ‘size_t’ {aka ‘long unsigned int’} to ‘double’ may change value [-Wconversion]
  123 |                 std::max(dirtyHeapUsed, static_cast<size_t>(sizeAfter * cachedRatio));
      |                                                             ^~~~~~~~~
In file included from /root/impl_gcunit3-aa48-run/runtime/src/Mutator/../Heap/Collector/CollectorResources.h:15,
                 from /root/impl_gcunit3-aa48-run/runtime/src/Mutator/../Heap/Collector/TracingCollector.h:15,
                 from /root/impl_gcunit3-aa48-run/runtime/src/Mutator/../Heap/Collector/CopyCollector.h:13,
                 from /root/impl_gcunit3-aa48-run/runtime/src/Mutator/Mutator.cpp:15:
/root/impl_gcunit3-aa48-run/runtime/src/Heap/Collector/TaskQueue.h: At global scope:
/root/impl_gcunit3-aa48-run/runtime/src/Heap/Collector/TaskQueue.h:61:21: warning: ‘virtual constexpr MapleRuntime::GCTask& MapleRuntime::GCTask::operator=(const MapleRuntime::GCTask&)’ was hidden [-Woverloaded-virtual]
   61 |     virtual GCTask& operator=(const GCTask&) = default;
      |                     ^~~~~~~~
/root/impl_gcunit3-aa48-run/runtime/src/Heap/Collector/TaskQueue.h:93:17: note:   by ‘constexpr MapleRuntime::GCExecutor& MapleRuntime::GCExecutor::operator=(const MapleRuntime::GCExecutor&)’
   93 |     GCExecutor& operator=(const GCExecutor&) = default;
      |                 ^~~~~~~~
In file included from /root/impl_gcunit3-aa48-run/runtime/src/Mutator/../Heap/Collector/CopyCollector.h:13,
                 from /root/impl_gcunit3-aa48-run/runtime/src/Mutator/Mutator.cpp:15:
/root/impl_gcunit3-aa48-run/runtime/src/Mutator/../Heap/Collector/TracingCollector.h: In member function ‘virtual bool MapleRuntime::TracingCollector::MarkObject(MapleRuntime::BaseObject*) const’:
/root/impl_gcunit3-aa48-run/runtime/src/Mutator/../Heap/Collector/TracingCollector.h:384:20: warning: unused variable ‘objSize’ [-Wunused-variable]
  384 |             size_t objSize = obj->GetSize();
      |                    ^~~~~~~
In file included from /root/impl_gcunit3-aa48-run/runtime/src/Heap/WCollector/WCollector.h:12,
                 from /root/impl_gcunit3-aa48-run/runtime/src/Mutator/Mutator.cpp:23:
/root/impl_gcunit3-aa48-run/runtime/src/Heap/Verify/HealCoverage.h: In function ‘void MapleRuntime::HealCoverage::Add(MapleRuntime::HealCoverage::Counts&, MapleRuntime::HealCoverage::Kind)’:
/root/impl_gcunit3-aa48-run/runtime/src/Heap/Verify/HealCoverage.h:88:12: warning: switch missing default case [-Wswitch-default]
   88 |     switch (k) {
      |            ^
/root/impl_gcunit3-aa48-run/runtime/src/Heap/Verify/HealCoverage.h: In function ‘void MapleRuntime::HealCoverage::AddFace(MapleRuntime::HealCoverage::Counts&, MapleRuntime::HealCoverage::Face)’:
/root/impl_gcunit3-aa48-run/runtime/src/Heap/Verify/HealCoverage.h:106:12: warning: switch missing default case [-Wswitch-default]
  106 |     switch (f) {
      |            ^
In file included from /root/impl_gcunit3-aa48-run/runtime/src/Mutator/Mutator.cpp:23:
/root/impl_gcunit3-aa48-run/runtime/src/Heap/WCollector/WCollector.h: In member function ‘virtual MapleRuntime::BaseObject* MapleRuntime::WCollector::relocate_or_remap_object(MapleRuntime::BaseObject*, MapleRuntime::ZGenerationId) const’:
/root/impl_gcunit3-aa48-run/runtime/src/Heap/WCollector/WCollector.h:422:12: warning: ‘if constexpr’ only available with ‘-std=c++17’ or ‘-std=gnu++17’
  422 |         if constexpr (ForwardingTable::kEntriesSoleWhenArmed) {
      |            ^~~~~~~~~
/root/impl_gcunit3-aa48-run/runtime/src/Heap/WCollector/WCollector.h:443:12: warning: ‘if constexpr’ only available with ‘-std=c++17’ or ‘-std=gnu++17’
  443 |         if constexpr (ForwardingTable::kEntriesSoleWhenArmed) {
      |            ^~~~~~~~~
/root/impl_gcunit3-aa48-run/runtime/src/Heap/WCollector/WCollector.h: In member function ‘MapleRuntime::BaseObject* MapleRuntime::WCollector::GetForwardPointer(MapleRuntime::BaseObject*, MapleRuntime::RegionInfo*) const’:
/root/impl_gcunit3-aa48-run/runtime/src/Heap/WCollector/WCollector.h:644:12: warning: ‘if constexpr’ only available with ‘-std=c++17’ or ‘-std=gnu++17’
  644 |         if constexpr (ForwardingTable::kEntriesSoleWhenArmed) {
      |            ^~~~~~~~~
/root/impl_gcunit3-aa48-run/runtime/src/Heap/WCollector/WCollector.h: In lambda function:
/root/impl_gcunit3-aa48-run/runtime/src/Heap/WCollector/WCollector.h:715:20: warning: switch missing default case [-Wswitch-default]
  715 |             switch (answer) {
      |                    ^
/root/impl_gcunit3-aa48-run/runtime/src/Heap/WCollector/WCollector.h: In lambda function:
/root/impl_gcunit3-aa48-run/runtime/src/Heap/WCollector/WCollector.h:728:20: warning: switch missing default case [-Wswitch-default]
  728 |             switch (static_cast<uint8_t>(cause)) {
      |                    ^
/root/impl_gcunit3-aa48-run/runtime/src/Heap/WCollector/WCollector.h: In member function ‘virtual MapleRuntime::FindToVersionResult MapleRuntime::WCollector::FindToVersion(MapleRuntime::BaseObject*) const’:
/root/impl_gcunit3-aa48-run/runtime/src/Heap/WCollector/WCollector.h:776:12: warning: ‘if constexpr’ only available with ‘-std=c++17’ or ‘-std=gnu++17’
  776 |         if constexpr (ForwardingTable::kConsumeEntries) {
      |            ^~~~~~~~~
/root/impl_gcunit3-aa48-run/runtime/src/Heap/WCollector/WCollector.h:782:16: warning: ‘if constexpr’ only available with ‘-std=c++17’ or ‘-std=gnu++17’
  782 |             if constexpr (ForwardingTable::kEntriesSoleWhenArmed) {
      |                ^~~~~~~~~
/root/impl_gcunit3-aa48-run/runtime/src/Heap/WCollector/WCollector.h:840:12: warning: ‘if constexpr’ only available with ‘-std=c++17’ or ‘-std=gnu++17’
  840 |         if constexpr (ForwardingTable::kConsumeEntries) {
      |            ^~~~~~~~~
/root/impl_gcunit3-aa48-run/runtime/src/Mutator/Mutator.cpp: In member function ‘intptr_t MapleRuntime::Mutator::FixExtendedStack(intptr_t, uint32_t, void*)’:
/root/impl_gcunit3-aa48-run/runtime/src/Mutator/Mutator.cpp:846:20: warning: structured bindings only available with ‘-std=c++17’ or ‘-std=gnu++17’
  846 |         for (auto& [oldDerivedSlot, oldBase, offset] : derivedSlots) {
      |                    ^
In file included from /root/impl_gcunit3-aa48-run/runtime/src/Mutator/../Heap/Allocator/RegionList.h:11,
                 from /root/impl_gcunit3-aa48-run/runtime/src/Mutator/../Heap/Allocator/AllocBuffer.h:17,
                 from /root/impl_gcunit3-aa48-run/runtime/src/Mutator/../Heap/Allocator/AllocBufferManager.h:15,
                 from /root/impl_gcunit3-aa48-run/runtime/src/Mutator/../Heap/Allocator/Allocator.h:11,
                 from /root/impl_gcunit3-aa48-run/runtime/src/Mutator/../Heap/Allocator/RegionSpace.h:19,
                 from /root/impl_gcunit3-aa48-run/runtime/src/Mutator/../Heap/Collector/CopyCollector.h:11,
                 from /root/impl_gcunit3-aa48-run/runtime/src/Mutator/Mutator.cpp:15:
/root/impl_gcunit3-aa48-run/runtime/src/Mutator/../Heap/Allocator/RegionInfo.h: In instantiation of ‘bool MapleRuntime::RegionInfo::MarkObject(MapleRuntime::MarkView<G>, const MapleRuntime::BaseObject*) [with MapleRuntime::Generation G = MapleRuntime::Generation::Young]’:
/root/impl_gcunit3-aa48-run/runtime/src/Mutator/../Heap/Allocator/RegionInfo.h:1541:30:   required from here
/root/impl_gcunit3-aa48-run/runtime/src/Mutator/../Heap/Allocator/RegionInfo.h:1478:35: warning: conversion from ‘size_t’ {aka ‘long unsigned int’} to ‘MapleRuntime::U32’ {aka ‘unsigned int’} may change value [-Wconversion]
 1478 |         U32 objSize = obj->GetSize();
      |                       ~~~~~~~~~~~~^~
/root/impl_gcunit3-aa48-run/runtime/src/Mutator/../Heap/Allocator/RegionInfo.h: In instantiation of ‘bool MapleRuntime::RegionInfo::MarkObject(MapleRuntime::MarkView<G>, const MapleRuntime::BaseObject*) [with MapleRuntime::Generation G = MapleRuntime::Generation::Old]’:
/root/impl_gcunit3-aa48-run/runtime/src/Mutator/../Heap/Allocator/RegionInfo.h:1543:26:   required from here
/root/impl_gcunit3-aa48-run/runtime/src/Mutator/../Heap/Allocator/RegionInfo.h:1478:35: warning: conversion from ‘size_t’ {aka ‘long unsigned int’} to ‘MapleRuntime::U32’ {aka ‘unsigned int’} may change value [-Wconversion]
In file included from /root/impl_gcunit3-aa48-run/runtime/src/ObjectModel/PackageInfo.h:13,
                 from /root/impl_gcunit3-aa48-run/runtime/src/ObjectModel/MClass.h:23,
                 from /root/impl_gcunit3-aa48-run/runtime/src/ObjectModel/MClass.inline.h:13,
                 from /root/impl_gcunit3-aa48-run/runtime/src/Common/BaseObject.h:13,
                 from /root/impl_gcunit3-aa48-run/runtime/src/StackMap/StackMapTypeDef.h:15,
                 from /root/impl_gcunit3-aa48-run/runtime/src/StackMap/SlotRoot.h:10,
                 from /root/impl_gcunit3-aa48-run/runtime/src/StackMap/DerivedPtr.h:10,
                 from /root/impl_gcunit3-aa48-run/runtime/src/StackMap/CompressedStackMap.h:15,
                 from /root/impl_gcunit3-aa48-run/runtime/src/StackMap/StackMap.h:11,
                 from /root/impl_gcunit3-aa48-run/runtime/src/StackManager.h:15,
                 from /root/impl_gcunit3-aa48-run/runtime/src/Base/Panic.h:15,
                 from /root/impl_gcunit3-aa48-run/runtime/src/Mutator/../Heap/Allocator/RegionInfo.h:33,
                 from /root/impl_gcunit3-aa48-run/runtime/src/Mutator/../Heap/Allocator/RegionList.h:11,
                 from /root/impl_gcunit3-aa48-run/runtime/src/Mutator/../Heap/Allocator/AllocBuffer.h:17,
                 from /root/impl_gcunit3-aa48-run/runtime/src/Mutator/../Heap/Allocator/AllocBufferManager.h:15,
                 from /root/impl_gcunit3-aa48-run/runtime/src/Mutator/../Heap/Allocator/Allocator.h:11,
                 from /root/impl_gcunit3-aa48-run/runtime/src/Mutator/../Heap/Allocator/RegionSpace.h:19,
                 from /root/impl_gcunit3-aa48-run/runtime/src/Mutator/../Heap/Collector/CopyCollector.h:11,
                 from /root/impl_gcunit3-aa48-run/runtime/src/Mutator/Mutator.cpp:15:
/root/impl_gcunit3-aa48-run/runtime/src/ObjectModel/RefField.h: In instantiation of ‘MapleRuntime::HeapSlot<isAtomic>::HeapSlot(const MapleRuntime::BaseObject*, MapleRuntime::MAddress) [with bool isAtomic = false; MapleRuntime::MAddress = long unsigned int]’:
/root/impl_gcunit3-aa48-run/runtime/src/Heap/WCollector/WCollector.h:911:55:   required from here
/root/impl_gcunit3-aa48-run/runtime/src/ObjectModel/RefField.h:260:19: warning: conversion from ‘MapleRuntime::MAddress’ {aka ‘long unsigned int’} to ‘long unsigned int:48’ may change value [-Wconversion]
  260 |         : address(reinterpret_cast<MAddress>(obj)),
      |                   ^~~~~~~~~~~~~~~~~~~~~~~~~~~~~~~
/root/impl_gcunit3-aa48-run/runtime/src/ObjectModel/RefField.h:264:48: warning: conversion from ‘MapleRuntime::MAddress’ {aka ‘long unsigned int’} to ‘unsigned char’ may change value [-Wconversion]
  264 |           padding((colour >> REMEMBERED_SHIFT) & ((MAddress(1) << TAG_ID_PADDING_BITS) - 1))
      |                   ~~~~~~~~~~~~~~~~~~~~~~~~~~~~~^~~~~~~~~~~~~~~~~~~~~~~~~~~~~~~~~~~~~~~~~~~~
/root/impl_gcunit3-aa48-run/runtime/src/ObjectModel/RefField.h: In instantiation of ‘MapleRuntime::HeapSlot<isAtomic>::HeapSlot(const MapleRuntime::BaseObject*) [with bool isAtomic = false]’:
/root/impl_gcunit3-aa48-run/runtime/src/Heap/WCollector/WCollector.h:958:64:   required from here
/root/impl_gcunit3-aa48-run/runtime/src/ObjectModel/RefField.h:285:19: warning: conversion from ‘MapleRuntime::MAddress’ {aka ‘long unsigned int’} to ‘long unsigned int:48’ may change value [-Wconversion]
  285 |         address = reinterpret_cast<MAddress>(obj);
      |                   ^~~~~~~~~~~~~~~~~~~~~~~~~~~~~~~
At global scope:
cc1plus: note: unrecognized command-line option ‘-Wno-shorten-64-to-32’ may have been intended to silence earlier diagnostics
cc1plus: note: unrecognized command-line option ‘-Wno-implicit-int-float-conversion’ may have been intended to silence earlier diagnostics
cc1plus: note: unrecognized command-line option ‘-Wno-implicit-int-conversion’ may have been intended to silence earlier diagnostics
cc1plus: note: unrecognized command-line option ‘-Wno-unused-command-line-argument’ may have been intended to silence earlier diagnostics
[ 87%] Linking CXX static library ../../../output/temp/ar/x86_64_Release/libMutator.a
[ 89%] Built target Mutator
HEAL_SLOT_GUARD PASS direct_calls=1 escaped=0 enum_sites=56 explicit_uses=84 other=0
[ 89%] Built target check_heal_slot_writes
Consolidate compiler generated dependencies of target cangjie-runtime
[ 89%] Linking CXX shared library ../../output/temp/lib/x86_64_Release/libcangjie-runtime.so
Running the deterministic GC unit suite against the runtime just built
TESTABLE=1 missing fixture: rc=2 reason=STARTED
TESTABLE=0 explicit-skip control: rc=0 reason=EXPLICIT_SKIP
TESTABLE=1 missing hook: rc=2 reason=STARTED
GATE_TESTABLE_CONTRACT_OK
GC_UNIT_GATE_NOT_RUN reason=EXPLICIT_SKIP status=/root/impl_gcunit3-aa48-run/runtime/output/temp/lib/x86_64_Release/gc_unit_gate.status
[100%] Built target cangjie-runtime
