[1/226] Refreshing the runtime provenance stamp from the build-time tree state
[2/226] Building CXX object src/Base/CMakeFiles/Base.dir/SysCall.cpp.o
[3/226] Building CXX object src/Base/CMakeFiles/Base.dir/FixedCString.cpp.o
[4/226] Building CXX object src/Heap/Verify/CMakeFiles/Verify.dir/VerifyOption.cpp.o
[5/226] Building CXX object src/Heap/Verify/CMakeFiles/Verify.dir/M0Correlation.cpp.o
[6/226] Checking that a diagnostic documenting a gate is not an all-no-op implementation
DIAG_HOLLOW_GUARD PASS gated_subsystems=27
[7/226] Building CXX object src/Heap/Verify/CMakeFiles/Verify.dir/ZgcSelfHealDiag.cpp.o
../source/runtime/src/Heap/Verify/ZgcSelfHealDiag.cpp:64:6: warning: unused function 'ReadFlag' [-Wunused-function]
bool ReadFlag(const char* name)
     ^
1 warning generated.
[8/226] Building ASM object src/Exception/CMakeFiles/Exception.dir/__/arch/x86_64_linux/RestoreContextForEH.S.o
[9/226] Building C object third_party/third_party_bounds_checking_function/CMakeFiles/boundscheck.dir/src/strcpy_s.c.o
[10/226] Building C object third_party/third_party_bounds_checking_function/CMakeFiles/boundscheck.dir/src/gets_s.c.o
[11/226] Building ASM object CMakeFiles/cjNativeStartAndEnd.dir/src/arch/x86_64_linux/CjNativeRuntimeStartAndEnd.S.o
[12/226] Building C object third_party/third_party_bounds_checking_function/CMakeFiles/boundscheck.dir/src/sscanf_s.c.o
[13/226] Building C object third_party/third_party_bounds_checking_function/CMakeFiles/boundscheck.dir/src/vsprintf_s.c.o
[14/226] Building C object third_party/third_party_bounds_checking_function/CMakeFiles/boundscheck.dir/src/fwscanf_s.c.o
[15/226] Building C object third_party/third_party_bounds_checking_function/CMakeFiles/boundscheck.dir/src/wcscat_s.c.o
[16/226] Building C object third_party/third_party_bounds_checking_function/CMakeFiles/boundscheck.dir/src/vfwscanf_s.c.o
[17/226] Building C object third_party/third_party_bounds_checking_function/CMakeFiles/boundscheck.dir/src/vswscanf_s.c.o
[18/226] Building C object third_party/third_party_bounds_checking_function/CMakeFiles/boundscheck.dir/src/memset_s.c.o
[19/226] Building C object third_party/third_party_bounds_checking_function/CMakeFiles/boundscheck.dir/src/swscanf_s.c.o
[20/226] Building C object third_party/third_party_bounds_checking_function/CMakeFiles/boundscheck.dir/src/strcat_s.c.o
[21/226] Building C object third_party/third_party_bounds_checking_function/CMakeFiles/boundscheck.dir/src/wcscpy_s.c.o
[22/226] Building C object third_party/third_party_bounds_checking_function/CMakeFiles/boundscheck.dir/src/wmemcpy_s.c.o
[23/226] Building C object third_party/third_party_bounds_checking_function/CMakeFiles/boundscheck.dir/src/vswprintf_s.c.o
[24/226] Building C object third_party/third_party_bounds_checking_function/CMakeFiles/boundscheck.dir/src/vsscanf_s.c.o
[25/226] Building C object third_party/third_party_bounds_checking_function/CMakeFiles/boundscheck.dir/src/vwscanf_s.c.o
[26/226] Building C object third_party/third_party_bounds_checking_function/CMakeFiles/boundscheck.dir/src/strtok_s.c.o
[27/226] Building C object third_party/third_party_bounds_checking_function/CMakeFiles/boundscheck.dir/src/memcpy_s.c.o
[28/226] Building C object third_party/third_party_bounds_checking_function/CMakeFiles/boundscheck.dir/src/strncat_s.c.o
[29/226] Building C object third_party/third_party_bounds_checking_function/CMakeFiles/boundscheck.dir/src/wscanf_s.c.o
[30/226] Building C object third_party/third_party_bounds_checking_function/CMakeFiles/boundscheck.dir/src/fscanf_s.c.o
[31/226] Building C object third_party/third_party_bounds_checking_function/CMakeFiles/boundscheck.dir/src/secureinput_a.c.o
[32/226] Building CXX object src/UnwindStack/CMakeFiles/UnwindStack.dir/MangleNameHelper.cpp.o
[33/226] Building C object third_party/third_party_bounds_checking_function/CMakeFiles/boundscheck.dir/src/secureprintoutput_w.c.o
[34/226] Building C object third_party/third_party_bounds_checking_function/CMakeFiles/boundscheck.dir/src/memmove_s.c.o
[35/226] Building C object third_party/third_party_bounds_checking_function/CMakeFiles/boundscheck.dir/src/vscanf_s.c.o
[36/226] Building C object third_party/third_party_bounds_checking_function/CMakeFiles/boundscheck.dir/src/scanf_s.c.o
[37/226] Building C object third_party/third_party_bounds_checking_function/CMakeFiles/boundscheck.dir/src/strncpy_s.c.o
[38/226] Building C object third_party/third_party_bounds_checking_function/CMakeFiles/boundscheck.dir/src/sprintf_s.c.o
[39/226] Building C object third_party/third_party_bounds_checking_function/CMakeFiles/boundscheck.dir/src/securecutil.c.o
[40/226] Building C object third_party/third_party_bounds_checking_function/CMakeFiles/boundscheck.dir/src/vfscanf_s.c.o
[41/226] Building C object third_party/third_party_bounds_checking_function/CMakeFiles/boundscheck.dir/src/snprintf_s.c.o
[42/226] Building C object third_party/third_party_bounds_checking_function/CMakeFiles/boundscheck.dir/src/vsnprintf_s.c.o
[43/226] Building C object third_party/third_party_bounds_checking_function/CMakeFiles/boundscheck.dir/src/wcsncat_s.c.o
[44/226] Building C object third_party/third_party_bounds_checking_function/CMakeFiles/boundscheck.dir/src/wcstok_s.c.o
[45/226] Building C object third_party/third_party_bounds_checking_function/CMakeFiles/boundscheck.dir/src/wcsncpy_s.c.o
[46/226] Building CXX object src/UnwindStack/CMakeFiles/UnwindStack.dir/StackWatermark.cpp.o
[47/226] Building C object third_party/third_party_bounds_checking_function/CMakeFiles/boundscheck.dir/src/secureprintoutput_a.c.o
[48/226] Building C object third_party/third_party_bounds_checking_function/CMakeFiles/boundscheck.dir/src/swprintf_s.c.o
[49/226] Building C object third_party/third_party_bounds_checking_function/CMakeFiles/boundscheck.dir/src/secureinput_w.c.o
[50/226] Building C object third_party/third_party_bounds_checking_function/CMakeFiles/boundscheck.dir/src/wmemmove_s.c.o
[51/226] Building CXX object CMakeFiles/runtime-provenance.dir/generated/RuntimeProvenance.cpp.o
[52/226] Linking C shared library runtime-staging/lib/x86_64_Release/libboundscheck.so
[53/226] Building CXX object src/Concurrency/CJThreadModel/CMakeFiles/cjthreadmodel.dir/Cki.cpp.o
[54/226] Building CXX object src/Heap/Verify/CMakeFiles/Verify.dir/HealPairDiag.cpp.o
[55/226] Building CXX object src/Heap/Collector/CMakeFiles/Collector.dir/Uncommitter.cpp.o
../source/runtime/src/Heap/Collector/Uncommitter.cpp:21:6: warning: unused function 'EnvIsSet' [-Wunused-function]
bool EnvIsSet(const char* name)
     ^
1 warning generated.
[56/226] Building CXX object src/Base/CMakeFiles/Base.dir/CString.cpp.o
[57/226] Building CXX object src/Signal/CMakeFiles/Signal.dir/SignalUtils.cpp.o
[58/226] Building CXX object src/Loader/CjSemanticVersion/CMakeFiles/CjSemanticVersion.dir/CjSemanticVersion.cpp.o
[59/226] Building CXX object src/Heap/Verify/CMakeFiles/Verify.dir/Zap.cpp.o
In file included from ../source/runtime/src/Heap/Verify/Zap.cpp:12:
In file included from ../source/runtime/src/Base/LogFile.h:14:
../source/runtime/src/Base/GcLog.h:263:45: warning: format string is not a string literal [-Wformat-nonliteral]
        int n = vsnprintf(buf, sizeof(buf), format, args);
                                            ^~~~~~
../source/runtime/src/Heap/Verify/Zap.cpp:17:6: warning: unused function 'EnvIsOne' [-Wunused-function]
bool EnvIsOne(const char* name)
     ^
2 warnings generated.
[60/226] Building CXX object src/Base/CMakeFiles/Base.dir/TimeUtils.cpp.o
[61/226] Linking CXX static library runtime-staging/ar/x86_64_Release/libCjSemanticVersion.a
[62/226] Building CXX object src/Base/CMakeFiles/Base.dir/MemUtils.cpp.o
[63/226] Building CXX object src/Base/CMakeFiles/Base.dir/LogFile.cpp.o
In file included from ../source/runtime/src/Base/LogFile.cpp:8:
In file included from ../source/runtime/src/Base/LogFile.h:14:
../source/runtime/src/Base/GcLog.h:263:45: warning: format string is not a string literal [-Wformat-nonliteral]
        int n = vsnprintf(buf, sizeof(buf), format, args);
                                            ^~~~~~
../source/runtime/src/Base/LogFile.cpp:159:61: warning: format string is not a string literal [-Wformat-nonliteral]
        int ret = vsnprintf(buf + index, remainingCapacity, format, args);
                                                            ^~~~~~
2 warnings generated.
[64/226] Building CXX object src/Heap/Verify/CMakeFiles/Verify.dir/VerifyPhase.cpp.o
In file included from ../source/runtime/src/Heap/Verify/VerifyPhase.cpp:11:
In file included from ../source/runtime/src/Base/LogFile.h:14:
../source/runtime/src/Base/GcLog.h:263:45: warning: format string is not a string literal [-Wformat-nonliteral]
        int n = vsnprintf(buf, sizeof(buf), format, args);
                                            ^~~~~~
1 warning generated.
[65/226] Building CXX object src/UnwindStack/CMakeFiles/UnwindStack.dir/UnwindContext.cpp.o
In file included from ../source/runtime/src/UnwindStack/UnwindContext.cpp:8:
In file included from ../source/runtime/src/Base/LogFile.h:14:
../source/runtime/src/Base/GcLog.h:263:45: warning: format string is not a string literal [-Wformat-nonliteral]
        int n = vsnprintf(buf, sizeof(buf), format, args);
                                            ^~~~~~
1 warning generated.
[66/226] Building CXX object src/Loader/BinaryFile/CMakeFiles/BinaryFile.dir/BaseFile.cpp.o
[67/226] Building CXX object src/Heap/Verify/CMakeFiles/Verify.dir/DiagGate.cpp.o
In file included from ../source/runtime/src/Heap/Verify/DiagGate.cpp:14:
In file included from ../source/runtime/src/Base/LogFile.h:14:
../source/runtime/src/Base/GcLog.h:263:45: warning: format string is not a string literal [-Wformat-nonliteral]
        int n = vsnprintf(buf, sizeof(buf), format, args);
                                            ^~~~~~
1 warning generated.
[68/226] Building CXX object src/Loader/CMakeFiles/Loader.dir/ILoader.cpp.o
[69/226] Building CXX object src/Signal/CMakeFiles/Signal.dir/SignalStack.cpp.o
In file included from ../source/runtime/src/Signal/SignalStack.cpp:8:
In file included from ../source/runtime/src/Signal/SignalStack.h:14:
In file included from ../source/runtime/src/Base/LogFile.h:14:
../source/runtime/src/Base/GcLog.h:263:45: warning: format string is not a string literal [-Wformat-nonliteral]
        int n = vsnprintf(buf, sizeof(buf), format, args);
                                            ^~~~~~
1 warning generated.
[70/226] Building CXX object src/Base/CMakeFiles/Base.dir/Log.cpp.o
In file included from ../source/runtime/src/Base/Log.cpp:14:
../source/runtime/src/Base/GcLog.h:263:45: warning: format string is not a string literal [-Wformat-nonliteral]
        int n = vsnprintf(buf, sizeof(buf), format, args);
                                            ^~~~~~
1 warning generated.
[71/226] Linking CXX static library runtime-staging/ar/x86_64_Release/libBinaryFile.a
[72/226] Linking CXX static library runtime-staging/ar/x86_64_Release/libSignal.a
[73/226] Building CXX object src/UnwindStack/CMakeFiles/UnwindStack.dir/StackExposureHook.cpp.o
../source/runtime/src/UnwindStack/StackExposureHook.cpp:24:6: warning: unused function 'EnvIsOne' [-Wunused-function]
bool EnvIsOne(const char* name)
     ^
1 warning generated.
[74/226] Building CXX object src/Heap/Verify/CMakeFiles/Verify.dir/VerifyMarkingStacks.cpp.o
In file included from ../source/runtime/src/Heap/Verify/VerifyMarkingStacks.cpp:12:
In file included from ../source/runtime/src/Base/LogFile.h:14:
../source/runtime/src/Base/GcLog.h:263:45: warning: format string is not a string literal [-Wformat-nonliteral]
        int n = vsnprintf(buf, sizeof(buf), format, args);
                                            ^~~~~~
1 warning generated.
[75/226] Building CXX object src/Common/CMakeFiles/Common.dir/ThreadCache.cpp.o
In file included from ../source/runtime/src/Common/ThreadCache.cpp:8:
In file included from ../source/runtime/src/Common/ThreadCache.h:10:
In file included from ../source/runtime/src/Common/MemCommon.h:16:
In file included from ../source/runtime/src/Common/PagePool.h:22:
In file included from ../source/runtime/src/Heap/Allocator/CartesianTree.h:14:
In file included from ../source/runtime/src/Base/LogFile.h:14:
../source/runtime/src/Base/GcLog.h:263:45: warning: format string is not a string literal [-Wformat-nonliteral]
        int n = vsnprintf(buf, sizeof(buf), format, args);
                                            ^~~~~~
1 warning generated.
[76/226] Building CXX object src/Loader/BinaryFile/CjFile/CMakeFiles/CjFile.dir/CjFile.cpp.o
In file included from ../source/runtime/src/Loader/BinaryFile/CjFile/CjFile.cpp:13:
In file included from ../source/runtime/src/Heap/Heap.h:18:
In file included from ../source/runtime/src/Heap/Collector/Collector.h:23:
In file included from ../source/runtime/src/Heap/Collector/GcStats.h:18:
In file included from ../source/runtime/src/Base/Panic.h:15:
In file included from ../source/runtime/src/StackManager.h:15:
In file included from ../source/runtime/src/StackMap/StackMap.h:11:
In file included from ../source/runtime/src/StackMap/CompressedStackMap.h:15:
In file included from ../source/runtime/src/StackMap/DerivedPtr.h:11:
In file included from ../source/runtime/src/StackMap/StackMapTable.h:13:
In file included from ../source/runtime/src/Base/LogFile.h:14:
../source/runtime/src/Base/GcLog.h:263:45: warning: format string is not a string literal [-Wformat-nonliteral]
        int n = vsnprintf(buf, sizeof(buf), format, args);
                                            ^~~~~~
1 warning generated.
[77/226] Building CXX object src/Common/CMakeFiles/Common.dir/NativeAllocator.cpp.o
In file included from ../source/runtime/src/Common/NativeAllocator.cpp:8:
In file included from ../source/runtime/src/Common/NativeAllocator.h:15:
In file included from ../source/runtime/src/Common/PagePool.h:22:
In file included from ../source/runtime/src/Heap/Allocator/CartesianTree.h:14:
In file included from ../source/runtime/src/Base/LogFile.h:14:
../source/runtime/src/Base/GcLog.h:263:45: warning: format string is not a string literal [-Wformat-nonliteral]
        int n = vsnprintf(buf, sizeof(buf), format, args);
                                            ^~~~~~
1 warning generated.
[78/226] Building CXX object src/UnwindStack/CMakeFiles/UnwindStack.dir/PrintSignalStackInfo.cpp.o
In file included from ../source/runtime/src/UnwindStack/PrintSignalStackInfo.cpp:8:
In file included from ../source/runtime/src/UnwindStack/PrintSignalStackInfo.h:11:
In file included from ../source/runtime/src/Base/LogFile.h:14:
../source/runtime/src/Base/GcLog.h:263:45: warning: format string is not a string literal [-Wformat-nonliteral]
        int n = vsnprintf(buf, sizeof(buf), format, args);
                                            ^~~~~~
1 warning generated.
[79/226] Building CXX object src/UnwindStack/CMakeFiles/UnwindStack.dir/EhStackInfo.cpp.o
In file included from ../source/runtime/src/UnwindStack/EhStackInfo.cpp:7:
In file included from ../source/runtime/src/UnwindStack/EhStackInfo.h:11:
In file included from ../source/runtime/src/Base/LogFile.h:14:
../source/runtime/src/Base/GcLog.h:263:45: warning: format string is not a string literal [-Wformat-nonliteral]
        int n = vsnprintf(buf, sizeof(buf), format, args);
                                            ^~~~~~
1 warning generated.
[80/226] Building CXX object src/ObjectModel/CMakeFiles/ObjectModel.dir/MFunc.cpp.o
[81/226] Linking CXX static library runtime-staging/ar/x86_64_Release/libCjFile.a
[82/226] Building CXX object src/Common/CMakeFiles/Common.dir/PageCache.cpp.o
In file included from ../source/runtime/src/Common/PageCache.cpp:8:
In file included from ../source/runtime/src/Common/PageCache.h:12:
In file included from ../source/runtime/src/Common/MemCommon.h:16:
In file included from ../source/runtime/src/Common/PagePool.h:22:
In file included from ../source/runtime/src/Heap/Allocator/CartesianTree.h:14:
In file included from ../source/runtime/src/Base/LogFile.h:14:
../source/runtime/src/Base/GcLog.h:263:45: warning: format string is not a string literal [-Wformat-nonliteral]
        int n = vsnprintf(buf, sizeof(buf), format, args);
                                            ^~~~~~
1 warning generated.
[83/226] Building CXX object src/UnwindStack/CMakeFiles/UnwindStack.dir/__/Demangler/DeCompression.cpp.o
[84/226] Building CXX object src/Heap/Collector/CMakeFiles/Collector.dir/LiveInfoArena.cpp.o
In file included from ../source/runtime/src/Heap/Collector/LiveInfoArena.cpp:15:
In file included from ../source/runtime/src/Heap/Heap.h:18:
In file included from ../source/runtime/src/Heap/Collector/Collector.h:23:
In file included from ../source/runtime/src/Heap/Collector/GcStats.h:18:
In file included from ../source/runtime/src/Base/Panic.h:15:
In file included from ../source/runtime/src/StackManager.h:15:
In file included from ../source/runtime/src/StackMap/StackMap.h:11:
In file included from ../source/runtime/src/StackMap/CompressedStackMap.h:15:
In file included from ../source/runtime/src/StackMap/DerivedPtr.h:11:
In file included from ../source/runtime/src/StackMap/StackMapTable.h:13:
In file included from ../source/runtime/src/Base/LogFile.h:14:
../source/runtime/src/Base/GcLog.h:263:45: warning: format string is not a string literal [-Wformat-nonliteral]
        int n = vsnprintf(buf, sizeof(buf), format, args);
                                            ^~~~~~
1 warning generated.
[85/226] Building CXX object src/Heap/Collector/CMakeFiles/Collector.dir/GcStats.cpp.o
In file included from ../source/runtime/src/Heap/Collector/GcStats.cpp:8:
In file included from ../source/runtime/src/Heap/Collector/GcStats.h:18:
In file included from ../source/runtime/src/Base/Panic.h:15:
In file included from ../source/runtime/src/StackManager.h:15:
In file included from ../source/runtime/src/StackMap/StackMap.h:11:
In file included from ../source/runtime/src/StackMap/CompressedStackMap.h:15:
In file included from ../source/runtime/src/StackMap/DerivedPtr.h:11:
In file included from ../source/runtime/src/StackMap/StackMapTable.h:13:
In file included from ../source/runtime/src/Base/LogFile.h:14:
../source/runtime/src/Base/GcLog.h:263:45: warning: format string is not a string literal [-Wformat-nonliteral]
        int n = vsnprintf(buf, sizeof(buf), format, args);
                                            ^~~~~~
In file included from ../source/runtime/src/Heap/Collector/GcStats.cpp:12:
../source/runtime/src/Heap/Collector/GcTrigger.h:216:41: warning: comparing floating point with == or != is unsafe [-Wfloat-equal]
    if (currentYoungGcTimePerBytesFreed == std::numeric_limits<double>::infinity()) {
        ~~~~~~~~~~~~~~~~~~~~~~~~~~~~~~~ ^  ~~~~~~~~~~~~~~~~~~~~~~~~~~~~~~~~~~~~~~~
2 warnings generated.
[86/226] Building CXX object src/Heap/Allocator/CMakeFiles/Allocator.dir/HeapFiller.cpp.o
In file included from ../source/runtime/src/Heap/Allocator/HeapFiller.cpp:9:
In file included from ../source/runtime/src/Base/Panic.h:15:
In file included from ../source/runtime/src/StackManager.h:15:
In file included from ../source/runtime/src/StackMap/StackMap.h:11:
In file included from ../source/runtime/src/StackMap/CompressedStackMap.h:15:
In file included from ../source/runtime/src/StackMap/DerivedPtr.h:11:
In file included from ../source/runtime/src/StackMap/StackMapTable.h:13:
In file included from ../source/runtime/src/Base/LogFile.h:14:
../source/runtime/src/Base/GcLog.h:263:45: warning: format string is not a string literal [-Wformat-nonliteral]
        int n = vsnprintf(buf, sizeof(buf), format, args);
                                            ^~~~~~
1 warning generated.
[87/226] Building CXX object src/ObjectModel/CMakeFiles/ObjectModel.dir/PackageInfo.cpp.o
[88/226] Building CXX object src/Common/CMakeFiles/Common.dir/RunType.cpp.o
In file included from ../source/runtime/src/Common/RunType.cpp:8:
In file included from ../source/runtime/src/Common/RunType.h:11:
In file included from ../source/runtime/src/Base/Panic.h:15:
In file included from ../source/runtime/src/StackManager.h:15:
In file included from ../source/runtime/src/StackMap/StackMap.h:11:
In file included from ../source/runtime/src/StackMap/CompressedStackMap.h:15:
In file included from ../source/runtime/src/StackMap/DerivedPtr.h:11:
In file included from ../source/runtime/src/StackMap/StackMapTable.h:13:
In file included from ../source/runtime/src/Base/LogFile.h:14:
../source/runtime/src/Base/GcLog.h:263:45: warning: format string is not a string literal [-Wformat-nonliteral]
        int n = vsnprintf(buf, sizeof(buf), format, args);
                                            ^~~~~~
1 warning generated.
[89/226] Building CXX object src/UnwindStack/CMakeFiles/UnwindStack.dir/PrintStackInfo.cpp.o
In file included from ../source/runtime/src/UnwindStack/PrintStackInfo.cpp:7:
In file included from ../source/runtime/src/UnwindStack/PrintStackInfo.h:11:
In file included from ../source/runtime/src/Base/LogFile.h:14:
../source/runtime/src/Base/GcLog.h:263:45: warning: format string is not a string literal [-Wformat-nonliteral]
        int n = vsnprintf(buf, sizeof(buf), format, args);
                                            ^~~~~~
1 warning generated.
[90/226] Building CXX object src/Heap/Collector/CMakeFiles/Collector.dir/GcRequest.cpp.o
In file included from ../source/runtime/src/Heap/Collector/GcRequest.cpp:9:
../source/runtime/src/Heap/Collector/GcTrigger.h:216:41: warning: comparing floating point with == or != is unsafe [-Wfloat-equal]
    if (currentYoungGcTimePerBytesFreed == std::numeric_limits<double>::infinity()) {
        ~~~~~~~~~~~~~~~~~~~~~~~~~~~~~~~ ^  ~~~~~~~~~~~~~~~~~~~~~~~~~~~~~~~~~~~~~~~
In file included from ../source/runtime/src/Heap/Collector/GcRequest.cpp:12:
In file included from ../source/runtime/src/Heap/Collector/GcStats.h:18:
In file included from ../source/runtime/src/Base/Panic.h:15:
In file included from ../source/runtime/src/StackManager.h:15:
In file included from ../source/runtime/src/StackMap/StackMap.h:11:
In file included from ../source/runtime/src/StackMap/CompressedStackMap.h:15:
In file included from ../source/runtime/src/StackMap/DerivedPtr.h:11:
In file included from ../source/runtime/src/StackMap/StackMapTable.h:13:
In file included from ../source/runtime/src/Base/LogFile.h:14:
../source/runtime/src/Base/GcLog.h:263:45: warning: format string is not a string literal [-Wformat-nonliteral]
        int n = vsnprintf(buf, sizeof(buf), format, args);
                                            ^~~~~~
2 warnings generated.
[91/226] Building CXX object src/UnwindStack/CMakeFiles/UnwindStack.dir/__/Demangler/Demangler.cpp.o
[92/226] Building CXX object src/Common/CMakeFiles/Common.dir/CentralCache.cpp.o
In file included from ../source/runtime/src/Common/CentralCache.cpp:8:
In file included from ../source/runtime/src/Common/CentralCache.h:12:
In file included from ../source/runtime/src/Common/MemCommon.h:16:
In file included from ../source/runtime/src/Common/PagePool.h:22:
In file included from ../source/runtime/src/Heap/Allocator/CartesianTree.h:14:
In file included from ../source/runtime/src/Base/LogFile.h:14:
../source/runtime/src/Base/GcLog.h:263:45: warning: format string is not a string literal [-Wformat-nonliteral]
        int n = vsnprintf(buf, sizeof(buf), format, args);
                                            ^~~~~~
1 warning generated.
[93/226] Building CXX object src/UnwindStack/CMakeFiles/UnwindStack.dir/StackMetadataHelper.cpp.o
In file included from ../source/runtime/src/UnwindStack/StackMetadataHelper.cpp:10:
In file included from ../source/runtime/src/StackMap/StackMap.h:11:
In file included from ../source/runtime/src/StackMap/CompressedStackMap.h:15:
In file included from ../source/runtime/src/StackMap/DerivedPtr.h:11:
In file included from ../source/runtime/src/StackMap/StackMapTable.h:13:
In file included from ../source/runtime/src/Base/LogFile.h:14:
../source/runtime/src/Base/GcLog.h:263:45: warning: format string is not a string literal [-Wformat-nonliteral]
        int n = vsnprintf(buf, sizeof(buf), format, args);
                                            ^~~~~~
1 warning generated.
[94/226] Building CXX object src/UnwindStack/CMakeFiles/UnwindStack.dir/FrameInfo.cpp.o
In file included from ../source/runtime/src/UnwindStack/FrameInfo.cpp:12:
In file included from ../source/runtime/src/StackMap/StackMap.h:11:
In file included from ../source/runtime/src/StackMap/CompressedStackMap.h:15:
In file included from ../source/runtime/src/StackMap/DerivedPtr.h:11:
In file included from ../source/runtime/src/StackMap/StackMapTable.h:13:
In file included from ../source/runtime/src/Base/LogFile.h:14:
../source/runtime/src/Base/GcLog.h:263:45: warning: format string is not a string literal [-Wformat-nonliteral]
        int n = vsnprintf(buf, sizeof(buf), format, args);
                                            ^~~~~~
1 warning generated.
[95/226] Building CXX object src/CpuProfiler/CMakeFiles/CpuProfiler.dir/SamplesRecord.cpp.o
[96/226] Building CXX object src/Heap/Barrier/CMakeFiles/Barrier.dir/RememberedSet.cpp.o
In file included from ../source/runtime/src/Heap/Barrier/RememberedSet.cpp:21:
In file included from ../source/runtime/src/Base/LogFile.h:14:
../source/runtime/src/Base/GcLog.h:263:45: warning: format string is not a string literal [-Wformat-nonliteral]
        int n = vsnprintf(buf, sizeof(buf), format, args);
                                            ^~~~~~
In file included from ../source/runtime/src/Heap/Barrier/RememberedSet.cpp:22:
../source/runtime/src/Heap/Allocator/ForwardingTable.h:22:1: warning: struct 'LiveInfo' was previously declared as a class; this is valid, but may result in linker errors under the Microsoft C++ ABI [-Wmismatched-tags]
struct LiveInfo;
^
../source/runtime/src/Heap/Collector/ZForwarding.h:33:7: note: previous use is here
class LiveInfo;
      ^
In file included from ../source/runtime/src/Heap/Barrier/RememberedSet.cpp:23:
../source/runtime/src/Heap/Collector/LiveInfo.h:185:1: warning: 'LiveInfo' defined as a struct here but previously declared as a class; this is valid, but may result in linker errors under the Microsoft C++ ABI [-Wmismatched-tags]
struct LiveInfo {
^
../source/runtime/src/Heap/Collector/ZForwarding.h:33:1: note: did you mean struct here?
class LiveInfo;
^~~~~
struct
../source/runtime/src/Heap/Barrier/RememberedSet.cpp:475:26: warning: unused variable 'bit' [-Wunused-variable]
            const size_t bit = wordIdx * kBitsPerWord + bitInWord;
                         ^
4 warnings generated.
[97/226] Building CXX object src/Heap/Allocator/CMakeFiles/Allocator.dir/MemMap.cpp.o
In file included from ../source/runtime/src/Heap/Allocator/MemMap.cpp:33:
In file included from ../source/runtime/src/Base/LogFile.h:14:
../source/runtime/src/Base/GcLog.h:263:45: warning: format string is not a string literal [-Wformat-nonliteral]
        int n = vsnprintf(buf, sizeof(buf), format, args);
                                            ^~~~~~
1 warning generated.
[98/226] Building CXX object src/Heap/Allocator/CMakeFiles/Allocator.dir/RouteDestHold.cpp.o
In file included from ../source/runtime/src/Heap/Allocator/RouteDestHold.cpp:7:
In file included from ../source/runtime/src/Heap/Allocator/RegionInfo.h:35:
In file included from ../source/runtime/src/Base/Panic.h:15:
In file included from ../source/runtime/src/StackManager.h:15:
In file included from ../source/runtime/src/StackMap/StackMap.h:11:
In file included from ../source/runtime/src/StackMap/CompressedStackMap.h:15:
In file included from ../source/runtime/src/StackMap/DerivedPtr.h:11:
In file included from ../source/runtime/src/StackMap/StackMapTable.h:13:
In file included from ../source/runtime/src/Base/LogFile.h:14:
../source/runtime/src/Base/GcLog.h:263:45: warning: format string is not a string literal [-Wformat-nonliteral]
        int n = vsnprintf(buf, sizeof(buf), format, args);
                                            ^~~~~~
In file included from ../source/runtime/src/Heap/Allocator/RouteDestHold.cpp:7:
In file included from ../source/runtime/src/Heap/Allocator/RegionInfo.h:44:
../source/runtime/src/Heap/Verify/AllocPhaseDiag.h:57:1: warning: inline variables are a C++17 extension [-Wc++17-extensions]
inline Slot g_table[kCap] = {};
^
../source/runtime/src/Heap/Verify/AllocPhaseDiag.h:58:1: warning: inline variables are a C++17 extension [-Wc++17-extensions]
inline NearEntry g_near[kNearCap] = {};
^
In file included from ../source/runtime/src/Heap/Allocator/RouteDestHold.cpp:7:
In file included from ../source/runtime/src/Heap/Allocator/RegionInfo.h:50:
In file included from ../source/runtime/src/Heap/Allocator/ForwardingTable.h:15:
../source/runtime/src/Heap/Collector/ZForwarding.h:33:1: warning: class 'LiveInfo' was previously declared as a struct; this is valid, but may result in linker errors under the Microsoft C++ ABI [-Wmismatched-tags]
class LiveInfo;
^
../source/runtime/src/Heap/Collector/LiveInfo.h:185:8: note: previous use is here
struct LiveInfo {
       ^
../source/runtime/src/Heap/Collector/ZForwarding.h:33:1: note: did you mean struct here?
class LiveInfo;
^~~~~
struct
4 warnings generated.
[99/226] Building CXX object src/Concurrency/CJThreadModel/CMakeFiles/cjthreadmodel.dir/CJThreadModel.cpp.o
In file included from ../source/runtime/src/Concurrency/CJThreadModel/CJThreadModel.cpp:8:
In file included from ../source/runtime/src/Concurrency/CJThreadModel/CJThreadModel.h:16:
In file included from ../source/runtime/src/Concurrency/ConcurrencyModel.h:17:
In file included from ../source/runtime/src/Mutator/Mutator.h:15:
In file included from ../source/runtime/src/Exception/Exception.h:17:
In file included from ../source/runtime/src/Common/NativeAllocator.h:15:
In file included from ../source/runtime/src/Common/PagePool.h:22:
In file included from ../source/runtime/src/Heap/Allocator/CartesianTree.h:14:
In file included from ../source/runtime/src/Base/LogFile.h:14:
../source/runtime/src/Base/GcLog.h:263:45: warning: format string is not a string literal [-Wformat-nonliteral]
        int n = vsnprintf(buf, sizeof(buf), format, args);
                                            ^~~~~~
In file included from ../source/runtime/src/Concurrency/CJThreadModel/CJThreadModel.cpp:8:
In file included from ../source/runtime/src/Concurrency/CJThreadModel/CJThreadModel.h:16:
In file included from ../source/runtime/src/Concurrency/ConcurrencyModel.h:17:
In file included from ../source/runtime/src/Mutator/Mutator.h:16:
In file included from ../source/runtime/src/Heap/Allocator/Allocator.h:11:
In file included from ../source/runtime/src/Heap/Allocator/AllocBufferManager.h:15:
In file included from ../source/runtime/src/Heap/Allocator/AllocBuffer.h:18:
In file included from ../source/runtime/src/Heap/Allocator/RegionList.h:11:
In file included from ../source/runtime/src/Heap/Allocator/RegionInfo.h:44:
../source/runtime/src/Heap/Verify/AllocPhaseDiag.h:57:1: warning: inline variables are a C++17 extension [-Wc++17-extensions]
inline Slot g_table[kCap] = {};
^
../source/runtime/src/Heap/Verify/AllocPhaseDiag.h:58:1: warning: inline variables are a C++17 extension [-Wc++17-extensions]
inline NearEntry g_near[kNearCap] = {};
^
In file included from ../source/runtime/src/Concurrency/CJThreadModel/CJThreadModel.cpp:8:
In file included from ../source/runtime/src/Concurrency/CJThreadModel/CJThreadModel.h:16:
In file included from ../source/runtime/src/Concurrency/ConcurrencyModel.h:17:
In file included from ../source/runtime/src/Mutator/Mutator.h:16:
In file included from ../source/runtime/src/Heap/Allocator/Allocator.h:11:
In file included from ../source/runtime/src/Heap/Allocator/AllocBufferManager.h:15:
In file included from ../source/runtime/src/Heap/Allocator/AllocBuffer.h:18:
In file included from ../source/runtime/src/Heap/Allocator/RegionList.h:11:
In file included from ../source/runtime/src/Heap/Allocator/RegionInfo.h:50:
In file included from ../source/runtime/src/Heap/Allocator/ForwardingTable.h:15:
../source/runtime/src/Heap/Collector/ZForwarding.h:33:1: warning: class 'LiveInfo' was previously declared as a struct; this is valid, but may result in linker errors under the Microsoft C++ ABI [-Wmismatched-tags]
class LiveInfo;
^
../source/runtime/src/Heap/Collector/LiveInfo.h:185:8: note: previous use is here
struct LiveInfo {
       ^
../source/runtime/src/Heap/Collector/ZForwarding.h:33:1: note: did you mean struct here?
class LiveInfo;
^~~~~
struct
4 warnings generated.
[100/226] Building CXX object src/UnwindStack/CMakeFiles/UnwindStack.dir/MachineFrame.cpp.o
In file included from ../source/runtime/src/UnwindStack/MachineFrame.cpp:8:
In file included from ../source/runtime/src/Base/LogFile.h:14:
../source/runtime/src/Base/GcLog.h:263:45: warning: format string is not a string literal [-Wformat-nonliteral]
        int n = vsnprintf(buf, sizeof(buf), format, args);
                                            ^~~~~~
In file included from ../source/runtime/src/UnwindStack/MachineFrame.cpp:11:
In file included from ../source/runtime/src/Interpreter/InterpreterSpecific.h:16:
In file included from ../source/runtime/src/Mutator/Mutator.h:16:
In file included from ../source/runtime/src/Heap/Allocator/Allocator.h:11:
In file included from ../source/runtime/src/Heap/Allocator/AllocBufferManager.h:15:
In file included from ../source/runtime/src/Heap/Allocator/AllocBuffer.h:18:
In file included from ../source/runtime/src/Heap/Allocator/RegionList.h:11:
In file included from ../source/runtime/src/Heap/Allocator/RegionInfo.h:44:
../source/runtime/src/Heap/Verify/AllocPhaseDiag.h:57:1: warning: inline variables are a C++17 extension [-Wc++17-extensions]
inline Slot g_table[kCap] = {};
^
../source/runtime/src/Heap/Verify/AllocPhaseDiag.h:58:1: warning: inline variables are a C++17 extension [-Wc++17-extensions]
inline NearEntry g_near[kNearCap] = {};
^
In file included from ../source/runtime/src/UnwindStack/MachineFrame.cpp:11:
In file included from ../source/runtime/src/Interpreter/InterpreterSpecific.h:16:
In file included from ../source/runtime/src/Mutator/Mutator.h:16:
In file included from ../source/runtime/src/Heap/Allocator/Allocator.h:11:
In file included from ../source/runtime/src/Heap/Allocator/AllocBufferManager.h:15:
In file included from ../source/runtime/src/Heap/Allocator/AllocBuffer.h:18:
In file included from ../source/runtime/src/Heap/Allocator/RegionList.h:11:
In file included from ../source/runtime/src/Heap/Allocator/RegionInfo.h:50:
In file included from ../source/runtime/src/Heap/Allocator/ForwardingTable.h:15:
../source/runtime/src/Heap/Collector/ZForwarding.h:33:1: warning: class 'LiveInfo' was previously declared as a struct; this is valid, but may result in linker errors under the Microsoft C++ ABI [-Wmismatched-tags]
class LiveInfo;
^
../source/runtime/src/Heap/Collector/LiveInfo.h:185:8: note: previous use is here
struct LiveInfo {
       ^
../source/runtime/src/Heap/Collector/ZForwarding.h:33:1: note: did you mean struct here?
class LiveInfo;
^~~~~
struct
4 warnings generated.
[101/226] Building CXX object src/Base/CMakeFiles/Base.dir/ZStat.cpp.o
FAILED: src/Base/CMakeFiles/Base.dir/ZStat.cpp.o 
/usr/bin/ccache /usr/bin/clang++ -DCANGJIE_GWPASAN_SUPPORT -DCJ_SDK_VERSION=\"0.0.1\" -DMRT_USE_CJTHREAD_RENAME -DMRT_USE_COPYGC -I/root/sym_cangjie_runtime_465_implement_r5651041991/source/runtime/third_party/third_party_bounds_checking_function/include -I/root/sym_cangjie_runtime_465_implement_r5651041991/build-default/runtime-staging/include -I/root/sym_cangjie_runtime_465_implement_r5651041991/source/runtime/include -I/root/sym_cangjie_runtime_465_implement_r5651041991/source/runtime/src -I/root/sym_cangjie_runtime_465_implement_r5651041991/source/runtime/src/Base/.. -Wno-unused-command-line-argument -fno-omit-frame-pointer -fvisibility=default -fno-exceptions         -fno-rtti -ffunction-sections -Wall -fstack-protector-strong -fPIC -fno-strict-aliasing -fno-common -pipe -Wdate-time -Wformat=2 -Wfloat-equal -Wextra     -Wconversion -Wcast-align     -Wvla -Wundef     -Wno-implicit-int-conversion -Wno-sign-conversion -Wno-implicit-int-float-conversion     -Wno-shorten-64-to-32 -Wswitch-default -Wunused -Wcast-qual -Wno-unused-parameter     -fno-common -ffile-prefix-map=/root/sym_cangjie_runtime_465_implement_r5651041991/source=/usr/src/cangjie-runtime -fdebug-prefix-map=/root/sym_cangjie_runtime_465_implement_r5651041991/source=/usr/src/cangjie-runtime -fmacro-prefix-map=/root/sym_cangjie_runtime_465_implement_r5651041991/source=/usr/src/cangjie-runtime -std=gnu++14 -Woverloaded-virtual         -Wnon-virtual-dtor -Wdelete-non-virtual-dtor -Wframe-larger-than=10240 -O2 -D_FORTIFY_SOURCE=2 -gdwarf-4 -MD -MT src/Base/CMakeFiles/Base.dir/ZStat.cpp.o -MF src/Base/CMakeFiles/Base.dir/ZStat.cpp.o.d -o src/Base/CMakeFiles/Base.dir/ZStat.cpp.o -c /root/sym_cangjie_runtime_465_implement_r5651041991/source/runtime/src/Base/ZStat.cpp
In file included from ../source/runtime/src/Base/ZStat.cpp:14:
In file included from ../source/runtime/src/Heap/Heap.h:18:
In file included from ../source/runtime/src/Heap/Collector/Collector.h:23:
In file included from ../source/runtime/src/Heap/Collector/GcStats.h:18:
In file included from ../source/runtime/src/Base/Panic.h:15:
In file included from ../source/runtime/src/StackManager.h:15:
In file included from ../source/runtime/src/StackMap/StackMap.h:11:
In file included from ../source/runtime/src/StackMap/CompressedStackMap.h:15:
In file included from ../source/runtime/src/StackMap/DerivedPtr.h:11:
In file included from ../source/runtime/src/StackMap/StackMapTable.h:13:
In file included from ../source/runtime/src/Base/LogFile.h:14:
../source/runtime/src/Base/GcLog.h:263:45: warning: format string is not a string literal [-Wformat-nonliteral]
        int n = vsnprintf(buf, sizeof(buf), format, args);
                                            ^~~~~~
In file included from ../source/runtime/src/Base/ZStat.cpp:16:
In file included from ../source/runtime/src/Heap/Allocator/RegionManager.h:19:
In file included from ../source/runtime/src/Heap/Allocator/AllocBuffer.h:18:
In file included from ../source/runtime/src/Heap/Allocator/RegionList.h:11:
In file included from ../source/runtime/src/Heap/Allocator/RegionInfo.h:44:
../source/runtime/src/Heap/Verify/AllocPhaseDiag.h:57:1: warning: inline variables are a C++17 extension [-Wc++17-extensions]
inline Slot g_table[kCap] = {};
^
../source/runtime/src/Heap/Verify/AllocPhaseDiag.h:58:1: warning: inline variables are a C++17 extension [-Wc++17-extensions]
inline NearEntry g_near[kNearCap] = {};
^
In file included from ../source/runtime/src/Base/ZStat.cpp:16:
In file included from ../source/runtime/src/Heap/Allocator/RegionManager.h:19:
In file included from ../source/runtime/src/Heap/Allocator/AllocBuffer.h:18:
In file included from ../source/runtime/src/Heap/Allocator/RegionList.h:11:
In file included from ../source/runtime/src/Heap/Allocator/RegionInfo.h:50:
In file included from ../source/runtime/src/Heap/Allocator/ForwardingTable.h:15:
../source/runtime/src/Heap/Collector/ZForwarding.h:33:1: warning: class 'LiveInfo' was previously declared as a struct; this is valid, but may result in linker errors under the Microsoft C++ ABI [-Wmismatched-tags]
class LiveInfo;
^
../source/runtime/src/Heap/Collector/LiveInfo.h:185:8: note: previous use is here
struct LiveInfo {
       ^
../source/runtime/src/Heap/Collector/ZForwarding.h:33:1: note: did you mean struct here?
class LiveInfo;
^~~~~
struct
In file included from ../source/runtime/src/Base/ZStat.cpp:16:
../source/runtime/src/Heap/Allocator/RegionManager.h:948:12: warning: constexpr if is a C++17 extension [-Wc++17-extensions]
        if constexpr (G == Generation::Old) {
           ^
In file included from ../source/runtime/src/Base/ZStat.cpp:17:
../source/runtime/src/Heap/Collector/GcTrigger.h:216:41: warning: comparing floating point with == or != is unsafe [-Wfloat-equal]
    if (currentYoungGcTimePerBytesFreed == std::numeric_limits<double>::infinity()) {
        ~~~~~~~~~~~~~~~~~~~~~~~~~~~~~~~ ^  ~~~~~~~~~~~~~~~~~~~~~~~~~~~~~~~~~~~~~~~
../source/runtime/src/Base/ZStat.cpp:179:72: error: no member named 'align_val_t' in namespace 'std'
    base = static_cast<char*>(::operator new(stride * CpuCount(), std::align_val_t(64)));
                                                                  ~~~~~^
6 warnings and 1 error generated.
[102/226] Building CXX object src/Heap/Verify/CMakeFiles/Verify.dir/HoleWhoDiag.cpp.o
In file included from ../source/runtime/src/Heap/Verify/HoleWhoDiag.cpp:10:
In file included from ../source/runtime/src/Heap/Allocator/RegionInfo.h:35:
In file included from ../source/runtime/src/Base/Panic.h:15:
In file included from ../source/runtime/src/StackManager.h:15:
In file included from ../source/runtime/src/StackMap/StackMap.h:11:
In file included from ../source/runtime/src/StackMap/CompressedStackMap.h:15:
In file included from ../source/runtime/src/StackMap/DerivedPtr.h:11:
In file included from ../source/runtime/src/StackMap/StackMapTable.h:13:
In file included from ../source/runtime/src/Base/LogFile.h:14:
../source/runtime/src/Base/GcLog.h:263:45: warning: format string is not a string literal [-Wformat-nonliteral]
        int n = vsnprintf(buf, sizeof(buf), format, args);
                                            ^~~~~~
In file included from ../source/runtime/src/Heap/Verify/HoleWhoDiag.cpp:10:
In file included from ../source/runtime/src/Heap/Allocator/RegionInfo.h:44:
../source/runtime/src/Heap/Verify/AllocPhaseDiag.h:57:1: warning: inline variables are a C++17 extension [-Wc++17-extensions]
inline Slot g_table[kCap] = {};
^
../source/runtime/src/Heap/Verify/AllocPhaseDiag.h:58:1: warning: inline variables are a C++17 extension [-Wc++17-extensions]
inline NearEntry g_near[kNearCap] = {};
^
In file included from ../source/runtime/src/Heap/Verify/HoleWhoDiag.cpp:10:
In file included from ../source/runtime/src/Heap/Allocator/RegionInfo.h:50:
In file included from ../source/runtime/src/Heap/Allocator/ForwardingTable.h:15:
../source/runtime/src/Heap/Collector/ZForwarding.h:33:1: warning: class 'LiveInfo' was previously declared as a struct; this is valid, but may result in linker errors under the Microsoft C++ ABI [-Wmismatched-tags]
class LiveInfo;
^
../source/runtime/src/Heap/Collector/LiveInfo.h:185:8: note: previous use is here
struct LiveInfo {
       ^
../source/runtime/src/Heap/Collector/ZForwarding.h:33:1: note: did you mean struct here?
class LiveInfo;
^~~~~
struct
4 warnings generated.
[103/226] Building CXX object src/Heap/WCollector/CMakeFiles/WCollector.dir/ForwardBarrier.cpp.o
In file included from ../source/runtime/src/Heap/WCollector/ForwardBarrier.cpp:14:
In file included from ../source/runtime/src/Mutator/Mutator.h:15:
In file included from ../source/runtime/src/Exception/Exception.h:17:
In file included from ../source/runtime/src/Common/NativeAllocator.h:15:
In file included from ../source/runtime/src/Common/PagePool.h:22:
In file included from ../source/runtime/src/Heap/Allocator/CartesianTree.h:14:
In file included from ../source/runtime/src/Base/LogFile.h:14:
../source/runtime/src/Base/GcLog.h:263:45: warning: format string is not a string literal [-Wformat-nonliteral]
        int n = vsnprintf(buf, sizeof(buf), format, args);
                                            ^~~~~~
In file included from ../source/runtime/src/Heap/WCollector/ForwardBarrier.cpp:14:
In file included from ../source/runtime/src/Mutator/Mutator.h:16:
In file included from ../source/runtime/src/Heap/Allocator/Allocator.h:11:
In file included from ../source/runtime/src/Heap/Allocator/AllocBufferManager.h:15:
In file included from ../source/runtime/src/Heap/Allocator/AllocBuffer.h:18:
In file included from ../source/runtime/src/Heap/Allocator/RegionList.h:11:
In file included from ../source/runtime/src/Heap/Allocator/RegionInfo.h:44:
../source/runtime/src/Heap/Verify/AllocPhaseDiag.h:57:1: warning: inline variables are a C++17 extension [-Wc++17-extensions]
inline Slot g_table[kCap] = {};
^
../source/runtime/src/Heap/Verify/AllocPhaseDiag.h:58:1: warning: inline variables are a C++17 extension [-Wc++17-extensions]
inline NearEntry g_near[kNearCap] = {};
^
In file included from ../source/runtime/src/Heap/WCollector/ForwardBarrier.cpp:14:
In file included from ../source/runtime/src/Mutator/Mutator.h:16:
In file included from ../source/runtime/src/Heap/Allocator/Allocator.h:11:
In file included from ../source/runtime/src/Heap/Allocator/AllocBufferManager.h:15:
In file included from ../source/runtime/src/Heap/Allocator/AllocBuffer.h:18:
In file included from ../source/runtime/src/Heap/Allocator/RegionList.h:11:
In file included from ../source/runtime/src/Heap/Allocator/RegionInfo.h:50:
In file included from ../source/runtime/src/Heap/Allocator/ForwardingTable.h:15:
../source/runtime/src/Heap/Collector/ZForwarding.h:33:1: warning: class 'LiveInfo' was previously declared as a struct; this is valid, but may result in linker errors under the Microsoft C++ ABI [-Wmismatched-tags]
class LiveInfo;
^
../source/runtime/src/Heap/Collector/LiveInfo.h:185:8: note: previous use is here
struct LiveInfo {
       ^
../source/runtime/src/Heap/Collector/ZForwarding.h:33:1: note: did you mean struct here?
class LiveInfo;
^~~~~
struct
4 warnings generated.
[104/226] Building CXX object src/Heap/Verify/CMakeFiles/Verify.dir/StackFrameOracle.cpp.o
In file included from ../source/runtime/src/Heap/Verify/StackFrameOracle.cpp:16:
In file included from ../source/runtime/src/Base/LogFile.h:14:
../source/runtime/src/Base/GcLog.h:263:45: warning: format string is not a string literal [-Wformat-nonliteral]
        int n = vsnprintf(buf, sizeof(buf), format, args);
                                            ^~~~~~
In file included from ../source/runtime/src/Heap/Verify/StackFrameOracle.cpp:18:
In file included from ../source/runtime/src/Mutator/Mutator.h:16:
In file included from ../source/runtime/src/Heap/Allocator/Allocator.h:11:
In file included from ../source/runtime/src/Heap/Allocator/AllocBufferManager.h:15:
In file included from ../source/runtime/src/Heap/Allocator/AllocBuffer.h:18:
In file included from ../source/runtime/src/Heap/Allocator/RegionList.h:11:
In file included from ../source/runtime/src/Heap/Allocator/RegionInfo.h:44:
../source/runtime/src/Heap/Verify/AllocPhaseDiag.h:57:1: warning: inline variables are a C++17 extension [-Wc++17-extensions]
inline Slot g_table[kCap] = {};
^
../source/runtime/src/Heap/Verify/AllocPhaseDiag.h:58:1: warning: inline variables are a C++17 extension [-Wc++17-extensions]
inline NearEntry g_near[kNearCap] = {};
^
In file included from ../source/runtime/src/Heap/Verify/StackFrameOracle.cpp:18:
In file included from ../source/runtime/src/Mutator/Mutator.h:16:
In file included from ../source/runtime/src/Heap/Allocator/Allocator.h:11:
In file included from ../source/runtime/src/Heap/Allocator/AllocBufferManager.h:15:
In file included from ../source/runtime/src/Heap/Allocator/AllocBuffer.h:18:
In file included from ../source/runtime/src/Heap/Allocator/RegionList.h:11:
In file included from ../source/runtime/src/Heap/Allocator/RegionInfo.h:50:
In file included from ../source/runtime/src/Heap/Allocator/ForwardingTable.h:15:
../source/runtime/src/Heap/Collector/ZForwarding.h:33:1: warning: class 'LiveInfo' was previously declared as a struct; this is valid, but may result in linker errors under the Microsoft C++ ABI [-Wmismatched-tags]
class LiveInfo;
^
../source/runtime/src/Heap/Collector/LiveInfo.h:185:8: note: previous use is here
struct LiveInfo {
       ^
../source/runtime/src/Heap/Collector/ZForwarding.h:33:1: note: did you mean struct here?
class LiveInfo;
^~~~~
struct
../source/runtime/src/Heap/Verify/StackFrameOracle.cpp:29:6: warning: unused function 'EnvIsOne' [-Wunused-function]
bool EnvIsOne(const char* name)
     ^
5 warnings generated.
[105/226] Building CXX object src/Heap/Verify/CMakeFiles/Verify.dir/HealCoverage.cpp.o
In file included from ../source/runtime/src/Heap/Verify/HealCoverage.cpp:8:
In file included from ../source/runtime/src/Heap/Allocator/RegionInfo.h:35:
In file included from ../source/runtime/src/Base/Panic.h:15:
In file included from ../source/runtime/src/StackManager.h:15:
In file included from ../source/runtime/src/StackMap/StackMap.h:11:
In file included from ../source/runtime/src/StackMap/CompressedStackMap.h:15:
In file included from ../source/runtime/src/StackMap/DerivedPtr.h:11:
In file included from ../source/runtime/src/StackMap/StackMapTable.h:13:
In file included from ../source/runtime/src/Base/LogFile.h:14:
../source/runtime/src/Base/GcLog.h:263:45: warning: format string is not a string literal [-Wformat-nonliteral]
        int n = vsnprintf(buf, sizeof(buf), format, args);
                                            ^~~~~~
In file included from ../source/runtime/src/Heap/Verify/HealCoverage.cpp:8:
In file included from ../source/runtime/src/Heap/Allocator/RegionInfo.h:44:
../source/runtime/src/Heap/Verify/AllocPhaseDiag.h:57:1: warning: inline variables are a C++17 extension [-Wc++17-extensions]
inline Slot g_table[kCap] = {};
^
../source/runtime/src/Heap/Verify/AllocPhaseDiag.h:58:1: warning: inline variables are a C++17 extension [-Wc++17-extensions]
inline NearEntry g_near[kNearCap] = {};
^
In file included from ../source/runtime/src/Heap/Verify/HealCoverage.cpp:8:
In file included from ../source/runtime/src/Heap/Allocator/RegionInfo.h:50:
In file included from ../source/runtime/src/Heap/Allocator/ForwardingTable.h:15:
../source/runtime/src/Heap/Collector/ZForwarding.h:33:1: warning: class 'LiveInfo' was previously declared as a struct; this is valid, but may result in linker errors under the Microsoft C++ ABI [-Wmismatched-tags]
class LiveInfo;
^
../source/runtime/src/Heap/Collector/LiveInfo.h:185:8: note: previous use is here
struct LiveInfo {
       ^
../source/runtime/src/Heap/Collector/ZForwarding.h:33:1: note: did you mean struct here?
class LiveInfo;
^~~~~
struct
4 warnings generated.
[106/226] Building CXX object src/Heap/Verify/CMakeFiles/Verify.dir/ZgcInvariants.cpp.o
In file included from ../source/runtime/src/Heap/Verify/ZgcInvariants.cpp:15:
In file included from ../source/runtime/src/Heap/Heap.h:18:
In file included from ../source/runtime/src/Heap/Collector/Collector.h:23:
In file included from ../source/runtime/src/Heap/Collector/GcStats.h:18:
In file included from ../source/runtime/src/Base/Panic.h:15:
In file included from ../source/runtime/src/StackManager.h:15:
In file included from ../source/runtime/src/StackMap/StackMap.h:11:
In file included from ../source/runtime/src/StackMap/CompressedStackMap.h:15:
In file included from ../source/runtime/src/StackMap/DerivedPtr.h:11:
In file included from ../source/runtime/src/StackMap/StackMapTable.h:13:
In file included from ../source/runtime/src/Base/LogFile.h:14:
../source/runtime/src/Base/GcLog.h:263:45: warning: format string is not a string literal [-Wformat-nonliteral]
        int n = vsnprintf(buf, sizeof(buf), format, args);
                                            ^~~~~~
In file included from ../source/runtime/src/Heap/Verify/ZgcInvariants.cpp:16:
In file included from ../source/runtime/src/Heap/Allocator/RegionInfo.h:44:
../source/runtime/src/Heap/Verify/AllocPhaseDiag.h:57:1: warning: inline variables are a C++17 extension [-Wc++17-extensions]
inline Slot g_table[kCap] = {};
^
../source/runtime/src/Heap/Verify/AllocPhaseDiag.h:58:1: warning: inline variables are a C++17 extension [-Wc++17-extensions]
inline NearEntry g_near[kNearCap] = {};
^
In file included from ../source/runtime/src/Heap/Verify/ZgcInvariants.cpp:16:
In file included from ../source/runtime/src/Heap/Allocator/RegionInfo.h:50:
In file included from ../source/runtime/src/Heap/Allocator/ForwardingTable.h:15:
../source/runtime/src/Heap/Collector/ZForwarding.h:33:1: warning: class 'LiveInfo' was previously declared as a struct; this is valid, but may result in linker errors under the Microsoft C++ ABI [-Wmismatched-tags]
class LiveInfo;
^
../source/runtime/src/Heap/Collector/LiveInfo.h:185:8: note: previous use is here
struct LiveInfo {
       ^
../source/runtime/src/Heap/Collector/ZForwarding.h:33:1: note: did you mean struct here?
class LiveInfo;
^~~~~
struct
4 warnings generated.
[107/226] Building CXX object src/Heap/Verify/CMakeFiles/Verify.dir/MinorGCALot.cpp.o
In file included from ../source/runtime/src/Heap/Verify/MinorGCALot.cpp:13:
In file included from ../source/runtime/src/Base/LogFile.h:14:
../source/runtime/src/Base/GcLog.h:263:45: warning: format string is not a string literal [-Wformat-nonliteral]
        int n = vsnprintf(buf, sizeof(buf), format, args);
                                            ^~~~~~
In file included from ../source/runtime/src/Heap/Verify/MinorGCALot.cpp:17:
In file included from ../source/runtime/src/Mutator/MutatorManager.h:26:
In file included from ../source/runtime/src/Mutator/Mutator.h:16:
In file included from ../source/runtime/src/Heap/Allocator/Allocator.h:11:
In file included from ../source/runtime/src/Heap/Allocator/AllocBufferManager.h:15:
In file included from ../source/runtime/src/Heap/Allocator/AllocBuffer.h:18:
In file included from ../source/runtime/src/Heap/Allocator/RegionList.h:11:
In file included from ../source/runtime/src/Heap/Allocator/RegionInfo.h:44:
../source/runtime/src/Heap/Verify/AllocPhaseDiag.h:57:1: warning: inline variables are a C++17 extension [-Wc++17-extensions]
inline Slot g_table[kCap] = {};
^
../source/runtime/src/Heap/Verify/AllocPhaseDiag.h:58:1: warning: inline variables are a C++17 extension [-Wc++17-extensions]
inline NearEntry g_near[kNearCap] = {};
^
In file included from ../source/runtime/src/Heap/Verify/MinorGCALot.cpp:17:
In file included from ../source/runtime/src/Mutator/MutatorManager.h:26:
In file included from ../source/runtime/src/Mutator/Mutator.h:16:
In file included from ../source/runtime/src/Heap/Allocator/Allocator.h:11:
In file included from ../source/runtime/src/Heap/Allocator/AllocBufferManager.h:15:
In file included from ../source/runtime/src/Heap/Allocator/AllocBuffer.h:18:
In file included from ../source/runtime/src/Heap/Allocator/RegionList.h:11:
In file included from ../source/runtime/src/Heap/Allocator/RegionInfo.h:50:
In file included from ../source/runtime/src/Heap/Allocator/ForwardingTable.h:15:
../source/runtime/src/Heap/Collector/ZForwarding.h:33:1: warning: class 'LiveInfo' was previously declared as a struct; this is valid, but may result in linker errors under the Microsoft C++ ABI [-Wmismatched-tags]
class LiveInfo;
^
../source/runtime/src/Heap/Collector/LiveInfo.h:185:8: note: previous use is here
struct LiveInfo {
       ^
../source/runtime/src/Heap/Collector/ZForwarding.h:33:1: note: did you mean struct here?
class LiveInfo;
^~~~~
struct
4 warnings generated.
[108/226] Building CXX object src/Heap/Collector/CMakeFiles/Collector.dir/ZForwardingLife.cpp.o
In file included from ../source/runtime/src/Heap/Collector/ZForwardingLife.cpp:9:
In file included from ../source/runtime/src/Heap/Allocator/RegionInfo.h:35:
In file included from ../source/runtime/src/Base/Panic.h:15:
In file included from ../source/runtime/src/StackManager.h:15:
In file included from ../source/runtime/src/StackMap/StackMap.h:11:
In file included from ../source/runtime/src/StackMap/CompressedStackMap.h:15:
In file included from ../source/runtime/src/StackMap/DerivedPtr.h:11:
In file included from ../source/runtime/src/StackMap/StackMapTable.h:13:
In file included from ../source/runtime/src/Base/LogFile.h:14:
../source/runtime/src/Base/GcLog.h:263:45: warning: format string is not a string literal [-Wformat-nonliteral]
        int n = vsnprintf(buf, sizeof(buf), format, args);
                                            ^~~~~~
In file included from ../source/runtime/src/Heap/Collector/ZForwardingLife.cpp:9:
In file included from ../source/runtime/src/Heap/Allocator/RegionInfo.h:44:
../source/runtime/src/Heap/Verify/AllocPhaseDiag.h:57:1: warning: inline variables are a C++17 extension [-Wc++17-extensions]
inline Slot g_table[kCap] = {};
^
../source/runtime/src/Heap/Verify/AllocPhaseDiag.h:58:1: warning: inline variables are a C++17 extension [-Wc++17-extensions]
inline NearEntry g_near[kNearCap] = {};
^
In file included from ../source/runtime/src/Heap/Collector/ZForwardingLife.cpp:9:
In file included from ../source/runtime/src/Heap/Allocator/RegionInfo.h:50:
In file included from ../source/runtime/src/Heap/Allocator/ForwardingTable.h:15:
../source/runtime/src/Heap/Collector/ZForwarding.h:33:1: warning: class 'LiveInfo' was previously declared as a struct; this is valid, but may result in linker errors under the Microsoft C++ ABI [-Wmismatched-tags]
class LiveInfo;
^
../source/runtime/src/Heap/Collector/LiveInfo.h:185:8: note: previous use is here
struct LiveInfo {
       ^
../source/runtime/src/Heap/Collector/ZForwarding.h:33:1: note: did you mean struct here?
class LiveInfo;
^~~~~
struct
4 warnings generated.
[109/226] Building CXX object src/Heap/Verify/CMakeFiles/Verify.dir/M0ExitDiagnostics.cpp.o
In file included from ../source/runtime/src/Heap/Verify/M0ExitDiagnostics.cpp:5:
In file included from ../source/runtime/src/Heap/Verify/M0ExitDiagnostics.h:11:
In file included from ../source/runtime/src/StackMap/CompressedStackMap.h:15:
In file included from ../source/runtime/src/StackMap/DerivedPtr.h:11:
In file included from ../source/runtime/src/StackMap/StackMapTable.h:13:
In file included from ../source/runtime/src/Base/LogFile.h:14:
../source/runtime/src/Base/GcLog.h:263:45: warning: format string is not a string literal [-Wformat-nonliteral]
        int n = vsnprintf(buf, sizeof(buf), format, args);
                                            ^~~~~~
In file included from ../source/runtime/src/Heap/Verify/M0ExitDiagnostics.cpp:13:
../source/runtime/src/Heap/Allocator/ForwardingTable.h:22:1: warning: struct 'LiveInfo' was previously declared as a class; this is valid, but may result in linker errors under the Microsoft C++ ABI [-Wmismatched-tags]
struct LiveInfo;
^
../source/runtime/src/Heap/Collector/ZForwarding.h:33:7: note: previous use is here
class LiveInfo;
      ^
In file included from ../source/runtime/src/Heap/Verify/M0ExitDiagnostics.cpp:14:
In file included from ../source/runtime/src/Heap/Allocator/RegionInfo.h:37:
In file included from ../source/runtime/src/Heap/Collector/LiveInfoArena.h:27:
../source/runtime/src/Heap/Collector/LiveInfo.h:185:1: warning: 'LiveInfo' defined as a struct here but previously declared as a class; this is valid, but may result in linker errors under the Microsoft C++ ABI [-Wmismatched-tags]
struct LiveInfo {
^
../source/runtime/src/Heap/Collector/ZForwarding.h:33:1: note: did you mean struct here?
class LiveInfo;
^~~~~
struct
In file included from ../source/runtime/src/Heap/Verify/M0ExitDiagnostics.cpp:14:
In file included from ../source/runtime/src/Heap/Allocator/RegionInfo.h:44:
../source/runtime/src/Heap/Verify/AllocPhaseDiag.h:57:1: warning: inline variables are a C++17 extension [-Wc++17-extensions]
inline Slot g_table[kCap] = {};
^
../source/runtime/src/Heap/Verify/AllocPhaseDiag.h:58:1: warning: inline variables are a C++17 extension [-Wc++17-extensions]
inline NearEntry g_near[kNearCap] = {};
^
5 warnings generated.
[110/226] Building CXX object src/Heap/Collector/CMakeFiles/Collector.dir/MarkStripe.cpp.o
In file included from ../source/runtime/src/Heap/Collector/MarkStripe.cpp:17:
In file included from ../source/runtime/src/Heap/Allocator/RegionInfo.h:35:
In file included from ../source/runtime/src/Base/Panic.h:15:
In file included from ../source/runtime/src/StackManager.h:15:
In file included from ../source/runtime/src/StackMap/StackMap.h:11:
In file included from ../source/runtime/src/StackMap/CompressedStackMap.h:15:
In file included from ../source/runtime/src/StackMap/DerivedPtr.h:11:
In file included from ../source/runtime/src/StackMap/StackMapTable.h:13:
In file included from ../source/runtime/src/Base/LogFile.h:14:
../source/runtime/src/Base/GcLog.h:263:45: warning: format string is not a string literal [-Wformat-nonliteral]
        int n = vsnprintf(buf, sizeof(buf), format, args);
                                            ^~~~~~
In file included from ../source/runtime/src/Heap/Collector/MarkStripe.cpp:17:
In file included from ../source/runtime/src/Heap/Allocator/RegionInfo.h:44:
../source/runtime/src/Heap/Verify/AllocPhaseDiag.h:57:1: warning: inline variables are a C++17 extension [-Wc++17-extensions]
inline Slot g_table[kCap] = {};
^
../source/runtime/src/Heap/Verify/AllocPhaseDiag.h:58:1: warning: inline variables are a C++17 extension [-Wc++17-extensions]
inline NearEntry g_near[kNearCap] = {};
^
In file included from ../source/runtime/src/Heap/Collector/MarkStripe.cpp:17:
In file included from ../source/runtime/src/Heap/Allocator/RegionInfo.h:50:
In file included from ../source/runtime/src/Heap/Allocator/ForwardingTable.h:15:
../source/runtime/src/Heap/Collector/ZForwarding.h:33:1: warning: class 'LiveInfo' was previously declared as a struct; this is valid, but may result in linker errors under the Microsoft C++ ABI [-Wmismatched-tags]
class LiveInfo;
^
../source/runtime/src/Heap/Collector/LiveInfo.h:185:8: note: previous use is here
struct LiveInfo {
       ^
../source/runtime/src/Heap/Collector/ZForwarding.h:33:1: note: did you mean struct here?
class LiveInfo;
^~~~~
struct
4 warnings generated.
[111/226] Building CXX object src/Heap/Collector/CMakeFiles/Collector.dir/DriverPort.cpp.o
In file included from ../source/runtime/src/Heap/Collector/DriverPort.cpp:8:
In file included from ../source/runtime/src/Mutator/MutatorManager.h:20:
../source/runtime/src/Base/GcLog.h:263:45: warning: format string is not a string literal [-Wformat-nonliteral]
        int n = vsnprintf(buf, sizeof(buf), format, args);
                                            ^~~~~~
In file included from ../source/runtime/src/Heap/Collector/DriverPort.cpp:8:
In file included from ../source/runtime/src/Mutator/MutatorManager.h:26:
In file included from ../source/runtime/src/Mutator/Mutator.h:16:
In file included from ../source/runtime/src/Heap/Allocator/Allocator.h:11:
In file included from ../source/runtime/src/Heap/Allocator/AllocBufferManager.h:15:
In file included from ../source/runtime/src/Heap/Allocator/AllocBuffer.h:18:
In file included from ../source/runtime/src/Heap/Allocator/RegionList.h:11:
In file included from ../source/runtime/src/Heap/Allocator/RegionInfo.h:44:
../source/runtime/src/Heap/Verify/AllocPhaseDiag.h:57:1: warning: inline variables are a C++17 extension [-Wc++17-extensions]
inline Slot g_table[kCap] = {};
^
../source/runtime/src/Heap/Verify/AllocPhaseDiag.h:58:1: warning: inline variables are a C++17 extension [-Wc++17-extensions]
inline NearEntry g_near[kNearCap] = {};
^
In file included from ../source/runtime/src/Heap/Collector/DriverPort.cpp:8:
In file included from ../source/runtime/src/Mutator/MutatorManager.h:26:
In file included from ../source/runtime/src/Mutator/Mutator.h:16:
In file included from ../source/runtime/src/Heap/Allocator/Allocator.h:11:
In file included from ../source/runtime/src/Heap/Allocator/AllocBufferManager.h:15:
In file included from ../source/runtime/src/Heap/Allocator/AllocBuffer.h:18:
In file included from ../source/runtime/src/Heap/Allocator/RegionList.h:11:
In file included from ../source/runtime/src/Heap/Allocator/RegionInfo.h:50:
In file included from ../source/runtime/src/Heap/Allocator/ForwardingTable.h:15:
../source/runtime/src/Heap/Collector/ZForwarding.h:33:1: warning: class 'LiveInfo' was previously declared as a struct; this is valid, but may result in linker errors under the Microsoft C++ ABI [-Wmismatched-tags]
class LiveInfo;
^
../source/runtime/src/Heap/Collector/LiveInfo.h:185:8: note: previous use is here
struct LiveInfo {
       ^
../source/runtime/src/Heap/Collector/ZForwarding.h:33:1: note: did you mean struct here?
class LiveInfo;
^~~~~
struct
4 warnings generated.
[112/226] Building CXX object src/Heap/WCollector/CMakeFiles/WCollector.dir/PostTraceBarrier.cpp.o
In file included from ../source/runtime/src/Heap/WCollector/PostTraceBarrier.cpp:11:
In file included from ../source/runtime/src/Mutator/Mutator.h:15:
In file included from ../source/runtime/src/Exception/Exception.h:17:
In file included from ../source/runtime/src/Common/NativeAllocator.h:15:
In file included from ../source/runtime/src/Common/PagePool.h:22:
In file included from ../source/runtime/src/Heap/Allocator/CartesianTree.h:14:
In file included from ../source/runtime/src/Base/LogFile.h:14:
../source/runtime/src/Base/GcLog.h:263:45: warning: format string is not a string literal [-Wformat-nonliteral]
        int n = vsnprintf(buf, sizeof(buf), format, args);
                                            ^~~~~~
In file included from ../source/runtime/src/Heap/WCollector/PostTraceBarrier.cpp:11:
In file included from ../source/runtime/src/Mutator/Mutator.h:16:
In file included from ../source/runtime/src/Heap/Allocator/Allocator.h:11:
In file included from ../source/runtime/src/Heap/Allocator/AllocBufferManager.h:15:
In file included from ../source/runtime/src/Heap/Allocator/AllocBuffer.h:18:
In file included from ../source/runtime/src/Heap/Allocator/RegionList.h:11:
In file included from ../source/runtime/src/Heap/Allocator/RegionInfo.h:44:
../source/runtime/src/Heap/Verify/AllocPhaseDiag.h:57:1: warning: inline variables are a C++17 extension [-Wc++17-extensions]
inline Slot g_table[kCap] = {};
^
../source/runtime/src/Heap/Verify/AllocPhaseDiag.h:58:1: warning: inline variables are a C++17 extension [-Wc++17-extensions]
inline NearEntry g_near[kNearCap] = {};
^
In file included from ../source/runtime/src/Heap/WCollector/PostTraceBarrier.cpp:11:
In file included from ../source/runtime/src/Mutator/Mutator.h:16:
In file included from ../source/runtime/src/Heap/Allocator/Allocator.h:11:
In file included from ../source/runtime/src/Heap/Allocator/AllocBufferManager.h:15:
In file included from ../source/runtime/src/Heap/Allocator/AllocBuffer.h:18:
In file included from ../source/runtime/src/Heap/Allocator/RegionList.h:11:
In file included from ../source/runtime/src/Heap/Allocator/RegionInfo.h:50:
In file included from ../source/runtime/src/Heap/Allocator/ForwardingTable.h:15:
../source/runtime/src/Heap/Collector/ZForwarding.h:33:1: warning: class 'LiveInfo' was previously declared as a struct; this is valid, but may result in linker errors under the Microsoft C++ ABI [-Wmismatched-tags]
class LiveInfo;
^
../source/runtime/src/Heap/Collector/LiveInfo.h:185:8: note: previous use is here
struct LiveInfo {
       ^
../source/runtime/src/Heap/Collector/ZForwarding.h:33:1: note: did you mean struct here?
class LiveInfo;
^~~~~
struct
4 warnings generated.
[113/226] Building CXX object src/Heap/Collector/CMakeFiles/Collector.dir/MarkEngine.cpp.o
In file included from ../source/runtime/src/Heap/Collector/MarkEngine.cpp:10:
In file included from ../source/runtime/src/Heap/GcThreadPool.h:18:
In file included from ../source/runtime/src/Base/LogFile.h:14:
../source/runtime/src/Base/GcLog.h:263:45: warning: format string is not a string literal [-Wformat-nonliteral]
        int n = vsnprintf(buf, sizeof(buf), format, args);
                                            ^~~~~~
In file included from ../source/runtime/src/Heap/Collector/MarkEngine.cpp:11:
In file included from ../source/runtime/src/Mutator/MutatorManager.h:26:
In file included from ../source/runtime/src/Mutator/Mutator.h:16:
In file included from ../source/runtime/src/Heap/Allocator/Allocator.h:11:
In file included from ../source/runtime/src/Heap/Allocator/AllocBufferManager.h:15:
In file included from ../source/runtime/src/Heap/Allocator/AllocBuffer.h:18:
In file included from ../source/runtime/src/Heap/Allocator/RegionList.h:11:
In file included from ../source/runtime/src/Heap/Allocator/RegionInfo.h:44:
../source/runtime/src/Heap/Verify/AllocPhaseDiag.h:57:1: warning: inline variables are a C++17 extension [-Wc++17-extensions]
inline Slot g_table[kCap] = {};
^
../source/runtime/src/Heap/Verify/AllocPhaseDiag.h:58:1: warning: inline variables are a C++17 extension [-Wc++17-extensions]
inline NearEntry g_near[kNearCap] = {};
^
In file included from ../source/runtime/src/Heap/Collector/MarkEngine.cpp:11:
In file included from ../source/runtime/src/Mutator/MutatorManager.h:26:
In file included from ../source/runtime/src/Mutator/Mutator.h:16:
In file included from ../source/runtime/src/Heap/Allocator/Allocator.h:11:
In file included from ../source/runtime/src/Heap/Allocator/AllocBufferManager.h:15:
In file included from ../source/runtime/src/Heap/Allocator/AllocBuffer.h:18:
In file included from ../source/runtime/src/Heap/Allocator/RegionList.h:11:
In file included from ../source/runtime/src/Heap/Allocator/RegionInfo.h:50:
In file included from ../source/runtime/src/Heap/Allocator/ForwardingTable.h:15:
../source/runtime/src/Heap/Collector/ZForwarding.h:33:1: warning: class 'LiveInfo' was previously declared as a struct; this is valid, but may result in linker errors under the Microsoft C++ ABI [-Wmismatched-tags]
class LiveInfo;
^
../source/runtime/src/Heap/Collector/LiveInfo.h:185:8: note: previous use is here
struct LiveInfo {
       ^
../source/runtime/src/Heap/Collector/ZForwarding.h:33:1: note: did you mean struct here?
class LiveInfo;
^~~~~
struct
4 warnings generated.
[114/226] Building CXX object src/Heap/WCollector/CMakeFiles/WCollector.dir/IdleBarrier.cpp.o
In file included from ../source/runtime/src/Heap/WCollector/IdleBarrier.cpp:9:
In file included from ../source/runtime/src/Mutator/Mutator.h:15:
In file included from ../source/runtime/src/Exception/Exception.h:17:
In file included from ../source/runtime/src/Common/NativeAllocator.h:15:
In file included from ../source/runtime/src/Common/PagePool.h:22:
In file included from ../source/runtime/src/Heap/Allocator/CartesianTree.h:14:
In file included from ../source/runtime/src/Base/LogFile.h:14:
../source/runtime/src/Base/GcLog.h:263:45: warning: format string is not a string literal [-Wformat-nonliteral]
        int n = vsnprintf(buf, sizeof(buf), format, args);
                                            ^~~~~~
In file included from ../source/runtime/src/Heap/WCollector/IdleBarrier.cpp:9:
In file included from ../source/runtime/src/Mutator/Mutator.h:16:
In file included from ../source/runtime/src/Heap/Allocator/Allocator.h:11:
In file included from ../source/runtime/src/Heap/Allocator/AllocBufferManager.h:15:
In file included from ../source/runtime/src/Heap/Allocator/AllocBuffer.h:18:
In file included from ../source/runtime/src/Heap/Allocator/RegionList.h:11:
In file included from ../source/runtime/src/Heap/Allocator/RegionInfo.h:44:
../source/runtime/src/Heap/Verify/AllocPhaseDiag.h:57:1: warning: inline variables are a C++17 extension [-Wc++17-extensions]
inline Slot g_table[kCap] = {};
^
../source/runtime/src/Heap/Verify/AllocPhaseDiag.h:58:1: warning: inline variables are a C++17 extension [-Wc++17-extensions]
inline NearEntry g_near[kNearCap] = {};
^
In file included from ../source/runtime/src/Heap/WCollector/IdleBarrier.cpp:9:
In file included from ../source/runtime/src/Mutator/Mutator.h:16:
In file included from ../source/runtime/src/Heap/Allocator/Allocator.h:11:
In file included from ../source/runtime/src/Heap/Allocator/AllocBufferManager.h:15:
In file included from ../source/runtime/src/Heap/Allocator/AllocBuffer.h:18:
In file included from ../source/runtime/src/Heap/Allocator/RegionList.h:11:
In file included from ../source/runtime/src/Heap/Allocator/RegionInfo.h:50:
In file included from ../source/runtime/src/Heap/Allocator/ForwardingTable.h:15:
../source/runtime/src/Heap/Collector/ZForwarding.h:33:1: warning: class 'LiveInfo' was previously declared as a struct; this is valid, but may result in linker errors under the Microsoft C++ ABI [-Wmismatched-tags]
class LiveInfo;
^
../source/runtime/src/Heap/Collector/LiveInfo.h:185:8: note: previous use is here
struct LiveInfo {
       ^
../source/runtime/src/Heap/Collector/ZForwarding.h:33:1: note: did you mean struct here?
class LiveInfo;
^~~~~
struct
4 warnings generated.
[115/226] Building CXX object src/Heap/Verify/CMakeFiles/Verify.dir/FillerZeroDiag.cpp.o
In file included from ../source/runtime/src/Heap/Verify/FillerZeroDiag.cpp:7:
In file included from ../source/runtime/src/Heap/Allocator/RegionInfo.h:35:
In file included from ../source/runtime/src/Base/Panic.h:15:
In file included from ../source/runtime/src/StackManager.h:15:
In file included from ../source/runtime/src/StackMap/StackMap.h:11:
In file included from ../source/runtime/src/StackMap/CompressedStackMap.h:15:
In file included from ../source/runtime/src/StackMap/DerivedPtr.h:11:
In file included from ../source/runtime/src/StackMap/StackMapTable.h:13:
In file included from ../source/runtime/src/Base/LogFile.h:14:
../source/runtime/src/Base/GcLog.h:263:45: warning: format string is not a string literal [-Wformat-nonliteral]
        int n = vsnprintf(buf, sizeof(buf), format, args);
                                            ^~~~~~
In file included from ../source/runtime/src/Heap/Verify/FillerZeroDiag.cpp:7:
In file included from ../source/runtime/src/Heap/Allocator/RegionInfo.h:44:
../source/runtime/src/Heap/Verify/AllocPhaseDiag.h:57:1: warning: inline variables are a C++17 extension [-Wc++17-extensions]
inline Slot g_table[kCap] = {};
^
../source/runtime/src/Heap/Verify/AllocPhaseDiag.h:58:1: warning: inline variables are a C++17 extension [-Wc++17-extensions]
inline NearEntry g_near[kNearCap] = {};
^
In file included from ../source/runtime/src/Heap/Verify/FillerZeroDiag.cpp:7:
In file included from ../source/runtime/src/Heap/Allocator/RegionInfo.h:50:
In file included from ../source/runtime/src/Heap/Allocator/ForwardingTable.h:15:
../source/runtime/src/Heap/Collector/ZForwarding.h:33:1: warning: class 'LiveInfo' was previously declared as a struct; this is valid, but may result in linker errors under the Microsoft C++ ABI [-Wmismatched-tags]
class LiveInfo;
^
../source/runtime/src/Heap/Collector/LiveInfo.h:185:8: note: previous use is here
struct LiveInfo {
       ^
../source/runtime/src/Heap/Collector/ZForwarding.h:33:1: note: did you mean struct here?
class LiveInfo;
^~~~~
struct
4 warnings generated.
[116/226] Building CXX object src/Heap/Allocator/CMakeFiles/Allocator.dir/CartesianTree.cpp.o
In file included from ../source/runtime/src/Heap/Allocator/CartesianTree.cpp:8:
In file included from ../source/runtime/src/Heap/Allocator/CartesianTree.h:14:
In file included from ../source/runtime/src/Base/LogFile.h:14:
../source/runtime/src/Base/GcLog.h:263:45: warning: format string is not a string literal [-Wformat-nonliteral]
        int n = vsnprintf(buf, sizeof(buf), format, args);
                                            ^~~~~~
In file included from ../source/runtime/src/Heap/Allocator/CartesianTree.cpp:12:
In file included from ../source/runtime/src/Heap/Allocator/RegionInfo.h:44:
../source/runtime/src/Heap/Verify/AllocPhaseDiag.h:57:1: warning: inline variables are a C++17 extension [-Wc++17-extensions]
inline Slot g_table[kCap] = {};
^
../source/runtime/src/Heap/Verify/AllocPhaseDiag.h:58:1: warning: inline variables are a C++17 extension [-Wc++17-extensions]
inline NearEntry g_near[kNearCap] = {};
^
In file included from ../source/runtime/src/Heap/Allocator/CartesianTree.cpp:12:
In file included from ../source/runtime/src/Heap/Allocator/RegionInfo.h:50:
In file included from ../source/runtime/src/Heap/Allocator/ForwardingTable.h:15:
../source/runtime/src/Heap/Collector/ZForwarding.h:33:1: warning: class 'LiveInfo' was previously declared as a struct; this is valid, but may result in linker errors under the Microsoft C++ ABI [-Wmismatched-tags]
class LiveInfo;
^
../source/runtime/src/Heap/Collector/LiveInfo.h:185:8: note: previous use is here
struct LiveInfo {
       ^
../source/runtime/src/Heap/Collector/ZForwarding.h:33:1: note: did you mean struct here?
class LiveInfo;
^~~~~
struct
4 warnings generated.
[117/226] Building CXX object src/Heap/Verify/CMakeFiles/Verify.dir/VerifyRoots.cpp.o
In file included from ../source/runtime/src/Heap/Verify/VerifyRoots.cpp:15:
In file included from ../source/runtime/src/Heap/Heap.h:18:
In file included from ../source/runtime/src/Heap/Collector/Collector.h:23:
In file included from ../source/runtime/src/Heap/Collector/GcStats.h:18:
In file included from ../source/runtime/src/Base/Panic.h:15:
In file included from ../source/runtime/src/StackManager.h:15:
In file included from ../source/runtime/src/StackMap/StackMap.h:11:
In file included from ../source/runtime/src/StackMap/CompressedStackMap.h:15:
In file included from ../source/runtime/src/StackMap/DerivedPtr.h:11:
In file included from ../source/runtime/src/StackMap/StackMapTable.h:13:
In file included from ../source/runtime/src/Base/LogFile.h:14:
../source/runtime/src/Base/GcLog.h:263:45: warning: format string is not a string literal [-Wformat-nonliteral]
        int n = vsnprintf(buf, sizeof(buf), format, args);
                                            ^~~~~~
In file included from ../source/runtime/src/Heap/Verify/VerifyRoots.cpp:19:
In file included from ../source/runtime/src/Mutator/Mutator.h:16:
In file included from ../source/runtime/src/Heap/Allocator/Allocator.h:11:
In file included from ../source/runtime/src/Heap/Allocator/AllocBufferManager.h:15:
In file included from ../source/runtime/src/Heap/Allocator/AllocBuffer.h:18:
In file included from ../source/runtime/src/Heap/Allocator/RegionList.h:11:
In file included from ../source/runtime/src/Heap/Allocator/RegionInfo.h:44:
../source/runtime/src/Heap/Verify/AllocPhaseDiag.h:57:1: warning: inline variables are a C++17 extension [-Wc++17-extensions]
inline Slot g_table[kCap] = {};
^
../source/runtime/src/Heap/Verify/AllocPhaseDiag.h:58:1: warning: inline variables are a C++17 extension [-Wc++17-extensions]
inline NearEntry g_near[kNearCap] = {};
^
In file included from ../source/runtime/src/Heap/Verify/VerifyRoots.cpp:19:
In file included from ../source/runtime/src/Mutator/Mutator.h:16:
In file included from ../source/runtime/src/Heap/Allocator/Allocator.h:11:
In file included from ../source/runtime/src/Heap/Allocator/AllocBufferManager.h:15:
In file included from ../source/runtime/src/Heap/Allocator/AllocBuffer.h:18:
In file included from ../source/runtime/src/Heap/Allocator/RegionList.h:11:
In file included from ../source/runtime/src/Heap/Allocator/RegionInfo.h:50:
In file included from ../source/runtime/src/Heap/Allocator/ForwardingTable.h:15:
../source/runtime/src/Heap/Collector/ZForwarding.h:33:1: warning: class 'LiveInfo' was previously declared as a struct; this is valid, but may result in linker errors under the Microsoft C++ ABI [-Wmismatched-tags]
class LiveInfo;
^
../source/runtime/src/Heap/Collector/LiveInfo.h:185:8: note: previous use is here
struct LiveInfo {
       ^
../source/runtime/src/Heap/Collector/ZForwarding.h:33:1: note: did you mean struct here?
class LiveInfo;
^~~~~
struct
4 warnings generated.
[118/226] Building CXX object src/Heap/Collector/CMakeFiles/Collector.dir/LiveInfo.cpp.o
In file included from ../source/runtime/src/Heap/Collector/LiveInfo.cpp:9:
In file included from ../source/runtime/src/Heap/Allocator/RegionInfo.h:35:
In file included from ../source/runtime/src/Base/Panic.h:15:
In file included from ../source/runtime/src/StackManager.h:15:
In file included from ../source/runtime/src/StackMap/StackMap.h:11:
In file included from ../source/runtime/src/StackMap/CompressedStackMap.h:15:
In file included from ../source/runtime/src/StackMap/DerivedPtr.h:11:
In file included from ../source/runtime/src/StackMap/StackMapTable.h:13:
In file included from ../source/runtime/src/Base/LogFile.h:14:
../source/runtime/src/Base/GcLog.h:263:45: warning: format string is not a string literal [-Wformat-nonliteral]
        int n = vsnprintf(buf, sizeof(buf), format, args);
                                            ^~~~~~
In file included from ../source/runtime/src/Heap/Collector/LiveInfo.cpp:9:
In file included from ../source/runtime/src/Heap/Allocator/RegionInfo.h:44:
../source/runtime/src/Heap/Verify/AllocPhaseDiag.h:57:1: warning: inline variables are a C++17 extension [-Wc++17-extensions]
inline Slot g_table[kCap] = {};
^
../source/runtime/src/Heap/Verify/AllocPhaseDiag.h:58:1: warning: inline variables are a C++17 extension [-Wc++17-extensions]
inline NearEntry g_near[kNearCap] = {};
^
In file included from ../source/runtime/src/Heap/Collector/LiveInfo.cpp:9:
In file included from ../source/runtime/src/Heap/Allocator/RegionInfo.h:50:
In file included from ../source/runtime/src/Heap/Allocator/ForwardingTable.h:15:
../source/runtime/src/Heap/Collector/ZForwarding.h:33:1: warning: class 'LiveInfo' was previously declared as a struct; this is valid, but may result in linker errors under the Microsoft C++ ABI [-Wmismatched-tags]
class LiveInfo;
^
../source/runtime/src/Heap/Collector/LiveInfo.h:185:8: note: previous use is here
struct LiveInfo {
       ^
../source/runtime/src/Heap/Collector/ZForwarding.h:33:1: note: did you mean struct here?
class LiveInfo;
^~~~~
struct
In file included from ../source/runtime/src/Heap/Collector/LiveInfo.cpp:10:
In file included from ../source/runtime/src/Heap/Allocator/RegionSpace.h:22:
../source/runtime/src/Heap/Allocator/RegionManager.h:948:12: warning: constexpr if is a C++17 extension [-Wc++17-extensions]
        if constexpr (G == Generation::Old) {
           ^
5 warnings generated.
[119/226] Building CXX object src/Heap/Verify/CMakeFiles/Verify.dir/VerifyHeap.cpp.o
In file included from ../source/runtime/src/Heap/Verify/VerifyHeap.cpp:22:
In file included from ../source/runtime/src/Base/LogFile.h:14:
../source/runtime/src/Base/GcLog.h:263:45: warning: format string is not a string literal [-Wformat-nonliteral]
        int n = vsnprintf(buf, sizeof(buf), format, args);
                                            ^~~~~~
In file included from ../source/runtime/src/Heap/Verify/VerifyHeap.cpp:26:
In file included from ../source/runtime/src/Heap/Allocator/RegionInfo.h:44:
../source/runtime/src/Heap/Verify/AllocPhaseDiag.h:57:1: warning: inline variables are a C++17 extension [-Wc++17-extensions]
inline Slot g_table[kCap] = {};
^
../source/runtime/src/Heap/Verify/AllocPhaseDiag.h:58:1: warning: inline variables are a C++17 extension [-Wc++17-extensions]
inline NearEntry g_near[kNearCap] = {};
^
In file included from ../source/runtime/src/Heap/Verify/VerifyHeap.cpp:26:
In file included from ../source/runtime/src/Heap/Allocator/RegionInfo.h:50:
In file included from ../source/runtime/src/Heap/Allocator/ForwardingTable.h:15:
../source/runtime/src/Heap/Collector/ZForwarding.h:33:1: warning: class 'LiveInfo' was previously declared as a struct; this is valid, but may result in linker errors under the Microsoft C++ ABI [-Wmismatched-tags]
class LiveInfo;
^
../source/runtime/src/Heap/Collector/LiveInfo.h:185:8: note: previous use is here
struct LiveInfo {
       ^
../source/runtime/src/Heap/Collector/ZForwarding.h:33:1: note: did you mean struct here?
class LiveInfo;
^~~~~
struct
4 warnings generated.
[120/226] Building CXX object src/Heap/WCollector/CMakeFiles/WCollector.dir/PreforwardBarrier.cpp.o
In file included from ../source/runtime/src/Heap/WCollector/PreforwardBarrier.cpp:8:
In file included from ../source/runtime/src/Heap/WCollector/PreforwardBarrier.h:11:
In file included from ../source/runtime/src/Heap/Allocator/RegionSpace.h:19:
In file included from ../source/runtime/src/Heap/Allocator/Allocator.h:11:
In file included from ../source/runtime/src/Heap/Allocator/AllocBufferManager.h:15:
In file included from ../source/runtime/src/Heap/Allocator/AllocBuffer.h:18:
In file included from ../source/runtime/src/Heap/Allocator/RegionList.h:11:
In file included from ../source/runtime/src/Heap/Allocator/RegionInfo.h:35:
In file included from ../source/runtime/src/Base/Panic.h:15:
In file included from ../source/runtime/src/StackManager.h:15:
In file included from ../source/runtime/src/StackMap/StackMap.h:11:
In file included from ../source/runtime/src/StackMap/CompressedStackMap.h:15:
In file included from ../source/runtime/src/StackMap/DerivedPtr.h:11:
In file included from ../source/runtime/src/StackMap/StackMapTable.h:13:
In file included from ../source/runtime/src/Base/LogFile.h:14:
../source/runtime/src/Base/GcLog.h:263:45: warning: format string is not a string literal [-Wformat-nonliteral]
        int n = vsnprintf(buf, sizeof(buf), format, args);
                                            ^~~~~~
In file included from ../source/runtime/src/Heap/WCollector/PreforwardBarrier.cpp:8:
In file included from ../source/runtime/src/Heap/WCollector/PreforwardBarrier.h:11:
In file included from ../source/runtime/src/Heap/Allocator/RegionSpace.h:19:
In file included from ../source/runtime/src/Heap/Allocator/Allocator.h:11:
In file included from ../source/runtime/src/Heap/Allocator/AllocBufferManager.h:15:
In file included from ../source/runtime/src/Heap/Allocator/AllocBuffer.h:18:
In file included from ../source/runtime/src/Heap/Allocator/RegionList.h:11:
In file included from ../source/runtime/src/Heap/Allocator/RegionInfo.h:44:
../source/runtime/src/Heap/Verify/AllocPhaseDiag.h:57:1: warning: inline variables are a C++17 extension [-Wc++17-extensions]
inline Slot g_table[kCap] = {};
^
../source/runtime/src/Heap/Verify/AllocPhaseDiag.h:58:1: warning: inline variables are a C++17 extension [-Wc++17-extensions]
inline NearEntry g_near[kNearCap] = {};
^
In file included from ../source/runtime/src/Heap/WCollector/PreforwardBarrier.cpp:8:
In file included from ../source/runtime/src/Heap/WCollector/PreforwardBarrier.h:11:
In file included from ../source/runtime/src/Heap/Allocator/RegionSpace.h:19:
In file included from ../source/runtime/src/Heap/Allocator/Allocator.h:11:
In file included from ../source/runtime/src/Heap/Allocator/AllocBufferManager.h:15:
In file included from ../source/runtime/src/Heap/Allocator/AllocBuffer.h:18:
In file included from ../source/runtime/src/Heap/Allocator/RegionList.h:11:
In file included from ../source/runtime/src/Heap/Allocator/RegionInfo.h:50:
In file included from ../source/runtime/src/Heap/Allocator/ForwardingTable.h:15:
../source/runtime/src/Heap/Collector/ZForwarding.h:33:1: warning: class 'LiveInfo' was previously declared as a struct; this is valid, but may result in linker errors under the Microsoft C++ ABI [-Wmismatched-tags]
class LiveInfo;
^
../source/runtime/src/Heap/Collector/LiveInfo.h:185:8: note: previous use is here
struct LiveInfo {
       ^
../source/runtime/src/Heap/Collector/ZForwarding.h:33:1: note: did you mean struct here?
class LiveInfo;
^~~~~
struct
In file included from ../source/runtime/src/Heap/WCollector/PreforwardBarrier.cpp:8:
In file included from ../source/runtime/src/Heap/WCollector/PreforwardBarrier.h:11:
In file included from ../source/runtime/src/Heap/Allocator/RegionSpace.h:22:
../source/runtime/src/Heap/Allocator/RegionManager.h:948:12: warning: constexpr if is a C++17 extension [-Wc++17-extensions]
        if constexpr (G == Generation::Old) {
           ^
5 warnings generated.
[121/226] Building CXX object src/Heap/WCollector/CMakeFiles/WCollector.dir/EnumBarrier.cpp.o
In file included from ../source/runtime/src/Heap/WCollector/EnumBarrier.cpp:9:
In file included from ../source/runtime/src/Heap/Allocator/RegionSpace.h:19:
In file included from ../source/runtime/src/Heap/Allocator/Allocator.h:11:
In file included from ../source/runtime/src/Heap/Allocator/AllocBufferManager.h:15:
In file included from ../source/runtime/src/Heap/Allocator/AllocBuffer.h:18:
In file included from ../source/runtime/src/Heap/Allocator/RegionList.h:11:
In file included from ../source/runtime/src/Heap/Allocator/RegionInfo.h:35:
In file included from ../source/runtime/src/Base/Panic.h:15:
In file included from ../source/runtime/src/StackManager.h:15:
In file included from ../source/runtime/src/StackMap/StackMap.h:11:
In file included from ../source/runtime/src/StackMap/CompressedStackMap.h:15:
In file included from ../source/runtime/src/StackMap/DerivedPtr.h:11:
In file included from ../source/runtime/src/StackMap/StackMapTable.h:13:
In file included from ../source/runtime/src/Base/LogFile.h:14:
../source/runtime/src/Base/GcLog.h:263:45: warning: format string is not a string literal [-Wformat-nonliteral]
        int n = vsnprintf(buf, sizeof(buf), format, args);
                                            ^~~~~~
In file included from ../source/runtime/src/Heap/WCollector/EnumBarrier.cpp:9:
In file included from ../source/runtime/src/Heap/Allocator/RegionSpace.h:19:
In file included from ../source/runtime/src/Heap/Allocator/Allocator.h:11:
In file included from ../source/runtime/src/Heap/Allocator/AllocBufferManager.h:15:
In file included from ../source/runtime/src/Heap/Allocator/AllocBuffer.h:18:
In file included from ../source/runtime/src/Heap/Allocator/RegionList.h:11:
In file included from ../source/runtime/src/Heap/Allocator/RegionInfo.h:44:
../source/runtime/src/Heap/Verify/AllocPhaseDiag.h:57:1: warning: inline variables are a C++17 extension [-Wc++17-extensions]
inline Slot g_table[kCap] = {};
^
../source/runtime/src/Heap/Verify/AllocPhaseDiag.h:58:1: warning: inline variables are a C++17 extension [-Wc++17-extensions]
inline NearEntry g_near[kNearCap] = {};
^
In file included from ../source/runtime/src/Heap/WCollector/EnumBarrier.cpp:9:
In file included from ../source/runtime/src/Heap/Allocator/RegionSpace.h:19:
In file included from ../source/runtime/src/Heap/Allocator/Allocator.h:11:
In file included from ../source/runtime/src/Heap/Allocator/AllocBufferManager.h:15:
In file included from ../source/runtime/src/Heap/Allocator/AllocBuffer.h:18:
In file included from ../source/runtime/src/Heap/Allocator/RegionList.h:11:
In file included from ../source/runtime/src/Heap/Allocator/RegionInfo.h:50:
In file included from ../source/runtime/src/Heap/Allocator/ForwardingTable.h:15:
../source/runtime/src/Heap/Collector/ZForwarding.h:33:1: warning: class 'LiveInfo' was previously declared as a struct; this is valid, but may result in linker errors under the Microsoft C++ ABI [-Wmismatched-tags]
class LiveInfo;
^
../source/runtime/src/Heap/Collector/LiveInfo.h:185:8: note: previous use is here
struct LiveInfo {
       ^
../source/runtime/src/Heap/Collector/ZForwarding.h:33:1: note: did you mean struct here?
class LiveInfo;
^~~~~
struct
In file included from ../source/runtime/src/Heap/WCollector/EnumBarrier.cpp:9:
In file included from ../source/runtime/src/Heap/Allocator/RegionSpace.h:22:
../source/runtime/src/Heap/Allocator/RegionManager.h:948:12: warning: constexpr if is a C++17 extension [-Wc++17-extensions]
        if constexpr (G == Generation::Old) {
           ^
In file included from ../source/runtime/src/Heap/WCollector/EnumBarrier.cpp:13:
In file included from ../source/runtime/src/Heap/Collector/CopyCollector.h:13:
../source/runtime/src/Heap/Collector/TracingCollector.h:407:20: warning: unused variable 'objSize' [-Wunused-variable]
            size_t objSize = obj->GetSize();
                   ^
../source/runtime/src/Heap/WCollector/EnumBarrier.cpp:81:17: warning: variable 'remeberedObject' set but not used [-Wunused-but-set-variable]
    BaseObject* remeberedObject = nullptr;
                ^
../source/runtime/src/Heap/WCollector/EnumBarrier.cpp:101:17: warning: unused variable 'rememberedObject' [-Wunused-variable]
    BaseObject* rememberedObject = ReadStaticRef(field);
                ^
../source/runtime/src/Heap/WCollector/EnumBarrier.cpp:183:17: warning: unused variable 'oldRef' [-Wunused-variable]
    BaseObject* oldRef = ReadReference(nullptr, oldField);
                ^
../source/runtime/src/Heap/WCollector/EnumBarrier.cpp:255:21: warning: unused variable 'target' [-Wunused-variable]
        BaseObject* target = ReadReference(nullptr, oldField);
                    ^
10 warnings generated.
[122/226] Building CXX object src/Heap/Verify/CMakeFiles/Verify.dir/TraceClear.cpp.o
In file included from ../source/runtime/src/Heap/Verify/TraceClear.cpp:15:
In file included from ../source/runtime/src/Base/LogFile.h:14:
../source/runtime/src/Base/GcLog.h:263:45: warning: format string is not a string literal [-Wformat-nonliteral]
        int n = vsnprintf(buf, sizeof(buf), format, args);
                                            ^~~~~~
In file included from ../source/runtime/src/Heap/Verify/TraceClear.cpp:17:
In file included from ../source/runtime/src/Heap/Allocator/RegionInfo.h:44:
../source/runtime/src/Heap/Verify/AllocPhaseDiag.h:57:1: warning: inline variables are a C++17 extension [-Wc++17-extensions]
inline Slot g_table[kCap] = {};
^
../source/runtime/src/Heap/Verify/AllocPhaseDiag.h:58:1: warning: inline variables are a C++17 extension [-Wc++17-extensions]
inline NearEntry g_near[kNearCap] = {};
^
In file included from ../source/runtime/src/Heap/Verify/TraceClear.cpp:17:
In file included from ../source/runtime/src/Heap/Allocator/RegionInfo.h:50:
In file included from ../source/runtime/src/Heap/Allocator/ForwardingTable.h:15:
../source/runtime/src/Heap/Collector/ZForwarding.h:33:1: warning: class 'LiveInfo' was previously declared as a struct; this is valid, but may result in linker errors under the Microsoft C++ ABI [-Wmismatched-tags]
class LiveInfo;
^
../source/runtime/src/Heap/Collector/LiveInfo.h:185:8: note: previous use is here
struct LiveInfo {
       ^
../source/runtime/src/Heap/Collector/ZForwarding.h:33:1: note: did you mean struct here?
class LiveInfo;
^~~~~
struct
../source/runtime/src/Heap/Verify/TraceClear.cpp:24:6: warning: unused function 'EnvIsOne' [-Wunused-function]
bool EnvIsOne(const char* name)
     ^
5 warnings generated.
[123/226] Building CXX object src/Exception/CMakeFiles/Exception.dir/Exception.cpp.o
In file included from ../source/runtime/src/Exception/Exception.cpp:8:
In file included from ../source/runtime/src/Mutator/Mutator.h:15:
In file included from ../source/runtime/src/Exception/Exception.h:17:
In file included from ../source/runtime/src/Common/NativeAllocator.h:15:
In file included from ../source/runtime/src/Common/PagePool.h:22:
In file included from ../source/runtime/src/Heap/Allocator/CartesianTree.h:14:
In file included from ../source/runtime/src/Base/LogFile.h:14:
../source/runtime/src/Base/GcLog.h:263:45: warning: format string is not a string literal [-Wformat-nonliteral]
        int n = vsnprintf(buf, sizeof(buf), format, args);
                                            ^~~~~~
In file included from ../source/runtime/src/Exception/Exception.cpp:8:
In file included from ../source/runtime/src/Mutator/Mutator.h:16:
In file included from ../source/runtime/src/Heap/Allocator/Allocator.h:11:
In file included from ../source/runtime/src/Heap/Allocator/AllocBufferManager.h:15:
In file included from ../source/runtime/src/Heap/Allocator/AllocBuffer.h:18:
In file included from ../source/runtime/src/Heap/Allocator/RegionList.h:11:
In file included from ../source/runtime/src/Heap/Allocator/RegionInfo.h:44:
../source/runtime/src/Heap/Verify/AllocPhaseDiag.h:57:1: warning: inline variables are a C++17 extension [-Wc++17-extensions]
inline Slot g_table[kCap] = {};
^
../source/runtime/src/Heap/Verify/AllocPhaseDiag.h:58:1: warning: inline variables are a C++17 extension [-Wc++17-extensions]
inline NearEntry g_near[kNearCap] = {};
^
In file included from ../source/runtime/src/Exception/Exception.cpp:8:
In file included from ../source/runtime/src/Mutator/Mutator.h:16:
In file included from ../source/runtime/src/Heap/Allocator/Allocator.h:11:
In file included from ../source/runtime/src/Heap/Allocator/AllocBufferManager.h:15:
In file included from ../source/runtime/src/Heap/Allocator/AllocBuffer.h:18:
In file included from ../source/runtime/src/Heap/Allocator/RegionList.h:11:
In file included from ../source/runtime/src/Heap/Allocator/RegionInfo.h:50:
In file included from ../source/runtime/src/Heap/Allocator/ForwardingTable.h:15:
../source/runtime/src/Heap/Collector/ZForwarding.h:33:1: warning: class 'LiveInfo' was previously declared as a struct; this is valid, but may result in linker errors under the Microsoft C++ ABI [-Wmismatched-tags]
class LiveInfo;
^
../source/runtime/src/Heap/Collector/LiveInfo.h:185:8: note: previous use is here
struct LiveInfo {
       ^
../source/runtime/src/Heap/Collector/ZForwarding.h:33:1: note: did you mean struct here?
class LiveInfo;
^~~~~
struct
4 warnings generated.
[124/226] Building CXX object src/Heap/Verify/CMakeFiles/Verify.dir/StackWatermarkOracle.cpp.o
In file included from ../source/runtime/src/Heap/Verify/StackWatermarkOracle.cpp:16:
In file included from ../source/runtime/src/Base/LogFile.h:14:
../source/runtime/src/Base/GcLog.h:263:45: warning: format string is not a string literal [-Wformat-nonliteral]
        int n = vsnprintf(buf, sizeof(buf), format, args);
                                            ^~~~~~
In file included from ../source/runtime/src/Heap/Verify/StackWatermarkOracle.cpp:18:
In file included from ../source/runtime/src/Mutator/Mutator.h:16:
In file included from ../source/runtime/src/Heap/Allocator/Allocator.h:11:
In file included from ../source/runtime/src/Heap/Allocator/AllocBufferManager.h:15:
In file included from ../source/runtime/src/Heap/Allocator/AllocBuffer.h:18:
In file included from ../source/runtime/src/Heap/Allocator/RegionList.h:11:
In file included from ../source/runtime/src/Heap/Allocator/RegionInfo.h:44:
../source/runtime/src/Heap/Verify/AllocPhaseDiag.h:57:1: warning: inline variables are a C++17 extension [-Wc++17-extensions]
inline Slot g_table[kCap] = {};
^
../source/runtime/src/Heap/Verify/AllocPhaseDiag.h:58:1: warning: inline variables are a C++17 extension [-Wc++17-extensions]
inline NearEntry g_near[kNearCap] = {};
^
In file included from ../source/runtime/src/Heap/Verify/StackWatermarkOracle.cpp:18:
In file included from ../source/runtime/src/Mutator/Mutator.h:16:
In file included from ../source/runtime/src/Heap/Allocator/Allocator.h:11:
In file included from ../source/runtime/src/Heap/Allocator/AllocBufferManager.h:15:
In file included from ../source/runtime/src/Heap/Allocator/AllocBuffer.h:18:
In file included from ../source/runtime/src/Heap/Allocator/RegionList.h:11:
In file included from ../source/runtime/src/Heap/Allocator/RegionInfo.h:50:
In file included from ../source/runtime/src/Heap/Allocator/ForwardingTable.h:15:
../source/runtime/src/Heap/Collector/ZForwarding.h:33:1: warning: class 'LiveInfo' was previously declared as a struct; this is valid, but may result in linker errors under the Microsoft C++ ABI [-Wmismatched-tags]
class LiveInfo;
^
../source/runtime/src/Heap/Collector/LiveInfo.h:185:8: note: previous use is here
struct LiveInfo {
       ^
../source/runtime/src/Heap/Collector/ZForwarding.h:33:1: note: did you mean struct here?
class LiveInfo;
^~~~~
struct
../source/runtime/src/Heap/Verify/StackWatermarkOracle.cpp:29:6: warning: unused function 'EnvIsOne' [-Wunused-function]
bool EnvIsOne(const char* name)
     ^
../source/runtime/src/Heap/Verify/StackWatermarkOracle.cpp:35:13: warning: unused function 'EnvStr' [-Wunused-function]
const char* EnvStr(const char* name)
            ^
6 warnings generated.
[125/226] Building CXX object src/Heap/Verify/CMakeFiles/Verify.dir/Stw2CurrentAudit.cpp.o
In file included from ../source/runtime/src/Heap/Verify/Stw2CurrentAudit.cpp:11:
In file included from ../source/runtime/src/Heap/Allocator/AllocBuffer.h:18:
In file included from ../source/runtime/src/Heap/Allocator/RegionList.h:11:
In file included from ../source/runtime/src/Heap/Allocator/RegionInfo.h:35:
In file included from ../source/runtime/src/Base/Panic.h:15:
In file included from ../source/runtime/src/StackManager.h:15:
In file included from ../source/runtime/src/StackMap/StackMap.h:11:
In file included from ../source/runtime/src/StackMap/CompressedStackMap.h:15:
In file included from ../source/runtime/src/StackMap/DerivedPtr.h:11:
In file included from ../source/runtime/src/StackMap/StackMapTable.h:13:
In file included from ../source/runtime/src/Base/LogFile.h:14:
../source/runtime/src/Base/GcLog.h:263:45: warning: format string is not a string literal [-Wformat-nonliteral]
        int n = vsnprintf(buf, sizeof(buf), format, args);
                                            ^~~~~~
In file included from ../source/runtime/src/Heap/Verify/Stw2CurrentAudit.cpp:11:
In file included from ../source/runtime/src/Heap/Allocator/AllocBuffer.h:18:
In file included from ../source/runtime/src/Heap/Allocator/RegionList.h:11:
In file included from ../source/runtime/src/Heap/Allocator/RegionInfo.h:44:
../source/runtime/src/Heap/Verify/AllocPhaseDiag.h:57:1: warning: inline variables are a C++17 extension [-Wc++17-extensions]
inline Slot g_table[kCap] = {};
^
../source/runtime/src/Heap/Verify/AllocPhaseDiag.h:58:1: warning: inline variables are a C++17 extension [-Wc++17-extensions]
inline NearEntry g_near[kNearCap] = {};
^
In file included from ../source/runtime/src/Heap/Verify/Stw2CurrentAudit.cpp:11:
In file included from ../source/runtime/src/Heap/Allocator/AllocBuffer.h:18:
In file included from ../source/runtime/src/Heap/Allocator/RegionList.h:11:
In file included from ../source/runtime/src/Heap/Allocator/RegionInfo.h:50:
In file included from ../source/runtime/src/Heap/Allocator/ForwardingTable.h:15:
../source/runtime/src/Heap/Collector/ZForwarding.h:33:1: warning: class 'LiveInfo' was previously declared as a struct; this is valid, but may result in linker errors under the Microsoft C++ ABI [-Wmismatched-tags]
class LiveInfo;
^
../source/runtime/src/Heap/Collector/LiveInfo.h:185:8: note: previous use is here
struct LiveInfo {
       ^
../source/runtime/src/Heap/Collector/ZForwarding.h:33:1: note: did you mean struct here?
class LiveInfo;
^~~~~
struct
In file included from ../source/runtime/src/Heap/Verify/Stw2CurrentAudit.cpp:14:
In file included from ../source/runtime/src/Heap/Allocator/RegionSpace.h:22:
../source/runtime/src/Heap/Allocator/RegionManager.h:948:12: warning: constexpr if is a C++17 extension [-Wc++17-extensions]
        if constexpr (G == Generation::Old) {
           ^
5 warnings generated.
[126/226] Building CXX object src/Heap/Collector/CMakeFiles/Collector.dir/CollectorProxy.cpp.o
In file included from ../source/runtime/src/Heap/Collector/CollectorProxy.cpp:8:
In file included from ../source/runtime/src/Heap/Collector/CollectorProxy.h:12:
In file included from ../source/runtime/src/Heap/Collector/Collector.h:23:
In file included from ../source/runtime/src/Heap/Collector/GcStats.h:18:
In file included from ../source/runtime/src/Base/Panic.h:15:
In file included from ../source/runtime/src/StackManager.h:15:
In file included from ../source/runtime/src/StackMap/StackMap.h:11:
In file included from ../source/runtime/src/StackMap/CompressedStackMap.h:15:
In file included from ../source/runtime/src/StackMap/DerivedPtr.h:11:
In file included from ../source/runtime/src/StackMap/StackMapTable.h:13:
In file included from ../source/runtime/src/Base/LogFile.h:14:
../source/runtime/src/Base/GcLog.h:263:45: warning: format string is not a string literal [-Wformat-nonliteral]
        int n = vsnprintf(buf, sizeof(buf), format, args);
                                            ^~~~~~
In file included from ../source/runtime/src/Heap/Collector/CollectorProxy.cpp:8:
In file included from ../source/runtime/src/Heap/Collector/CollectorProxy.h:14:
In file included from ../source/runtime/src/Heap/WCollector/WCollector.h:26:
In file included from ../source/runtime/src/Heap/Allocator/RegionSpace.h:19:
In file included from ../source/runtime/src/Heap/Allocator/Allocator.h:11:
In file included from ../source/runtime/src/Heap/Allocator/AllocBufferManager.h:15:
In file included from ../source/runtime/src/Heap/Allocator/AllocBuffer.h:18:
In file included from ../source/runtime/src/Heap/Allocator/RegionList.h:11:
In file included from ../source/runtime/src/Heap/Allocator/RegionInfo.h:44:
../source/runtime/src/Heap/Verify/AllocPhaseDiag.h:57:1: warning: inline variables are a C++17 extension [-Wc++17-extensions]
inline Slot g_table[kCap] = {};
^
../source/runtime/src/Heap/Verify/AllocPhaseDiag.h:58:1: warning: inline variables are a C++17 extension [-Wc++17-extensions]
inline NearEntry g_near[kNearCap] = {};
^
In file included from ../source/runtime/src/Heap/Collector/CollectorProxy.cpp:8:
In file included from ../source/runtime/src/Heap/Collector/CollectorProxy.h:14:
In file included from ../source/runtime/src/Heap/WCollector/WCollector.h:26:
In file included from ../source/runtime/src/Heap/Allocator/RegionSpace.h:19:
In file included from ../source/runtime/src/Heap/Allocator/Allocator.h:11:
In file included from ../source/runtime/src/Heap/Allocator/AllocBufferManager.h:15:
In file included from ../source/runtime/src/Heap/Allocator/AllocBuffer.h:18:
In file included from ../source/runtime/src/Heap/Allocator/RegionList.h:11:
In file included from ../source/runtime/src/Heap/Allocator/RegionInfo.h:50:
In file included from ../source/runtime/src/Heap/Allocator/ForwardingTable.h:15:
../source/runtime/src/Heap/Collector/ZForwarding.h:33:1: warning: class 'LiveInfo' was previously declared as a struct; this is valid, but may result in linker errors under the Microsoft C++ ABI [-Wmismatched-tags]
class LiveInfo;
^
../source/runtime/src/Heap/Collector/LiveInfo.h:185:8: note: previous use is here
struct LiveInfo {
       ^
../source/runtime/src/Heap/Collector/ZForwarding.h:33:1: note: did you mean struct here?
class LiveInfo;
^~~~~
struct
In file included from ../source/runtime/src/Heap/Collector/CollectorProxy.cpp:8:
In file included from ../source/runtime/src/Heap/Collector/CollectorProxy.h:14:
In file included from ../source/runtime/src/Heap/WCollector/WCollector.h:26:
In file included from ../source/runtime/src/Heap/Allocator/RegionSpace.h:22:
../source/runtime/src/Heap/Allocator/RegionManager.h:948:12: warning: constexpr if is a C++17 extension [-Wc++17-extensions]
        if constexpr (G == Generation::Old) {
           ^
In file included from ../source/runtime/src/Heap/Collector/CollectorProxy.cpp:8:
In file included from ../source/runtime/src/Heap/Collector/CollectorProxy.h:14:
In file included from ../source/runtime/src/Heap/WCollector/WCollector.h:28:
In file included from ../source/runtime/src/Heap/Collector/CopyCollector.h:13:
../source/runtime/src/Heap/Collector/TracingCollector.h:407:20: warning: unused variable 'objSize' [-Wunused-variable]
            size_t objSize = obj->GetSize();
                   ^
In file included from ../source/runtime/src/Heap/Collector/CollectorProxy.cpp:8:
In file included from ../source/runtime/src/Heap/Collector/CollectorProxy.h:14:
../source/runtime/src/Heap/WCollector/WCollector.h:618:12: warning: constexpr if is a C++17 extension [-Wc++17-extensions]
        if constexpr (ForwardingTable::kEntriesSoleWhenArmed) {
           ^
../source/runtime/src/Heap/WCollector/WCollector.h:727:12: warning: constexpr if is a C++17 extension [-Wc++17-extensions]
        if constexpr (ForwardingTable::kConsumeEntries) {
           ^
../source/runtime/src/Heap/WCollector/WCollector.h:733:16: warning: constexpr if is a C++17 extension [-Wc++17-extensions]
            if constexpr (ForwardingTable::kEntriesSoleWhenArmed) {
               ^
../source/runtime/src/Heap/WCollector/WCollector.h:778:12: warning: constexpr if is a C++17 extension [-Wc++17-extensions]
        if constexpr (ForwardingTable::kConsumeEntries) {
           ^
10 warnings generated.
[127/226] Building CXX object src/Heap/Verify/CMakeFiles/Verify.dir/CsetEmptyWho.cpp.o
In file included from ../source/runtime/src/Heap/Verify/CsetEmptyWho.cpp:18:
In file included from ../source/runtime/src/Concurrency/ConcurrencyModel.h:17:
In file included from ../source/runtime/src/Mutator/Mutator.h:15:
In file included from ../source/runtime/src/Exception/Exception.h:17:
In file included from ../source/runtime/src/Common/NativeAllocator.h:15:
In file included from ../source/runtime/src/Common/PagePool.h:22:
In file included from ../source/runtime/src/Heap/Allocator/CartesianTree.h:14:
In file included from ../source/runtime/src/Base/LogFile.h:14:
../source/runtime/src/Base/GcLog.h:263:45: warning: format string is not a string literal [-Wformat-nonliteral]
        int n = vsnprintf(buf, sizeof(buf), format, args);
                                            ^~~~~~
In file included from ../source/runtime/src/Heap/Verify/CsetEmptyWho.cpp:18:
In file included from ../source/runtime/src/Concurrency/ConcurrencyModel.h:17:
In file included from ../source/runtime/src/Mutator/Mutator.h:16:
In file included from ../source/runtime/src/Heap/Allocator/Allocator.h:11:
In file included from ../source/runtime/src/Heap/Allocator/AllocBufferManager.h:15:
In file included from ../source/runtime/src/Heap/Allocator/AllocBuffer.h:18:
In file included from ../source/runtime/src/Heap/Allocator/RegionList.h:11:
In file included from ../source/runtime/src/Heap/Allocator/RegionInfo.h:44:
../source/runtime/src/Heap/Verify/AllocPhaseDiag.h:57:1: warning: inline variables are a C++17 extension [-Wc++17-extensions]
inline Slot g_table[kCap] = {};
^
../source/runtime/src/Heap/Verify/AllocPhaseDiag.h:58:1: warning: inline variables are a C++17 extension [-Wc++17-extensions]
inline NearEntry g_near[kNearCap] = {};
^
In file included from ../source/runtime/src/Heap/Verify/CsetEmptyWho.cpp:18:
In file included from ../source/runtime/src/Concurrency/ConcurrencyModel.h:17:
In file included from ../source/runtime/src/Mutator/Mutator.h:16:
In file included from ../source/runtime/src/Heap/Allocator/Allocator.h:11:
In file included from ../source/runtime/src/Heap/Allocator/AllocBufferManager.h:15:
In file included from ../source/runtime/src/Heap/Allocator/AllocBuffer.h:18:
In file included from ../source/runtime/src/Heap/Allocator/RegionList.h:11:
In file included from ../source/runtime/src/Heap/Allocator/RegionInfo.h:50:
In file included from ../source/runtime/src/Heap/Allocator/ForwardingTable.h:15:
../source/runtime/src/Heap/Collector/ZForwarding.h:33:1: warning: class 'LiveInfo' was previously declared as a struct; this is valid, but may result in linker errors under the Microsoft C++ ABI [-Wmismatched-tags]
class LiveInfo;
^
../source/runtime/src/Heap/Collector/LiveInfo.h:185:8: note: previous use is here
struct LiveInfo {
       ^
../source/runtime/src/Heap/Collector/ZForwarding.h:33:1: note: did you mean struct here?
class LiveInfo;
^~~~~
struct
4 warnings generated.
[128/226] Building CXX object src/Loader/CMakeFiles/Loader.dir/ElfUnloadQuiescence.cpp.o
In file included from ../source/runtime/src/Loader/ElfUnloadQuiescence.cpp:12:
In file included from ../source/runtime/src/Base/Panic.h:15:
In file included from ../source/runtime/src/StackManager.h:15:
In file included from ../source/runtime/src/StackMap/StackMap.h:11:
In file included from ../source/runtime/src/StackMap/CompressedStackMap.h:15:
In file included from ../source/runtime/src/StackMap/DerivedPtr.h:11:
In file included from ../source/runtime/src/StackMap/StackMapTable.h:13:
In file included from ../source/runtime/src/Base/LogFile.h:14:
../source/runtime/src/Base/GcLog.h:263:45: warning: format string is not a string literal [-Wformat-nonliteral]
        int n = vsnprintf(buf, sizeof(buf), format, args);
                                            ^~~~~~
In file included from ../source/runtime/src/Loader/ElfUnloadQuiescence.cpp:13:
In file included from ../source/runtime/src/Common/ScopedObjectAccess.h:11:
In file included from ../source/runtime/src/Mutator/Mutator.inline.h:11:
In file included from ../source/runtime/src/Mutator/MutatorManager.h:26:
In file included from ../source/runtime/src/Mutator/Mutator.h:16:
In file included from ../source/runtime/src/Heap/Allocator/Allocator.h:11:
In file included from ../source/runtime/src/Heap/Allocator/AllocBufferManager.h:15:
In file included from ../source/runtime/src/Heap/Allocator/AllocBuffer.h:18:
In file included from ../source/runtime/src/Heap/Allocator/RegionList.h:11:
In file included from ../source/runtime/src/Heap/Allocator/RegionInfo.h:44:
../source/runtime/src/Heap/Verify/AllocPhaseDiag.h:57:1: warning: inline variables are a C++17 extension [-Wc++17-extensions]
inline Slot g_table[kCap] = {};
^
../source/runtime/src/Heap/Verify/AllocPhaseDiag.h:58:1: warning: inline variables are a C++17 extension [-Wc++17-extensions]
inline NearEntry g_near[kNearCap] = {};
^
In file included from ../source/runtime/src/Loader/ElfUnloadQuiescence.cpp:13:
In file included from ../source/runtime/src/Common/ScopedObjectAccess.h:11:
In file included from ../source/runtime/src/Mutator/Mutator.inline.h:11:
In file included from ../source/runtime/src/Mutator/MutatorManager.h:26:
In file included from ../source/runtime/src/Mutator/Mutator.h:16:
In file included from ../source/runtime/src/Heap/Allocator/Allocator.h:11:
In file included from ../source/runtime/src/Heap/Allocator/AllocBufferManager.h:15:
In file included from ../source/runtime/src/Heap/Allocator/AllocBuffer.h:18:
In file included from ../source/runtime/src/Heap/Allocator/RegionList.h:11:
In file included from ../source/runtime/src/Heap/Allocator/RegionInfo.h:50:
In file included from ../source/runtime/src/Heap/Allocator/ForwardingTable.h:15:
../source/runtime/src/Heap/Collector/ZForwarding.h:33:1: warning: class 'LiveInfo' was previously declared as a struct; this is valid, but may result in linker errors under the Microsoft C++ ABI [-Wmismatched-tags]
class LiveInfo;
^
../source/runtime/src/Heap/Collector/LiveInfo.h:185:8: note: previous use is here
struct LiveInfo {
       ^
../source/runtime/src/Heap/Collector/ZForwarding.h:33:1: note: did you mean struct here?
class LiveInfo;
^~~~~
struct
4 warnings generated.
[129/226] Building CXX object src/Heap/Collector/CMakeFiles/Collector.dir/FinalizerProcessor.cpp.o
In file included from ../source/runtime/src/Heap/Collector/FinalizerProcessor.cpp:8:
In file included from ../source/runtime/src/Heap/Collector/FinalizerProcessor.h:16:
In file included from ../source/runtime/src/Base/Panic.h:15:
In file included from ../source/runtime/src/StackManager.h:15:
In file included from ../source/runtime/src/StackMap/StackMap.h:11:
In file included from ../source/runtime/src/StackMap/CompressedStackMap.h:15:
In file included from ../source/runtime/src/StackMap/DerivedPtr.h:11:
In file included from ../source/runtime/src/StackMap/StackMapTable.h:13:
In file included from ../source/runtime/src/Base/LogFile.h:14:
../source/runtime/src/Base/GcLog.h:263:45: warning: format string is not a string literal [-Wformat-nonliteral]
        int n = vsnprintf(buf, sizeof(buf), format, args);
                                            ^~~~~~
In file included from ../source/runtime/src/Heap/Collector/FinalizerProcessor.cpp:14:
In file included from ../source/runtime/src/Common/ScopedObjectAccess.h:11:
In file included from ../source/runtime/src/Mutator/Mutator.inline.h:11:
In file included from ../source/runtime/src/Mutator/MutatorManager.h:26:
In file included from ../source/runtime/src/Mutator/Mutator.h:16:
In file included from ../source/runtime/src/Heap/Allocator/Allocator.h:11:
In file included from ../source/runtime/src/Heap/Allocator/AllocBufferManager.h:15:
In file included from ../source/runtime/src/Heap/Allocator/AllocBuffer.h:18:
In file included from ../source/runtime/src/Heap/Allocator/RegionList.h:11:
In file included from ../source/runtime/src/Heap/Allocator/RegionInfo.h:44:
../source/runtime/src/Heap/Verify/AllocPhaseDiag.h:57:1: warning: inline variables are a C++17 extension [-Wc++17-extensions]
inline Slot g_table[kCap] = {};
^
../source/runtime/src/Heap/Verify/AllocPhaseDiag.h:58:1: warning: inline variables are a C++17 extension [-Wc++17-extensions]
inline NearEntry g_near[kNearCap] = {};
^
In file included from ../source/runtime/src/Heap/Collector/FinalizerProcessor.cpp:14:
In file included from ../source/runtime/src/Common/ScopedObjectAccess.h:11:
In file included from ../source/runtime/src/Mutator/Mutator.inline.h:11:
In file included from ../source/runtime/src/Mutator/MutatorManager.h:26:
In file included from ../source/runtime/src/Mutator/Mutator.h:16:
In file included from ../source/runtime/src/Heap/Allocator/Allocator.h:11:
In file included from ../source/runtime/src/Heap/Allocator/AllocBufferManager.h:15:
In file included from ../source/runtime/src/Heap/Allocator/AllocBuffer.h:18:
In file included from ../source/runtime/src/Heap/Allocator/RegionList.h:11:
In file included from ../source/runtime/src/Heap/Allocator/RegionInfo.h:50:
In file included from ../source/runtime/src/Heap/Allocator/ForwardingTable.h:15:
../source/runtime/src/Heap/Collector/ZForwarding.h:33:1: warning: class 'LiveInfo' was previously declared as a struct; this is valid, but may result in linker errors under the Microsoft C++ ABI [-Wmismatched-tags]
class LiveInfo;
^
../source/runtime/src/Heap/Collector/LiveInfo.h:185:8: note: previous use is here
struct LiveInfo {
       ^
../source/runtime/src/Heap/Collector/ZForwarding.h:33:1: note: did you mean struct here?
class LiveInfo;
^~~~~
struct
4 warnings generated.
[130/226] Building CXX object src/Heap/Verify/CMakeFiles/Verify.dir/StackExposureOracle.cpp.o
In file included from ../source/runtime/src/Heap/Verify/StackExposureOracle.cpp:16:
In file included from ../source/runtime/src/Base/LogFile.h:14:
../source/runtime/src/Base/GcLog.h:263:45: warning: format string is not a string literal [-Wformat-nonliteral]
        int n = vsnprintf(buf, sizeof(buf), format, args);
                                            ^~~~~~
In file included from ../source/runtime/src/Heap/Verify/StackExposureOracle.cpp:18:
In file included from ../source/runtime/src/Mutator/Mutator.h:16:
In file included from ../source/runtime/src/Heap/Allocator/Allocator.h:11:
In file included from ../source/runtime/src/Heap/Allocator/AllocBufferManager.h:15:
In file included from ../source/runtime/src/Heap/Allocator/AllocBuffer.h:18:
In file included from ../source/runtime/src/Heap/Allocator/RegionList.h:11:
In file included from ../source/runtime/src/Heap/Allocator/RegionInfo.h:44:
../source/runtime/src/Heap/Verify/AllocPhaseDiag.h:57:1: warning: inline variables are a C++17 extension [-Wc++17-extensions]
inline Slot g_table[kCap] = {};
^
../source/runtime/src/Heap/Verify/AllocPhaseDiag.h:58:1: warning: inline variables are a C++17 extension [-Wc++17-extensions]
inline NearEntry g_near[kNearCap] = {};
^
In file included from ../source/runtime/src/Heap/Verify/StackExposureOracle.cpp:18:
In file included from ../source/runtime/src/Mutator/Mutator.h:16:
In file included from ../source/runtime/src/Heap/Allocator/Allocator.h:11:
In file included from ../source/runtime/src/Heap/Allocator/AllocBufferManager.h:15:
In file included from ../source/runtime/src/Heap/Allocator/AllocBuffer.h:18:
In file included from ../source/runtime/src/Heap/Allocator/RegionList.h:11:
In file included from ../source/runtime/src/Heap/Allocator/RegionInfo.h:50:
In file included from ../source/runtime/src/Heap/Allocator/ForwardingTable.h:15:
../source/runtime/src/Heap/Collector/ZForwarding.h:33:1: warning: class 'LiveInfo' was previously declared as a struct; this is valid, but may result in linker errors under the Microsoft C++ ABI [-Wmismatched-tags]
class LiveInfo;
^
../source/runtime/src/Heap/Collector/LiveInfo.h:185:8: note: previous use is here
struct LiveInfo {
       ^
../source/runtime/src/Heap/Collector/ZForwarding.h:33:1: note: did you mean struct here?
class LiveInfo;
^~~~~
struct
../source/runtime/src/Heap/Verify/StackExposureOracle.cpp:30:6: warning: unused function 'EnvIsOne' [-Wunused-function]
bool EnvIsOne(const char* name)
     ^
../source/runtime/src/Heap/Verify/StackExposureOracle.cpp:36:13: warning: unused function 'EnvStr' [-Wunused-function]
const char* EnvStr(const char* name)
            ^
6 warnings generated.
[131/226] Building CXX object src/Sync/CMakeFiles/Sync.dir/Sync.cpp.o
In file included from ../source/runtime/src/Sync/Sync.cpp:13:
In file included from ../source/runtime/src/Concurrency/ConcurrencyModel.h:17:
In file included from ../source/runtime/src/Mutator/Mutator.h:15:
In file included from ../source/runtime/src/Exception/Exception.h:17:
In file included from ../source/runtime/src/Common/NativeAllocator.h:15:
In file included from ../source/runtime/src/Common/PagePool.h:22:
In file included from ../source/runtime/src/Heap/Allocator/CartesianTree.h:14:
In file included from ../source/runtime/src/Base/LogFile.h:14:
../source/runtime/src/Base/GcLog.h:263:45: warning: format string is not a string literal [-Wformat-nonliteral]
        int n = vsnprintf(buf, sizeof(buf), format, args);
                                            ^~~~~~
In file included from ../source/runtime/src/Sync/Sync.cpp:13:
In file included from ../source/runtime/src/Concurrency/ConcurrencyModel.h:17:
In file included from ../source/runtime/src/Mutator/Mutator.h:16:
In file included from ../source/runtime/src/Heap/Allocator/Allocator.h:11:
In file included from ../source/runtime/src/Heap/Allocator/AllocBufferManager.h:15:
In file included from ../source/runtime/src/Heap/Allocator/AllocBuffer.h:18:
In file included from ../source/runtime/src/Heap/Allocator/RegionList.h:11:
In file included from ../source/runtime/src/Heap/Allocator/RegionInfo.h:44:
../source/runtime/src/Heap/Verify/AllocPhaseDiag.h:57:1: warning: inline variables are a C++17 extension [-Wc++17-extensions]
inline Slot g_table[kCap] = {};
^
../source/runtime/src/Heap/Verify/AllocPhaseDiag.h:58:1: warning: inline variables are a C++17 extension [-Wc++17-extensions]
inline NearEntry g_near[kNearCap] = {};
^
In file included from ../source/runtime/src/Sync/Sync.cpp:13:
In file included from ../source/runtime/src/Concurrency/ConcurrencyModel.h:17:
In file included from ../source/runtime/src/Mutator/Mutator.h:16:
In file included from ../source/runtime/src/Heap/Allocator/Allocator.h:11:
In file included from ../source/runtime/src/Heap/Allocator/AllocBufferManager.h:15:
In file included from ../source/runtime/src/Heap/Allocator/AllocBuffer.h:18:
In file included from ../source/runtime/src/Heap/Allocator/RegionList.h:11:
In file included from ../source/runtime/src/Heap/Allocator/RegionInfo.h:50:
In file included from ../source/runtime/src/Heap/Allocator/ForwardingTable.h:15:
../source/runtime/src/Heap/Collector/ZForwarding.h:33:1: warning: class 'LiveInfo' was previously declared as a struct; this is valid, but may result in linker errors under the Microsoft C++ ABI [-Wmismatched-tags]
class LiveInfo;
^
../source/runtime/src/Heap/Collector/LiveInfo.h:185:8: note: previous use is here
struct LiveInfo {
       ^
../source/runtime/src/Heap/Collector/ZForwarding.h:33:1: note: did you mean struct here?
class LiveInfo;
^~~~~
struct
4 warnings generated.
[132/226] Building CXX object src/Heap/Collector/CMakeFiles/Collector.dir/TaskQueue.cpp.o
In file included from ../source/runtime/src/Heap/Collector/TaskQueue.cpp:8:
In file included from ../source/runtime/src/Heap/Collector/TaskQueue.h:15:
In file included from ../source/runtime/src/Base/Panic.h:15:
In file included from ../source/runtime/src/StackManager.h:15:
In file included from ../source/runtime/src/StackMap/StackMap.h:11:
In file included from ../source/runtime/src/StackMap/CompressedStackMap.h:15:
In file included from ../source/runtime/src/StackMap/DerivedPtr.h:11:
In file included from ../source/runtime/src/StackMap/StackMapTable.h:13:
In file included from ../source/runtime/src/Base/LogFile.h:14:
../source/runtime/src/Base/GcLog.h:263:45: warning: format string is not a string literal [-Wformat-nonliteral]
        int n = vsnprintf(buf, sizeof(buf), format, args);
                                            ^~~~~~
In file included from ../source/runtime/src/Heap/Collector/TaskQueue.cpp:10:
In file included from ../source/runtime/src/Heap/Collector/CollectorProxy.h:14:
In file included from ../source/runtime/src/Heap/WCollector/WCollector.h:26:
In file included from ../source/runtime/src/Heap/Allocator/RegionSpace.h:19:
In file included from ../source/runtime/src/Heap/Allocator/Allocator.h:11:
In file included from ../source/runtime/src/Heap/Allocator/AllocBufferManager.h:15:
In file included from ../source/runtime/src/Heap/Allocator/AllocBuffer.h:18:
In file included from ../source/runtime/src/Heap/Allocator/RegionList.h:11:
In file included from ../source/runtime/src/Heap/Allocator/RegionInfo.h:44:
../source/runtime/src/Heap/Verify/AllocPhaseDiag.h:57:1: warning: inline variables are a C++17 extension [-Wc++17-extensions]
inline Slot g_table[kCap] = {};
^
../source/runtime/src/Heap/Verify/AllocPhaseDiag.h:58:1: warning: inline variables are a C++17 extension [-Wc++17-extensions]
inline NearEntry g_near[kNearCap] = {};
^
In file included from ../source/runtime/src/Heap/Collector/TaskQueue.cpp:10:
In file included from ../source/runtime/src/Heap/Collector/CollectorProxy.h:14:
In file included from ../source/runtime/src/Heap/WCollector/WCollector.h:26:
In file included from ../source/runtime/src/Heap/Allocator/RegionSpace.h:19:
In file included from ../source/runtime/src/Heap/Allocator/Allocator.h:11:
In file included from ../source/runtime/src/Heap/Allocator/AllocBufferManager.h:15:
In file included from ../source/runtime/src/Heap/Allocator/AllocBuffer.h:18:
In file included from ../source/runtime/src/Heap/Allocator/RegionList.h:11:
In file included from ../source/runtime/src/Heap/Allocator/RegionInfo.h:50:
In file included from ../source/runtime/src/Heap/Allocator/ForwardingTable.h:15:
../source/runtime/src/Heap/Collector/ZForwarding.h:33:1: warning: class 'LiveInfo' was previously declared as a struct; this is valid, but may result in linker errors under the Microsoft C++ ABI [-Wmismatched-tags]
class LiveInfo;
^
../source/runtime/src/Heap/Collector/LiveInfo.h:185:8: note: previous use is here
struct LiveInfo {
       ^
../source/runtime/src/Heap/Collector/ZForwarding.h:33:1: note: did you mean struct here?
class LiveInfo;
^~~~~
struct
In file included from ../source/runtime/src/Heap/Collector/TaskQueue.cpp:10:
In file included from ../source/runtime/src/Heap/Collector/CollectorProxy.h:14:
In file included from ../source/runtime/src/Heap/WCollector/WCollector.h:26:
In file included from ../source/runtime/src/Heap/Allocator/RegionSpace.h:22:
../source/runtime/src/Heap/Allocator/RegionManager.h:948:12: warning: constexpr if is a C++17 extension [-Wc++17-extensions]
        if constexpr (G == Generation::Old) {
           ^
In file included from ../source/runtime/src/Heap/Collector/TaskQueue.cpp:10:
In file included from ../source/runtime/src/Heap/Collector/CollectorProxy.h:14:
In file included from ../source/runtime/src/Heap/WCollector/WCollector.h:28:
In file included from ../source/runtime/src/Heap/Collector/CopyCollector.h:13:
../source/runtime/src/Heap/Collector/TracingCollector.h:407:20: warning: unused variable 'objSize' [-Wunused-variable]
            size_t objSize = obj->GetSize();
                   ^
In file included from ../source/runtime/src/Heap/Collector/TaskQueue.cpp:10:
In file included from ../source/runtime/src/Heap/Collector/CollectorProxy.h:14:
../source/runtime/src/Heap/WCollector/WCollector.h:618:12: warning: constexpr if is a C++17 extension [-Wc++17-extensions]
        if constexpr (ForwardingTable::kEntriesSoleWhenArmed) {
           ^
../source/runtime/src/Heap/WCollector/WCollector.h:727:12: warning: constexpr if is a C++17 extension [-Wc++17-extensions]
        if constexpr (ForwardingTable::kConsumeEntries) {
           ^
../source/runtime/src/Heap/WCollector/WCollector.h:733:16: warning: constexpr if is a C++17 extension [-Wc++17-extensions]
            if constexpr (ForwardingTable::kEntriesSoleWhenArmed) {
               ^
../source/runtime/src/Heap/WCollector/WCollector.h:778:12: warning: constexpr if is a C++17 extension [-Wc++17-extensions]
        if constexpr (ForwardingTable::kConsumeEntries) {
           ^
10 warnings generated.
[133/226] Building CXX object src/Sanitizer/CMakeFiles/Sanitizer.dir/GwpAddressSanitizer/GwpAsanInterface.cpp.o
In file included from ../source/runtime/src/Sanitizer/GwpAddressSanitizer/GwpAsanInterface.cpp:15:
In file included from ../source/runtime/src/Heap/Allocator/Allocator.h:11:
In file included from ../source/runtime/src/Heap/Allocator/AllocBufferManager.h:15:
In file included from ../source/runtime/src/Heap/Allocator/AllocBuffer.h:18:
In file included from ../source/runtime/src/Heap/Allocator/RegionList.h:11:
In file included from ../source/runtime/src/Heap/Allocator/RegionInfo.h:35:
In file included from ../source/runtime/src/Base/Panic.h:15:
In file included from ../source/runtime/src/StackManager.h:15:
In file included from ../source/runtime/src/StackMap/StackMap.h:11:
In file included from ../source/runtime/src/StackMap/CompressedStackMap.h:15:
In file included from ../source/runtime/src/StackMap/DerivedPtr.h:11:
In file included from ../source/runtime/src/StackMap/StackMapTable.h:13:
In file included from ../source/runtime/src/Base/LogFile.h:14:
../source/runtime/src/Base/GcLog.h:263:45: warning: format string is not a string literal [-Wformat-nonliteral]
        int n = vsnprintf(buf, sizeof(buf), format, args);
                                            ^~~~~~
In file included from ../source/runtime/src/Sanitizer/GwpAddressSanitizer/GwpAsanInterface.cpp:15:
In file included from ../source/runtime/src/Heap/Allocator/Allocator.h:11:
In file included from ../source/runtime/src/Heap/Allocator/AllocBufferManager.h:15:
In file included from ../source/runtime/src/Heap/Allocator/AllocBuffer.h:18:
In file included from ../source/runtime/src/Heap/Allocator/RegionList.h:11:
In file included from ../source/runtime/src/Heap/Allocator/RegionInfo.h:44:
../source/runtime/src/Heap/Verify/AllocPhaseDiag.h:57:1: warning: inline variables are a C++17 extension [-Wc++17-extensions]
inline Slot g_table[kCap] = {};
^
../source/runtime/src/Heap/Verify/AllocPhaseDiag.h:58:1: warning: inline variables are a C++17 extension [-Wc++17-extensions]
inline NearEntry g_near[kNearCap] = {};
^
In file included from ../source/runtime/src/Sanitizer/GwpAddressSanitizer/GwpAsanInterface.cpp:15:
In file included from ../source/runtime/src/Heap/Allocator/Allocator.h:11:
In file included from ../source/runtime/src/Heap/Allocator/AllocBufferManager.h:15:
In file included from ../source/runtime/src/Heap/Allocator/AllocBuffer.h:18:
In file included from ../source/runtime/src/Heap/Allocator/RegionList.h:11:
In file included from ../source/runtime/src/Heap/Allocator/RegionInfo.h:50:
In file included from ../source/runtime/src/Heap/Allocator/ForwardingTable.h:15:
../source/runtime/src/Heap/Collector/ZForwarding.h:33:1: warning: class 'LiveInfo' was previously declared as a struct; this is valid, but may result in linker errors under the Microsoft C++ ABI [-Wmismatched-tags]
class LiveInfo;
^
../source/runtime/src/Heap/Collector/LiveInfo.h:185:8: note: previous use is here
struct LiveInfo {
       ^
../source/runtime/src/Heap/Collector/ZForwarding.h:33:1: note: did you mean struct here?
class LiveInfo;
^~~~~
struct
4 warnings generated.
[134/226] Building CXX object src/Concurrency/CMakeFiles/Concurrency.dir/Concurrency.cpp.o
In file included from ../source/runtime/src/Concurrency/Concurrency.cpp:8:
In file included from ../source/runtime/src/Concurrency/Concurrency.h:16:
In file included from ../source/runtime/src/Concurrency/ConcurrencyModel.h:17:
In file included from ../source/runtime/src/Mutator/Mutator.h:15:
In file included from ../source/runtime/src/Exception/Exception.h:17:
In file included from ../source/runtime/src/Common/NativeAllocator.h:15:
In file included from ../source/runtime/src/Common/PagePool.h:22:
In file included from ../source/runtime/src/Heap/Allocator/CartesianTree.h:14:
In file included from ../source/runtime/src/Base/LogFile.h:14:
../source/runtime/src/Base/GcLog.h:263:45: warning: format string is not a string literal [-Wformat-nonliteral]
        int n = vsnprintf(buf, sizeof(buf), format, args);
                                            ^~~~~~
In file included from ../source/runtime/src/Concurrency/Concurrency.cpp:8:
In file included from ../source/runtime/src/Concurrency/Concurrency.h:16:
In file included from ../source/runtime/src/Concurrency/ConcurrencyModel.h:17:
In file included from ../source/runtime/src/Mutator/Mutator.h:16:
In file included from ../source/runtime/src/Heap/Allocator/Allocator.h:11:
In file included from ../source/runtime/src/Heap/Allocator/AllocBufferManager.h:15:
In file included from ../source/runtime/src/Heap/Allocator/AllocBuffer.h:18:
In file included from ../source/runtime/src/Heap/Allocator/RegionList.h:11:
In file included from ../source/runtime/src/Heap/Allocator/RegionInfo.h:44:
../source/runtime/src/Heap/Verify/AllocPhaseDiag.h:57:1: warning: inline variables are a C++17 extension [-Wc++17-extensions]
inline Slot g_table[kCap] = {};
^
../source/runtime/src/Heap/Verify/AllocPhaseDiag.h:58:1: warning: inline variables are a C++17 extension [-Wc++17-extensions]
inline NearEntry g_near[kNearCap] = {};
^
In file included from ../source/runtime/src/Concurrency/Concurrency.cpp:8:
In file included from ../source/runtime/src/Concurrency/Concurrency.h:16:
In file included from ../source/runtime/src/Concurrency/ConcurrencyModel.h:17:
In file included from ../source/runtime/src/Mutator/Mutator.h:16:
In file included from ../source/runtime/src/Heap/Allocator/Allocator.h:11:
In file included from ../source/runtime/src/Heap/Allocator/AllocBufferManager.h:15:
In file included from ../source/runtime/src/Heap/Allocator/AllocBuffer.h:18:
In file included from ../source/runtime/src/Heap/Allocator/RegionList.h:11:
In file included from ../source/runtime/src/Heap/Allocator/RegionInfo.h:50:
In file included from ../source/runtime/src/Heap/Allocator/ForwardingTable.h:15:
../source/runtime/src/Heap/Collector/ZForwarding.h:33:1: warning: class 'LiveInfo' was previously declared as a struct; this is valid, but may result in linker errors under the Microsoft C++ ABI [-Wmismatched-tags]
class LiveInfo;
^
../source/runtime/src/Heap/Collector/LiveInfo.h:185:8: note: previous use is here
struct LiveInfo {
       ^
../source/runtime/src/Heap/Collector/ZForwarding.h:33:1: note: did you mean struct here?
class LiveInfo;
^~~~~
struct
4 warnings generated.
[135/226] Building CXX object src/Exception/CMakeFiles/Exception.dir/EhTable.cpp.o
In file included from ../source/runtime/src/Exception/EhTable.cpp:10:
In file included from ../source/runtime/src/Base/LogFile.h:14:
../source/runtime/src/Base/GcLog.h:263:45: warning: format string is not a string literal [-Wformat-nonliteral]
        int n = vsnprintf(buf, sizeof(buf), format, args);
                                            ^~~~~~
In file included from ../source/runtime/src/Exception/EhTable.cpp:12:
In file included from ../source/runtime/src/ObjectModel/MObject.inline.h:16:
In file included from ../source/runtime/src/HeapManager.inline.h:14:
In file included from ../source/runtime/src/Mutator/Mutator.h:16:
In file included from ../source/runtime/src/Heap/Allocator/Allocator.h:11:
In file included from ../source/runtime/src/Heap/Allocator/AllocBufferManager.h:15:
In file included from ../source/runtime/src/Heap/Allocator/AllocBuffer.h:18:
In file included from ../source/runtime/src/Heap/Allocator/RegionList.h:11:
In file included from ../source/runtime/src/Heap/Allocator/RegionInfo.h:44:
../source/runtime/src/Heap/Verify/AllocPhaseDiag.h:57:1: warning: inline variables are a C++17 extension [-Wc++17-extensions]
inline Slot g_table[kCap] = {};
^
../source/runtime/src/Heap/Verify/AllocPhaseDiag.h:58:1: warning: inline variables are a C++17 extension [-Wc++17-extensions]
inline NearEntry g_near[kNearCap] = {};
^
In file included from ../source/runtime/src/Exception/EhTable.cpp:12:
In file included from ../source/runtime/src/ObjectModel/MObject.inline.h:16:
In file included from ../source/runtime/src/HeapManager.inline.h:14:
In file included from ../source/runtime/src/Mutator/Mutator.h:16:
In file included from ../source/runtime/src/Heap/Allocator/Allocator.h:11:
In file included from ../source/runtime/src/Heap/Allocator/AllocBufferManager.h:15:
In file included from ../source/runtime/src/Heap/Allocator/AllocBuffer.h:18:
In file included from ../source/runtime/src/Heap/Allocator/RegionList.h:11:
In file included from ../source/runtime/src/Heap/Allocator/RegionInfo.h:50:
In file included from ../source/runtime/src/Heap/Allocator/ForwardingTable.h:15:
../source/runtime/src/Heap/Collector/ZForwarding.h:33:1: warning: class 'LiveInfo' was previously declared as a struct; this is valid, but may result in linker errors under the Microsoft C++ ABI [-Wmismatched-tags]
class LiveInfo;
^
../source/runtime/src/Heap/Collector/LiveInfo.h:185:8: note: previous use is here
struct LiveInfo {
       ^
../source/runtime/src/Heap/Collector/ZForwarding.h:33:1: note: did you mean struct here?
class LiveInfo;
^~~~~
struct
4 warnings generated.
[136/226] Building CXX object src/Exception/CMakeFiles/Exception.dir/ExceptionCApi.cpp.o
In file included from ../source/runtime/src/Exception/ExceptionCApi.cpp:10:
In file included from ../source/runtime/src/Base/LogFile.h:14:
../source/runtime/src/Base/GcLog.h:263:45: warning: format string is not a string literal [-Wformat-nonliteral]
        int n = vsnprintf(buf, sizeof(buf), format, args);
                                            ^~~~~~
In file included from ../source/runtime/src/Exception/ExceptionCApi.cpp:15:
In file included from ../source/runtime/src/Mutator/Mutator.h:16:
In file included from ../source/runtime/src/Heap/Allocator/Allocator.h:11:
In file included from ../source/runtime/src/Heap/Allocator/AllocBufferManager.h:15:
In file included from ../source/runtime/src/Heap/Allocator/AllocBuffer.h:18:
In file included from ../source/runtime/src/Heap/Allocator/RegionList.h:11:
In file included from ../source/runtime/src/Heap/Allocator/RegionInfo.h:44:
../source/runtime/src/Heap/Verify/AllocPhaseDiag.h:57:1: warning: inline variables are a C++17 extension [-Wc++17-extensions]
inline Slot g_table[kCap] = {};
^
../source/runtime/src/Heap/Verify/AllocPhaseDiag.h:58:1: warning: inline variables are a C++17 extension [-Wc++17-extensions]
inline NearEntry g_near[kNearCap] = {};
^
In file included from ../source/runtime/src/Exception/ExceptionCApi.cpp:15:
In file included from ../source/runtime/src/Mutator/Mutator.h:16:
In file included from ../source/runtime/src/Heap/Allocator/Allocator.h:11:
In file included from ../source/runtime/src/Heap/Allocator/AllocBufferManager.h:15:
In file included from ../source/runtime/src/Heap/Allocator/AllocBuffer.h:18:
In file included from ../source/runtime/src/Heap/Allocator/RegionList.h:11:
In file included from ../source/runtime/src/Heap/Allocator/RegionInfo.h:50:
In file included from ../source/runtime/src/Heap/Allocator/ForwardingTable.h:15:
../source/runtime/src/Heap/Collector/ZForwarding.h:33:1: warning: class 'LiveInfo' was previously declared as a struct; this is valid, but may result in linker errors under the Microsoft C++ ABI [-Wmismatched-tags]
class LiveInfo;
^
../source/runtime/src/Heap/Collector/LiveInfo.h:185:8: note: previous use is here
struct LiveInfo {
       ^
../source/runtime/src/Heap/Collector/ZForwarding.h:33:1: note: did you mean struct here?
class LiveInfo;
^~~~~
struct
4 warnings generated.
[137/226] Building CXX object src/UnwindStack/CMakeFiles/UnwindStack.dir/UnwindCApi.cpp.o
In file included from ../source/runtime/src/UnwindStack/UnwindCApi.cpp:12:
In file included from ../source/runtime/src/Mutator/Mutator.inline.h:11:
In file included from ../source/runtime/src/Mutator/MutatorManager.h:20:
../source/runtime/src/Base/GcLog.h:263:45: warning: format string is not a string literal [-Wformat-nonliteral]
        int n = vsnprintf(buf, sizeof(buf), format, args);
                                            ^~~~~~
In file included from ../source/runtime/src/UnwindStack/UnwindCApi.cpp:12:
In file included from ../source/runtime/src/Mutator/Mutator.inline.h:11:
In file included from ../source/runtime/src/Mutator/MutatorManager.h:26:
In file included from ../source/runtime/src/Mutator/Mutator.h:16:
In file included from ../source/runtime/src/Heap/Allocator/Allocator.h:11:
In file included from ../source/runtime/src/Heap/Allocator/AllocBufferManager.h:15:
In file included from ../source/runtime/src/Heap/Allocator/AllocBuffer.h:18:
In file included from ../source/runtime/src/Heap/Allocator/RegionList.h:11:
In file included from ../source/runtime/src/Heap/Allocator/RegionInfo.h:44:
../source/runtime/src/Heap/Verify/AllocPhaseDiag.h:57:1: warning: inline variables are a C++17 extension [-Wc++17-extensions]
inline Slot g_table[kCap] = {};
^
../source/runtime/src/Heap/Verify/AllocPhaseDiag.h:58:1: warning: inline variables are a C++17 extension [-Wc++17-extensions]
inline NearEntry g_near[kNearCap] = {};
^
In file included from ../source/runtime/src/UnwindStack/UnwindCApi.cpp:12:
In file included from ../source/runtime/src/Mutator/Mutator.inline.h:11:
In file included from ../source/runtime/src/Mutator/MutatorManager.h:26:
In file included from ../source/runtime/src/Mutator/Mutator.h:16:
In file included from ../source/runtime/src/Heap/Allocator/Allocator.h:11:
In file included from ../source/runtime/src/Heap/Allocator/AllocBufferManager.h:15:
In file included from ../source/runtime/src/Heap/Allocator/AllocBuffer.h:18:
In file included from ../source/runtime/src/Heap/Allocator/RegionList.h:11:
In file included from ../source/runtime/src/Heap/Allocator/RegionInfo.h:50:
In file included from ../source/runtime/src/Heap/Allocator/ForwardingTable.h:15:
../source/runtime/src/Heap/Collector/ZForwarding.h:33:1: warning: class 'LiveInfo' was previously declared as a struct; this is valid, but may result in linker errors under the Microsoft C++ ABI [-Wmismatched-tags]
class LiveInfo;
^
../source/runtime/src/Heap/Collector/LiveInfo.h:185:8: note: previous use is here
struct LiveInfo {
       ^
../source/runtime/src/Heap/Collector/ZForwarding.h:33:1: note: did you mean struct here?
class LiveInfo;
^~~~~
struct
4 warnings generated.
[138/226] Building CXX object src/Heap/Collector/CMakeFiles/Collector.dir/PromotedRegionDomain.cpp.o
In file included from ../source/runtime/src/Heap/Collector/PromotedRegionDomain.cpp:18:
In file included from ../source/runtime/src/Base/LogFile.h:14:
../source/runtime/src/Base/GcLog.h:263:45: warning: format string is not a string literal [-Wformat-nonliteral]
        int n = vsnprintf(buf, sizeof(buf), format, args);
                                            ^~~~~~
In file included from ../source/runtime/src/Heap/Collector/PromotedRegionDomain.cpp:20:
In file included from ../source/runtime/src/Heap/Allocator/RegionInfo.h:44:
../source/runtime/src/Heap/Verify/AllocPhaseDiag.h:57:1: warning: inline variables are a C++17 extension [-Wc++17-extensions]
inline Slot g_table[kCap] = {};
^
../source/runtime/src/Heap/Verify/AllocPhaseDiag.h:58:1: warning: inline variables are a C++17 extension [-Wc++17-extensions]
inline NearEntry g_near[kNearCap] = {};
^
In file included from ../source/runtime/src/Heap/Collector/PromotedRegionDomain.cpp:20:
In file included from ../source/runtime/src/Heap/Allocator/RegionInfo.h:50:
In file included from ../source/runtime/src/Heap/Allocator/ForwardingTable.h:15:
../source/runtime/src/Heap/Collector/ZForwarding.h:33:1: warning: class 'LiveInfo' was previously declared as a struct; this is valid, but may result in linker errors under the Microsoft C++ ABI [-Wmismatched-tags]
class LiveInfo;
^
../source/runtime/src/Heap/Collector/LiveInfo.h:185:8: note: previous use is here
struct LiveInfo {
       ^
../source/runtime/src/Heap/Collector/ZForwarding.h:33:1: note: did you mean struct here?
class LiveInfo;
^~~~~
struct
../source/runtime/src/Heap/Collector/PromotedRegionDomain.cpp:546:18: warning: variable 'recE' set but not used [-Wunused-but-set-variable]
        uint64_t recE = 0;
                 ^
../source/runtime/src/Heap/Collector/PromotedRegionDomain.cpp:81:6: warning: unused function 'EnvIsOne' [-Wunused-function]
bool EnvIsOne(const char* name)
     ^
6 warnings generated.
[139/226] Building CXX object src/CpuProfiler/CMakeFiles/CpuProfiler.dir/CpuProfiler.cpp.o
In file included from ../source/runtime/src/CpuProfiler/CpuProfiler.cpp:9:
In file included from ../source/runtime/src/Mutator/MutatorManager.h:20:
../source/runtime/src/Base/GcLog.h:263:45: warning: format string is not a string literal [-Wformat-nonliteral]
        int n = vsnprintf(buf, sizeof(buf), format, args);
                                            ^~~~~~
In file included from ../source/runtime/src/CpuProfiler/CpuProfiler.cpp:9:
In file included from ../source/runtime/src/Mutator/MutatorManager.h:26:
In file included from ../source/runtime/src/Mutator/Mutator.h:16:
In file included from ../source/runtime/src/Heap/Allocator/Allocator.h:11:
In file included from ../source/runtime/src/Heap/Allocator/AllocBufferManager.h:15:
In file included from ../source/runtime/src/Heap/Allocator/AllocBuffer.h:18:
In file included from ../source/runtime/src/Heap/Allocator/RegionList.h:11:
In file included from ../source/runtime/src/Heap/Allocator/RegionInfo.h:44:
../source/runtime/src/Heap/Verify/AllocPhaseDiag.h:57:1: warning: inline variables are a C++17 extension [-Wc++17-extensions]
inline Slot g_table[kCap] = {};
^
../source/runtime/src/Heap/Verify/AllocPhaseDiag.h:58:1: warning: inline variables are a C++17 extension [-Wc++17-extensions]
inline NearEntry g_near[kNearCap] = {};
^
In file included from ../source/runtime/src/CpuProfiler/CpuProfiler.cpp:9:
In file included from ../source/runtime/src/Mutator/MutatorManager.h:26:
In file included from ../source/runtime/src/Mutator/Mutator.h:16:
In file included from ../source/runtime/src/Heap/Allocator/Allocator.h:11:
In file included from ../source/runtime/src/Heap/Allocator/AllocBufferManager.h:15:
In file included from ../source/runtime/src/Heap/Allocator/AllocBuffer.h:18:
In file included from ../source/runtime/src/Heap/Allocator/RegionList.h:11:
In file included from ../source/runtime/src/Heap/Allocator/RegionInfo.h:50:
In file included from ../source/runtime/src/Heap/Allocator/ForwardingTable.h:15:
../source/runtime/src/Heap/Collector/ZForwarding.h:33:1: warning: class 'LiveInfo' was previously declared as a struct; this is valid, but may result in linker errors under the Microsoft C++ ABI [-Wmismatched-tags]
class LiveInfo;
^
../source/runtime/src/Heap/Collector/LiveInfo.h:185:8: note: previous use is here
struct LiveInfo {
       ^
../source/runtime/src/Heap/Collector/ZForwarding.h:33:1: note: did you mean struct here?
class LiveInfo;
^~~~~
struct
4 warnings generated.
[140/226] Building CXX object src/Interpreter/CMakeFiles/Interpreter.dir/InterpreterSpecific.cpp.o
In file included from ../source/runtime/src/Interpreter/InterpreterSpecific.cpp:6:
In file included from ../source/runtime/src/Interpreter/InterpreterSpecific.h:16:
In file included from ../source/runtime/src/Mutator/Mutator.h:15:
In file included from ../source/runtime/src/Exception/Exception.h:17:
In file included from ../source/runtime/src/Common/NativeAllocator.h:15:
In file included from ../source/runtime/src/Common/PagePool.h:22:
In file included from ../source/runtime/src/Heap/Allocator/CartesianTree.h:14:
In file included from ../source/runtime/src/Base/LogFile.h:14:
../source/runtime/src/Base/GcLog.h:263:45: warning: format string is not a string literal [-Wformat-nonliteral]
        int n = vsnprintf(buf, sizeof(buf), format, args);
                                            ^~~~~~
In file included from ../source/runtime/src/Interpreter/InterpreterSpecific.cpp:6:
In file included from ../source/runtime/src/Interpreter/InterpreterSpecific.h:16:
In file included from ../source/runtime/src/Mutator/Mutator.h:16:
In file included from ../source/runtime/src/Heap/Allocator/Allocator.h:11:
In file included from ../source/runtime/src/Heap/Allocator/AllocBufferManager.h:15:
In file included from ../source/runtime/src/Heap/Allocator/AllocBuffer.h:18:
In file included from ../source/runtime/src/Heap/Allocator/RegionList.h:11:
In file included from ../source/runtime/src/Heap/Allocator/RegionInfo.h:44:
../source/runtime/src/Heap/Verify/AllocPhaseDiag.h:57:1: warning: inline variables are a C++17 extension [-Wc++17-extensions]
inline Slot g_table[kCap] = {};
^
../source/runtime/src/Heap/Verify/AllocPhaseDiag.h:58:1: warning: inline variables are a C++17 extension [-Wc++17-extensions]
inline NearEntry g_near[kNearCap] = {};
^
In file included from ../source/runtime/src/Interpreter/InterpreterSpecific.cpp:6:
In file included from ../source/runtime/src/Interpreter/InterpreterSpecific.h:16:
In file included from ../source/runtime/src/Mutator/Mutator.h:16:
In file included from ../source/runtime/src/Heap/Allocator/Allocator.h:11:
In file included from ../source/runtime/src/Heap/Allocator/AllocBufferManager.h:15:
In file included from ../source/runtime/src/Heap/Allocator/AllocBuffer.h:18:
In file included from ../source/runtime/src/Heap/Allocator/RegionList.h:11:
In file included from ../source/runtime/src/Heap/Allocator/RegionInfo.h:50:
In file included from ../source/runtime/src/Heap/Allocator/ForwardingTable.h:15:
../source/runtime/src/Heap/Collector/ZForwarding.h:33:1: warning: class 'LiveInfo' was previously declared as a struct; this is valid, but may result in linker errors under the Microsoft C++ ABI [-Wmismatched-tags]
class LiveInfo;
^
../source/runtime/src/Heap/Collector/LiveInfo.h:185:8: note: previous use is here
struct LiveInfo {
       ^
../source/runtime/src/Heap/Collector/ZForwarding.h:33:1: note: did you mean struct here?
class LiveInfo;
^~~~~
struct
4 warnings generated.
[141/226] Building CXX object src/ObjectModel/CMakeFiles/ObjectModel.dir/MObject.cpp.o
In file included from ../source/runtime/src/ObjectModel/MObject.cpp:9:
In file included from ../source/runtime/src/ObjectModel/MObject.inline.h:15:
In file included from ../source/runtime/src/Heap/Heap.h:18:
In file included from ../source/runtime/src/Heap/Collector/Collector.h:23:
In file included from ../source/runtime/src/Heap/Collector/GcStats.h:18:
In file included from ../source/runtime/src/Base/Panic.h:15:
In file included from ../source/runtime/src/StackManager.h:15:
In file included from ../source/runtime/src/StackMap/StackMap.h:11:
In file included from ../source/runtime/src/StackMap/CompressedStackMap.h:15:
In file included from ../source/runtime/src/StackMap/DerivedPtr.h:11:
In file included from ../source/runtime/src/StackMap/StackMapTable.h:13:
In file included from ../source/runtime/src/Base/LogFile.h:14:
../source/runtime/src/Base/GcLog.h:263:45: warning: format string is not a string literal [-Wformat-nonliteral]
        int n = vsnprintf(buf, sizeof(buf), format, args);
                                            ^~~~~~
In file included from ../source/runtime/src/ObjectModel/MObject.cpp:9:
In file included from ../source/runtime/src/ObjectModel/MObject.inline.h:16:
In file included from ../source/runtime/src/HeapManager.inline.h:14:
In file included from ../source/runtime/src/Mutator/Mutator.h:16:
In file included from ../source/runtime/src/Heap/Allocator/Allocator.h:11:
In file included from ../source/runtime/src/Heap/Allocator/AllocBufferManager.h:15:
In file included from ../source/runtime/src/Heap/Allocator/AllocBuffer.h:18:
In file included from ../source/runtime/src/Heap/Allocator/RegionList.h:11:
In file included from ../source/runtime/src/Heap/Allocator/RegionInfo.h:44:
../source/runtime/src/Heap/Verify/AllocPhaseDiag.h:57:1: warning: inline variables are a C++17 extension [-Wc++17-extensions]
inline Slot g_table[kCap] = {};
^
../source/runtime/src/Heap/Verify/AllocPhaseDiag.h:58:1: warning: inline variables are a C++17 extension [-Wc++17-extensions]
inline NearEntry g_near[kNearCap] = {};
^
In file included from ../source/runtime/src/ObjectModel/MObject.cpp:9:
In file included from ../source/runtime/src/ObjectModel/MObject.inline.h:16:
In file included from ../source/runtime/src/HeapManager.inline.h:14:
In file included from ../source/runtime/src/Mutator/Mutator.h:16:
In file included from ../source/runtime/src/Heap/Allocator/Allocator.h:11:
In file included from ../source/runtime/src/Heap/Allocator/AllocBufferManager.h:15:
In file included from ../source/runtime/src/Heap/Allocator/AllocBuffer.h:18:
In file included from ../source/runtime/src/Heap/Allocator/RegionList.h:11:
In file included from ../source/runtime/src/Heap/Allocator/RegionInfo.h:50:
In file included from ../source/runtime/src/Heap/Allocator/ForwardingTable.h:15:
../source/runtime/src/Heap/Collector/ZForwarding.h:33:1: warning: class 'LiveInfo' was previously declared as a struct; this is valid, but may result in linker errors under the Microsoft C++ ABI [-Wmismatched-tags]
class LiveInfo;
^
../source/runtime/src/Heap/Collector/LiveInfo.h:185:8: note: previous use is here
struct LiveInfo {
       ^
../source/runtime/src/Heap/Collector/ZForwarding.h:33:1: note: did you mean struct here?
class LiveInfo;
^~~~~
struct
4 warnings generated.
[142/226] Building CXX object src/Heap/Collector/CMakeFiles/Collector.dir/RelocationRequestQueue.cpp.o
In file included from ../source/runtime/src/Heap/Collector/RelocationRequestQueue.cpp:7:
In file included from ../source/runtime/src/Heap/Collector/RelocationRequestQueue.h:20:
In file included from ../source/runtime/src/Heap/Allocator/ForwardingTable.h:15:
In file included from ../source/runtime/src/Heap/Collector/ZForwarding.h:26:
In file included from ../source/runtime/src/Heap/Heap.h:18:
In file included from ../source/runtime/src/Heap/Collector/Collector.h:23:
In file included from ../source/runtime/src/Heap/Collector/GcStats.h:18:
In file included from ../source/runtime/src/Base/Panic.h:15:
In file included from ../source/runtime/src/StackManager.h:15:
In file included from ../source/runtime/src/StackMap/StackMap.h:11:
In file included from ../source/runtime/src/StackMap/CompressedStackMap.h:15:
In file included from ../source/runtime/src/StackMap/DerivedPtr.h:11:
In file included from ../source/runtime/src/StackMap/StackMapTable.h:13:
In file included from ../source/runtime/src/Base/LogFile.h:14:
../source/runtime/src/Base/GcLog.h:263:45: warning: format string is not a string literal [-Wformat-nonliteral]
        int n = vsnprintf(buf, sizeof(buf), format, args);
                                            ^~~~~~
In file included from ../source/runtime/src/Heap/Collector/RelocationRequestQueue.cpp:7:
In file included from ../source/runtime/src/Heap/Collector/RelocationRequestQueue.h:20:
../source/runtime/src/Heap/Allocator/ForwardingTable.h:22:1: warning: struct 'LiveInfo' was previously declared as a class; this is valid, but may result in linker errors under the Microsoft C++ ABI [-Wmismatched-tags]
struct LiveInfo;
^
../source/runtime/src/Heap/Collector/ZForwarding.h:33:7: note: previous use is here
class LiveInfo;
      ^
In file included from ../source/runtime/src/Heap/Collector/RelocationRequestQueue.cpp:11:
In file included from ../source/runtime/src/Heap/Allocator/RegionInfo.h:37:
In file included from ../source/runtime/src/Heap/Collector/LiveInfoArena.h:27:
../source/runtime/src/Heap/Collector/LiveInfo.h:185:1: warning: 'LiveInfo' defined as a struct here but previously declared as a class; this is valid, but may result in linker errors under the Microsoft C++ ABI [-Wmismatched-tags]
struct LiveInfo {
^
../source/runtime/src/Heap/Collector/ZForwarding.h:33:1: note: did you mean struct here?
class LiveInfo;
^~~~~
struct
In file included from ../source/runtime/src/Heap/Collector/RelocationRequestQueue.cpp:11:
In file included from ../source/runtime/src/Heap/Allocator/RegionInfo.h:44:
../source/runtime/src/Heap/Verify/AllocPhaseDiag.h:57:1: warning: inline variables are a C++17 extension [-Wc++17-extensions]
inline Slot g_table[kCap] = {};
^
../source/runtime/src/Heap/Verify/AllocPhaseDiag.h:58:1: warning: inline variables are a C++17 extension [-Wc++17-extensions]
inline NearEntry g_near[kNearCap] = {};
^
5 warnings generated.
[143/226] Building CXX object src/Heap/Collector/CMakeFiles/Collector.dir/Collector.cpp.o
In file included from ../source/runtime/src/Heap/Collector/Collector.cpp:8:
In file included from ../source/runtime/src/Heap/Collector/Collector.h:23:
In file included from ../source/runtime/src/Heap/Collector/GcStats.h:18:
In file included from ../source/runtime/src/Base/Panic.h:15:
In file included from ../source/runtime/src/StackManager.h:15:
In file included from ../source/runtime/src/StackMap/StackMap.h:11:
In file included from ../source/runtime/src/StackMap/CompressedStackMap.h:15:
In file included from ../source/runtime/src/StackMap/DerivedPtr.h:11:
In file included from ../source/runtime/src/StackMap/StackMapTable.h:13:
In file included from ../source/runtime/src/Base/LogFile.h:14:
../source/runtime/src/Base/GcLog.h:263:45: warning: format string is not a string literal [-Wformat-nonliteral]
        int n = vsnprintf(buf, sizeof(buf), format, args);
                                            ^~~~~~
In file included from ../source/runtime/src/Heap/Collector/Collector.cpp:21:
../source/runtime/src/Heap/Allocator/ForwardingTable.h:22:1: warning: struct 'LiveInfo' was previously declared as a class; this is valid, but may result in linker errors under the Microsoft C++ ABI [-Wmismatched-tags]
struct LiveInfo;
^
../source/runtime/src/Heap/Collector/ZForwarding.h:33:7: note: previous use is here
class LiveInfo;
      ^
In file included from ../source/runtime/src/Heap/Collector/Collector.cpp:22:
In file included from ../source/runtime/src/Heap/Allocator/RegionInfo.h:37:
In file included from ../source/runtime/src/Heap/Collector/LiveInfoArena.h:27:
../source/runtime/src/Heap/Collector/LiveInfo.h:185:1: warning: 'LiveInfo' defined as a struct here but previously declared as a class; this is valid, but may result in linker errors under the Microsoft C++ ABI [-Wmismatched-tags]
struct LiveInfo {
^
../source/runtime/src/Heap/Collector/ZForwarding.h:33:1: note: did you mean struct here?
class LiveInfo;
^~~~~
struct
In file included from ../source/runtime/src/Heap/Collector/Collector.cpp:22:
In file included from ../source/runtime/src/Heap/Allocator/RegionInfo.h:44:
../source/runtime/src/Heap/Verify/AllocPhaseDiag.h:57:1: warning: inline variables are a C++17 extension [-Wc++17-extensions]
inline Slot g_table[kCap] = {};
^
../source/runtime/src/Heap/Verify/AllocPhaseDiag.h:58:1: warning: inline variables are a C++17 extension [-Wc++17-extensions]
inline NearEntry g_near[kNearCap] = {};
^
In file included from ../source/runtime/src/Heap/Collector/Collector.cpp:23:
In file included from ../source/runtime/src/Heap/Allocator/RegionSpace.h:22:
../source/runtime/src/Heap/Allocator/RegionManager.h:948:12: warning: constexpr if is a C++17 extension [-Wc++17-extensions]
        if constexpr (G == Generation::Old) {
           ^
../source/runtime/src/Heap/Collector/Collector.cpp:146:63: warning: format string is not a string literal [-Wformat-nonliteral]
        const int n = std::vsnprintf(data + used, cap - used, format, args);
                                                              ^~~~~~
7 warnings generated.
[144/226] Building CXX object src/Heap/WCollector/CMakeFiles/WCollector.dir/TraceBarrier.cpp.o
In file included from ../source/runtime/src/Heap/WCollector/TraceBarrier.cpp:9:
In file included from ../source/runtime/src/Heap/Allocator/RegionSpace.h:19:
In file included from ../source/runtime/src/Heap/Allocator/Allocator.h:11:
In file included from ../source/runtime/src/Heap/Allocator/AllocBufferManager.h:15:
In file included from ../source/runtime/src/Heap/Allocator/AllocBuffer.h:18:
In file included from ../source/runtime/src/Heap/Allocator/RegionList.h:11:
In file included from ../source/runtime/src/Heap/Allocator/RegionInfo.h:35:
In file included from ../source/runtime/src/Base/Panic.h:15:
In file included from ../source/runtime/src/StackManager.h:15:
In file included from ../source/runtime/src/StackMap/StackMap.h:11:
In file included from ../source/runtime/src/StackMap/CompressedStackMap.h:15:
In file included from ../source/runtime/src/StackMap/DerivedPtr.h:11:
In file included from ../source/runtime/src/StackMap/StackMapTable.h:13:
In file included from ../source/runtime/src/Base/LogFile.h:14:
../source/runtime/src/Base/GcLog.h:263:45: warning: format string is not a string literal [-Wformat-nonliteral]
        int n = vsnprintf(buf, sizeof(buf), format, args);
                                            ^~~~~~
In file included from ../source/runtime/src/Heap/WCollector/TraceBarrier.cpp:9:
In file included from ../source/runtime/src/Heap/Allocator/RegionSpace.h:19:
In file included from ../source/runtime/src/Heap/Allocator/Allocator.h:11:
In file included from ../source/runtime/src/Heap/Allocator/AllocBufferManager.h:15:
In file included from ../source/runtime/src/Heap/Allocator/AllocBuffer.h:18:
In file included from ../source/runtime/src/Heap/Allocator/RegionList.h:11:
In file included from ../source/runtime/src/Heap/Allocator/RegionInfo.h:44:
../source/runtime/src/Heap/Verify/AllocPhaseDiag.h:57:1: warning: inline variables are a C++17 extension [-Wc++17-extensions]
inline Slot g_table[kCap] = {};
^
../source/runtime/src/Heap/Verify/AllocPhaseDiag.h:58:1: warning: inline variables are a C++17 extension [-Wc++17-extensions]
inline NearEntry g_near[kNearCap] = {};
^
In file included from ../source/runtime/src/Heap/WCollector/TraceBarrier.cpp:9:
In file included from ../source/runtime/src/Heap/Allocator/RegionSpace.h:19:
In file included from ../source/runtime/src/Heap/Allocator/Allocator.h:11:
In file included from ../source/runtime/src/Heap/Allocator/AllocBufferManager.h:15:
In file included from ../source/runtime/src/Heap/Allocator/AllocBuffer.h:18:
In file included from ../source/runtime/src/Heap/Allocator/RegionList.h:11:
In file included from ../source/runtime/src/Heap/Allocator/RegionInfo.h:50:
In file included from ../source/runtime/src/Heap/Allocator/ForwardingTable.h:15:
../source/runtime/src/Heap/Collector/ZForwarding.h:33:1: warning: class 'LiveInfo' was previously declared as a struct; this is valid, but may result in linker errors under the Microsoft C++ ABI [-Wmismatched-tags]
class LiveInfo;
^
../source/runtime/src/Heap/Collector/LiveInfo.h:185:8: note: previous use is here
struct LiveInfo {
       ^
../source/runtime/src/Heap/Collector/ZForwarding.h:33:1: note: did you mean struct here?
class LiveInfo;
^~~~~
struct
In file included from ../source/runtime/src/Heap/WCollector/TraceBarrier.cpp:9:
In file included from ../source/runtime/src/Heap/Allocator/RegionSpace.h:22:
../source/runtime/src/Heap/Allocator/RegionManager.h:948:12: warning: constexpr if is a C++17 extension [-Wc++17-extensions]
        if constexpr (G == Generation::Old) {
           ^
In file included from ../source/runtime/src/Heap/WCollector/TraceBarrier.cpp:13:
In file included from ../source/runtime/src/Heap/Collector/CopyCollector.h:13:
../source/runtime/src/Heap/Collector/TracingCollector.h:407:20: warning: unused variable 'objSize' [-Wunused-variable]
            size_t objSize = obj->GetSize();
                   ^
../source/runtime/src/Heap/WCollector/TraceBarrier.cpp:93:17: warning: variable 'rememberedObject' set but not used [-Wunused-but-set-variable]
    BaseObject* rememberedObject = nullptr;
                ^
7 warnings generated.
[145/226] Building CXX object src/UnwindStack/CMakeFiles/UnwindStack.dir/StackInfo.cpp.o
In file included from ../source/runtime/src/UnwindStack/StackInfo.cpp:12:
In file included from ../source/runtime/src/Base/LogFile.h:14:
../source/runtime/src/Base/GcLog.h:263:45: warning: format string is not a string literal [-Wformat-nonliteral]
        int n = vsnprintf(buf, sizeof(buf), format, args);
                                            ^~~~~~
In file included from ../source/runtime/src/UnwindStack/StackInfo.cpp:13:
In file included from ../source/runtime/src/Heap/Collector/TracingCollector.h:18:
In file included from ../source/runtime/src/Heap/Allocator/RegionSpace.h:19:
In file included from ../source/runtime/src/Heap/Allocator/Allocator.h:11:
In file included from ../source/runtime/src/Heap/Allocator/AllocBufferManager.h:15:
In file included from ../source/runtime/src/Heap/Allocator/AllocBuffer.h:18:
In file included from ../source/runtime/src/Heap/Allocator/RegionList.h:11:
In file included from ../source/runtime/src/Heap/Allocator/RegionInfo.h:44:
../source/runtime/src/Heap/Verify/AllocPhaseDiag.h:57:1: warning: inline variables are a C++17 extension [-Wc++17-extensions]
inline Slot g_table[kCap] = {};
^
../source/runtime/src/Heap/Verify/AllocPhaseDiag.h:58:1: warning: inline variables are a C++17 extension [-Wc++17-extensions]
inline NearEntry g_near[kNearCap] = {};
^
In file included from ../source/runtime/src/UnwindStack/StackInfo.cpp:13:
In file included from ../source/runtime/src/Heap/Collector/TracingCollector.h:18:
In file included from ../source/runtime/src/Heap/Allocator/RegionSpace.h:19:
In file included from ../source/runtime/src/Heap/Allocator/Allocator.h:11:
In file included from ../source/runtime/src/Heap/Allocator/AllocBufferManager.h:15:
In file included from ../source/runtime/src/Heap/Allocator/AllocBuffer.h:18:
In file included from ../source/runtime/src/Heap/Allocator/RegionList.h:11:
In file included from ../source/runtime/src/Heap/Allocator/RegionInfo.h:50:
In file included from ../source/runtime/src/Heap/Allocator/ForwardingTable.h:15:
../source/runtime/src/Heap/Collector/ZForwarding.h:33:1: warning: class 'LiveInfo' was previously declared as a struct; this is valid, but may result in linker errors under the Microsoft C++ ABI [-Wmismatched-tags]
class LiveInfo;
^
../source/runtime/src/Heap/Collector/LiveInfo.h:185:8: note: previous use is here
struct LiveInfo {
       ^
../source/runtime/src/Heap/Collector/ZForwarding.h:33:1: note: did you mean struct here?
class LiveInfo;
^~~~~
struct
In file included from ../source/runtime/src/UnwindStack/StackInfo.cpp:13:
In file included from ../source/runtime/src/Heap/Collector/TracingCollector.h:18:
In file included from ../source/runtime/src/Heap/Allocator/RegionSpace.h:22:
../source/runtime/src/Heap/Allocator/RegionManager.h:948:12: warning: constexpr if is a C++17 extension [-Wc++17-extensions]
        if constexpr (G == Generation::Old) {
           ^
In file included from ../source/runtime/src/UnwindStack/StackInfo.cpp:13:
../source/runtime/src/Heap/Collector/TracingCollector.h:407:20: warning: unused variable 'objSize' [-Wunused-variable]
            size_t objSize = obj->GetSize();
                   ^
6 warnings generated.
[146/226] Building CXX object src/Heap/Collector/CMakeFiles/Collector.dir/MarkPartialArray.cpp.o
In file included from ../source/runtime/src/Heap/Collector/MarkPartialArray.cpp:15:
In file included from ../source/runtime/src/Heap/Heap.h:18:
In file included from ../source/runtime/src/Heap/Collector/Collector.h:23:
In file included from ../source/runtime/src/Heap/Collector/GcStats.h:18:
In file included from ../source/runtime/src/Base/Panic.h:15:
In file included from ../source/runtime/src/StackManager.h:15:
In file included from ../source/runtime/src/StackMap/StackMap.h:11:
In file included from ../source/runtime/src/StackMap/CompressedStackMap.h:15:
In file included from ../source/runtime/src/StackMap/DerivedPtr.h:11:
In file included from ../source/runtime/src/StackMap/StackMapTable.h:13:
In file included from ../source/runtime/src/Base/LogFile.h:14:
../source/runtime/src/Base/GcLog.h:263:45: warning: format string is not a string literal [-Wformat-nonliteral]
        int n = vsnprintf(buf, sizeof(buf), format, args);
                                            ^~~~~~
In file included from ../source/runtime/src/Heap/Collector/MarkPartialArray.cpp:16:
In file included from ../source/runtime/src/ObjectModel/MArray.inline.h:16:
In file included from ../source/runtime/src/HeapManager.inline.h:14:
In file included from ../source/runtime/src/Mutator/Mutator.h:16:
In file included from ../source/runtime/src/Heap/Allocator/Allocator.h:11:
In file included from ../source/runtime/src/Heap/Allocator/AllocBufferManager.h:15:
In file included from ../source/runtime/src/Heap/Allocator/AllocBuffer.h:18:
In file included from ../source/runtime/src/Heap/Allocator/RegionList.h:11:
In file included from ../source/runtime/src/Heap/Allocator/RegionInfo.h:44:
../source/runtime/src/Heap/Verify/AllocPhaseDiag.h:57:1: warning: inline variables are a C++17 extension [-Wc++17-extensions]
inline Slot g_table[kCap] = {};
^
../source/runtime/src/Heap/Verify/AllocPhaseDiag.h:58:1: warning: inline variables are a C++17 extension [-Wc++17-extensions]
inline NearEntry g_near[kNearCap] = {};
^
In file included from ../source/runtime/src/Heap/Collector/MarkPartialArray.cpp:16:
In file included from ../source/runtime/src/ObjectModel/MArray.inline.h:16:
In file included from ../source/runtime/src/HeapManager.inline.h:14:
In file included from ../source/runtime/src/Mutator/Mutator.h:16:
In file included from ../source/runtime/src/Heap/Allocator/Allocator.h:11:
In file included from ../source/runtime/src/Heap/Allocator/AllocBufferManager.h:15:
In file included from ../source/runtime/src/Heap/Allocator/AllocBuffer.h:18:
In file included from ../source/runtime/src/Heap/Allocator/RegionList.h:11:
In file included from ../source/runtime/src/Heap/Allocator/RegionInfo.h:50:
In file included from ../source/runtime/src/Heap/Allocator/ForwardingTable.h:15:
../source/runtime/src/Heap/Collector/ZForwarding.h:33:1: warning: class 'LiveInfo' was previously declared as a struct; this is valid, but may result in linker errors under the Microsoft C++ ABI [-Wmismatched-tags]
class LiveInfo;
^
../source/runtime/src/Heap/Collector/LiveInfo.h:185:8: note: previous use is here
struct LiveInfo {
       ^
../source/runtime/src/Heap/Collector/ZForwarding.h:33:1: note: did you mean struct here?
class LiveInfo;
^~~~~
struct
4 warnings generated.
[147/226] Building CXX object src/Heap/Allocator/CMakeFiles/Allocator.dir/Allocator.cpp.o
In file included from ../source/runtime/src/Heap/Allocator/Allocator.cpp:8:
In file included from ../source/runtime/src/Heap/Allocator/Allocator.h:11:
In file included from ../source/runtime/src/Heap/Allocator/AllocBufferManager.h:15:
In file included from ../source/runtime/src/Heap/Allocator/AllocBuffer.h:18:
In file included from ../source/runtime/src/Heap/Allocator/RegionList.h:11:
In file included from ../source/runtime/src/Heap/Allocator/RegionInfo.h:35:
In file included from ../source/runtime/src/Base/Panic.h:15:
In file included from ../source/runtime/src/StackManager.h:15:
In file included from ../source/runtime/src/StackMap/StackMap.h:11:
In file included from ../source/runtime/src/StackMap/CompressedStackMap.h:15:
In file included from ../source/runtime/src/StackMap/DerivedPtr.h:11:
In file included from ../source/runtime/src/StackMap/StackMapTable.h:13:
In file included from ../source/runtime/src/Base/LogFile.h:14:
../source/runtime/src/Base/GcLog.h:263:45: warning: format string is not a string literal [-Wformat-nonliteral]
        int n = vsnprintf(buf, sizeof(buf), format, args);
                                            ^~~~~~
In file included from ../source/runtime/src/Heap/Allocator/Allocator.cpp:8:
In file included from ../source/runtime/src/Heap/Allocator/Allocator.h:11:
In file included from ../source/runtime/src/Heap/Allocator/AllocBufferManager.h:15:
In file included from ../source/runtime/src/Heap/Allocator/AllocBuffer.h:18:
In file included from ../source/runtime/src/Heap/Allocator/RegionList.h:11:
In file included from ../source/runtime/src/Heap/Allocator/RegionInfo.h:44:
../source/runtime/src/Heap/Verify/AllocPhaseDiag.h:57:1: warning: inline variables are a C++17 extension [-Wc++17-extensions]
inline Slot g_table[kCap] = {};
^
../source/runtime/src/Heap/Verify/AllocPhaseDiag.h:58:1: warning: inline variables are a C++17 extension [-Wc++17-extensions]
inline NearEntry g_near[kNearCap] = {};
^
In file included from ../source/runtime/src/Heap/Allocator/Allocator.cpp:8:
In file included from ../source/runtime/src/Heap/Allocator/Allocator.h:11:
In file included from ../source/runtime/src/Heap/Allocator/AllocBufferManager.h:15:
In file included from ../source/runtime/src/Heap/Allocator/AllocBuffer.h:18:
In file included from ../source/runtime/src/Heap/Allocator/RegionList.h:11:
In file included from ../source/runtime/src/Heap/Allocator/RegionInfo.h:50:
In file included from ../source/runtime/src/Heap/Allocator/ForwardingTable.h:15:
../source/runtime/src/Heap/Collector/ZForwarding.h:33:1: warning: class 'LiveInfo' was previously declared as a struct; this is valid, but may result in linker errors under the Microsoft C++ ABI [-Wmismatched-tags]
class LiveInfo;
^
../source/runtime/src/Heap/Collector/LiveInfo.h:185:8: note: previous use is here
struct LiveInfo {
       ^
../source/runtime/src/Heap/Collector/ZForwarding.h:33:1: note: did you mean struct here?
class LiveInfo;
^~~~~
struct
In file included from ../source/runtime/src/Heap/Allocator/Allocator.cpp:15:
In file included from ../source/runtime/src/Heap/Allocator/RegionSpace.h:22:
../source/runtime/src/Heap/Allocator/RegionManager.h:948:12: warning: constexpr if is a C++17 extension [-Wc++17-extensions]
        if constexpr (G == Generation::Old) {
           ^
5 warnings generated.
[148/226] Building CXX object src/Heap/Collector/CMakeFiles/Collector.dir/ReferenceProcessor.cpp.o
In file included from ../source/runtime/src/Heap/Collector/ReferenceProcessor.cpp:9:
In file included from ../source/runtime/src/Base/Panic.h:15:
In file included from ../source/runtime/src/StackManager.h:15:
In file included from ../source/runtime/src/StackMap/StackMap.h:11:
In file included from ../source/runtime/src/StackMap/CompressedStackMap.h:15:
In file included from ../source/runtime/src/StackMap/DerivedPtr.h:11:
In file included from ../source/runtime/src/StackMap/StackMapTable.h:13:
In file included from ../source/runtime/src/Base/LogFile.h:14:
../source/runtime/src/Base/GcLog.h:263:45: warning: format string is not a string literal [-Wformat-nonliteral]
        int n = vsnprintf(buf, sizeof(buf), format, args);
                                            ^~~~~~
In file included from ../source/runtime/src/Heap/Collector/ReferenceProcessor.cpp:10:
In file included from ../source/runtime/src/Heap/Allocator/RegionInfo.h:44:
../source/runtime/src/Heap/Verify/AllocPhaseDiag.h:57:1: warning: inline variables are a C++17 extension [-Wc++17-extensions]
inline Slot g_table[kCap] = {};
^
../source/runtime/src/Heap/Verify/AllocPhaseDiag.h:58:1: warning: inline variables are a C++17 extension [-Wc++17-extensions]
inline NearEntry g_near[kNearCap] = {};
^
In file included from ../source/runtime/src/Heap/Collector/ReferenceProcessor.cpp:10:
In file included from ../source/runtime/src/Heap/Allocator/RegionInfo.h:50:
In file included from ../source/runtime/src/Heap/Allocator/ForwardingTable.h:15:
../source/runtime/src/Heap/Collector/ZForwarding.h:33:1: warning: class 'LiveInfo' was previously declared as a struct; this is valid, but may result in linker errors under the Microsoft C++ ABI [-Wmismatched-tags]
class LiveInfo;
^
../source/runtime/src/Heap/Collector/LiveInfo.h:185:8: note: previous use is here
struct LiveInfo {
       ^
../source/runtime/src/Heap/Collector/ZForwarding.h:33:1: note: did you mean struct here?
class LiveInfo;
^~~~~
struct
In file included from ../source/runtime/src/Heap/Collector/ReferenceProcessor.cpp:11:
In file included from ../source/runtime/src/Heap/Allocator/RegionSpace.h:22:
../source/runtime/src/Heap/Allocator/RegionManager.h:948:12: warning: constexpr if is a C++17 extension [-Wc++17-extensions]
        if constexpr (G == Generation::Old) {
           ^
5 warnings generated.
[149/226] Building CXX object src/Heap/Barrier/CMakeFiles/Barrier.dir/StoreBarrierBuffer.cpp.o
In file included from ../source/runtime/src/Heap/Barrier/StoreBarrierBuffer.cpp:9:
In file included from ../source/runtime/src/Heap/Allocator/AllocBuffer.h:18:
In file included from ../source/runtime/src/Heap/Allocator/RegionList.h:11:
In file included from ../source/runtime/src/Heap/Allocator/RegionInfo.h:35:
In file included from ../source/runtime/src/Base/Panic.h:15:
In file included from ../source/runtime/src/StackManager.h:15:
In file included from ../source/runtime/src/StackMap/StackMap.h:11:
In file included from ../source/runtime/src/StackMap/CompressedStackMap.h:15:
In file included from ../source/runtime/src/StackMap/DerivedPtr.h:11:
In file included from ../source/runtime/src/StackMap/StackMapTable.h:13:
In file included from ../source/runtime/src/Base/LogFile.h:14:
../source/runtime/src/Base/GcLog.h:263:45: warning: format string is not a string literal [-Wformat-nonliteral]
        int n = vsnprintf(buf, sizeof(buf), format, args);
                                            ^~~~~~
In file included from ../source/runtime/src/Heap/Barrier/StoreBarrierBuffer.cpp:9:
In file included from ../source/runtime/src/Heap/Allocator/AllocBuffer.h:18:
In file included from ../source/runtime/src/Heap/Allocator/RegionList.h:11:
In file included from ../source/runtime/src/Heap/Allocator/RegionInfo.h:44:
../source/runtime/src/Heap/Verify/AllocPhaseDiag.h:57:1: warning: inline variables are a C++17 extension [-Wc++17-extensions]
inline Slot g_table[kCap] = {};
^
../source/runtime/src/Heap/Verify/AllocPhaseDiag.h:58:1: warning: inline variables are a C++17 extension [-Wc++17-extensions]
inline NearEntry g_near[kNearCap] = {};
^
In file included from ../source/runtime/src/Heap/Barrier/StoreBarrierBuffer.cpp:9:
In file included from ../source/runtime/src/Heap/Allocator/AllocBuffer.h:18:
In file included from ../source/runtime/src/Heap/Allocator/RegionList.h:11:
In file included from ../source/runtime/src/Heap/Allocator/RegionInfo.h:50:
In file included from ../source/runtime/src/Heap/Allocator/ForwardingTable.h:15:
../source/runtime/src/Heap/Collector/ZForwarding.h:33:1: warning: class 'LiveInfo' was previously declared as a struct; this is valid, but may result in linker errors under the Microsoft C++ ABI [-Wmismatched-tags]
class LiveInfo;
^
../source/runtime/src/Heap/Collector/LiveInfo.h:185:8: note: previous use is here
struct LiveInfo {
       ^
../source/runtime/src/Heap/Collector/ZForwarding.h:33:1: note: did you mean struct here?
class LiveInfo;
^~~~~
struct
4 warnings generated.
[150/226] Building CXX object src/ObjectModel/CMakeFiles/ObjectModel.dir/FieldInfo.cpp.o
In file included from ../source/runtime/src/ObjectModel/FieldInfo.cpp:12:
In file included from ../source/runtime/src/Heap/Heap.h:18:
In file included from ../source/runtime/src/Heap/Collector/Collector.h:23:
In file included from ../source/runtime/src/Heap/Collector/GcStats.h:18:
In file included from ../source/runtime/src/Base/Panic.h:15:
In file included from ../source/runtime/src/StackManager.h:15:
In file included from ../source/runtime/src/StackMap/StackMap.h:11:
In file included from ../source/runtime/src/StackMap/CompressedStackMap.h:15:
In file included from ../source/runtime/src/StackMap/DerivedPtr.h:11:
In file included from ../source/runtime/src/StackMap/StackMapTable.h:13:
In file included from ../source/runtime/src/Base/LogFile.h:14:
../source/runtime/src/Base/GcLog.h:263:45: warning: format string is not a string literal [-Wformat-nonliteral]
        int n = vsnprintf(buf, sizeof(buf), format, args);
                                            ^~~~~~
In file included from ../source/runtime/src/ObjectModel/FieldInfo.cpp:13:
In file included from ../source/runtime/src/ExceptionManager.inline.h:14:
In file included from ../source/runtime/src/Mutator/Mutator.h:16:
In file included from ../source/runtime/src/Heap/Allocator/Allocator.h:11:
In file included from ../source/runtime/src/Heap/Allocator/AllocBufferManager.h:15:
In file included from ../source/runtime/src/Heap/Allocator/AllocBuffer.h:18:
In file included from ../source/runtime/src/Heap/Allocator/RegionList.h:11:
In file included from ../source/runtime/src/Heap/Allocator/RegionInfo.h:44:
../source/runtime/src/Heap/Verify/AllocPhaseDiag.h:57:1: warning: inline variables are a C++17 extension [-Wc++17-extensions]
inline Slot g_table[kCap] = {};
^
../source/runtime/src/Heap/Verify/AllocPhaseDiag.h:58:1: warning: inline variables are a C++17 extension [-Wc++17-extensions]
inline NearEntry g_near[kNearCap] = {};
^
In file included from ../source/runtime/src/ObjectModel/FieldInfo.cpp:13:
In file included from ../source/runtime/src/ExceptionManager.inline.h:14:
In file included from ../source/runtime/src/Mutator/Mutator.h:16:
In file included from ../source/runtime/src/Heap/Allocator/Allocator.h:11:
In file included from ../source/runtime/src/Heap/Allocator/AllocBufferManager.h:15:
In file included from ../source/runtime/src/Heap/Allocator/AllocBuffer.h:18:
In file included from ../source/runtime/src/Heap/Allocator/RegionList.h:11:
In file included from ../source/runtime/src/Heap/Allocator/RegionInfo.h:50:
In file included from ../source/runtime/src/Heap/Allocator/ForwardingTable.h:15:
../source/runtime/src/Heap/Collector/ZForwarding.h:33:1: warning: class 'LiveInfo' was previously declared as a struct; this is valid, but may result in linker errors under the Microsoft C++ ABI [-Wmismatched-tags]
class LiveInfo;
^
../source/runtime/src/Heap/Collector/LiveInfo.h:185:8: note: previous use is here
struct LiveInfo {
       ^
../source/runtime/src/Heap/Collector/ZForwarding.h:33:1: note: did you mean struct here?
class LiveInfo;
^~~~~
struct
4 warnings generated.
[151/226] Building CXX object src/UnwindStack/CMakeFiles/UnwindStack.dir/StackFrameCursor.cpp.o
In file included from ../source/runtime/src/UnwindStack/StackFrameCursor.cpp:9:
In file included from ../source/runtime/src/Heap/Collector/TracingCollector.h:14:
In file included from ../source/runtime/src/Heap/Collector/Collector.h:23:
In file included from ../source/runtime/src/Heap/Collector/GcStats.h:18:
In file included from ../source/runtime/src/Base/Panic.h:15:
In file included from ../source/runtime/src/StackManager.h:15:
In file included from ../source/runtime/src/StackMap/StackMap.h:11:
In file included from ../source/runtime/src/StackMap/CompressedStackMap.h:15:
In file included from ../source/runtime/src/StackMap/DerivedPtr.h:11:
In file included from ../source/runtime/src/StackMap/StackMapTable.h:13:
In file included from ../source/runtime/src/Base/LogFile.h:14:
../source/runtime/src/Base/GcLog.h:263:45: warning: format string is not a string literal [-Wformat-nonliteral]
        int n = vsnprintf(buf, sizeof(buf), format, args);
                                            ^~~~~~
In file included from ../source/runtime/src/UnwindStack/StackFrameCursor.cpp:9:
In file included from ../source/runtime/src/Heap/Collector/TracingCollector.h:18:
In file included from ../source/runtime/src/Heap/Allocator/RegionSpace.h:19:
In file included from ../source/runtime/src/Heap/Allocator/Allocator.h:11:
In file included from ../source/runtime/src/Heap/Allocator/AllocBufferManager.h:15:
In file included from ../source/runtime/src/Heap/Allocator/AllocBuffer.h:18:
In file included from ../source/runtime/src/Heap/Allocator/RegionList.h:11:
In file included from ../source/runtime/src/Heap/Allocator/RegionInfo.h:44:
../source/runtime/src/Heap/Verify/AllocPhaseDiag.h:57:1: warning: inline variables are a C++17 extension [-Wc++17-extensions]
inline Slot g_table[kCap] = {};
^
../source/runtime/src/Heap/Verify/AllocPhaseDiag.h:58:1: warning: inline variables are a C++17 extension [-Wc++17-extensions]
inline NearEntry g_near[kNearCap] = {};
^
In file included from ../source/runtime/src/UnwindStack/StackFrameCursor.cpp:9:
In file included from ../source/runtime/src/Heap/Collector/TracingCollector.h:18:
In file included from ../source/runtime/src/Heap/Allocator/RegionSpace.h:19:
In file included from ../source/runtime/src/Heap/Allocator/Allocator.h:11:
In file included from ../source/runtime/src/Heap/Allocator/AllocBufferManager.h:15:
In file included from ../source/runtime/src/Heap/Allocator/AllocBuffer.h:18:
In file included from ../source/runtime/src/Heap/Allocator/RegionList.h:11:
In file included from ../source/runtime/src/Heap/Allocator/RegionInfo.h:50:
In file included from ../source/runtime/src/Heap/Allocator/ForwardingTable.h:15:
../source/runtime/src/Heap/Collector/ZForwarding.h:33:1: warning: class 'LiveInfo' was previously declared as a struct; this is valid, but may result in linker errors under the Microsoft C++ ABI [-Wmismatched-tags]
class LiveInfo;
^
../source/runtime/src/Heap/Collector/LiveInfo.h:185:8: note: previous use is here
struct LiveInfo {
       ^
../source/runtime/src/Heap/Collector/ZForwarding.h:33:1: note: did you mean struct here?
class LiveInfo;
^~~~~
struct
In file included from ../source/runtime/src/UnwindStack/StackFrameCursor.cpp:9:
In file included from ../source/runtime/src/Heap/Collector/TracingCollector.h:18:
In file included from ../source/runtime/src/Heap/Allocator/RegionSpace.h:22:
../source/runtime/src/Heap/Allocator/RegionManager.h:948:12: warning: constexpr if is a C++17 extension [-Wc++17-extensions]
        if constexpr (G == Generation::Old) {
           ^
In file included from ../source/runtime/src/UnwindStack/StackFrameCursor.cpp:9:
../source/runtime/src/Heap/Collector/TracingCollector.h:407:20: warning: unused variable 'objSize' [-Wunused-variable]
            size_t objSize = obj->GetSize();
                   ^
6 warnings generated.
[152/226] Building CXX object src/Common/CMakeFiles/Common.dir/BaseObject.cpp.o
In file included from ../source/runtime/src/Common/BaseObject.cpp:10:
In file included from ../source/runtime/src/Heap/Allocator/RegionInfo.h:35:
In file included from ../source/runtime/src/Base/Panic.h:15:
In file included from ../source/runtime/src/StackManager.h:15:
In file included from ../source/runtime/src/StackMap/StackMap.h:11:
In file included from ../source/runtime/src/StackMap/CompressedStackMap.h:15:
In file included from ../source/runtime/src/StackMap/DerivedPtr.h:11:
In file included from ../source/runtime/src/StackMap/StackMapTable.h:13:
In file included from ../source/runtime/src/Base/LogFile.h:14:
../source/runtime/src/Base/GcLog.h:263:45: warning: format string is not a string literal [-Wformat-nonliteral]
        int n = vsnprintf(buf, sizeof(buf), format, args);
                                            ^~~~~~
In file included from ../source/runtime/src/Common/BaseObject.cpp:10:
In file included from ../source/runtime/src/Heap/Allocator/RegionInfo.h:44:
../source/runtime/src/Heap/Verify/AllocPhaseDiag.h:57:1: warning: inline variables are a C++17 extension [-Wc++17-extensions]
inline Slot g_table[kCap] = {};
^
../source/runtime/src/Heap/Verify/AllocPhaseDiag.h:58:1: warning: inline variables are a C++17 extension [-Wc++17-extensions]
inline NearEntry g_near[kNearCap] = {};
^
In file included from ../source/runtime/src/Common/BaseObject.cpp:10:
In file included from ../source/runtime/src/Heap/Allocator/RegionInfo.h:50:
In file included from ../source/runtime/src/Heap/Allocator/ForwardingTable.h:15:
../source/runtime/src/Heap/Collector/ZForwarding.h:33:1: warning: class 'LiveInfo' was previously declared as a struct; this is valid, but may result in linker errors under the Microsoft C++ ABI [-Wmismatched-tags]
class LiveInfo;
^
../source/runtime/src/Heap/Collector/LiveInfo.h:185:8: note: previous use is here
struct LiveInfo {
       ^
../source/runtime/src/Heap/Collector/ZForwarding.h:33:1: note: did you mean struct here?
class LiveInfo;
^~~~~
struct
4 warnings generated.
[153/226] Building CXX object src/Mutator/CMakeFiles/Mutator.dir/Handshake.cpp.o
In file included from ../source/runtime/src/Mutator/Handshake.cpp:7:
In file included from ../source/runtime/src/Mutator/Mutator.h:15:
In file included from ../source/runtime/src/Exception/Exception.h:17:
In file included from ../source/runtime/src/Common/NativeAllocator.h:15:
In file included from ../source/runtime/src/Common/PagePool.h:22:
In file included from ../source/runtime/src/Heap/Allocator/CartesianTree.h:14:
In file included from ../source/runtime/src/Base/LogFile.h:14:
../source/runtime/src/Base/GcLog.h:263:45: warning: format string is not a string literal [-Wformat-nonliteral]
        int n = vsnprintf(buf, sizeof(buf), format, args);
                                            ^~~~~~
In file included from ../source/runtime/src/Mutator/Handshake.cpp:7:
In file included from ../source/runtime/src/Mutator/Mutator.h:16:
In file included from ../source/runtime/src/Heap/Allocator/Allocator.h:11:
In file included from ../source/runtime/src/Heap/Allocator/AllocBufferManager.h:15:
In file included from ../source/runtime/src/Heap/Allocator/AllocBuffer.h:18:
In file included from ../source/runtime/src/Heap/Allocator/RegionList.h:11:
In file included from ../source/runtime/src/Heap/Allocator/RegionInfo.h:44:
../source/runtime/src/Heap/Verify/AllocPhaseDiag.h:57:1: warning: inline variables are a C++17 extension [-Wc++17-extensions]
inline Slot g_table[kCap] = {};
^
../source/runtime/src/Heap/Verify/AllocPhaseDiag.h:58:1: warning: inline variables are a C++17 extension [-Wc++17-extensions]
inline NearEntry g_near[kNearCap] = {};
^
In file included from ../source/runtime/src/Mutator/Handshake.cpp:7:
In file included from ../source/runtime/src/Mutator/Mutator.h:16:
In file included from ../source/runtime/src/Heap/Allocator/Allocator.h:11:
In file included from ../source/runtime/src/Heap/Allocator/AllocBufferManager.h:15:
In file included from ../source/runtime/src/Heap/Allocator/AllocBuffer.h:18:
In file included from ../source/runtime/src/Heap/Allocator/RegionList.h:11:
In file included from ../source/runtime/src/Heap/Allocator/RegionInfo.h:50:
In file included from ../source/runtime/src/Heap/Allocator/ForwardingTable.h:15:
../source/runtime/src/Heap/Collector/ZForwarding.h:33:1: warning: class 'LiveInfo' was previously declared as a struct; this is valid, but may result in linker errors under the Microsoft C++ ABI [-Wmismatched-tags]
class LiveInfo;
^
../source/runtime/src/Heap/Collector/LiveInfo.h:185:8: note: previous use is here
struct LiveInfo {
       ^
../source/runtime/src/Heap/Collector/ZForwarding.h:33:1: note: did you mean struct here?
class LiveInfo;
^~~~~
struct
4 warnings generated.
[154/226] Building CXX object src/Heap/Verify/CMakeFiles/Verify.dir/VerifyRememberedSet.cpp.o
In file included from ../source/runtime/src/Heap/Verify/VerifyRememberedSet.cpp:14:
In file included from ../source/runtime/src/Base/LogFile.h:14:
../source/runtime/src/Base/GcLog.h:263:45: warning: format string is not a string literal [-Wformat-nonliteral]
        int n = vsnprintf(buf, sizeof(buf), format, args);
                                            ^~~~~~
In file included from ../source/runtime/src/Heap/Verify/VerifyRememberedSet.cpp:17:
In file included from ../source/runtime/src/Heap/Allocator/RegionInfo.h:44:
../source/runtime/src/Heap/Verify/AllocPhaseDiag.h:57:1: warning: inline variables are a C++17 extension [-Wc++17-extensions]
inline Slot g_table[kCap] = {};
^
../source/runtime/src/Heap/Verify/AllocPhaseDiag.h:58:1: warning: inline variables are a C++17 extension [-Wc++17-extensions]
inline NearEntry g_near[kNearCap] = {};
^
In file included from ../source/runtime/src/Heap/Verify/VerifyRememberedSet.cpp:17:
In file included from ../source/runtime/src/Heap/Allocator/RegionInfo.h:50:
In file included from ../source/runtime/src/Heap/Allocator/ForwardingTable.h:15:
../source/runtime/src/Heap/Collector/ZForwarding.h:33:1: warning: class 'LiveInfo' was previously declared as a struct; this is valid, but may result in linker errors under the Microsoft C++ ABI [-Wmismatched-tags]
class LiveInfo;
^
../source/runtime/src/Heap/Collector/LiveInfo.h:185:8: note: previous use is here
struct LiveInfo {
       ^
../source/runtime/src/Heap/Collector/ZForwarding.h:33:1: note: did you mean struct here?
class LiveInfo;
^~~~~
struct
In file included from ../source/runtime/src/Heap/Verify/VerifyRememberedSet.cpp:18:
In file included from ../source/runtime/src/Heap/Allocator/RegionSpace.h:22:
../source/runtime/src/Heap/Allocator/RegionManager.h:948:12: warning: constexpr if is a C++17 extension [-Wc++17-extensions]
        if constexpr (G == Generation::Old) {
           ^
5 warnings generated.
[155/226] Building CXX object src/ObjectModel/CMakeFiles/ObjectModel.dir/MArray.cpp.o
In file included from ../source/runtime/src/ObjectModel/MArray.cpp:8:
In file included from ../source/runtime/src/ObjectModel/MArray.inline.h:11:
In file included from ../source/runtime/src/Inspector/CjAllocData.h:10:
In file included from ../source/runtime/src/UnwindStack/GcStackInfo.h:11:
In file included from ../source/runtime/src/Base/LogFile.h:14:
../source/runtime/src/Base/GcLog.h:263:45: warning: format string is not a string literal [-Wformat-nonliteral]
        int n = vsnprintf(buf, sizeof(buf), format, args);
                                            ^~~~~~
In file included from ../source/runtime/src/ObjectModel/MArray.cpp:8:
In file included from ../source/runtime/src/ObjectModel/MArray.inline.h:16:
In file included from ../source/runtime/src/HeapManager.inline.h:14:
In file included from ../source/runtime/src/Mutator/Mutator.h:16:
In file included from ../source/runtime/src/Heap/Allocator/Allocator.h:11:
In file included from ../source/runtime/src/Heap/Allocator/AllocBufferManager.h:15:
In file included from ../source/runtime/src/Heap/Allocator/AllocBuffer.h:18:
In file included from ../source/runtime/src/Heap/Allocator/RegionList.h:11:
In file included from ../source/runtime/src/Heap/Allocator/RegionInfo.h:44:
../source/runtime/src/Heap/Verify/AllocPhaseDiag.h:57:1: warning: inline variables are a C++17 extension [-Wc++17-extensions]
inline Slot g_table[kCap] = {};
^
../source/runtime/src/Heap/Verify/AllocPhaseDiag.h:58:1: warning: inline variables are a C++17 extension [-Wc++17-extensions]
inline NearEntry g_near[kNearCap] = {};
^
In file included from ../source/runtime/src/ObjectModel/MArray.cpp:8:
In file included from ../source/runtime/src/ObjectModel/MArray.inline.h:16:
In file included from ../source/runtime/src/HeapManager.inline.h:14:
In file included from ../source/runtime/src/Mutator/Mutator.h:16:
In file included from ../source/runtime/src/Heap/Allocator/Allocator.h:11:
In file included from ../source/runtime/src/Heap/Allocator/AllocBufferManager.h:15:
In file included from ../source/runtime/src/Heap/Allocator/AllocBuffer.h:18:
In file included from ../source/runtime/src/Heap/Allocator/RegionList.h:11:
In file included from ../source/runtime/src/Heap/Allocator/RegionInfo.h:50:
In file included from ../source/runtime/src/Heap/Allocator/ForwardingTable.h:15:
../source/runtime/src/Heap/Collector/ZForwarding.h:33:1: warning: class 'LiveInfo' was previously declared as a struct; this is valid, but may result in linker errors under the Microsoft C++ ABI [-Wmismatched-tags]
class LiveInfo;
^
../source/runtime/src/Heap/Collector/LiveInfo.h:185:8: note: previous use is here
struct LiveInfo {
       ^
../source/runtime/src/Heap/Collector/ZForwarding.h:33:1: note: did you mean struct here?
class LiveInfo;
^~~~~
struct
4 warnings generated.
[156/226] Building CXX object src/Heap/CMakeFiles/Heap.dir/GcThreadPool.cpp.o
In file included from ../source/runtime/src/Heap/GcThreadPool.cpp:8:
In file included from ../source/runtime/src/Heap/GcThreadPool.h:18:
In file included from ../source/runtime/src/Base/LogFile.h:14:
../source/runtime/src/Base/GcLog.h:263:45: warning: format string is not a string literal [-Wformat-nonliteral]
        int n = vsnprintf(buf, sizeof(buf), format, args);
                                            ^~~~~~
In file included from ../source/runtime/src/Heap/GcThreadPool.cpp:19:
In file included from ../source/runtime/src/Mutator/MutatorManager.h:26:
In file included from ../source/runtime/src/Mutator/Mutator.h:16:
In file included from ../source/runtime/src/Heap/Allocator/Allocator.h:11:
In file included from ../source/runtime/src/Heap/Allocator/AllocBufferManager.h:15:
In file included from ../source/runtime/src/Heap/Allocator/AllocBuffer.h:18:
In file included from ../source/runtime/src/Heap/Allocator/RegionList.h:11:
In file included from ../source/runtime/src/Heap/Allocator/RegionInfo.h:44:
../source/runtime/src/Heap/Verify/AllocPhaseDiag.h:57:1: warning: inline variables are a C++17 extension [-Wc++17-extensions]
inline Slot g_table[kCap] = {};
^
../source/runtime/src/Heap/Verify/AllocPhaseDiag.h:58:1: warning: inline variables are a C++17 extension [-Wc++17-extensions]
inline NearEntry g_near[kNearCap] = {};
^
In file included from ../source/runtime/src/Heap/GcThreadPool.cpp:19:
In file included from ../source/runtime/src/Mutator/MutatorManager.h:26:
In file included from ../source/runtime/src/Mutator/Mutator.h:16:
In file included from ../source/runtime/src/Heap/Allocator/Allocator.h:11:
In file included from ../source/runtime/src/Heap/Allocator/AllocBufferManager.h:15:
In file included from ../source/runtime/src/Heap/Allocator/AllocBuffer.h:18:
In file included from ../source/runtime/src/Heap/Allocator/RegionList.h:11:
In file included from ../source/runtime/src/Heap/Allocator/RegionInfo.h:50:
In file included from ../source/runtime/src/Heap/Allocator/ForwardingTable.h:15:
../source/runtime/src/Heap/Collector/ZForwarding.h:33:1: warning: class 'LiveInfo' was previously declared as a struct; this is valid, but may result in linker errors under the Microsoft C++ ABI [-Wmismatched-tags]
class LiveInfo;
^
../source/runtime/src/Heap/Collector/LiveInfo.h:185:8: note: previous use is here
struct LiveInfo {
       ^
../source/runtime/src/Heap/Collector/ZForwarding.h:33:1: note: did you mean struct here?
class LiveInfo;
^~~~~
struct
4 warnings generated.
[157/226] Building CXX object src/ObjectModel/CMakeFiles/ObjectModel.dir/MethodInfo.cpp.o
In file included from ../source/runtime/src/ObjectModel/MethodInfo.cpp:9:
In file included from ../source/runtime/src/Heap/Heap.h:18:
In file included from ../source/runtime/src/Heap/Collector/Collector.h:23:
In file included from ../source/runtime/src/Heap/Collector/GcStats.h:18:
In file included from ../source/runtime/src/Base/Panic.h:15:
In file included from ../source/runtime/src/StackManager.h:15:
In file included from ../source/runtime/src/StackMap/StackMap.h:11:
In file included from ../source/runtime/src/StackMap/CompressedStackMap.h:15:
In file included from ../source/runtime/src/StackMap/DerivedPtr.h:11:
In file included from ../source/runtime/src/StackMap/StackMapTable.h:13:
In file included from ../source/runtime/src/Base/LogFile.h:14:
../source/runtime/src/Base/GcLog.h:263:45: warning: format string is not a string literal [-Wformat-nonliteral]
        int n = vsnprintf(buf, sizeof(buf), format, args);
                                            ^~~~~~
In file included from ../source/runtime/src/ObjectModel/MethodInfo.cpp:10:
In file included from ../source/runtime/src/ObjectManager.inline.h:18:
In file included from ../source/runtime/src/ObjectModel/MArray.inline.h:16:
In file included from ../source/runtime/src/HeapManager.inline.h:14:
In file included from ../source/runtime/src/Mutator/Mutator.h:16:
In file included from ../source/runtime/src/Heap/Allocator/Allocator.h:11:
In file included from ../source/runtime/src/Heap/Allocator/AllocBufferManager.h:15:
In file included from ../source/runtime/src/Heap/Allocator/AllocBuffer.h:18:
In file included from ../source/runtime/src/Heap/Allocator/RegionList.h:11:
In file included from ../source/runtime/src/Heap/Allocator/RegionInfo.h:44:
../source/runtime/src/Heap/Verify/AllocPhaseDiag.h:57:1: warning: inline variables are a C++17 extension [-Wc++17-extensions]
inline Slot g_table[kCap] = {};
^
../source/runtime/src/Heap/Verify/AllocPhaseDiag.h:58:1: warning: inline variables are a C++17 extension [-Wc++17-extensions]
inline NearEntry g_near[kNearCap] = {};
^
In file included from ../source/runtime/src/ObjectModel/MethodInfo.cpp:10:
In file included from ../source/runtime/src/ObjectManager.inline.h:18:
In file included from ../source/runtime/src/ObjectModel/MArray.inline.h:16:
In file included from ../source/runtime/src/HeapManager.inline.h:14:
In file included from ../source/runtime/src/Mutator/Mutator.h:16:
In file included from ../source/runtime/src/Heap/Allocator/Allocator.h:11:
In file included from ../source/runtime/src/Heap/Allocator/AllocBufferManager.h:15:
In file included from ../source/runtime/src/Heap/Allocator/AllocBuffer.h:18:
In file included from ../source/runtime/src/Heap/Allocator/RegionList.h:11:
In file included from ../source/runtime/src/Heap/Allocator/RegionInfo.h:50:
In file included from ../source/runtime/src/Heap/Allocator/ForwardingTable.h:15:
../source/runtime/src/Heap/Collector/ZForwarding.h:33:1: warning: class 'LiveInfo' was previously declared as a struct; this is valid, but may result in linker errors under the Microsoft C++ ABI [-Wmismatched-tags]
class LiveInfo;
^
../source/runtime/src/Heap/Collector/LiveInfo.h:185:8: note: previous use is here
struct LiveInfo {
       ^
../source/runtime/src/Heap/Collector/ZForwarding.h:33:1: note: did you mean struct here?
class LiveInfo;
^~~~~
struct
4 warnings generated.
[158/226] Building CXX object src/UnwindStack/CMakeFiles/UnwindStack.dir/GcStackInfo.cpp.o
In file included from ../source/runtime/src/UnwindStack/GcStackInfo.cpp:7:
In file included from ../source/runtime/src/UnwindStack/GcStackInfo.h:11:
In file included from ../source/runtime/src/Base/LogFile.h:14:
../source/runtime/src/Base/GcLog.h:263:45: warning: format string is not a string literal [-Wformat-nonliteral]
        int n = vsnprintf(buf, sizeof(buf), format, args);
                                            ^~~~~~
In file included from ../source/runtime/src/UnwindStack/GcStackInfo.cpp:12:
In file included from ../source/runtime/src/Heap/Collector/TracingCollector.h:18:
In file included from ../source/runtime/src/Heap/Allocator/RegionSpace.h:19:
In file included from ../source/runtime/src/Heap/Allocator/Allocator.h:11:
In file included from ../source/runtime/src/Heap/Allocator/AllocBufferManager.h:15:
In file included from ../source/runtime/src/Heap/Allocator/AllocBuffer.h:18:
In file included from ../source/runtime/src/Heap/Allocator/RegionList.h:11:
In file included from ../source/runtime/src/Heap/Allocator/RegionInfo.h:44:
../source/runtime/src/Heap/Verify/AllocPhaseDiag.h:57:1: warning: inline variables are a C++17 extension [-Wc++17-extensions]
inline Slot g_table[kCap] = {};
^
../source/runtime/src/Heap/Verify/AllocPhaseDiag.h:58:1: warning: inline variables are a C++17 extension [-Wc++17-extensions]
inline NearEntry g_near[kNearCap] = {};
^
In file included from ../source/runtime/src/UnwindStack/GcStackInfo.cpp:12:
In file included from ../source/runtime/src/Heap/Collector/TracingCollector.h:18:
In file included from ../source/runtime/src/Heap/Allocator/RegionSpace.h:19:
In file included from ../source/runtime/src/Heap/Allocator/Allocator.h:11:
In file included from ../source/runtime/src/Heap/Allocator/AllocBufferManager.h:15:
In file included from ../source/runtime/src/Heap/Allocator/AllocBuffer.h:18:
In file included from ../source/runtime/src/Heap/Allocator/RegionList.h:11:
In file included from ../source/runtime/src/Heap/Allocator/RegionInfo.h:50:
In file included from ../source/runtime/src/Heap/Allocator/ForwardingTable.h:15:
../source/runtime/src/Heap/Collector/ZForwarding.h:33:1: warning: class 'LiveInfo' was previously declared as a struct; this is valid, but may result in linker errors under the Microsoft C++ ABI [-Wmismatched-tags]
class LiveInfo;
^
../source/runtime/src/Heap/Collector/LiveInfo.h:185:8: note: previous use is here
struct LiveInfo {
       ^
../source/runtime/src/Heap/Collector/ZForwarding.h:33:1: note: did you mean struct here?
class LiveInfo;
^~~~~
struct
In file included from ../source/runtime/src/UnwindStack/GcStackInfo.cpp:12:
In file included from ../source/runtime/src/Heap/Collector/TracingCollector.h:18:
In file included from ../source/runtime/src/Heap/Allocator/RegionSpace.h:22:
../source/runtime/src/Heap/Allocator/RegionManager.h:948:12: warning: constexpr if is a C++17 extension [-Wc++17-extensions]
        if constexpr (G == Generation::Old) {
           ^
In file included from ../source/runtime/src/UnwindStack/GcStackInfo.cpp:12:
../source/runtime/src/Heap/Collector/TracingCollector.h:407:20: warning: unused variable 'objSize' [-Wunused-variable]
            size_t objSize = obj->GetSize();
                   ^
6 warnings generated.
[159/226] Building CXX object src/Heap/Verify/CMakeFiles/Verify.dir/VerifyRegions.cpp.o
In file included from ../source/runtime/src/Heap/Verify/VerifyRegions.cpp:15:
In file included from ../source/runtime/src/Heap/Verify/VerifyRegions.h:16:
In file included from ../source/runtime/src/Heap/Allocator/RegionInfo.h:35:
In file included from ../source/runtime/src/Base/Panic.h:15:
In file included from ../source/runtime/src/StackManager.h:15:
In file included from ../source/runtime/src/StackMap/StackMap.h:11:
In file included from ../source/runtime/src/StackMap/CompressedStackMap.h:15:
In file included from ../source/runtime/src/StackMap/DerivedPtr.h:11:
In file included from ../source/runtime/src/StackMap/StackMapTable.h:13:
In file included from ../source/runtime/src/Base/LogFile.h:14:
../source/runtime/src/Base/GcLog.h:263:45: warning: format string is not a string literal [-Wformat-nonliteral]
        int n = vsnprintf(buf, sizeof(buf), format, args);
                                            ^~~~~~
In file included from ../source/runtime/src/Heap/Verify/VerifyRegions.cpp:15:
In file included from ../source/runtime/src/Heap/Verify/VerifyRegions.h:16:
In file included from ../source/runtime/src/Heap/Allocator/RegionInfo.h:44:
../source/runtime/src/Heap/Verify/AllocPhaseDiag.h:57:1: warning: inline variables are a C++17 extension [-Wc++17-extensions]
inline Slot g_table[kCap] = {};
^
../source/runtime/src/Heap/Verify/AllocPhaseDiag.h:58:1: warning: inline variables are a C++17 extension [-Wc++17-extensions]
inline NearEntry g_near[kNearCap] = {};
^
In file included from ../source/runtime/src/Heap/Verify/VerifyRegions.cpp:15:
In file included from ../source/runtime/src/Heap/Verify/VerifyRegions.h:16:
In file included from ../source/runtime/src/Heap/Allocator/RegionInfo.h:50:
In file included from ../source/runtime/src/Heap/Allocator/ForwardingTable.h:15:
../source/runtime/src/Heap/Collector/ZForwarding.h:33:1: warning: class 'LiveInfo' was previously declared as a struct; this is valid, but may result in linker errors under the Microsoft C++ ABI [-Wmismatched-tags]
class LiveInfo;
^
../source/runtime/src/Heap/Collector/LiveInfo.h:185:8: note: previous use is here
struct LiveInfo {
       ^
../source/runtime/src/Heap/Collector/ZForwarding.h:33:1: note: did you mean struct here?
class LiveInfo;
^~~~~
struct
In file included from ../source/runtime/src/Heap/Verify/VerifyRegions.cpp:23:
../source/runtime/src/Heap/Allocator/RegionManager.h:948:12: warning: constexpr if is a C++17 extension [-Wc++17-extensions]
        if constexpr (G == Generation::Old) {
           ^
5 warnings generated.
[160/226] Building CXX object src/Heap/CMakeFiles/Heap.dir/Heap.cpp.o
In file included from ../source/runtime/src/Heap/Heap.cpp:7:
In file included from ../source/runtime/src/Heap/Heap.h:18:
In file included from ../source/runtime/src/Heap/Collector/Collector.h:23:
In file included from ../source/runtime/src/Heap/Collector/GcStats.h:18:
In file included from ../source/runtime/src/Base/Panic.h:15:
In file included from ../source/runtime/src/StackManager.h:15:
In file included from ../source/runtime/src/StackMap/StackMap.h:11:
In file included from ../source/runtime/src/StackMap/CompressedStackMap.h:15:
In file included from ../source/runtime/src/StackMap/DerivedPtr.h:11:
In file included from ../source/runtime/src/StackMap/StackMapTable.h:13:
In file included from ../source/runtime/src/Base/LogFile.h:14:
../source/runtime/src/Base/GcLog.h:263:45: warning: format string is not a string literal [-Wformat-nonliteral]
        int n = vsnprintf(buf, sizeof(buf), format, args);
                                            ^~~~~~
In file included from ../source/runtime/src/Heap/Heap.cpp:10:
In file included from ../source/runtime/src/Heap/Collector/CollectorProxy.h:14:
In file included from ../source/runtime/src/Heap/WCollector/WCollector.h:26:
In file included from ../source/runtime/src/Heap/Allocator/RegionSpace.h:19:
In file included from ../source/runtime/src/Heap/Allocator/Allocator.h:11:
In file included from ../source/runtime/src/Heap/Allocator/AllocBufferManager.h:15:
In file included from ../source/runtime/src/Heap/Allocator/AllocBuffer.h:18:
In file included from ../source/runtime/src/Heap/Allocator/RegionList.h:11:
In file included from ../source/runtime/src/Heap/Allocator/RegionInfo.h:44:
../source/runtime/src/Heap/Verify/AllocPhaseDiag.h:57:1: warning: inline variables are a C++17 extension [-Wc++17-extensions]
inline Slot g_table[kCap] = {};
^
../source/runtime/src/Heap/Verify/AllocPhaseDiag.h:58:1: warning: inline variables are a C++17 extension [-Wc++17-extensions]
inline NearEntry g_near[kNearCap] = {};
^
In file included from ../source/runtime/src/Heap/Heap.cpp:10:
In file included from ../source/runtime/src/Heap/Collector/CollectorProxy.h:14:
In file included from ../source/runtime/src/Heap/WCollector/WCollector.h:26:
In file included from ../source/runtime/src/Heap/Allocator/RegionSpace.h:19:
In file included from ../source/runtime/src/Heap/Allocator/Allocator.h:11:
In file included from ../source/runtime/src/Heap/Allocator/AllocBufferManager.h:15:
In file included from ../source/runtime/src/Heap/Allocator/AllocBuffer.h:18:
In file included from ../source/runtime/src/Heap/Allocator/RegionList.h:11:
In file included from ../source/runtime/src/Heap/Allocator/RegionInfo.h:50:
In file included from ../source/runtime/src/Heap/Allocator/ForwardingTable.h:15:
../source/runtime/src/Heap/Collector/ZForwarding.h:33:1: warning: class 'LiveInfo' was previously declared as a struct; this is valid, but may result in linker errors under the Microsoft C++ ABI [-Wmismatched-tags]
class LiveInfo;
^
../source/runtime/src/Heap/Collector/LiveInfo.h:185:8: note: previous use is here
struct LiveInfo {
       ^
../source/runtime/src/Heap/Collector/ZForwarding.h:33:1: note: did you mean struct here?
class LiveInfo;
^~~~~
struct
In file included from ../source/runtime/src/Heap/Heap.cpp:10:
In file included from ../source/runtime/src/Heap/Collector/CollectorProxy.h:14:
In file included from ../source/runtime/src/Heap/WCollector/WCollector.h:26:
In file included from ../source/runtime/src/Heap/Allocator/RegionSpace.h:22:
../source/runtime/src/Heap/Allocator/RegionManager.h:948:12: warning: constexpr if is a C++17 extension [-Wc++17-extensions]
        if constexpr (G == Generation::Old) {
           ^
In file included from ../source/runtime/src/Heap/Heap.cpp:10:
In file included from ../source/runtime/src/Heap/Collector/CollectorProxy.h:14:
In file included from ../source/runtime/src/Heap/WCollector/WCollector.h:28:
In file included from ../source/runtime/src/Heap/Collector/CopyCollector.h:13:
../source/runtime/src/Heap/Collector/TracingCollector.h:407:20: warning: unused variable 'objSize' [-Wunused-variable]
            size_t objSize = obj->GetSize();
                   ^
In file included from ../source/runtime/src/Heap/Heap.cpp:10:
In file included from ../source/runtime/src/Heap/Collector/CollectorProxy.h:14:
../source/runtime/src/Heap/WCollector/WCollector.h:618:12: warning: constexpr if is a C++17 extension [-Wc++17-extensions]
        if constexpr (ForwardingTable::kEntriesSoleWhenArmed) {
           ^
../source/runtime/src/Heap/WCollector/WCollector.h:727:12: warning: constexpr if is a C++17 extension [-Wc++17-extensions]
        if constexpr (ForwardingTable::kConsumeEntries) {
           ^
../source/runtime/src/Heap/WCollector/WCollector.h:733:16: warning: constexpr if is a C++17 extension [-Wc++17-extensions]
            if constexpr (ForwardingTable::kEntriesSoleWhenArmed) {
               ^
../source/runtime/src/Heap/WCollector/WCollector.h:778:12: warning: constexpr if is a C++17 extension [-Wc++17-extensions]
        if constexpr (ForwardingTable::kConsumeEntries) {
           ^
10 warnings generated.
[161/226] Building CXX object src/Heap/Verify/CMakeFiles/Verify.dir/MarkCompleteVerify.cpp.o
In file included from ../source/runtime/src/Heap/Verify/MarkCompleteVerify.cpp:16:
In file included from ../source/runtime/src/Base/LogFile.h:14:
../source/runtime/src/Base/GcLog.h:263:45: warning: format string is not a string literal [-Wformat-nonliteral]
        int n = vsnprintf(buf, sizeof(buf), format, args);
                                            ^~~~~~
In file included from ../source/runtime/src/Heap/Verify/MarkCompleteVerify.cpp:19:
In file included from ../source/runtime/src/Heap/Allocator/RegionInfo.h:44:
../source/runtime/src/Heap/Verify/AllocPhaseDiag.h:57:1: warning: inline variables are a C++17 extension [-Wc++17-extensions]
inline Slot g_table[kCap] = {};
^
../source/runtime/src/Heap/Verify/AllocPhaseDiag.h:58:1: warning: inline variables are a C++17 extension [-Wc++17-extensions]
inline NearEntry g_near[kNearCap] = {};
^
In file included from ../source/runtime/src/Heap/Verify/MarkCompleteVerify.cpp:19:
In file included from ../source/runtime/src/Heap/Allocator/RegionInfo.h:50:
In file included from ../source/runtime/src/Heap/Allocator/ForwardingTable.h:15:
../source/runtime/src/Heap/Collector/ZForwarding.h:33:1: warning: class 'LiveInfo' was previously declared as a struct; this is valid, but may result in linker errors under the Microsoft C++ ABI [-Wmismatched-tags]
class LiveInfo;
^
../source/runtime/src/Heap/Collector/LiveInfo.h:185:8: note: previous use is here
struct LiveInfo {
       ^
../source/runtime/src/Heap/Collector/ZForwarding.h:33:1: note: did you mean struct here?
class LiveInfo;
^~~~~
struct
In file included from ../source/runtime/src/Heap/Verify/MarkCompleteVerify.cpp:20:
In file included from ../source/runtime/src/Heap/Allocator/RegionSpace.h:22:
../source/runtime/src/Heap/Allocator/RegionManager.h:948:12: warning: constexpr if is a C++17 extension [-Wc++17-extensions]
        if constexpr (G == Generation::Old) {
           ^
5 warnings generated.
[162/226] Building CXX object src/Heap/WCollector/CMakeFiles/WCollector.dir/WCollector.cpp.o
In file included from ../source/runtime/src/Heap/WCollector/WCollector.cpp:8:
In file included from ../source/runtime/src/Heap/WCollector/WCollector.h:26:
In file included from ../source/runtime/src/Heap/Allocator/RegionSpace.h:19:
In file included from ../source/runtime/src/Heap/Allocator/Allocator.h:11:
In file included from ../source/runtime/src/Heap/Allocator/AllocBufferManager.h:15:
In file included from ../source/runtime/src/Heap/Allocator/AllocBuffer.h:18:
In file included from ../source/runtime/src/Heap/Allocator/RegionList.h:11:
In file included from ../source/runtime/src/Heap/Allocator/RegionInfo.h:35:
In file included from ../source/runtime/src/Base/Panic.h:15:
In file included from ../source/runtime/src/StackManager.h:15:
In file included from ../source/runtime/src/StackMap/StackMap.h:11:
In file included from ../source/runtime/src/StackMap/CompressedStackMap.h:15:
In file included from ../source/runtime/src/StackMap/DerivedPtr.h:11:
In file included from ../source/runtime/src/StackMap/StackMapTable.h:13:
In file included from ../source/runtime/src/Base/LogFile.h:14:
../source/runtime/src/Base/GcLog.h:263:45: warning: format string is not a string literal [-Wformat-nonliteral]
        int n = vsnprintf(buf, sizeof(buf), format, args);
                                            ^~~~~~
In file included from ../source/runtime/src/Heap/WCollector/WCollector.cpp:8:
In file included from ../source/runtime/src/Heap/WCollector/WCollector.h:26:
In file included from ../source/runtime/src/Heap/Allocator/RegionSpace.h:19:
In file included from ../source/runtime/src/Heap/Allocator/Allocator.h:11:
In file included from ../source/runtime/src/Heap/Allocator/AllocBufferManager.h:15:
In file included from ../source/runtime/src/Heap/Allocator/AllocBuffer.h:18:
In file included from ../source/runtime/src/Heap/Allocator/RegionList.h:11:
In file included from ../source/runtime/src/Heap/Allocator/RegionInfo.h:44:
../source/runtime/src/Heap/Verify/AllocPhaseDiag.h:57:1: warning: inline variables are a C++17 extension [-Wc++17-extensions]
inline Slot g_table[kCap] = {};
^
../source/runtime/src/Heap/Verify/AllocPhaseDiag.h:58:1: warning: inline variables are a C++17 extension [-Wc++17-extensions]
inline NearEntry g_near[kNearCap] = {};
^
In file included from ../source/runtime/src/Heap/WCollector/WCollector.cpp:8:
In file included from ../source/runtime/src/Heap/WCollector/WCollector.h:26:
In file included from ../source/runtime/src/Heap/Allocator/RegionSpace.h:19:
In file included from ../source/runtime/src/Heap/Allocator/Allocator.h:11:
In file included from ../source/runtime/src/Heap/Allocator/AllocBufferManager.h:15:
In file included from ../source/runtime/src/Heap/Allocator/AllocBuffer.h:18:
In file included from ../source/runtime/src/Heap/Allocator/RegionList.h:11:
In file included from ../source/runtime/src/Heap/Allocator/RegionInfo.h:50:
In file included from ../source/runtime/src/Heap/Allocator/ForwardingTable.h:15:
../source/runtime/src/Heap/Collector/ZForwarding.h:33:1: warning: class 'LiveInfo' was previously declared as a struct; this is valid, but may result in linker errors under the Microsoft C++ ABI [-Wmismatched-tags]
class LiveInfo;
^
../source/runtime/src/Heap/Collector/LiveInfo.h:185:8: note: previous use is here
struct LiveInfo {
       ^
../source/runtime/src/Heap/Collector/ZForwarding.h:33:1: note: did you mean struct here?
class LiveInfo;
^~~~~
struct
In file included from ../source/runtime/src/Heap/WCollector/WCollector.cpp:8:
In file included from ../source/runtime/src/Heap/WCollector/WCollector.h:26:
In file included from ../source/runtime/src/Heap/Allocator/RegionSpace.h:22:
../source/runtime/src/Heap/Allocator/RegionManager.h:948:12: warning: constexpr if is a C++17 extension [-Wc++17-extensions]
        if constexpr (G == Generation::Old) {
           ^
In file included from ../source/runtime/src/Heap/WCollector/WCollector.cpp:8:
In file included from ../source/runtime/src/Heap/WCollector/WCollector.h:28:
In file included from ../source/runtime/src/Heap/Collector/CopyCollector.h:13:
../source/runtime/src/Heap/Collector/TracingCollector.h:407:20: warning: unused variable 'objSize' [-Wunused-variable]
            size_t objSize = obj->GetSize();
                   ^
In file included from ../source/runtime/src/Heap/WCollector/WCollector.cpp:8:
../source/runtime/src/Heap/WCollector/WCollector.h:618:12: warning: constexpr if is a C++17 extension [-Wc++17-extensions]
        if constexpr (ForwardingTable::kEntriesSoleWhenArmed) {
           ^
../source/runtime/src/Heap/WCollector/WCollector.h:727:12: warning: constexpr if is a C++17 extension [-Wc++17-extensions]
        if constexpr (ForwardingTable::kConsumeEntries) {
           ^
../source/runtime/src/Heap/WCollector/WCollector.h:733:16: warning: constexpr if is a C++17 extension [-Wc++17-extensions]
            if constexpr (ForwardingTable::kEntriesSoleWhenArmed) {
               ^
../source/runtime/src/Heap/WCollector/WCollector.h:778:12: warning: constexpr if is a C++17 extension [-Wc++17-extensions]
        if constexpr (ForwardingTable::kConsumeEntries) {
           ^
10 warnings generated.
[163/226] Building CXX object src/Heap/Allocator/CMakeFiles/Allocator.dir/ForwardingTable.cpp.o
In file included from ../source/runtime/src/Heap/Allocator/ForwardingTable.cpp:7:
In file included from ../source/runtime/src/Heap/Allocator/ForwardingTable.h:15:
In file included from ../source/runtime/src/Heap/Collector/ZForwarding.h:26:
In file included from ../source/runtime/src/Heap/Heap.h:18:
In file included from ../source/runtime/src/Heap/Collector/Collector.h:23:
In file included from ../source/runtime/src/Heap/Collector/GcStats.h:18:
In file included from ../source/runtime/src/Base/Panic.h:15:
In file included from ../source/runtime/src/StackManager.h:15:
In file included from ../source/runtime/src/StackMap/StackMap.h:11:
In file included from ../source/runtime/src/StackMap/CompressedStackMap.h:15:
In file included from ../source/runtime/src/StackMap/DerivedPtr.h:11:
In file included from ../source/runtime/src/StackMap/StackMapTable.h:13:
In file included from ../source/runtime/src/Base/LogFile.h:14:
../source/runtime/src/Base/GcLog.h:263:45: warning: format string is not a string literal [-Wformat-nonliteral]
        int n = vsnprintf(buf, sizeof(buf), format, args);
                                            ^~~~~~
In file included from ../source/runtime/src/Heap/Allocator/ForwardingTable.cpp:7:
../source/runtime/src/Heap/Allocator/ForwardingTable.h:22:1: warning: struct 'LiveInfo' was previously declared as a class; this is valid, but may result in linker errors under the Microsoft C++ ABI [-Wmismatched-tags]
struct LiveInfo;
^
../source/runtime/src/Heap/Collector/ZForwarding.h:33:7: note: previous use is here
class LiveInfo;
      ^
In file included from ../source/runtime/src/Heap/Allocator/ForwardingTable.cpp:25:
In file included from ../source/runtime/src/Heap/Allocator/RegionInfo.h:37:
In file included from ../source/runtime/src/Heap/Collector/LiveInfoArena.h:27:
../source/runtime/src/Heap/Collector/LiveInfo.h:185:1: warning: 'LiveInfo' defined as a struct here but previously declared as a class; this is valid, but may result in linker errors under the Microsoft C++ ABI [-Wmismatched-tags]
struct LiveInfo {
^
../source/runtime/src/Heap/Collector/ZForwarding.h:33:1: note: did you mean struct here?
class LiveInfo;
^~~~~
struct
In file included from ../source/runtime/src/Heap/Allocator/ForwardingTable.cpp:25:
In file included from ../source/runtime/src/Heap/Allocator/RegionInfo.h:44:
../source/runtime/src/Heap/Verify/AllocPhaseDiag.h:57:1: warning: inline variables are a C++17 extension [-Wc++17-extensions]
inline Slot g_table[kCap] = {};
^
../source/runtime/src/Heap/Verify/AllocPhaseDiag.h:58:1: warning: inline variables are a C++17 extension [-Wc++17-extensions]
inline NearEntry g_near[kNearCap] = {};
^
In file included from ../source/runtime/src/Heap/Allocator/ForwardingTable.cpp:29:
In file included from ../source/runtime/src/Heap/WCollector/WCollector.h:26:
In file included from ../source/runtime/src/Heap/Allocator/RegionSpace.h:22:
../source/runtime/src/Heap/Allocator/RegionManager.h:948:12: warning: constexpr if is a C++17 extension [-Wc++17-extensions]
        if constexpr (G == Generation::Old) {
           ^
In file included from ../source/runtime/src/Heap/Allocator/ForwardingTable.cpp:29:
In file included from ../source/runtime/src/Heap/WCollector/WCollector.h:28:
In file included from ../source/runtime/src/Heap/Collector/CopyCollector.h:13:
../source/runtime/src/Heap/Collector/TracingCollector.h:407:20: warning: unused variable 'objSize' [-Wunused-variable]
            size_t objSize = obj->GetSize();
                   ^
In file included from ../source/runtime/src/Heap/Allocator/ForwardingTable.cpp:29:
../source/runtime/src/Heap/WCollector/WCollector.h:618:12: warning: constexpr if is a C++17 extension [-Wc++17-extensions]
        if constexpr (ForwardingTable::kEntriesSoleWhenArmed) {
           ^
../source/runtime/src/Heap/WCollector/WCollector.h:727:12: warning: constexpr if is a C++17 extension [-Wc++17-extensions]
        if constexpr (ForwardingTable::kConsumeEntries) {
           ^
../source/runtime/src/Heap/WCollector/WCollector.h:733:16: warning: constexpr if is a C++17 extension [-Wc++17-extensions]
            if constexpr (ForwardingTable::kEntriesSoleWhenArmed) {
               ^
../source/runtime/src/Heap/WCollector/WCollector.h:778:12: warning: constexpr if is a C++17 extension [-Wc++17-extensions]
        if constexpr (ForwardingTable::kConsumeEntries) {
           ^
11 warnings generated.
[164/226] Building CXX object src/Mutator/CMakeFiles/Mutator.dir/ThreadLocal.cpp.o
In file included from ../source/runtime/src/Mutator/ThreadLocal.cpp:11:
In file included from ../source/runtime/src/Common/ThreadCache.h:10:
In file included from ../source/runtime/src/Common/MemCommon.h:16:
In file included from ../source/runtime/src/Common/PagePool.h:22:
In file included from ../source/runtime/src/Heap/Allocator/CartesianTree.h:14:
In file included from ../source/runtime/src/Base/LogFile.h:14:
../source/runtime/src/Base/GcLog.h:263:45: warning: format string is not a string literal [-Wformat-nonliteral]
        int n = vsnprintf(buf, sizeof(buf), format, args);
                                            ^~~~~~
In file included from ../source/runtime/src/Mutator/ThreadLocal.cpp:14:
In file included from ../source/runtime/src/Mutator/Mutator.h:16:
In file included from ../source/runtime/src/Heap/Allocator/Allocator.h:11:
In file included from ../source/runtime/src/Heap/Allocator/AllocBufferManager.h:15:
In file included from ../source/runtime/src/Heap/Allocator/AllocBuffer.h:18:
In file included from ../source/runtime/src/Heap/Allocator/RegionList.h:11:
In file included from ../source/runtime/src/Heap/Allocator/RegionInfo.h:44:
../source/runtime/src/Heap/Verify/AllocPhaseDiag.h:57:1: warning: inline variables are a C++17 extension [-Wc++17-extensions]
inline Slot g_table[kCap] = {};
^
../source/runtime/src/Heap/Verify/AllocPhaseDiag.h:58:1: warning: inline variables are a C++17 extension [-Wc++17-extensions]
inline NearEntry g_near[kNearCap] = {};
^
In file included from ../source/runtime/src/Mutator/ThreadLocal.cpp:14:
In file included from ../source/runtime/src/Mutator/Mutator.h:16:
In file included from ../source/runtime/src/Heap/Allocator/Allocator.h:11:
In file included from ../source/runtime/src/Heap/Allocator/AllocBufferManager.h:15:
In file included from ../source/runtime/src/Heap/Allocator/AllocBuffer.h:18:
In file included from ../source/runtime/src/Heap/Allocator/RegionList.h:11:
In file included from ../source/runtime/src/Heap/Allocator/RegionInfo.h:50:
In file included from ../source/runtime/src/Heap/Allocator/ForwardingTable.h:15:
../source/runtime/src/Heap/Collector/ZForwarding.h:33:1: warning: class 'LiveInfo' was previously declared as a struct; this is valid, but may result in linker errors under the Microsoft C++ ABI [-Wmismatched-tags]
class LiveInfo;
^
../source/runtime/src/Heap/Collector/LiveInfo.h:185:8: note: previous use is here
struct LiveInfo {
       ^
../source/runtime/src/Heap/Collector/ZForwarding.h:33:1: note: did you mean struct here?
class LiveInfo;
^~~~~
struct
In file included from ../source/runtime/src/Mutator/ThreadLocal.cpp:17:
In file included from ../source/runtime/src/Heap/WCollector/WCollector.h:26:
In file included from ../source/runtime/src/Heap/Allocator/RegionSpace.h:22:
../source/runtime/src/Heap/Allocator/RegionManager.h:948:12: warning: constexpr if is a C++17 extension [-Wc++17-extensions]
        if constexpr (G == Generation::Old) {
           ^
In file included from ../source/runtime/src/Mutator/ThreadLocal.cpp:17:
In file included from ../source/runtime/src/Heap/WCollector/WCollector.h:28:
In file included from ../source/runtime/src/Heap/Collector/CopyCollector.h:13:
../source/runtime/src/Heap/Collector/TracingCollector.h:407:20: warning: unused variable 'objSize' [-Wunused-variable]
            size_t objSize = obj->GetSize();
                   ^
In file included from ../source/runtime/src/Mutator/ThreadLocal.cpp:17:
../source/runtime/src/Heap/WCollector/WCollector.h:618:12: warning: constexpr if is a C++17 extension [-Wc++17-extensions]
        if constexpr (ForwardingTable::kEntriesSoleWhenArmed) {
           ^
../source/runtime/src/Heap/WCollector/WCollector.h:727:12: warning: constexpr if is a C++17 extension [-Wc++17-extensions]
        if constexpr (ForwardingTable::kConsumeEntries) {
           ^
../source/runtime/src/Heap/WCollector/WCollector.h:733:16: warning: constexpr if is a C++17 extension [-Wc++17-extensions]
            if constexpr (ForwardingTable::kEntriesSoleWhenArmed) {
               ^
../source/runtime/src/Heap/WCollector/WCollector.h:778:12: warning: constexpr if is a C++17 extension [-Wc++17-extensions]
        if constexpr (ForwardingTable::kConsumeEntries) {
           ^
10 warnings generated.
[165/226] Building CXX object src/Heap/Collector/CMakeFiles/Collector.dir/CopyCollector.cpp.o
In file included from ../source/runtime/src/Heap/Collector/CopyCollector.cpp:8:
In file included from ../source/runtime/src/Heap/Collector/CopyCollector.h:11:
In file included from ../source/runtime/src/Heap/Allocator/RegionSpace.h:19:
In file included from ../source/runtime/src/Heap/Allocator/Allocator.h:11:
In file included from ../source/runtime/src/Heap/Allocator/AllocBufferManager.h:15:
In file included from ../source/runtime/src/Heap/Allocator/AllocBuffer.h:18:
In file included from ../source/runtime/src/Heap/Allocator/RegionList.h:11:
In file included from ../source/runtime/src/Heap/Allocator/RegionInfo.h:35:
In file included from ../source/runtime/src/Base/Panic.h:15:
In file included from ../source/runtime/src/StackManager.h:15:
In file included from ../source/runtime/src/StackMap/StackMap.h:11:
In file included from ../source/runtime/src/StackMap/CompressedStackMap.h:15:
In file included from ../source/runtime/src/StackMap/DerivedPtr.h:11:
In file included from ../source/runtime/src/StackMap/StackMapTable.h:13:
In file included from ../source/runtime/src/Base/LogFile.h:14:
../source/runtime/src/Base/GcLog.h:263:45: warning: format string is not a string literal [-Wformat-nonliteral]
        int n = vsnprintf(buf, sizeof(buf), format, args);
                                            ^~~~~~
In file included from ../source/runtime/src/Heap/Collector/CopyCollector.cpp:8:
In file included from ../source/runtime/src/Heap/Collector/CopyCollector.h:11:
In file included from ../source/runtime/src/Heap/Allocator/RegionSpace.h:19:
In file included from ../source/runtime/src/Heap/Allocator/Allocator.h:11:
In file included from ../source/runtime/src/Heap/Allocator/AllocBufferManager.h:15:
In file included from ../source/runtime/src/Heap/Allocator/AllocBuffer.h:18:
In file included from ../source/runtime/src/Heap/Allocator/RegionList.h:11:
In file included from ../source/runtime/src/Heap/Allocator/RegionInfo.h:44:
../source/runtime/src/Heap/Verify/AllocPhaseDiag.h:57:1: warning: inline variables are a C++17 extension [-Wc++17-extensions]
inline Slot g_table[kCap] = {};
^
../source/runtime/src/Heap/Verify/AllocPhaseDiag.h:58:1: warning: inline variables are a C++17 extension [-Wc++17-extensions]
inline NearEntry g_near[kNearCap] = {};
^
In file included from ../source/runtime/src/Heap/Collector/CopyCollector.cpp:8:
In file included from ../source/runtime/src/Heap/Collector/CopyCollector.h:11:
In file included from ../source/runtime/src/Heap/Allocator/RegionSpace.h:19:
In file included from ../source/runtime/src/Heap/Allocator/Allocator.h:11:
In file included from ../source/runtime/src/Heap/Allocator/AllocBufferManager.h:15:
In file included from ../source/runtime/src/Heap/Allocator/AllocBuffer.h:18:
In file included from ../source/runtime/src/Heap/Allocator/RegionList.h:11:
In file included from ../source/runtime/src/Heap/Allocator/RegionInfo.h:50:
In file included from ../source/runtime/src/Heap/Allocator/ForwardingTable.h:15:
../source/runtime/src/Heap/Collector/ZForwarding.h:33:1: warning: class 'LiveInfo' was previously declared as a struct; this is valid, but may result in linker errors under the Microsoft C++ ABI [-Wmismatched-tags]
class LiveInfo;
^
../source/runtime/src/Heap/Collector/LiveInfo.h:185:8: note: previous use is here
struct LiveInfo {
       ^
../source/runtime/src/Heap/Collector/ZForwarding.h:33:1: note: did you mean struct here?
class LiveInfo;
^~~~~
struct
In file included from ../source/runtime/src/Heap/Collector/CopyCollector.cpp:8:
In file included from ../source/runtime/src/Heap/Collector/CopyCollector.h:11:
In file included from ../source/runtime/src/Heap/Allocator/RegionSpace.h:22:
../source/runtime/src/Heap/Allocator/RegionManager.h:948:12: warning: constexpr if is a C++17 extension [-Wc++17-extensions]
        if constexpr (G == Generation::Old) {
           ^
In file included from ../source/runtime/src/Heap/Collector/CopyCollector.cpp:8:
In file included from ../source/runtime/src/Heap/Collector/CopyCollector.h:13:
../source/runtime/src/Heap/Collector/TracingCollector.h:407:20: warning: unused variable 'objSize' [-Wunused-variable]
            size_t objSize = obj->GetSize();
                   ^
In file included from ../source/runtime/src/Heap/Collector/CopyCollector.cpp:17:
../source/runtime/src/Heap/Collector/GcTrigger.h:216:41: warning: comparing floating point with == or != is unsafe [-Wfloat-equal]
    if (currentYoungGcTimePerBytesFreed == std::numeric_limits<double>::infinity()) {
        ~~~~~~~~~~~~~~~~~~~~~~~~~~~~~~~ ^  ~~~~~~~~~~~~~~~~~~~~~~~~~~~~~~~~~~~~~~~
7 warnings generated.
[166/226] Building CXX object src/UnwindStack/CMakeFiles/UnwindStack.dir/StackGrowStackInfo.cpp.o
In file included from ../source/runtime/src/UnwindStack/StackGrowStackInfo.cpp:8:
In file included from ../source/runtime/src/UnwindStack/StackGrowStackInfo.h:11:
In file included from ../source/runtime/src/Base/LogFile.h:14:
../source/runtime/src/Base/GcLog.h:263:45: warning: format string is not a string literal [-Wformat-nonliteral]
        int n = vsnprintf(buf, sizeof(buf), format, args);
                                            ^~~~~~
In file included from ../source/runtime/src/UnwindStack/StackGrowStackInfo.cpp:12:
In file included from ../source/runtime/src/Heap/Collector/TracingCollector.h:18:
In file included from ../source/runtime/src/Heap/Allocator/RegionSpace.h:19:
In file included from ../source/runtime/src/Heap/Allocator/Allocator.h:11:
In file included from ../source/runtime/src/Heap/Allocator/AllocBufferManager.h:15:
In file included from ../source/runtime/src/Heap/Allocator/AllocBuffer.h:18:
In file included from ../source/runtime/src/Heap/Allocator/RegionList.h:11:
In file included from ../source/runtime/src/Heap/Allocator/RegionInfo.h:44:
../source/runtime/src/Heap/Verify/AllocPhaseDiag.h:57:1: warning: inline variables are a C++17 extension [-Wc++17-extensions]
inline Slot g_table[kCap] = {};
^
../source/runtime/src/Heap/Verify/AllocPhaseDiag.h:58:1: warning: inline variables are a C++17 extension [-Wc++17-extensions]
inline NearEntry g_near[kNearCap] = {};
^
In file included from ../source/runtime/src/UnwindStack/StackGrowStackInfo.cpp:12:
In file included from ../source/runtime/src/Heap/Collector/TracingCollector.h:18:
In file included from ../source/runtime/src/Heap/Allocator/RegionSpace.h:19:
In file included from ../source/runtime/src/Heap/Allocator/Allocator.h:11:
In file included from ../source/runtime/src/Heap/Allocator/AllocBufferManager.h:15:
In file included from ../source/runtime/src/Heap/Allocator/AllocBuffer.h:18:
In file included from ../source/runtime/src/Heap/Allocator/RegionList.h:11:
In file included from ../source/runtime/src/Heap/Allocator/RegionInfo.h:50:
In file included from ../source/runtime/src/Heap/Allocator/ForwardingTable.h:15:
../source/runtime/src/Heap/Collector/ZForwarding.h:33:1: warning: class 'LiveInfo' was previously declared as a struct; this is valid, but may result in linker errors under the Microsoft C++ ABI [-Wmismatched-tags]
class LiveInfo;
^
../source/runtime/src/Heap/Collector/LiveInfo.h:185:8: note: previous use is here
struct LiveInfo {
       ^
../source/runtime/src/Heap/Collector/ZForwarding.h:33:1: note: did you mean struct here?
class LiveInfo;
^~~~~
struct
In file included from ../source/runtime/src/UnwindStack/StackGrowStackInfo.cpp:12:
In file included from ../source/runtime/src/Heap/Collector/TracingCollector.h:18:
In file included from ../source/runtime/src/Heap/Allocator/RegionSpace.h:22:
../source/runtime/src/Heap/Allocator/RegionManager.h:948:12: warning: constexpr if is a C++17 extension [-Wc++17-extensions]
        if constexpr (G == Generation::Old) {
           ^
In file included from ../source/runtime/src/UnwindStack/StackGrowStackInfo.cpp:12:
../source/runtime/src/Heap/Collector/TracingCollector.h:407:20: warning: unused variable 'objSize' [-Wunused-variable]
            size_t objSize = obj->GetSize();
                   ^
6 warnings generated.
[167/226] Building CXX object src/ObjectModel/CMakeFiles/ObjectModel.dir/MClass.cpp.o
In file included from ../source/runtime/src/ObjectModel/MClass.cpp:16:
In file included from ../source/runtime/src/ExceptionManager.inline.h:11:
In file included from ../source/runtime/src/Base/LogFile.h:14:
../source/runtime/src/Base/GcLog.h:263:45: warning: format string is not a string literal [-Wformat-nonliteral]
        int n = vsnprintf(buf, sizeof(buf), format, args);
                                            ^~~~~~
In file included from ../source/runtime/src/ObjectModel/MClass.cpp:16:
In file included from ../source/runtime/src/ExceptionManager.inline.h:14:
In file included from ../source/runtime/src/Mutator/Mutator.h:16:
In file included from ../source/runtime/src/Heap/Allocator/Allocator.h:11:
In file included from ../source/runtime/src/Heap/Allocator/AllocBufferManager.h:15:
In file included from ../source/runtime/src/Heap/Allocator/AllocBuffer.h:18:
In file included from ../source/runtime/src/Heap/Allocator/RegionList.h:11:
In file included from ../source/runtime/src/Heap/Allocator/RegionInfo.h:44:
../source/runtime/src/Heap/Verify/AllocPhaseDiag.h:57:1: warning: inline variables are a C++17 extension [-Wc++17-extensions]
inline Slot g_table[kCap] = {};
^
../source/runtime/src/Heap/Verify/AllocPhaseDiag.h:58:1: warning: inline variables are a C++17 extension [-Wc++17-extensions]
inline NearEntry g_near[kNearCap] = {};
^
In file included from ../source/runtime/src/ObjectModel/MClass.cpp:16:
In file included from ../source/runtime/src/ExceptionManager.inline.h:14:
In file included from ../source/runtime/src/Mutator/Mutator.h:16:
In file included from ../source/runtime/src/Heap/Allocator/Allocator.h:11:
In file included from ../source/runtime/src/Heap/Allocator/AllocBufferManager.h:15:
In file included from ../source/runtime/src/Heap/Allocator/AllocBuffer.h:18:
In file included from ../source/runtime/src/Heap/Allocator/RegionList.h:11:
In file included from ../source/runtime/src/Heap/Allocator/RegionInfo.h:50:
In file included from ../source/runtime/src/Heap/Allocator/ForwardingTable.h:15:
../source/runtime/src/Heap/Collector/ZForwarding.h:33:1: warning: class 'LiveInfo' was previously declared as a struct; this is valid, but may result in linker errors under the Microsoft C++ ABI [-Wmismatched-tags]
class LiveInfo;
^
../source/runtime/src/Heap/Collector/LiveInfo.h:185:8: note: previous use is here
struct LiveInfo {
       ^
../source/runtime/src/Heap/Collector/ZForwarding.h:33:1: note: did you mean struct here?
class LiveInfo;
^~~~~
struct
4 warnings generated.
[168/226] Building CXX object src/Heap/Verify/CMakeFiles/Verify.dir/GarbRegionDiag.cpp.o
In file included from ../source/runtime/src/Heap/Verify/GarbRegionDiag.cpp:10:
In file included from ../source/runtime/src/Heap/Allocator/RegionInfo.h:35:
In file included from ../source/runtime/src/Base/Panic.h:15:
In file included from ../source/runtime/src/StackManager.h:15:
In file included from ../source/runtime/src/StackMap/StackMap.h:11:
In file included from ../source/runtime/src/StackMap/CompressedStackMap.h:15:
In file included from ../source/runtime/src/StackMap/DerivedPtr.h:11:
In file included from ../source/runtime/src/StackMap/StackMapTable.h:13:
In file included from ../source/runtime/src/Base/LogFile.h:14:
../source/runtime/src/Base/GcLog.h:263:45: warning: format string is not a string literal [-Wformat-nonliteral]
        int n = vsnprintf(buf, sizeof(buf), format, args);
                                            ^~~~~~
In file included from ../source/runtime/src/Heap/Verify/GarbRegionDiag.cpp:10:
In file included from ../source/runtime/src/Heap/Allocator/RegionInfo.h:44:
../source/runtime/src/Heap/Verify/AllocPhaseDiag.h:57:1: warning: inline variables are a C++17 extension [-Wc++17-extensions]
inline Slot g_table[kCap] = {};
^
../source/runtime/src/Heap/Verify/AllocPhaseDiag.h:58:1: warning: inline variables are a C++17 extension [-Wc++17-extensions]
inline NearEntry g_near[kNearCap] = {};
^
In file included from ../source/runtime/src/Heap/Verify/GarbRegionDiag.cpp:10:
In file included from ../source/runtime/src/Heap/Allocator/RegionInfo.h:50:
In file included from ../source/runtime/src/Heap/Allocator/ForwardingTable.h:15:
../source/runtime/src/Heap/Collector/ZForwarding.h:33:1: warning: class 'LiveInfo' was previously declared as a struct; this is valid, but may result in linker errors under the Microsoft C++ ABI [-Wmismatched-tags]
class LiveInfo;
^
../source/runtime/src/Heap/Collector/LiveInfo.h:185:8: note: previous use is here
struct LiveInfo {
       ^
../source/runtime/src/Heap/Collector/ZForwarding.h:33:1: note: did you mean struct here?
class LiveInfo;
^~~~~
struct
4 warnings generated.
[169/226] Building CXX object src/Heap/Collector/CMakeFiles/Collector.dir/CollectorResources.cpp.o
In file included from ../source/runtime/src/Heap/Collector/CollectorResources.cpp:8:
In file included from ../source/runtime/src/Heap/Collector/CollectorResources.h:15:
In file included from ../source/runtime/src/Heap/Collector/FinalizerProcessor.h:16:
In file included from ../source/runtime/src/Base/Panic.h:15:
In file included from ../source/runtime/src/StackManager.h:15:
In file included from ../source/runtime/src/StackMap/StackMap.h:11:
In file included from ../source/runtime/src/StackMap/CompressedStackMap.h:15:
In file included from ../source/runtime/src/StackMap/DerivedPtr.h:11:
In file included from ../source/runtime/src/StackMap/StackMapTable.h:13:
In file included from ../source/runtime/src/Base/LogFile.h:14:
../source/runtime/src/Base/GcLog.h:263:45: warning: format string is not a string literal [-Wformat-nonliteral]
        int n = vsnprintf(buf, sizeof(buf), format, args);
                                            ^~~~~~
In file included from ../source/runtime/src/Heap/Collector/CollectorResources.cpp:21:
In file included from ../source/runtime/src/Heap/Collector/CollectorProxy.h:14:
In file included from ../source/runtime/src/Heap/WCollector/WCollector.h:26:
In file included from ../source/runtime/src/Heap/Allocator/RegionSpace.h:19:
In file included from ../source/runtime/src/Heap/Allocator/Allocator.h:11:
In file included from ../source/runtime/src/Heap/Allocator/AllocBufferManager.h:15:
In file included from ../source/runtime/src/Heap/Allocator/AllocBuffer.h:18:
In file included from ../source/runtime/src/Heap/Allocator/RegionList.h:11:
In file included from ../source/runtime/src/Heap/Allocator/RegionInfo.h:44:
../source/runtime/src/Heap/Verify/AllocPhaseDiag.h:57:1: warning: inline variables are a C++17 extension [-Wc++17-extensions]
inline Slot g_table[kCap] = {};
^
../source/runtime/src/Heap/Verify/AllocPhaseDiag.h:58:1: warning: inline variables are a C++17 extension [-Wc++17-extensions]
inline NearEntry g_near[kNearCap] = {};
^
In file included from ../source/runtime/src/Heap/Collector/CollectorResources.cpp:21:
In file included from ../source/runtime/src/Heap/Collector/CollectorProxy.h:14:
In file included from ../source/runtime/src/Heap/WCollector/WCollector.h:26:
In file included from ../source/runtime/src/Heap/Allocator/RegionSpace.h:19:
In file included from ../source/runtime/src/Heap/Allocator/Allocator.h:11:
In file included from ../source/runtime/src/Heap/Allocator/AllocBufferManager.h:15:
In file included from ../source/runtime/src/Heap/Allocator/AllocBuffer.h:18:
In file included from ../source/runtime/src/Heap/Allocator/RegionList.h:11:
In file included from ../source/runtime/src/Heap/Allocator/RegionInfo.h:50:
In file included from ../source/runtime/src/Heap/Allocator/ForwardingTable.h:15:
../source/runtime/src/Heap/Collector/ZForwarding.h:33:1: warning: class 'LiveInfo' was previously declared as a struct; this is valid, but may result in linker errors under the Microsoft C++ ABI [-Wmismatched-tags]
class LiveInfo;
^
../source/runtime/src/Heap/Collector/LiveInfo.h:185:8: note: previous use is here
struct LiveInfo {
       ^
../source/runtime/src/Heap/Collector/ZForwarding.h:33:1: note: did you mean struct here?
class LiveInfo;
^~~~~
struct
In file included from ../source/runtime/src/Heap/Collector/CollectorResources.cpp:21:
In file included from ../source/runtime/src/Heap/Collector/CollectorProxy.h:14:
In file included from ../source/runtime/src/Heap/WCollector/WCollector.h:26:
In file included from ../source/runtime/src/Heap/Allocator/RegionSpace.h:22:
../source/runtime/src/Heap/Allocator/RegionManager.h:948:12: warning: constexpr if is a C++17 extension [-Wc++17-extensions]
        if constexpr (G == Generation::Old) {
           ^
In file included from ../source/runtime/src/Heap/Collector/CollectorResources.cpp:21:
In file included from ../source/runtime/src/Heap/Collector/CollectorProxy.h:14:
In file included from ../source/runtime/src/Heap/WCollector/WCollector.h:28:
In file included from ../source/runtime/src/Heap/Collector/CopyCollector.h:13:
../source/runtime/src/Heap/Collector/TracingCollector.h:407:20: warning: unused variable 'objSize' [-Wunused-variable]
            size_t objSize = obj->GetSize();
                   ^
In file included from ../source/runtime/src/Heap/Collector/CollectorResources.cpp:21:
In file included from ../source/runtime/src/Heap/Collector/CollectorProxy.h:14:
../source/runtime/src/Heap/WCollector/WCollector.h:618:12: warning: constexpr if is a C++17 extension [-Wc++17-extensions]
        if constexpr (ForwardingTable::kEntriesSoleWhenArmed) {
           ^
../source/runtime/src/Heap/WCollector/WCollector.h:727:12: warning: constexpr if is a C++17 extension [-Wc++17-extensions]
        if constexpr (ForwardingTable::kConsumeEntries) {
           ^
../source/runtime/src/Heap/WCollector/WCollector.h:733:16: warning: constexpr if is a C++17 extension [-Wc++17-extensions]
            if constexpr (ForwardingTable::kEntriesSoleWhenArmed) {
               ^
../source/runtime/src/Heap/WCollector/WCollector.h:778:12: warning: constexpr if is a C++17 extension [-Wc++17-extensions]
        if constexpr (ForwardingTable::kConsumeEntries) {
           ^
In file included from ../source/runtime/src/Heap/Collector/CollectorResources.cpp:25:
../source/runtime/src/Heap/Collector/GcTrigger.h:216:41: warning: comparing floating point with == or != is unsafe [-Wfloat-equal]
    if (currentYoungGcTimePerBytesFreed == std::numeric_limits<double>::infinity()) {
        ~~~~~~~~~~~~~~~~~~~~~~~~~~~~~~~ ^  ~~~~~~~~~~~~~~~~~~~~~~~~~~~~~~~~~~~~~~~
11 warnings generated.
[170/226] Building CXX object src/Heap/WCollector/CMakeFiles/WCollector.dir/__/Collector/Generation.cpp.o
In file included from ../source/runtime/src/Heap/Collector/Generation.cpp:8:
In file included from ../source/runtime/src/Heap/WCollector/WCollector.h:26:
In file included from ../source/runtime/src/Heap/Allocator/RegionSpace.h:19:
In file included from ../source/runtime/src/Heap/Allocator/Allocator.h:11:
In file included from ../source/runtime/src/Heap/Allocator/AllocBufferManager.h:15:
In file included from ../source/runtime/src/Heap/Allocator/AllocBuffer.h:18:
In file included from ../source/runtime/src/Heap/Allocator/RegionList.h:11:
In file included from ../source/runtime/src/Heap/Allocator/RegionInfo.h:35:
In file included from ../source/runtime/src/Base/Panic.h:15:
In file included from ../source/runtime/src/StackManager.h:15:
In file included from ../source/runtime/src/StackMap/StackMap.h:11:
In file included from ../source/runtime/src/StackMap/CompressedStackMap.h:15:
In file included from ../source/runtime/src/StackMap/DerivedPtr.h:11:
In file included from ../source/runtime/src/StackMap/StackMapTable.h:13:
In file included from ../source/runtime/src/Base/LogFile.h:14:
../source/runtime/src/Base/GcLog.h:263:45: warning: format string is not a string literal [-Wformat-nonliteral]
        int n = vsnprintf(buf, sizeof(buf), format, args);
                                            ^~~~~~
In file included from ../source/runtime/src/Heap/Collector/Generation.cpp:8:
In file included from ../source/runtime/src/Heap/WCollector/WCollector.h:26:
In file included from ../source/runtime/src/Heap/Allocator/RegionSpace.h:19:
In file included from ../source/runtime/src/Heap/Allocator/Allocator.h:11:
In file included from ../source/runtime/src/Heap/Allocator/AllocBufferManager.h:15:
In file included from ../source/runtime/src/Heap/Allocator/AllocBuffer.h:18:
In file included from ../source/runtime/src/Heap/Allocator/RegionList.h:11:
In file included from ../source/runtime/src/Heap/Allocator/RegionInfo.h:44:
../source/runtime/src/Heap/Verify/AllocPhaseDiag.h:57:1: warning: inline variables are a C++17 extension [-Wc++17-extensions]
inline Slot g_table[kCap] = {};
^
../source/runtime/src/Heap/Verify/AllocPhaseDiag.h:58:1: warning: inline variables are a C++17 extension [-Wc++17-extensions]
inline NearEntry g_near[kNearCap] = {};
^
In file included from ../source/runtime/src/Heap/Collector/Generation.cpp:8:
In file included from ../source/runtime/src/Heap/WCollector/WCollector.h:26:
In file included from ../source/runtime/src/Heap/Allocator/RegionSpace.h:19:
In file included from ../source/runtime/src/Heap/Allocator/Allocator.h:11:
In file included from ../source/runtime/src/Heap/Allocator/AllocBufferManager.h:15:
In file included from ../source/runtime/src/Heap/Allocator/AllocBuffer.h:18:
In file included from ../source/runtime/src/Heap/Allocator/RegionList.h:11:
In file included from ../source/runtime/src/Heap/Allocator/RegionInfo.h:50:
In file included from ../source/runtime/src/Heap/Allocator/ForwardingTable.h:15:
../source/runtime/src/Heap/Collector/ZForwarding.h:33:1: warning: class 'LiveInfo' was previously declared as a struct; this is valid, but may result in linker errors under the Microsoft C++ ABI [-Wmismatched-tags]
class LiveInfo;
^
../source/runtime/src/Heap/Collector/LiveInfo.h:185:8: note: previous use is here
struct LiveInfo {
       ^
../source/runtime/src/Heap/Collector/ZForwarding.h:33:1: note: did you mean struct here?
class LiveInfo;
^~~~~
struct
In file included from ../source/runtime/src/Heap/Collector/Generation.cpp:8:
In file included from ../source/runtime/src/Heap/WCollector/WCollector.h:26:
In file included from ../source/runtime/src/Heap/Allocator/RegionSpace.h:22:
../source/runtime/src/Heap/Allocator/RegionManager.h:948:12: warning: constexpr if is a C++17 extension [-Wc++17-extensions]
        if constexpr (G == Generation::Old) {
           ^
In file included from ../source/runtime/src/Heap/Collector/Generation.cpp:8:
In file included from ../source/runtime/src/Heap/WCollector/WCollector.h:28:
In file included from ../source/runtime/src/Heap/Collector/CopyCollector.h:13:
../source/runtime/src/Heap/Collector/TracingCollector.h:407:20: warning: unused variable 'objSize' [-Wunused-variable]
            size_t objSize = obj->GetSize();
                   ^
In file included from ../source/runtime/src/Heap/Collector/Generation.cpp:8:
../source/runtime/src/Heap/WCollector/WCollector.h:618:12: warning: constexpr if is a C++17 extension [-Wc++17-extensions]
        if constexpr (ForwardingTable::kEntriesSoleWhenArmed) {
           ^
../source/runtime/src/Heap/WCollector/WCollector.h:727:12: warning: constexpr if is a C++17 extension [-Wc++17-extensions]
        if constexpr (ForwardingTable::kConsumeEntries) {
           ^
../source/runtime/src/Heap/WCollector/WCollector.h:733:16: warning: constexpr if is a C++17 extension [-Wc++17-extensions]
            if constexpr (ForwardingTable::kEntriesSoleWhenArmed) {
               ^
../source/runtime/src/Heap/WCollector/WCollector.h:778:12: warning: constexpr if is a C++17 extension [-Wc++17-extensions]
        if constexpr (ForwardingTable::kConsumeEntries) {
           ^
10 warnings generated.
[171/226] Building CXX object src/Mutator/CMakeFiles/Mutator.dir/Mutator.cpp.o
In file included from ../source/runtime/src/Mutator/Mutator.cpp:16:
In file included from ../source/runtime/src/Heap/Collector/CopyCollector.h:11:
In file included from ../source/runtime/src/Heap/Allocator/RegionSpace.h:19:
In file included from ../source/runtime/src/Heap/Allocator/Allocator.h:11:
In file included from ../source/runtime/src/Heap/Allocator/AllocBufferManager.h:15:
In file included from ../source/runtime/src/Heap/Allocator/AllocBuffer.h:18:
In file included from ../source/runtime/src/Heap/Allocator/RegionList.h:11:
In file included from ../source/runtime/src/Heap/Allocator/RegionInfo.h:35:
In file included from ../source/runtime/src/Base/Panic.h:15:
In file included from ../source/runtime/src/StackManager.h:15:
In file included from ../source/runtime/src/StackMap/StackMap.h:11:
In file included from ../source/runtime/src/StackMap/CompressedStackMap.h:15:
In file included from ../source/runtime/src/StackMap/DerivedPtr.h:11:
In file included from ../source/runtime/src/StackMap/StackMapTable.h:13:
In file included from ../source/runtime/src/Base/LogFile.h:14:
../source/runtime/src/Base/GcLog.h:263:45: warning: format string is not a string literal [-Wformat-nonliteral]
        int n = vsnprintf(buf, sizeof(buf), format, args);
                                            ^~~~~~
In file included from ../source/runtime/src/Mutator/Mutator.cpp:16:
In file included from ../source/runtime/src/Heap/Collector/CopyCollector.h:11:
In file included from ../source/runtime/src/Heap/Allocator/RegionSpace.h:19:
In file included from ../source/runtime/src/Heap/Allocator/Allocator.h:11:
In file included from ../source/runtime/src/Heap/Allocator/AllocBufferManager.h:15:
In file included from ../source/runtime/src/Heap/Allocator/AllocBuffer.h:18:
In file included from ../source/runtime/src/Heap/Allocator/RegionList.h:11:
In file included from ../source/runtime/src/Heap/Allocator/RegionInfo.h:44:
../source/runtime/src/Heap/Verify/AllocPhaseDiag.h:57:1: warning: inline variables are a C++17 extension [-Wc++17-extensions]
inline Slot g_table[kCap] = {};
^
../source/runtime/src/Heap/Verify/AllocPhaseDiag.h:58:1: warning: inline variables are a C++17 extension [-Wc++17-extensions]
inline NearEntry g_near[kNearCap] = {};
^
In file included from ../source/runtime/src/Mutator/Mutator.cpp:16:
In file included from ../source/runtime/src/Heap/Collector/CopyCollector.h:11:
In file included from ../source/runtime/src/Heap/Allocator/RegionSpace.h:19:
In file included from ../source/runtime/src/Heap/Allocator/Allocator.h:11:
In file included from ../source/runtime/src/Heap/Allocator/AllocBufferManager.h:15:
In file included from ../source/runtime/src/Heap/Allocator/AllocBuffer.h:18:
In file included from ../source/runtime/src/Heap/Allocator/RegionList.h:11:
In file included from ../source/runtime/src/Heap/Allocator/RegionInfo.h:50:
In file included from ../source/runtime/src/Heap/Allocator/ForwardingTable.h:15:
../source/runtime/src/Heap/Collector/ZForwarding.h:33:1: warning: class 'LiveInfo' was previously declared as a struct; this is valid, but may result in linker errors under the Microsoft C++ ABI [-Wmismatched-tags]
class LiveInfo;
^
../source/runtime/src/Heap/Collector/LiveInfo.h:185:8: note: previous use is here
struct LiveInfo {
       ^
../source/runtime/src/Heap/Collector/ZForwarding.h:33:1: note: did you mean struct here?
class LiveInfo;
^~~~~
struct
In file included from ../source/runtime/src/Mutator/Mutator.cpp:16:
In file included from ../source/runtime/src/Heap/Collector/CopyCollector.h:11:
In file included from ../source/runtime/src/Heap/Allocator/RegionSpace.h:22:
../source/runtime/src/Heap/Allocator/RegionManager.h:948:12: warning: constexpr if is a C++17 extension [-Wc++17-extensions]
        if constexpr (G == Generation::Old) {
           ^
In file included from ../source/runtime/src/Mutator/Mutator.cpp:16:
In file included from ../source/runtime/src/Heap/Collector/CopyCollector.h:13:
../source/runtime/src/Heap/Collector/TracingCollector.h:407:20: warning: unused variable 'objSize' [-Wunused-variable]
            size_t objSize = obj->GetSize();
                   ^
In file included from ../source/runtime/src/Mutator/Mutator.cpp:24:
../source/runtime/src/Heap/WCollector/WCollector.h:618:12: warning: constexpr if is a C++17 extension [-Wc++17-extensions]
        if constexpr (ForwardingTable::kEntriesSoleWhenArmed) {
           ^
../source/runtime/src/Heap/WCollector/WCollector.h:727:12: warning: constexpr if is a C++17 extension [-Wc++17-extensions]
        if constexpr (ForwardingTable::kConsumeEntries) {
           ^
../source/runtime/src/Heap/WCollector/WCollector.h:733:16: warning: constexpr if is a C++17 extension [-Wc++17-extensions]
            if constexpr (ForwardingTable::kEntriesSoleWhenArmed) {
               ^
../source/runtime/src/Heap/WCollector/WCollector.h:778:12: warning: constexpr if is a C++17 extension [-Wc++17-extensions]
        if constexpr (ForwardingTable::kConsumeEntries) {
           ^
../source/runtime/src/Mutator/Mutator.cpp:821:20: warning: decomposition declarations are a C++17 extension [-Wc++17-extensions]
        for (auto& [oldDerivedSlot, oldBase, offset] : derivedSlots) {
                   ^~~~~~~~~~~~~~~~~~~~~~~~~~~~~~~~~
11 warnings generated.
[172/226] Building CXX object src/Mutator/CMakeFiles/Mutator.dir/MutatorManager.cpp.o
In file included from ../source/runtime/src/Mutator/MutatorManager.cpp:8:
In file included from ../source/runtime/src/Mutator/MutatorManager.h:20:
../source/runtime/src/Base/GcLog.h:263:45: warning: format string is not a string literal [-Wformat-nonliteral]
        int n = vsnprintf(buf, sizeof(buf), format, args);
                                            ^~~~~~
In file included from ../source/runtime/src/Mutator/MutatorManager.cpp:8:
In file included from ../source/runtime/src/Mutator/MutatorManager.h:26:
In file included from ../source/runtime/src/Mutator/Mutator.h:16:
In file included from ../source/runtime/src/Heap/Allocator/Allocator.h:11:
In file included from ../source/runtime/src/Heap/Allocator/AllocBufferManager.h:15:
In file included from ../source/runtime/src/Heap/Allocator/AllocBuffer.h:18:
In file included from ../source/runtime/src/Heap/Allocator/RegionList.h:11:
In file included from ../source/runtime/src/Heap/Allocator/RegionInfo.h:44:
../source/runtime/src/Heap/Verify/AllocPhaseDiag.h:57:1: warning: inline variables are a C++17 extension [-Wc++17-extensions]
inline Slot g_table[kCap] = {};
^
../source/runtime/src/Heap/Verify/AllocPhaseDiag.h:58:1: warning: inline variables are a C++17 extension [-Wc++17-extensions]
inline NearEntry g_near[kNearCap] = {};
^
In file included from ../source/runtime/src/Mutator/MutatorManager.cpp:8:
In file included from ../source/runtime/src/Mutator/MutatorManager.h:26:
In file included from ../source/runtime/src/Mutator/Mutator.h:16:
In file included from ../source/runtime/src/Heap/Allocator/Allocator.h:11:
In file included from ../source/runtime/src/Heap/Allocator/AllocBufferManager.h:15:
In file included from ../source/runtime/src/Heap/Allocator/AllocBuffer.h:18:
In file included from ../source/runtime/src/Heap/Allocator/RegionList.h:11:
In file included from ../source/runtime/src/Heap/Allocator/RegionInfo.h:50:
In file included from ../source/runtime/src/Heap/Allocator/ForwardingTable.h:15:
../source/runtime/src/Heap/Collector/ZForwarding.h:33:1: warning: class 'LiveInfo' was previously declared as a struct; this is valid, but may result in linker errors under the Microsoft C++ ABI [-Wmismatched-tags]
class LiveInfo;
^
../source/runtime/src/Heap/Collector/LiveInfo.h:185:8: note: previous use is here
struct LiveInfo {
       ^
../source/runtime/src/Heap/Collector/ZForwarding.h:33:1: note: did you mean struct here?
class LiveInfo;
^~~~~
struct
In file included from ../source/runtime/src/Mutator/MutatorManager.cpp:18:
In file included from ../source/runtime/src/Heap/Collector/TracingCollector.h:18:
In file included from ../source/runtime/src/Heap/Allocator/RegionSpace.h:22:
../source/runtime/src/Heap/Allocator/RegionManager.h:948:12: warning: constexpr if is a C++17 extension [-Wc++17-extensions]
        if constexpr (G == Generation::Old) {
           ^
In file included from ../source/runtime/src/Mutator/MutatorManager.cpp:18:
../source/runtime/src/Heap/Collector/TracingCollector.h:407:20: warning: unused variable 'objSize' [-Wunused-variable]
            size_t objSize = obj->GetSize();
                   ^
In file included from ../source/runtime/src/Mutator/MutatorManager.cpp:20:
../source/runtime/src/Heap/WCollector/WCollector.h:618:12: warning: constexpr if is a C++17 extension [-Wc++17-extensions]
        if constexpr (ForwardingTable::kEntriesSoleWhenArmed) {
           ^
../source/runtime/src/Heap/WCollector/WCollector.h:727:12: warning: constexpr if is a C++17 extension [-Wc++17-extensions]
        if constexpr (ForwardingTable::kConsumeEntries) {
           ^
../source/runtime/src/Heap/WCollector/WCollector.h:733:16: warning: constexpr if is a C++17 extension [-Wc++17-extensions]
            if constexpr (ForwardingTable::kEntriesSoleWhenArmed) {
               ^
../source/runtime/src/Heap/WCollector/WCollector.h:778:12: warning: constexpr if is a C++17 extension [-Wc++17-extensions]
        if constexpr (ForwardingTable::kConsumeEntries) {
           ^
10 warnings generated.
[173/226] Building CXX object src/Heap/Allocator/CMakeFiles/Allocator.dir/RegionSpace.cpp.o
In file included from ../source/runtime/src/Heap/Allocator/RegionSpace.cpp:8:
In file included from ../source/runtime/src/Heap/Allocator/RegionSpace.h:19:
In file included from ../source/runtime/src/Heap/Allocator/Allocator.h:11:
In file included from ../source/runtime/src/Heap/Allocator/AllocBufferManager.h:15:
In file included from ../source/runtime/src/Heap/Allocator/AllocBuffer.h:18:
In file included from ../source/runtime/src/Heap/Allocator/RegionList.h:11:
In file included from ../source/runtime/src/Heap/Allocator/RegionInfo.h:35:
In file included from ../source/runtime/src/Base/Panic.h:15:
In file included from ../source/runtime/src/StackManager.h:15:
In file included from ../source/runtime/src/StackMap/StackMap.h:11:
In file included from ../source/runtime/src/StackMap/CompressedStackMap.h:15:
In file included from ../source/runtime/src/StackMap/DerivedPtr.h:11:
In file included from ../source/runtime/src/StackMap/StackMapTable.h:13:
In file included from ../source/runtime/src/Base/LogFile.h:14:
../source/runtime/src/Base/GcLog.h:263:45: warning: format string is not a string literal [-Wformat-nonliteral]
        int n = vsnprintf(buf, sizeof(buf), format, args);
                                            ^~~~~~
In file included from ../source/runtime/src/Heap/Allocator/RegionSpace.cpp:8:
In file included from ../source/runtime/src/Heap/Allocator/RegionSpace.h:19:
In file included from ../source/runtime/src/Heap/Allocator/Allocator.h:11:
In file included from ../source/runtime/src/Heap/Allocator/AllocBufferManager.h:15:
In file included from ../source/runtime/src/Heap/Allocator/AllocBuffer.h:18:
In file included from ../source/runtime/src/Heap/Allocator/RegionList.h:11:
In file included from ../source/runtime/src/Heap/Allocator/RegionInfo.h:44:
../source/runtime/src/Heap/Verify/AllocPhaseDiag.h:57:1: warning: inline variables are a C++17 extension [-Wc++17-extensions]
inline Slot g_table[kCap] = {};
^
../source/runtime/src/Heap/Verify/AllocPhaseDiag.h:58:1: warning: inline variables are a C++17 extension [-Wc++17-extensions]
inline NearEntry g_near[kNearCap] = {};
^
In file included from ../source/runtime/src/Heap/Allocator/RegionSpace.cpp:8:
In file included from ../source/runtime/src/Heap/Allocator/RegionSpace.h:19:
In file included from ../source/runtime/src/Heap/Allocator/Allocator.h:11:
In file included from ../source/runtime/src/Heap/Allocator/AllocBufferManager.h:15:
In file included from ../source/runtime/src/Heap/Allocator/AllocBuffer.h:18:
In file included from ../source/runtime/src/Heap/Allocator/RegionList.h:11:
In file included from ../source/runtime/src/Heap/Allocator/RegionInfo.h:50:
In file included from ../source/runtime/src/Heap/Allocator/ForwardingTable.h:15:
../source/runtime/src/Heap/Collector/ZForwarding.h:33:1: warning: class 'LiveInfo' was previously declared as a struct; this is valid, but may result in linker errors under the Microsoft C++ ABI [-Wmismatched-tags]
class LiveInfo;
^
../source/runtime/src/Heap/Collector/LiveInfo.h:185:8: note: previous use is here
struct LiveInfo {
       ^
../source/runtime/src/Heap/Collector/ZForwarding.h:33:1: note: did you mean struct here?
class LiveInfo;
^~~~~
struct
In file included from ../source/runtime/src/Heap/Allocator/RegionSpace.cpp:8:
In file included from ../source/runtime/src/Heap/Allocator/RegionSpace.h:22:
../source/runtime/src/Heap/Allocator/RegionManager.h:948:12: warning: constexpr if is a C++17 extension [-Wc++17-extensions]
        if constexpr (G == Generation::Old) {
           ^
In file included from ../source/runtime/src/Heap/Allocator/RegionSpace.cpp:16:
../source/runtime/src/Heap/Collector/GcTrigger.h:216:41: warning: comparing floating point with == or != is unsafe [-Wfloat-equal]
    if (currentYoungGcTimePerBytesFreed == std::numeric_limits<double>::infinity()) {
        ~~~~~~~~~~~~~~~~~~~~~~~~~~~~~~~ ^  ~~~~~~~~~~~~~~~~~~~~~~~~~~~~~~~~~~~~~~~
../source/runtime/src/Heap/Allocator/RegionSpace.cpp:344:18: warning: comparing floating point with == or != is unsafe [-Wfloat-equal]
    if (fraction == 0) {
        ~~~~~~~~ ^  ~
7 warnings generated.
[174/226] Building CXX object src/Inspector/CMakeFiles/Inspector.dir/CjHeapData.cpp.o
In file included from ../source/runtime/src/Inspector/CjHeapData.cpp:8:
In file included from ../source/runtime/src/Inspector/CjHeapData.h:18:
In file included from ../source/runtime/src/UnwindStack/GcStackInfo.h:11:
In file included from ../source/runtime/src/Base/LogFile.h:14:
../source/runtime/src/Base/GcLog.h:263:45: warning: format string is not a string literal [-Wformat-nonliteral]
        int n = vsnprintf(buf, sizeof(buf), format, args);
                                            ^~~~~~
In file included from ../source/runtime/src/Inspector/CjHeapData.cpp:13:
In file included from ../source/runtime/src/Common/ScopedObjectAccess.h:11:
In file included from ../source/runtime/src/Mutator/Mutator.inline.h:11:
In file included from ../source/runtime/src/Mutator/MutatorManager.h:26:
In file included from ../source/runtime/src/Mutator/Mutator.h:16:
In file included from ../source/runtime/src/Heap/Allocator/Allocator.h:11:
In file included from ../source/runtime/src/Heap/Allocator/AllocBufferManager.h:15:
In file included from ../source/runtime/src/Heap/Allocator/AllocBuffer.h:18:
In file included from ../source/runtime/src/Heap/Allocator/RegionList.h:11:
In file included from ../source/runtime/src/Heap/Allocator/RegionInfo.h:44:
../source/runtime/src/Heap/Verify/AllocPhaseDiag.h:57:1: warning: inline variables are a C++17 extension [-Wc++17-extensions]
inline Slot g_table[kCap] = {};
^
../source/runtime/src/Heap/Verify/AllocPhaseDiag.h:58:1: warning: inline variables are a C++17 extension [-Wc++17-extensions]
inline NearEntry g_near[kNearCap] = {};
^
In file included from ../source/runtime/src/Inspector/CjHeapData.cpp:13:
In file included from ../source/runtime/src/Common/ScopedObjectAccess.h:11:
In file included from ../source/runtime/src/Mutator/Mutator.inline.h:11:
In file included from ../source/runtime/src/Mutator/MutatorManager.h:26:
In file included from ../source/runtime/src/Mutator/Mutator.h:16:
In file included from ../source/runtime/src/Heap/Allocator/Allocator.h:11:
In file included from ../source/runtime/src/Heap/Allocator/AllocBufferManager.h:15:
In file included from ../source/runtime/src/Heap/Allocator/AllocBuffer.h:18:
In file included from ../source/runtime/src/Heap/Allocator/RegionList.h:11:
In file included from ../source/runtime/src/Heap/Allocator/RegionInfo.h:50:
In file included from ../source/runtime/src/Heap/Allocator/ForwardingTable.h:15:
../source/runtime/src/Heap/Collector/ZForwarding.h:33:1: warning: class 'LiveInfo' was previously declared as a struct; this is valid, but may result in linker errors under the Microsoft C++ ABI [-Wmismatched-tags]
class LiveInfo;
^
../source/runtime/src/Heap/Collector/LiveInfo.h:185:8: note: previous use is here
struct LiveInfo {
       ^
../source/runtime/src/Heap/Collector/ZForwarding.h:33:1: note: did you mean struct here?
class LiveInfo;
^~~~~
struct
In file included from ../source/runtime/src/Inspector/CjHeapData.cpp:15:
In file included from ../source/runtime/src/Heap/Collector/TracingCollector.h:18:
In file included from ../source/runtime/src/Heap/Allocator/RegionSpace.h:22:
../source/runtime/src/Heap/Allocator/RegionManager.h:948:12: warning: constexpr if is a C++17 extension [-Wc++17-extensions]
        if constexpr (G == Generation::Old) {
           ^
In file included from ../source/runtime/src/Inspector/CjHeapData.cpp:15:
../source/runtime/src/Heap/Collector/TracingCollector.h:407:20: warning: unused variable 'objSize' [-Wunused-variable]
            size_t objSize = obj->GetSize();
                   ^
6 warnings generated.
[175/226] Building CXX object src/Heap/WCollector/CMakeFiles/WCollector.dir/__/Collector/RelocationSet.cpp.o
In file included from ../source/runtime/src/Heap/Collector/RelocationSet.cpp:8:
In file included from ../source/runtime/src/Heap/WCollector/WCollector.h:26:
In file included from ../source/runtime/src/Heap/Allocator/RegionSpace.h:19:
In file included from ../source/runtime/src/Heap/Allocator/Allocator.h:11:
In file included from ../source/runtime/src/Heap/Allocator/AllocBufferManager.h:15:
In file included from ../source/runtime/src/Heap/Allocator/AllocBuffer.h:18:
In file included from ../source/runtime/src/Heap/Allocator/RegionList.h:11:
In file included from ../source/runtime/src/Heap/Allocator/RegionInfo.h:35:
In file included from ../source/runtime/src/Base/Panic.h:15:
In file included from ../source/runtime/src/StackManager.h:15:
In file included from ../source/runtime/src/StackMap/StackMap.h:11:
In file included from ../source/runtime/src/StackMap/CompressedStackMap.h:15:
In file included from ../source/runtime/src/StackMap/DerivedPtr.h:11:
In file included from ../source/runtime/src/StackMap/StackMapTable.h:13:
In file included from ../source/runtime/src/Base/LogFile.h:14:
../source/runtime/src/Base/GcLog.h:263:45: warning: format string is not a string literal [-Wformat-nonliteral]
        int n = vsnprintf(buf, sizeof(buf), format, args);
                                            ^~~~~~
In file included from ../source/runtime/src/Heap/Collector/RelocationSet.cpp:8:
In file included from ../source/runtime/src/Heap/WCollector/WCollector.h:26:
In file included from ../source/runtime/src/Heap/Allocator/RegionSpace.h:19:
In file included from ../source/runtime/src/Heap/Allocator/Allocator.h:11:
In file included from ../source/runtime/src/Heap/Allocator/AllocBufferManager.h:15:
In file included from ../source/runtime/src/Heap/Allocator/AllocBuffer.h:18:
In file included from ../source/runtime/src/Heap/Allocator/RegionList.h:11:
In file included from ../source/runtime/src/Heap/Allocator/RegionInfo.h:44:
../source/runtime/src/Heap/Verify/AllocPhaseDiag.h:57:1: warning: inline variables are a C++17 extension [-Wc++17-extensions]
inline Slot g_table[kCap] = {};
^
../source/runtime/src/Heap/Verify/AllocPhaseDiag.h:58:1: warning: inline variables are a C++17 extension [-Wc++17-extensions]
inline NearEntry g_near[kNearCap] = {};
^
In file included from ../source/runtime/src/Heap/Collector/RelocationSet.cpp:8:
In file included from ../source/runtime/src/Heap/WCollector/WCollector.h:26:
In file included from ../source/runtime/src/Heap/Allocator/RegionSpace.h:19:
In file included from ../source/runtime/src/Heap/Allocator/Allocator.h:11:
In file included from ../source/runtime/src/Heap/Allocator/AllocBufferManager.h:15:
In file included from ../source/runtime/src/Heap/Allocator/AllocBuffer.h:18:
In file included from ../source/runtime/src/Heap/Allocator/RegionList.h:11:
In file included from ../source/runtime/src/Heap/Allocator/RegionInfo.h:50:
In file included from ../source/runtime/src/Heap/Allocator/ForwardingTable.h:15:
../source/runtime/src/Heap/Collector/ZForwarding.h:33:1: warning: class 'LiveInfo' was previously declared as a struct; this is valid, but may result in linker errors under the Microsoft C++ ABI [-Wmismatched-tags]
class LiveInfo;
^
../source/runtime/src/Heap/Collector/LiveInfo.h:185:8: note: previous use is here
struct LiveInfo {
       ^
../source/runtime/src/Heap/Collector/ZForwarding.h:33:1: note: did you mean struct here?
class LiveInfo;
^~~~~
struct
In file included from ../source/runtime/src/Heap/Collector/RelocationSet.cpp:8:
In file included from ../source/runtime/src/Heap/WCollector/WCollector.h:26:
In file included from ../source/runtime/src/Heap/Allocator/RegionSpace.h:22:
../source/runtime/src/Heap/Allocator/RegionManager.h:948:12: warning: constexpr if is a C++17 extension [-Wc++17-extensions]
        if constexpr (G == Generation::Old) {
           ^
In file included from ../source/runtime/src/Heap/Collector/RelocationSet.cpp:8:
In file included from ../source/runtime/src/Heap/WCollector/WCollector.h:28:
In file included from ../source/runtime/src/Heap/Collector/CopyCollector.h:13:
../source/runtime/src/Heap/Collector/TracingCollector.h:407:20: warning: unused variable 'objSize' [-Wunused-variable]
            size_t objSize = obj->GetSize();
                   ^
In file included from ../source/runtime/src/Heap/Collector/RelocationSet.cpp:8:
../source/runtime/src/Heap/WCollector/WCollector.h:618:12: warning: constexpr if is a C++17 extension [-Wc++17-extensions]
        if constexpr (ForwardingTable::kEntriesSoleWhenArmed) {
           ^
../source/runtime/src/Heap/WCollector/WCollector.h:727:12: warning: constexpr if is a C++17 extension [-Wc++17-extensions]
        if constexpr (ForwardingTable::kConsumeEntries) {
           ^
../source/runtime/src/Heap/WCollector/WCollector.h:733:16: warning: constexpr if is a C++17 extension [-Wc++17-extensions]
            if constexpr (ForwardingTable::kEntriesSoleWhenArmed) {
               ^
../source/runtime/src/Heap/WCollector/WCollector.h:778:12: warning: constexpr if is a C++17 extension [-Wc++17-extensions]
        if constexpr (ForwardingTable::kConsumeEntries) {
           ^
10 warnings generated.
[176/226] Building CXX object src/Heap/Barrier/CMakeFiles/Barrier.dir/Barrier.cpp.o
In file included from ../source/runtime/src/Heap/Barrier/Barrier.cpp:10:
In file included from ../source/runtime/src/Heap/Allocator/AllocBuffer.h:18:
In file included from ../source/runtime/src/Heap/Allocator/RegionList.h:11:
In file included from ../source/runtime/src/Heap/Allocator/RegionInfo.h:35:
In file included from ../source/runtime/src/Base/Panic.h:15:
In file included from ../source/runtime/src/StackManager.h:15:
In file included from ../source/runtime/src/StackMap/StackMap.h:11:
In file included from ../source/runtime/src/StackMap/CompressedStackMap.h:15:
In file included from ../source/runtime/src/StackMap/DerivedPtr.h:11:
In file included from ../source/runtime/src/StackMap/StackMapTable.h:13:
In file included from ../source/runtime/src/Base/LogFile.h:14:
../source/runtime/src/Base/GcLog.h:263:45: warning: format string is not a string literal [-Wformat-nonliteral]
        int n = vsnprintf(buf, sizeof(buf), format, args);
                                            ^~~~~~
In file included from ../source/runtime/src/Heap/Barrier/Barrier.cpp:10:
In file included from ../source/runtime/src/Heap/Allocator/AllocBuffer.h:18:
In file included from ../source/runtime/src/Heap/Allocator/RegionList.h:11:
In file included from ../source/runtime/src/Heap/Allocator/RegionInfo.h:44:
../source/runtime/src/Heap/Verify/AllocPhaseDiag.h:57:1: warning: inline variables are a C++17 extension [-Wc++17-extensions]
inline Slot g_table[kCap] = {};
^
../source/runtime/src/Heap/Verify/AllocPhaseDiag.h:58:1: warning: inline variables are a C++17 extension [-Wc++17-extensions]
inline NearEntry g_near[kNearCap] = {};
^
In file included from ../source/runtime/src/Heap/Barrier/Barrier.cpp:10:
In file included from ../source/runtime/src/Heap/Allocator/AllocBuffer.h:18:
In file included from ../source/runtime/src/Heap/Allocator/RegionList.h:11:
In file included from ../source/runtime/src/Heap/Allocator/RegionInfo.h:50:
In file included from ../source/runtime/src/Heap/Allocator/ForwardingTable.h:15:
../source/runtime/src/Heap/Collector/ZForwarding.h:33:1: warning: class 'LiveInfo' was previously declared as a struct; this is valid, but may result in linker errors under the Microsoft C++ ABI [-Wmismatched-tags]
class LiveInfo;
^
../source/runtime/src/Heap/Collector/LiveInfo.h:185:8: note: previous use is here
struct LiveInfo {
       ^
../source/runtime/src/Heap/Collector/ZForwarding.h:33:1: note: did you mean struct here?
class LiveInfo;
^~~~~
struct
In file included from ../source/runtime/src/Heap/Barrier/Barrier.cpp:15:
In file included from ../source/runtime/src/Heap/Allocator/RegionSpace.h:22:
../source/runtime/src/Heap/Allocator/RegionManager.h:948:12: warning: constexpr if is a C++17 extension [-Wc++17-extensions]
        if constexpr (G == Generation::Old) {
           ^
../source/runtime/src/Heap/Barrier/Barrier.cpp:285:8: warning: constexpr if is a C++17 extension [-Wc++17-extensions]
    if constexpr (!kW1GhostFromStoreProbe) {
       ^
../source/runtime/src/Heap/Barrier/Barrier.cpp:314:8: warning: constexpr if is a C++17 extension [-Wc++17-extensions]
    if constexpr (!kW1GhostFromStoreProbe) {
       ^
../source/runtime/src/Heap/Barrier/Barrier.cpp:367:13: warning: unused function 'HasYoungRegionsForRecording' [-Wunused-function]
inline bool HasYoungRegionsForRecording()
            ^
8 warnings generated.
[177/226] Building CXX object src/Heap/WCollector/CMakeFiles/WCollector.dir/__/Collector/Remembered.cpp.o
In file included from ../source/runtime/src/Heap/Collector/Remembered.cpp:8:
In file included from ../source/runtime/src/Heap/WCollector/WCollector.h:26:
In file included from ../source/runtime/src/Heap/Allocator/RegionSpace.h:19:
In file included from ../source/runtime/src/Heap/Allocator/Allocator.h:11:
In file included from ../source/runtime/src/Heap/Allocator/AllocBufferManager.h:15:
In file included from ../source/runtime/src/Heap/Allocator/AllocBuffer.h:18:
In file included from ../source/runtime/src/Heap/Allocator/RegionList.h:11:
In file included from ../source/runtime/src/Heap/Allocator/RegionInfo.h:35:
In file included from ../source/runtime/src/Base/Panic.h:15:
In file included from ../source/runtime/src/StackManager.h:15:
In file included from ../source/runtime/src/StackMap/StackMap.h:11:
In file included from ../source/runtime/src/StackMap/CompressedStackMap.h:15:
In file included from ../source/runtime/src/StackMap/DerivedPtr.h:11:
In file included from ../source/runtime/src/StackMap/StackMapTable.h:13:
In file included from ../source/runtime/src/Base/LogFile.h:14:
../source/runtime/src/Base/GcLog.h:263:45: warning: format string is not a string literal [-Wformat-nonliteral]
        int n = vsnprintf(buf, sizeof(buf), format, args);
                                            ^~~~~~
In file included from ../source/runtime/src/Heap/Collector/Remembered.cpp:8:
In file included from ../source/runtime/src/Heap/WCollector/WCollector.h:26:
In file included from ../source/runtime/src/Heap/Allocator/RegionSpace.h:19:
In file included from ../source/runtime/src/Heap/Allocator/Allocator.h:11:
In file included from ../source/runtime/src/Heap/Allocator/AllocBufferManager.h:15:
In file included from ../source/runtime/src/Heap/Allocator/AllocBuffer.h:18:
In file included from ../source/runtime/src/Heap/Allocator/RegionList.h:11:
In file included from ../source/runtime/src/Heap/Allocator/RegionInfo.h:44:
../source/runtime/src/Heap/Verify/AllocPhaseDiag.h:57:1: warning: inline variables are a C++17 extension [-Wc++17-extensions]
inline Slot g_table[kCap] = {};
^
../source/runtime/src/Heap/Verify/AllocPhaseDiag.h:58:1: warning: inline variables are a C++17 extension [-Wc++17-extensions]
inline NearEntry g_near[kNearCap] = {};
^
In file included from ../source/runtime/src/Heap/Collector/Remembered.cpp:8:
In file included from ../source/runtime/src/Heap/WCollector/WCollector.h:26:
In file included from ../source/runtime/src/Heap/Allocator/RegionSpace.h:19:
In file included from ../source/runtime/src/Heap/Allocator/Allocator.h:11:
In file included from ../source/runtime/src/Heap/Allocator/AllocBufferManager.h:15:
In file included from ../source/runtime/src/Heap/Allocator/AllocBuffer.h:18:
In file included from ../source/runtime/src/Heap/Allocator/RegionList.h:11:
In file included from ../source/runtime/src/Heap/Allocator/RegionInfo.h:50:
In file included from ../source/runtime/src/Heap/Allocator/ForwardingTable.h:15:
../source/runtime/src/Heap/Collector/ZForwarding.h:33:1: warning: class 'LiveInfo' was previously declared as a struct; this is valid, but may result in linker errors under the Microsoft C++ ABI [-Wmismatched-tags]
class LiveInfo;
^
../source/runtime/src/Heap/Collector/LiveInfo.h:185:8: note: previous use is here
struct LiveInfo {
       ^
../source/runtime/src/Heap/Collector/ZForwarding.h:33:1: note: did you mean struct here?
class LiveInfo;
^~~~~
struct
In file included from ../source/runtime/src/Heap/Collector/Remembered.cpp:8:
In file included from ../source/runtime/src/Heap/WCollector/WCollector.h:26:
In file included from ../source/runtime/src/Heap/Allocator/RegionSpace.h:22:
../source/runtime/src/Heap/Allocator/RegionManager.h:948:12: warning: constexpr if is a C++17 extension [-Wc++17-extensions]
        if constexpr (G == Generation::Old) {
           ^
In file included from ../source/runtime/src/Heap/Collector/Remembered.cpp:8:
In file included from ../source/runtime/src/Heap/WCollector/WCollector.h:28:
In file included from ../source/runtime/src/Heap/Collector/CopyCollector.h:13:
../source/runtime/src/Heap/Collector/TracingCollector.h:407:20: warning: unused variable 'objSize' [-Wunused-variable]
            size_t objSize = obj->GetSize();
                   ^
In file included from ../source/runtime/src/Heap/Collector/Remembered.cpp:8:
../source/runtime/src/Heap/WCollector/WCollector.h:618:12: warning: constexpr if is a C++17 extension [-Wc++17-extensions]
        if constexpr (ForwardingTable::kEntriesSoleWhenArmed) {
           ^
../source/runtime/src/Heap/WCollector/WCollector.h:727:12: warning: constexpr if is a C++17 extension [-Wc++17-extensions]
        if constexpr (ForwardingTable::kConsumeEntries) {
           ^
../source/runtime/src/Heap/WCollector/WCollector.h:733:16: warning: constexpr if is a C++17 extension [-Wc++17-extensions]
            if constexpr (ForwardingTable::kEntriesSoleWhenArmed) {
               ^
../source/runtime/src/Heap/WCollector/WCollector.h:778:12: warning: constexpr if is a C++17 extension [-Wc++17-extensions]
        if constexpr (ForwardingTable::kConsumeEntries) {
           ^
10 warnings generated.
[178/226] Building CXX object src/Loader/CjFileLoader/CMakeFiles/CjFileLoader.dir/CjFileLoader.cpp.o
In file included from ../source/runtime/src/Loader/CjFileLoader/CjFileLoader.cpp:15:
In file included from ../source/runtime/src/ExceptionManager.inline.h:11:
In file included from ../source/runtime/src/Base/LogFile.h:14:
../source/runtime/src/Base/GcLog.h:263:45: warning: format string is not a string literal [-Wformat-nonliteral]
        int n = vsnprintf(buf, sizeof(buf), format, args);
                                            ^~~~~~
In file included from ../source/runtime/src/Loader/CjFileLoader/CjFileLoader.cpp:15:
In file included from ../source/runtime/src/ExceptionManager.inline.h:14:
In file included from ../source/runtime/src/Mutator/Mutator.h:16:
In file included from ../source/runtime/src/Heap/Allocator/Allocator.h:11:
In file included from ../source/runtime/src/Heap/Allocator/AllocBufferManager.h:15:
In file included from ../source/runtime/src/Heap/Allocator/AllocBuffer.h:18:
In file included from ../source/runtime/src/Heap/Allocator/RegionList.h:11:
In file included from ../source/runtime/src/Heap/Allocator/RegionInfo.h:44:
../source/runtime/src/Heap/Verify/AllocPhaseDiag.h:57:1: warning: inline variables are a C++17 extension [-Wc++17-extensions]
inline Slot g_table[kCap] = {};
^
../source/runtime/src/Heap/Verify/AllocPhaseDiag.h:58:1: warning: inline variables are a C++17 extension [-Wc++17-extensions]
inline NearEntry g_near[kNearCap] = {};
^
In file included from ../source/runtime/src/Loader/CjFileLoader/CjFileLoader.cpp:15:
In file included from ../source/runtime/src/ExceptionManager.inline.h:14:
In file included from ../source/runtime/src/Mutator/Mutator.h:16:
In file included from ../source/runtime/src/Heap/Allocator/Allocator.h:11:
In file included from ../source/runtime/src/Heap/Allocator/AllocBufferManager.h:15:
In file included from ../source/runtime/src/Heap/Allocator/AllocBuffer.h:18:
In file included from ../source/runtime/src/Heap/Allocator/RegionList.h:11:
In file included from ../source/runtime/src/Heap/Allocator/RegionInfo.h:50:
In file included from ../source/runtime/src/Heap/Allocator/ForwardingTable.h:15:
../source/runtime/src/Heap/Collector/ZForwarding.h:33:1: warning: class 'LiveInfo' was previously declared as a struct; this is valid, but may result in linker errors under the Microsoft C++ ABI [-Wmismatched-tags]
class LiveInfo;
^
../source/runtime/src/Heap/Collector/LiveInfo.h:185:8: note: previous use is here
struct LiveInfo {
       ^
../source/runtime/src/Heap/Collector/ZForwarding.h:33:1: note: did you mean struct here?
class LiveInfo;
^~~~~
struct
4 warnings generated.
[179/226] Building CXX object src/Heap/Collector/CMakeFiles/Collector.dir/TracingCollector.cpp.o
In file included from ../source/runtime/src/Heap/Collector/TracingCollector.cpp:9:
In file included from ../source/runtime/src/Heap/Collector/TracingCollector.h:14:
In file included from ../source/runtime/src/Heap/Collector/Collector.h:23:
In file included from ../source/runtime/src/Heap/Collector/GcStats.h:18:
In file included from ../source/runtime/src/Base/Panic.h:15:
In file included from ../source/runtime/src/StackManager.h:15:
In file included from ../source/runtime/src/StackMap/StackMap.h:11:
In file included from ../source/runtime/src/StackMap/CompressedStackMap.h:15:
In file included from ../source/runtime/src/StackMap/DerivedPtr.h:11:
In file included from ../source/runtime/src/StackMap/StackMapTable.h:13:
In file included from ../source/runtime/src/Base/LogFile.h:14:
../source/runtime/src/Base/GcLog.h:263:45: warning: format string is not a string literal [-Wformat-nonliteral]
        int n = vsnprintf(buf, sizeof(buf), format, args);
                                            ^~~~~~
In file included from ../source/runtime/src/Heap/Collector/TracingCollector.cpp:9:
In file included from ../source/runtime/src/Heap/Collector/TracingCollector.h:18:
In file included from ../source/runtime/src/Heap/Allocator/RegionSpace.h:19:
In file included from ../source/runtime/src/Heap/Allocator/Allocator.h:11:
In file included from ../source/runtime/src/Heap/Allocator/AllocBufferManager.h:15:
In file included from ../source/runtime/src/Heap/Allocator/AllocBuffer.h:18:
In file included from ../source/runtime/src/Heap/Allocator/RegionList.h:11:
In file included from ../source/runtime/src/Heap/Allocator/RegionInfo.h:44:
../source/runtime/src/Heap/Verify/AllocPhaseDiag.h:57:1: warning: inline variables are a C++17 extension [-Wc++17-extensions]
inline Slot g_table[kCap] = {};
^
../source/runtime/src/Heap/Verify/AllocPhaseDiag.h:58:1: warning: inline variables are a C++17 extension [-Wc++17-extensions]
inline NearEntry g_near[kNearCap] = {};
^
In file included from ../source/runtime/src/Heap/Collector/TracingCollector.cpp:9:
In file included from ../source/runtime/src/Heap/Collector/TracingCollector.h:18:
In file included from ../source/runtime/src/Heap/Allocator/RegionSpace.h:19:
In file included from ../source/runtime/src/Heap/Allocator/Allocator.h:11:
In file included from ../source/runtime/src/Heap/Allocator/AllocBufferManager.h:15:
In file included from ../source/runtime/src/Heap/Allocator/AllocBuffer.h:18:
In file included from ../source/runtime/src/Heap/Allocator/RegionList.h:11:
In file included from ../source/runtime/src/Heap/Allocator/RegionInfo.h:50:
In file included from ../source/runtime/src/Heap/Allocator/ForwardingTable.h:15:
../source/runtime/src/Heap/Collector/ZForwarding.h:33:1: warning: class 'LiveInfo' was previously declared as a struct; this is valid, but may result in linker errors under the Microsoft C++ ABI [-Wmismatched-tags]
class LiveInfo;
^
../source/runtime/src/Heap/Collector/LiveInfo.h:185:8: note: previous use is here
struct LiveInfo {
       ^
../source/runtime/src/Heap/Collector/ZForwarding.h:33:1: note: did you mean struct here?
class LiveInfo;
^~~~~
struct
In file included from ../source/runtime/src/Heap/Collector/TracingCollector.cpp:9:
In file included from ../source/runtime/src/Heap/Collector/TracingCollector.h:18:
In file included from ../source/runtime/src/Heap/Allocator/RegionSpace.h:22:
../source/runtime/src/Heap/Allocator/RegionManager.h:948:12: warning: constexpr if is a C++17 extension [-Wc++17-extensions]
        if constexpr (G == Generation::Old) {
           ^
In file included from ../source/runtime/src/Heap/Collector/TracingCollector.cpp:9:
../source/runtime/src/Heap/Collector/TracingCollector.h:407:20: warning: unused variable 'objSize' [-Wunused-variable]
            size_t objSize = obj->GetSize();
                   ^
6 warnings generated.
[180/226] Building CXX object src/Heap/WCollector/CMakeFiles/WCollector.dir/__/Collector/Mark.cpp.o
In file included from ../source/runtime/src/Heap/Collector/Mark.cpp:8:
In file included from ../source/runtime/src/Heap/WCollector/WCollector.h:26:
In file included from ../source/runtime/src/Heap/Allocator/RegionSpace.h:19:
In file included from ../source/runtime/src/Heap/Allocator/Allocator.h:11:
In file included from ../source/runtime/src/Heap/Allocator/AllocBufferManager.h:15:
In file included from ../source/runtime/src/Heap/Allocator/AllocBuffer.h:18:
In file included from ../source/runtime/src/Heap/Allocator/RegionList.h:11:
In file included from ../source/runtime/src/Heap/Allocator/RegionInfo.h:35:
In file included from ../source/runtime/src/Base/Panic.h:15:
In file included from ../source/runtime/src/StackManager.h:15:
In file included from ../source/runtime/src/StackMap/StackMap.h:11:
In file included from ../source/runtime/src/StackMap/CompressedStackMap.h:15:
In file included from ../source/runtime/src/StackMap/DerivedPtr.h:11:
In file included from ../source/runtime/src/StackMap/StackMapTable.h:13:
In file included from ../source/runtime/src/Base/LogFile.h:14:
../source/runtime/src/Base/GcLog.h:263:45: warning: format string is not a string literal [-Wformat-nonliteral]
        int n = vsnprintf(buf, sizeof(buf), format, args);
                                            ^~~~~~
In file included from ../source/runtime/src/Heap/Collector/Mark.cpp:8:
In file included from ../source/runtime/src/Heap/WCollector/WCollector.h:26:
In file included from ../source/runtime/src/Heap/Allocator/RegionSpace.h:19:
In file included from ../source/runtime/src/Heap/Allocator/Allocator.h:11:
In file included from ../source/runtime/src/Heap/Allocator/AllocBufferManager.h:15:
In file included from ../source/runtime/src/Heap/Allocator/AllocBuffer.h:18:
In file included from ../source/runtime/src/Heap/Allocator/RegionList.h:11:
In file included from ../source/runtime/src/Heap/Allocator/RegionInfo.h:44:
../source/runtime/src/Heap/Verify/AllocPhaseDiag.h:57:1: warning: inline variables are a C++17 extension [-Wc++17-extensions]
inline Slot g_table[kCap] = {};
^
../source/runtime/src/Heap/Verify/AllocPhaseDiag.h:58:1: warning: inline variables are a C++17 extension [-Wc++17-extensions]
inline NearEntry g_near[kNearCap] = {};
^
In file included from ../source/runtime/src/Heap/Collector/Mark.cpp:8:
In file included from ../source/runtime/src/Heap/WCollector/WCollector.h:26:
In file included from ../source/runtime/src/Heap/Allocator/RegionSpace.h:19:
In file included from ../source/runtime/src/Heap/Allocator/Allocator.h:11:
In file included from ../source/runtime/src/Heap/Allocator/AllocBufferManager.h:15:
In file included from ../source/runtime/src/Heap/Allocator/AllocBuffer.h:18:
In file included from ../source/runtime/src/Heap/Allocator/RegionList.h:11:
In file included from ../source/runtime/src/Heap/Allocator/RegionInfo.h:50:
In file included from ../source/runtime/src/Heap/Allocator/ForwardingTable.h:15:
../source/runtime/src/Heap/Collector/ZForwarding.h:33:1: warning: class 'LiveInfo' was previously declared as a struct; this is valid, but may result in linker errors under the Microsoft C++ ABI [-Wmismatched-tags]
class LiveInfo;
^
../source/runtime/src/Heap/Collector/LiveInfo.h:185:8: note: previous use is here
struct LiveInfo {
       ^
../source/runtime/src/Heap/Collector/ZForwarding.h:33:1: note: did you mean struct here?
class LiveInfo;
^~~~~
struct
In file included from ../source/runtime/src/Heap/Collector/Mark.cpp:8:
In file included from ../source/runtime/src/Heap/WCollector/WCollector.h:26:
In file included from ../source/runtime/src/Heap/Allocator/RegionSpace.h:22:
../source/runtime/src/Heap/Allocator/RegionManager.h:948:12: warning: constexpr if is a C++17 extension [-Wc++17-extensions]
        if constexpr (G == Generation::Old) {
           ^
In file included from ../source/runtime/src/Heap/Collector/Mark.cpp:8:
In file included from ../source/runtime/src/Heap/WCollector/WCollector.h:28:
In file included from ../source/runtime/src/Heap/Collector/CopyCollector.h:13:
../source/runtime/src/Heap/Collector/TracingCollector.h:407:20: warning: unused variable 'objSize' [-Wunused-variable]
            size_t objSize = obj->GetSize();
                   ^
In file included from ../source/runtime/src/Heap/Collector/Mark.cpp:8:
../source/runtime/src/Heap/WCollector/WCollector.h:618:12: warning: constexpr if is a C++17 extension [-Wc++17-extensions]
        if constexpr (ForwardingTable::kEntriesSoleWhenArmed) {
           ^
../source/runtime/src/Heap/WCollector/WCollector.h:727:12: warning: constexpr if is a C++17 extension [-Wc++17-extensions]
        if constexpr (ForwardingTable::kConsumeEntries) {
           ^
../source/runtime/src/Heap/WCollector/WCollector.h:733:16: warning: constexpr if is a C++17 extension [-Wc++17-extensions]
            if constexpr (ForwardingTable::kEntriesSoleWhenArmed) {
               ^
../source/runtime/src/Heap/WCollector/WCollector.h:778:12: warning: constexpr if is a C++17 extension [-Wc++17-extensions]
        if constexpr (ForwardingTable::kConsumeEntries) {
           ^
../source/runtime/src/Heap/Collector/Mark.cpp:1019:8: warning: unused function 'MarkStripeCount' [-Wunused-function]
size_t MarkStripeCount(size_t workers)
       ^
11 warnings generated.
[181/226] Building CXX object src/Heap/WCollector/CMakeFiles/WCollector.dir/__/Collector/Relocate.cpp.o
In file included from ../source/runtime/src/Heap/Collector/Relocate.cpp:8:
In file included from ../source/runtime/src/Heap/WCollector/WCollector.h:26:
In file included from ../source/runtime/src/Heap/Allocator/RegionSpace.h:19:
In file included from ../source/runtime/src/Heap/Allocator/Allocator.h:11:
In file included from ../source/runtime/src/Heap/Allocator/AllocBufferManager.h:15:
In file included from ../source/runtime/src/Heap/Allocator/AllocBuffer.h:18:
In file included from ../source/runtime/src/Heap/Allocator/RegionList.h:11:
In file included from ../source/runtime/src/Heap/Allocator/RegionInfo.h:35:
In file included from ../source/runtime/src/Base/Panic.h:15:
In file included from ../source/runtime/src/StackManager.h:15:
In file included from ../source/runtime/src/StackMap/StackMap.h:11:
In file included from ../source/runtime/src/StackMap/CompressedStackMap.h:15:
In file included from ../source/runtime/src/StackMap/DerivedPtr.h:11:
In file included from ../source/runtime/src/StackMap/StackMapTable.h:13:
In file included from ../source/runtime/src/Base/LogFile.h:14:
../source/runtime/src/Base/GcLog.h:263:45: warning: format string is not a string literal [-Wformat-nonliteral]
        int n = vsnprintf(buf, sizeof(buf), format, args);
                                            ^~~~~~
In file included from ../source/runtime/src/Heap/Collector/Relocate.cpp:8:
In file included from ../source/runtime/src/Heap/WCollector/WCollector.h:26:
In file included from ../source/runtime/src/Heap/Allocator/RegionSpace.h:19:
In file included from ../source/runtime/src/Heap/Allocator/Allocator.h:11:
In file included from ../source/runtime/src/Heap/Allocator/AllocBufferManager.h:15:
In file included from ../source/runtime/src/Heap/Allocator/AllocBuffer.h:18:
In file included from ../source/runtime/src/Heap/Allocator/RegionList.h:11:
In file included from ../source/runtime/src/Heap/Allocator/RegionInfo.h:44:
../source/runtime/src/Heap/Verify/AllocPhaseDiag.h:57:1: warning: inline variables are a C++17 extension [-Wc++17-extensions]
inline Slot g_table[kCap] = {};
^
../source/runtime/src/Heap/Verify/AllocPhaseDiag.h:58:1: warning: inline variables are a C++17 extension [-Wc++17-extensions]
inline NearEntry g_near[kNearCap] = {};
^
In file included from ../source/runtime/src/Heap/Collector/Relocate.cpp:8:
In file included from ../source/runtime/src/Heap/WCollector/WCollector.h:26:
In file included from ../source/runtime/src/Heap/Allocator/RegionSpace.h:19:
In file included from ../source/runtime/src/Heap/Allocator/Allocator.h:11:
In file included from ../source/runtime/src/Heap/Allocator/AllocBufferManager.h:15:
In file included from ../source/runtime/src/Heap/Allocator/AllocBuffer.h:18:
In file included from ../source/runtime/src/Heap/Allocator/RegionList.h:11:
In file included from ../source/runtime/src/Heap/Allocator/RegionInfo.h:50:
In file included from ../source/runtime/src/Heap/Allocator/ForwardingTable.h:15:
../source/runtime/src/Heap/Collector/ZForwarding.h:33:1: warning: class 'LiveInfo' was previously declared as a struct; this is valid, but may result in linker errors under the Microsoft C++ ABI [-Wmismatched-tags]
class LiveInfo;
^
../source/runtime/src/Heap/Collector/LiveInfo.h:185:8: note: previous use is here
struct LiveInfo {
       ^
../source/runtime/src/Heap/Collector/ZForwarding.h:33:1: note: did you mean struct here?
class LiveInfo;
^~~~~
struct
In file included from ../source/runtime/src/Heap/Collector/Relocate.cpp:8:
In file included from ../source/runtime/src/Heap/WCollector/WCollector.h:26:
In file included from ../source/runtime/src/Heap/Allocator/RegionSpace.h:22:
../source/runtime/src/Heap/Allocator/RegionManager.h:948:12: warning: constexpr if is a C++17 extension [-Wc++17-extensions]
        if constexpr (G == Generation::Old) {
           ^
In file included from ../source/runtime/src/Heap/Collector/Relocate.cpp:8:
In file included from ../source/runtime/src/Heap/WCollector/WCollector.h:28:
In file included from ../source/runtime/src/Heap/Collector/CopyCollector.h:13:
../source/runtime/src/Heap/Collector/TracingCollector.h:407:20: warning: unused variable 'objSize' [-Wunused-variable]
            size_t objSize = obj->GetSize();
                   ^
In file included from ../source/runtime/src/Heap/Collector/Relocate.cpp:8:
../source/runtime/src/Heap/WCollector/WCollector.h:618:12: warning: constexpr if is a C++17 extension [-Wc++17-extensions]
        if constexpr (ForwardingTable::kEntriesSoleWhenArmed) {
           ^
../source/runtime/src/Heap/WCollector/WCollector.h:727:12: warning: constexpr if is a C++17 extension [-Wc++17-extensions]
        if constexpr (ForwardingTable::kConsumeEntries) {
           ^
../source/runtime/src/Heap/WCollector/WCollector.h:733:16: warning: constexpr if is a C++17 extension [-Wc++17-extensions]
            if constexpr (ForwardingTable::kEntriesSoleWhenArmed) {
               ^
../source/runtime/src/Heap/WCollector/WCollector.h:778:12: warning: constexpr if is a C++17 extension [-Wc++17-extensions]
        if constexpr (ForwardingTable::kConsumeEntries) {
           ^
../source/runtime/src/Heap/Collector/Relocate.cpp:1379:36: warning: lambda capture 'object' is not used [-Wunused-lambda-capture]
    object->ForEachRefField([this, object, stw](RefField<>& field) {
                                 ~~^~~~~~
../source/runtime/src/Heap/Collector/Relocate.cpp:1463:33: warning: lambda capture 'this' is not used [-Wunused-lambda-capture]
    auto fixHeapParallelOnly = [this, &reachableVec, &remsetVec, &fixHeapSlice](GCWorkers& pool) {
                                ^~~~~
../source/runtime/src/Heap/Collector/Relocate.cpp:1866:12: warning: variable 'contOff' set but not used [-Wunused-but-set-variable]
    size_t contOff = 0;
           ^
../source/runtime/src/Heap/Collector/Relocate.cpp:1867:12: warning: variable 'contSize' set but not used [-Wunused-but-set-variable]
    size_t contSize = 0;
           ^
../source/runtime/src/Heap/Collector/Relocate.cpp:2329:36: warning: unused variable 'provenance' [-Wunused-variable]
        const ForwardingProvenance provenance{ ForwardingHolderKind::StackSlot, this, &obj };
                                   ^
15 warnings generated.
[182/226] Checking that HeapSlot compare-exchange writes stay inside HealSlot
HEAL_SLOT_GUARD PASS direct_calls=1 escaped=0 enum_sites=53 explicit_uses=81 other=0
[183/226] Building CXX object src/Heap/Allocator/CMakeFiles/Allocator.dir/RegionManager.cpp.o
In file included from ../source/runtime/src/Heap/Allocator/RegionManager.cpp:8:
In file included from ../source/runtime/src/Heap/Allocator/RegionManager.h:19:
In file included from ../source/runtime/src/Heap/Allocator/AllocBuffer.h:18:
In file included from ../source/runtime/src/Heap/Allocator/RegionList.h:11:
In file included from ../source/runtime/src/Heap/Allocator/RegionInfo.h:35:
In file included from ../source/runtime/src/Base/Panic.h:15:
In file included from ../source/runtime/src/StackManager.h:15:
In file included from ../source/runtime/src/StackMap/StackMap.h:11:
In file included from ../source/runtime/src/StackMap/CompressedStackMap.h:15:
In file included from ../source/runtime/src/StackMap/DerivedPtr.h:11:
In file included from ../source/runtime/src/StackMap/StackMapTable.h:13:
In file included from ../source/runtime/src/Base/LogFile.h:14:
../source/runtime/src/Base/GcLog.h:263:45: warning: format string is not a string literal [-Wformat-nonliteral]
        int n = vsnprintf(buf, sizeof(buf), format, args);
                                            ^~~~~~
In file included from ../source/runtime/src/Heap/Allocator/RegionManager.cpp:8:
In file included from ../source/runtime/src/Heap/Allocator/RegionManager.h:19:
In file included from ../source/runtime/src/Heap/Allocator/AllocBuffer.h:18:
In file included from ../source/runtime/src/Heap/Allocator/RegionList.h:11:
In file included from ../source/runtime/src/Heap/Allocator/RegionInfo.h:44:
../source/runtime/src/Heap/Verify/AllocPhaseDiag.h:57:1: warning: inline variables are a C++17 extension [-Wc++17-extensions]
inline Slot g_table[kCap] = {};
^
../source/runtime/src/Heap/Verify/AllocPhaseDiag.h:58:1: warning: inline variables are a C++17 extension [-Wc++17-extensions]
inline NearEntry g_near[kNearCap] = {};
^
In file included from ../source/runtime/src/Heap/Allocator/RegionManager.cpp:8:
In file included from ../source/runtime/src/Heap/Allocator/RegionManager.h:19:
In file included from ../source/runtime/src/Heap/Allocator/AllocBuffer.h:18:
In file included from ../source/runtime/src/Heap/Allocator/RegionList.h:11:
In file included from ../source/runtime/src/Heap/Allocator/RegionInfo.h:50:
In file included from ../source/runtime/src/Heap/Allocator/ForwardingTable.h:15:
../source/runtime/src/Heap/Collector/ZForwarding.h:33:1: warning: class 'LiveInfo' was previously declared as a struct; this is valid, but may result in linker errors under the Microsoft C++ ABI [-Wmismatched-tags]
class LiveInfo;
^
../source/runtime/src/Heap/Collector/LiveInfo.h:185:8: note: previous use is here
struct LiveInfo {
       ^
../source/runtime/src/Heap/Collector/ZForwarding.h:33:1: note: did you mean struct here?
class LiveInfo;
^~~~~
struct
In file included from ../source/runtime/src/Heap/Allocator/RegionManager.cpp:8:
../source/runtime/src/Heap/Allocator/RegionManager.h:948:12: warning: constexpr if is a C++17 extension [-Wc++17-extensions]
        if constexpr (G == Generation::Old) {
           ^
In file included from ../source/runtime/src/Heap/Allocator/RegionManager.cpp:28:
In file included from ../source/runtime/src/Heap/Collector/CopyCollector.h:13:
../source/runtime/src/Heap/Collector/TracingCollector.h:407:20: warning: unused variable 'objSize' [-Wunused-variable]
            size_t objSize = obj->GetSize();
                   ^
In file included from ../source/runtime/src/Heap/Allocator/RegionManager.cpp:29:
../source/runtime/src/Heap/Collector/GcTrigger.h:216:41: warning: comparing floating point with == or != is unsafe [-Wfloat-equal]
    if (currentYoungGcTimePerBytesFreed == std::numeric_limits<double>::infinity()) {
        ~~~~~~~~~~~~~~~~~~~~~~~~~~~~~~~ ^  ~~~~~~~~~~~~~~~~~~~~~~~~~~~~~~~~~~~~~~~
In file included from ../source/runtime/src/Heap/Allocator/RegionManager.cpp:44:
../source/runtime/src/Heap/WCollector/RelocationSetSelector.h:13:1: warning: inline variables are a C++17 extension [-Wc++17-extensions]
inline constexpr bool kUseRelocationSetSelector = true;
^
../source/runtime/src/Heap/WCollector/RelocationSetSelector.h:14:1: warning: inline variables are a C++17 extension [-Wc++17-extensions]
inline constexpr double kRelocationFragmentationLimitPercent = 25.0;
^
../source/runtime/src/Heap/WCollector/RelocationSetSelector.h:16:1: warning: inline variables are a C++17 extension [-Wc++17-extensions]
inline constexpr size_t kRelocationMaxSmallRegionBytes = 128 * 1024;
^
../source/runtime/src/Heap/WCollector/RelocationSetSelector.h:18:1: warning: inline variables are a C++17 extension [-Wc++17-extensions]
inline constexpr size_t kRelocationObjectSizeLimit = 16 * 1024;
^
../source/runtime/src/Heap/Allocator/RegionManager.cpp:240:61: warning: lambda capture 'object' is not used [-Wunused-lambda-capture]
        object->ForEachRefField([&rememberedSet, &recorded, object](RefField<>& field) {
                                                          ~~^~~~~~
../source/runtime/src/Heap/Allocator/RegionManager.cpp:289:65: warning: lambda capture 'region' is not used [-Wunused-lambda-capture]
            object->ForEachRefField([&rememberedSet, &recorded, region](RefField<>& field) {
                                                              ~~^~~~~~
../source/runtime/src/Heap/Allocator/RegionManager.cpp:724:21: warning: unused variable 'region' [-Wunused-variable]
        RegionInfo* region = RegionInfo::TryGetRegionInfoAt(RegionInfo::GetUnitAddress(idx));
                    ^
../source/runtime/src/Heap/Allocator/RegionManager.cpp:2711:24: warning: unused variable 'receipt' [-Wunused-variable]
        const MAddress receipt = ForwardingTable::InsertMapping(publication, currentPtr, toAddress);
                       ^
../source/runtime/src/Heap/Allocator/RegionManager.cpp:2865:24: warning: unused variable 'receipt' [-Wunused-variable]
        const MAddress receipt = ForwardingTable::InsertMapping(publication, currentPtr, toAddress);
                       ^
../source/runtime/src/Heap/Allocator/RegionManager.cpp:3331:28: warning: unused variable 'liveBefore' [-Wunused-variable]
            const uint64_t liveBefore = region->GetLiveByteCount();
                           ^
../source/runtime/src/Heap/Allocator/RegionManager.cpp:3333:20: warning: unused variable 'markedBefore' [-Wunused-variable]
            size_t markedBefore = 0;
                   ^
../source/runtime/src/Heap/Allocator/RegionManager.cpp:3339:28: warning: unused variable 'liveAfterReset' [-Wunused-variable]
            const uint64_t liveAfterReset = region->GetLiveByteCount();
                           ^
../source/runtime/src/Heap/Allocator/RegionManager.cpp:3341:20: warning: unused variable 'markedAfterReset' [-Wunused-variable]
            size_t markedAfterReset = 0;
                   ^
../source/runtime/src/Heap/Allocator/RegionManager.cpp:3346:20: warning: unused variable 'markedAfterInv' [-Wunused-variable]
            size_t markedAfterInv = 0;
                   ^
../source/runtime/src/Heap/Allocator/RegionManager.cpp:3167:75: warning: lambda capture 'toObj' is not used [-Wunused-lambda-capture]
                toObj->ForEachRefField([&rememberedSet, &promotedRecords, toObj, &collector](RefField<>& field) {
                                                                          ^
../source/runtime/src/Heap/Allocator/RegionManager.cpp:3419:30: note: in instantiation of function template specialization 'MapleRuntime::RegionManager::ForwardRegion<MapleRuntime::Generation::Young>' requested here
template void RegionManager::ForwardRegion<Generation::Young>(RegionInfo*);
                             ^
../source/runtime/src/Heap/Allocator/RegionManager.cpp:3150:78: warning: lambda capture 'oldObjForwarded' is not used [-Wunused-lambda-capture]
        [&collector, region, youngRegion, &rememberedSet, &promotedRecords, &oldObjForwarded,
                                                                             ^
../source/runtime/src/Heap/Allocator/RegionManager.cpp:3151:11: warning: lambda capture 'o2yOnToForOld' is not used [-Wunused-lambda-capture]
         &o2yOnToForOld, &recordedOnToForOld](BaseObject* obj) {
          ^
../source/runtime/src/Heap/Allocator/RegionManager.cpp:3167:75: warning: lambda capture 'toObj' is not used [-Wunused-lambda-capture]
                toObj->ForEachRefField([&rememberedSet, &promotedRecords, toObj, &collector](RefField<>& field) {
                                                                          ^
../source/runtime/src/Heap/Allocator/RegionManager.cpp:3420:30: note: in instantiation of function template specialization 'MapleRuntime::RegionManager::ForwardRegion<MapleRuntime::Generation::Old>' requested here
template void RegionManager::ForwardRegion<Generation::Old>(RegionInfo*);
                             ^
../source/runtime/src/Heap/Allocator/RegionManager.cpp:3150:78: warning: lambda capture 'oldObjForwarded' is not used [-Wunused-lambda-capture]
        [&collector, region, youngRegion, &rememberedSet, &promotedRecords, &oldObjForwarded,
                                                                             ^
../source/runtime/src/Heap/Allocator/RegionManager.cpp:3151:11: warning: lambda capture 'o2yOnToForOld' is not used [-Wunused-lambda-capture]
         &o2yOnToForOld, &recordedOnToForOld](BaseObject* obj) {
          ^
27 warnings generated.
[184/226] Building CXX object src/Heap/Verify/CMakeFiles/Verify.dir/SurvNodeDiag.cpp.o
In file included from ../source/runtime/src/Heap/Verify/SurvNodeDiag.cpp:16:
In file included from ../source/runtime/src/Heap/Allocator/RegionInfo.h:35:
In file included from ../source/runtime/src/Base/Panic.h:15:
In file included from ../source/runtime/src/StackManager.h:15:
In file included from ../source/runtime/src/StackMap/StackMap.h:11:
In file included from ../source/runtime/src/StackMap/CompressedStackMap.h:15:
In file included from ../source/runtime/src/StackMap/DerivedPtr.h:11:
In file included from ../source/runtime/src/StackMap/StackMapTable.h:13:
In file included from ../source/runtime/src/Base/LogFile.h:14:
../source/runtime/src/Base/GcLog.h:263:45: warning: format string is not a string literal [-Wformat-nonliteral]
        int n = vsnprintf(buf, sizeof(buf), format, args);
                                            ^~~~~~
In file included from ../source/runtime/src/Heap/Verify/SurvNodeDiag.cpp:16:
In file included from ../source/runtime/src/Heap/Allocator/RegionInfo.h:44:
../source/runtime/src/Heap/Verify/AllocPhaseDiag.h:57:1: warning: inline variables are a C++17 extension [-Wc++17-extensions]
inline Slot g_table[kCap] = {};
^
../source/runtime/src/Heap/Verify/AllocPhaseDiag.h:58:1: warning: inline variables are a C++17 extension [-Wc++17-extensions]
inline NearEntry g_near[kNearCap] = {};
^
In file included from ../source/runtime/src/Heap/Verify/SurvNodeDiag.cpp:16:
In file included from ../source/runtime/src/Heap/Allocator/RegionInfo.h:50:
In file included from ../source/runtime/src/Heap/Allocator/ForwardingTable.h:15:
../source/runtime/src/Heap/Collector/ZForwarding.h:33:1: warning: class 'LiveInfo' was previously declared as a struct; this is valid, but may result in linker errors under the Microsoft C++ ABI [-Wmismatched-tags]
class LiveInfo;
^
../source/runtime/src/Heap/Collector/LiveInfo.h:185:8: note: previous use is here
struct LiveInfo {
       ^
../source/runtime/src/Heap/Collector/ZForwarding.h:33:1: note: did you mean struct here?
class LiveInfo;
^~~~~
struct
In file included from ../source/runtime/src/Heap/Verify/SurvNodeDiag.cpp:17:
In file included from ../source/runtime/src/Heap/Allocator/RegionSpace.h:22:
../source/runtime/src/Heap/Allocator/RegionManager.h:948:12: warning: constexpr if is a C++17 extension [-Wc++17-extensions]
        if constexpr (G == Generation::Old) {
           ^
5 warnings generated.
ninja: build stopped: subcommand failed.
