-- Using compiler cache: /usr/bin/ccache
-- install path: /root/sym_cangjie_runtime_465_implement_r5651041991/install-default
-- DOPRA_FLAG : 1
-- COV : 0
-- ASAN_FLAG : 0
-- HWASAN_FLAG : 0
-- OHOS_FLAG : 0
-- WINDOWS_FLAG : 0
-- ANDROID_FLAG : 0
-- MACOS_FLAG : 0
-- IOS_FLAG : 0
-- IOS_SIMULATOR_FLAG : 0
-- GLOBAL_EXPORT_FLAG : 1
-- ASAN_SUPPORT_FLAG : 0
-- TSAN_SUPPORT_FLAG : 0
-- HWASAN_SUPPORT_FLAG : 0
-- GWPASAN_SUPPORT_FLAG : 1
-- SANITIZER_SUPPORT_FLAG : 0
-- CMAKE_HOST_SYSTEM_PROCESSOR : x86_64
-- cmake_host_system_processor : x86_64
-- HOST_SYSTEM_NAME is not set. Use pre-installed clang.
-- Found LLVM 
-- System: Linux
-- Host processor:x86_64
-- CMAKE_AR : /usr/bin/ar
-- CANGJIE_RUNTIME_CONFIG_ID: 
-- OUTPUT_TEMP_PATH: /root/sym_cangjie_runtime_465_implement_r5651041991/build-default/runtime-staging
-- CMAKE_LIBRARY_OUTPUT_DIRECTORY: /root/sym_cangjie_runtime_465_implement_r5651041991/build-default/runtime-staging/lib/x86_64_Release
-- CMAKE_ARCHIVE_OUTPUT_DIRECTORY: /root/sym_cangjie_runtime_465_implement_r5651041991/build-default/runtime-staging/ar/x86_64_Release
-- CMAKE_RUNTIME_OUTPUT_DIRECTORY: /root/sym_cangjie_runtime_465_implement_r5651041991/build-default/runtime-staging/bin/x86_64_Release
-- <CMAKE_AR> deterministic mode (-D) is set.
-- <CMAKE_RANLIB> deterministic mode (-D) is set.
-- BUILD_CJTHREAD: ON
-- BUILD_RUNTIME: ON
build cjthread for x86_64
CJTHREAD BUILDING: target:linux_x86_64_cangjie, build type: Release, libtype: STATIC, building stage: cj, other definitions:  -DRUNTIME_OUTPUT_ROOT=/root/sym_cangjie_runtime_465_implement_r5651041991/build-default/runtime-staging, path: /root/sym_cangjie_runtime_465_implement_r5651041991/source/runtime/build/..//src/CJThread
-- The C compiler identification is GNU 11.4.0
-- The CXX compiler identification is GNU 11.4.0
-- Detecting C compiler ABI info
-- Detecting C compiler ABI info - done
-- Check for working C compiler: /usr/lib/ccache/cc - skipped
-- Detecting C compile features
-- Detecting C compile features - done
-- Detecting CXX compiler ABI info
-- Detecting CXX compiler ABI info - done
-- Check for working CXX compiler: /usr/lib/ccache/c++ - skipped
-- Detecting CXX compile features
-- Detecting CXX compile features - done
-- Found Python3: /usr/bin/python3.10 (found version "3.10.12") found components: Interpreter 
-- The ASM compiler identification is Clang with GNU-like command-line
-- Found assembler: /usr/lib/ccache/clang
-- Configuring done
-- Generating done
-- Build files have been written to: /root/sym_cangjie_runtime_465_implement_r5651041991/build-default/cjthread-build
[  2%] Building CXX object src/base/external/CMakeFiles/external.dir/src/external.cpp.o
[  5%] Building CXX object src/runtime/util/basetime/CMakeFiles/basetime.dir/src/basetime.cpp.o
[  8%] Building CXX object src/base/log/CMakeFiles/log.dir/src/log.cpp.o
[  8%] Built target basetime
[  8%] Built target external
[  8%] Built target log
[ 11%] Building CXX object src/runtime/netpoll/CMakeFiles/netpoll.dir/src/linux/netpoll.cpp.o
[ 14%] Building CXX object src/runtime/netpoll/CMakeFiles/netpoll.dir/src/netpoll_common.cpp.o
[ 14%] Built target netpoll
Scanning dependencies of target schedule
[ 17%] Building CXX object src/runtime/schedule/CMakeFiles/schedule.dir/src/processor.cpp.o
[ 20%] Building CXX object src/runtime/schedule/CMakeFiles/schedule.dir/src/cjthread_key.cpp.o
[ 23%] Building CXX object src/runtime/schedule/CMakeFiles/schedule.dir/src/thread.cpp.o
[ 29%] Building CXX object src/runtime/schedule/CMakeFiles/schedule.dir/src/cjthread.cpp.o
[ 29%] Building CXX object src/runtime/schedule/CMakeFiles/schedule.dir/src/schdpoll.cpp.o
[ 32%] Building CXX object src/runtime/schedule/CMakeFiles/schedule.dir/src/schmon.cpp.o
[ 35%] Building CXX object src/runtime/schedule/CMakeFiles/schedule.dir/src/schedule.cpp.o
[ 38%] Building ASM object src/runtime/schedule/CMakeFiles/schedule.dir/src/gas/x86/x86_64/cjthread_context.S.o
In file included from ../../../../../source/runtime/src/CJThread/src/runtime/schedule/src/cjthread_key.cpp:9:
In file included from ../../../../../source/runtime/src/CJThread/src/runtime/schedule/include/inner/schedule_impl.h:19:
In file included from ../../../../../source/runtime/src/CJThread/src/runtime/schedule/include/inner/cjthread.h:21:
In file included from ../../../../../source/runtime/src/Mutator/Mutator.h:15:
In file included from ../../../../../source/runtime/src/Exception/Exception.h:17:
In file included from ../../../../../source/runtime/src/Common/NativeAllocator.h:15:
In file included from ../../../../../source/runtime/src/Common/PagePool.h:22:
In file included from ../../../../../source/runtime/src/Heap/Allocator/CartesianTree.h:14:
In file included from ../../../../../source/runtime/src/Base/LogFile.h:14:
../../../../../source/runtime/src/Base/GcLog.h:263:45: warning: format string is not a string literal [-Wformat-nonliteral]
        int n = vsnprintf(buf, sizeof(buf), format, args);
                                            ^~~~~~
In file included from ../../../../../source/runtime/src/CJThread/src/runtime/schedule/src/cjthread_key.cpp:9:
In file included from ../../../../../source/runtime/src/CJThread/src/runtime/schedule/include/inner/schedule_impl.h:19:
In file included from ../../../../../source/runtime/src/CJThread/src/runtime/schedule/include/inner/cjthread.h:21:
In file included from ../../../../../source/runtime/src/Mutator/Mutator.h:16:
In file included from ../../../../../source/runtime/src/Heap/Allocator/Allocator.h:11:
In file included from ../../../../../source/runtime/src/Heap/Allocator/AllocBufferManager.h:15:
In file included from ../../../../../source/runtime/src/Heap/Allocator/AllocBuffer.h:18:
In file included from ../../../../../source/runtime/src/Heap/Allocator/RegionList.h:11:
In file included from ../../../../../source/runtime/src/Heap/Allocator/RegionInfo.h:44:
../../../../../source/runtime/src/Heap/Verify/AllocPhaseDiag.h:57:1: warning: inline variables are a C++17 extension [-Wc++17-extensions]
inline Slot g_table[kCap] = {};
^
../../../../../source/runtime/src/Heap/Verify/AllocPhaseDiag.h:58:1: warning: inline variables are a C++17 extension [-Wc++17-extensions]
inline NearEntry g_near[kNearCap] = {};
^
In file included from ../../../../../source/runtime/src/CJThread/src/runtime/schedule/src/cjthread_key.cpp:9:
In file included from ../../../../../source/runtime/src/CJThread/src/runtime/schedule/include/inner/schedule_impl.h:19:
In file included from ../../../../../source/runtime/src/CJThread/src/runtime/schedule/include/inner/cjthread.h:21:
In file included from ../../../../../source/runtime/src/Mutator/Mutator.h:16:
In file included from ../../../../../source/runtime/src/Heap/Allocator/Allocator.h:11:
In file included from ../../../../../source/runtime/src/Heap/Allocator/AllocBufferManager.h:15:
In file included from ../../../../../source/runtime/src/Heap/Allocator/AllocBuffer.h:18:
In file included from ../../../../../source/runtime/src/Heap/Allocator/RegionList.h:11:
In file included from ../../../../../source/runtime/src/Heap/Allocator/RegionInfo.h:50:
In file included from ../../../../../source/runtime/src/Heap/Allocator/ForwardingTable.h:15:
../../../../../source/runtime/src/Heap/Collector/ZForwarding.h:33:1: warning: class 'LiveInfo' was previously declared as a struct; this is valid, but may result in linker errors under the Microsoft C++ ABI [-Wmismatched-tags]
class LiveInfo;
^
../../../../../source/runtime/src/Heap/Collector/LiveInfo.h:185:8: note: previous use is here
struct LiveInfo {
       ^
../../../../../source/runtime/src/Heap/Collector/ZForwarding.h:33:1: note: did you mean struct here?
class LiveInfo;
^~~~~
struct
4 warnings generated.
In file included from ../../../../../source/runtime/src/CJThread/src/runtime/schedule/src/schdpoll.cpp:8:
In file included from ../../../../../source/runtime/src/CJThread/src/runtime/schedule/include/inner/schdpoll.h:15:
In file included from ../../../../../source/runtime/src/CJThread/src/runtime/schedule/include/inner/schedule_impl.h:19:
In file included from ../../../../../source/runtime/src/CJThread/src/runtime/schedule/include/inner/cjthread.h:21:
In file included from ../../../../../source/runtime/src/Mutator/Mutator.h:15:
In file included from ../../../../../source/runtime/src/Exception/Exception.h:17:
In file included from ../../../../../source/runtime/src/Common/NativeAllocator.h:15:
In file included from ../../../../../source/runtime/src/Common/PagePool.h:22:
In file included from ../../../../../source/runtime/src/Heap/Allocator/CartesianTree.h:14:
In file included from ../../../../../source/runtime/src/Base/LogFile.h:14:
../../../../../source/runtime/src/Base/GcLog.h:263:45: warning: format string is not a string literal [-Wformat-nonliteral]
        int n = vsnprintf(buf, sizeof(buf), format, args);
                                            ^~~~~~
In file included from ../../../../../source/runtime/src/CJThread/src/runtime/schedule/src/schdpoll.cpp:8:
In file included from ../../../../../source/runtime/src/CJThread/src/runtime/schedule/include/inner/schdpoll.h:15:
In file included from ../../../../../source/runtime/src/CJThread/src/runtime/schedule/include/inner/schedule_impl.h:19:
In file included from ../../../../../source/runtime/src/CJThread/src/runtime/schedule/include/inner/cjthread.h:21:
In file included from ../../../../../source/runtime/src/Mutator/Mutator.h:16:
In file included from ../../../../../source/runtime/src/Heap/Allocator/Allocator.h:11:
In file included from ../../../../../source/runtime/src/Heap/Allocator/AllocBufferManager.h:15:
In file included from ../../../../../source/runtime/src/Heap/Allocator/AllocBuffer.h:18:
In file included from ../../../../../source/runtime/src/Heap/Allocator/RegionList.h:11:
In file included from ../../../../../source/runtime/src/Heap/Allocator/RegionInfo.h:44:
../../../../../source/runtime/src/Heap/Verify/AllocPhaseDiag.h:57:1: warning: inline variables are a C++17 extension [-Wc++17-extensions]
inline Slot g_table[kCap] = {};
^
../../../../../source/runtime/src/Heap/Verify/AllocPhaseDiag.h:58:1: warning: inline variables are a C++17 extension [-Wc++17-extensions]
inline NearEntry g_near[kNearCap] = {};
^
In file included from ../../../../../source/runtime/src/CJThread/src/runtime/schedule/src/schdpoll.cpp:8:
In file included from ../../../../../source/runtime/src/CJThread/src/runtime/schedule/include/inner/schdpoll.h:15:
In file included from ../../../../../source/runtime/src/CJThread/src/runtime/schedule/include/inner/schedule_impl.h:19:
In file included from ../../../../../source/runtime/src/CJThread/src/runtime/schedule/include/inner/cjthread.h:21:
In file included from ../../../../../source/runtime/src/Mutator/Mutator.h:16:
In file included from ../../../../../source/runtime/src/Heap/Allocator/Allocator.h:11:
In file included from ../../../../../source/runtime/src/Heap/Allocator/AllocBufferManager.h:15:
In file included from ../../../../../source/runtime/src/Heap/Allocator/AllocBuffer.h:18:
In file included from ../../../../../source/runtime/src/Heap/Allocator/RegionList.h:11:
In file included from ../../../../../source/runtime/src/Heap/Allocator/RegionInfo.h:50:
In file included from ../../../../../source/runtime/src/Heap/Allocator/ForwardingTable.h:15:
../../../../../source/runtime/src/Heap/Collector/ZForwarding.h:33:1: warning: class 'LiveInfo' was previously declared as a struct; this is valid, but may result in linker errors under the Microsoft C++ ABI [-Wmismatched-tags]
class LiveInfo;
^
../../../../../source/runtime/src/Heap/Collector/LiveInfo.h:185:8: note: previous use is here
struct LiveInfo {
       ^
../../../../../source/runtime/src/Heap/Collector/ZForwarding.h:33:1: note: did you mean struct here?
class LiveInfo;
^~~~~
struct
4 warnings generated.
In file included from ../../../../../source/runtime/src/CJThread/src/runtime/schedule/src/thread.cpp:10:
In file included from ../../../../../source/runtime/src/CJThread/src/runtime/schedule/include/inner/schedule_impl.h:19:
In file included from ../../../../../source/runtime/src/CJThread/src/runtime/schedule/include/inner/cjthread.h:21:
In file included from ../../../../../source/runtime/src/Mutator/Mutator.h:15:
In file included from ../../../../../source/runtime/src/Exception/Exception.h:17:
In file included from ../../../../../source/runtime/src/Common/NativeAllocator.h:15:
In file included from ../../../../../source/runtime/src/Common/PagePool.h:22:
In file included from ../../../../../source/runtime/src/Heap/Allocator/CartesianTree.h:14:
In file included from ../../../../../source/runtime/src/Base/LogFile.h:14:
../../../../../source/runtime/src/Base/GcLog.h:263:45: warning: format string is not a string literal [-Wformat-nonliteral]
        int n = vsnprintf(buf, sizeof(buf), format, args);
                                            ^~~~~~
In file included from ../../../../../source/runtime/src/CJThread/src/runtime/schedule/src/thread.cpp:10:
In file included from ../../../../../source/runtime/src/CJThread/src/runtime/schedule/include/inner/schedule_impl.h:19:
In file included from ../../../../../source/runtime/src/CJThread/src/runtime/schedule/include/inner/cjthread.h:21:
In file included from ../../../../../source/runtime/src/Mutator/Mutator.h:16:
In file included from ../../../../../source/runtime/src/Heap/Allocator/Allocator.h:11:
In file included from ../../../../../source/runtime/src/Heap/Allocator/AllocBufferManager.h:15:
In file included from ../../../../../source/runtime/src/Heap/Allocator/AllocBuffer.h:18:
In file included from ../../../../../source/runtime/src/Heap/Allocator/RegionList.h:11:
In file included from ../../../../../source/runtime/src/Heap/Allocator/RegionInfo.h:44:
../../../../../source/runtime/src/Heap/Verify/AllocPhaseDiag.h:57:1: warning: inline variables are a C++17 extension [-Wc++17-extensions]
inline Slot g_table[kCap] = {};
^
../../../../../source/runtime/src/Heap/Verify/AllocPhaseDiag.h:58:1: warning: inline variables are a C++17 extension [-Wc++17-extensions]
inline NearEntry g_near[kNearCap] = {};
^
In file included from ../../../../../source/runtime/src/CJThread/src/runtime/schedule/src/thread.cpp:10:
In file included from ../../../../../source/runtime/src/CJThread/src/runtime/schedule/include/inner/schedule_impl.h:19:
In file included from ../../../../../source/runtime/src/CJThread/src/runtime/schedule/include/inner/cjthread.h:21:
In file included from ../../../../../source/runtime/src/Mutator/Mutator.h:16:
In file included from ../../../../../source/runtime/src/Heap/Allocator/Allocator.h:11:
In file included from ../../../../../source/runtime/src/Heap/Allocator/AllocBufferManager.h:15:
In file included from ../../../../../source/runtime/src/Heap/Allocator/AllocBuffer.h:18:
In file included from ../../../../../source/runtime/src/Heap/Allocator/RegionList.h:11:
In file included from ../../../../../source/runtime/src/Heap/Allocator/RegionInfo.h:50:
In file included from ../../../../../source/runtime/src/Heap/Allocator/ForwardingTable.h:15:
../../../../../source/runtime/src/Heap/Collector/ZForwarding.h:33:1: warning: class 'LiveInfo' was previously declared as a struct; this is valid, but may result in linker errors under the Microsoft C++ ABI [-Wmismatched-tags]
class LiveInfo;
^
../../../../../source/runtime/src/Heap/Collector/LiveInfo.h:185:8: note: previous use is here
struct LiveInfo {
       ^
../../../../../source/runtime/src/Heap/Collector/ZForwarding.h:33:1: note: did you mean struct here?
class LiveInfo;
^~~~~
struct
4 warnings generated.
In file included from ../../../../../source/runtime/src/CJThread/src/runtime/schedule/src/schmon.cpp:10:
In file included from ../../../../../source/runtime/src/CJThread/src/runtime/schedule/include/inner/schedule_impl.h:19:
In file included from ../../../../../source/runtime/src/CJThread/src/runtime/schedule/include/inner/cjthread.h:21:
In file included from ../../../../../source/runtime/src/Mutator/Mutator.h:15:
In file included from ../../../../../source/runtime/src/Exception/Exception.h:17:
In file included from ../../../../../source/runtime/src/Common/NativeAllocator.h:15:
In file included from ../../../../../source/runtime/src/Common/PagePool.h:22:
In file included from ../../../../../source/runtime/src/Heap/Allocator/CartesianTree.h:14:
In file included from ../../../../../source/runtime/src/Base/LogFile.h:14:
../../../../../source/runtime/src/Base/GcLog.h:263:45: warning: format string is not a string literal [-Wformat-nonliteral]
        int n = vsnprintf(buf, sizeof(buf), format, args);
                                            ^~~~~~
In file included from ../../../../../source/runtime/src/CJThread/src/runtime/schedule/src/schmon.cpp:10:
In file included from ../../../../../source/runtime/src/CJThread/src/runtime/schedule/include/inner/schedule_impl.h:19:
In file included from ../../../../../source/runtime/src/CJThread/src/runtime/schedule/include/inner/cjthread.h:21:
In file included from ../../../../../source/runtime/src/Mutator/Mutator.h:16:
In file included from ../../../../../source/runtime/src/Heap/Allocator/Allocator.h:11:
In file included from ../../../../../source/runtime/src/Heap/Allocator/AllocBufferManager.h:15:
In file included from ../../../../../source/runtime/src/Heap/Allocator/AllocBuffer.h:18:
In file included from ../../../../../source/runtime/src/Heap/Allocator/RegionList.h:11:
In file included from ../../../../../source/runtime/src/Heap/Allocator/RegionInfo.h:44:
../../../../../source/runtime/src/Heap/Verify/AllocPhaseDiag.h:57:1: warning: inline variables are a C++17 extension [-Wc++17-extensions]
inline Slot g_table[kCap] = {};
^
../../../../../source/runtime/src/Heap/Verify/AllocPhaseDiag.h:58:1: warning: inline variables are a C++17 extension [-Wc++17-extensions]
inline NearEntry g_near[kNearCap] = {};
^
In file included from ../../../../../source/runtime/src/CJThread/src/runtime/schedule/src/schmon.cpp:10:
In file included from ../../../../../source/runtime/src/CJThread/src/runtime/schedule/include/inner/schedule_impl.h:19:
In file included from ../../../../../source/runtime/src/CJThread/src/runtime/schedule/include/inner/cjthread.h:21:
In file included from ../../../../../source/runtime/src/Mutator/Mutator.h:16:
In file included from ../../../../../source/runtime/src/Heap/Allocator/Allocator.h:11:
In file included from ../../../../../source/runtime/src/Heap/Allocator/AllocBufferManager.h:15:
In file included from ../../../../../source/runtime/src/Heap/Allocator/AllocBuffer.h:18:
In file included from ../../../../../source/runtime/src/Heap/Allocator/RegionList.h:11:
In file included from ../../../../../source/runtime/src/Heap/Allocator/RegionInfo.h:50:
In file included from ../../../../../source/runtime/src/Heap/Allocator/ForwardingTable.h:15:
../../../../../source/runtime/src/Heap/Collector/ZForwarding.h:33:1: warning: class 'LiveInfo' was previously declared as a struct; this is valid, but may result in linker errors under the Microsoft C++ ABI [-Wmismatched-tags]
class LiveInfo;
^
../../../../../source/runtime/src/Heap/Collector/LiveInfo.h:185:8: note: previous use is here
struct LiveInfo {
       ^
../../../../../source/runtime/src/Heap/Collector/ZForwarding.h:33:1: note: did you mean struct here?
class LiveInfo;
^~~~~
struct
4 warnings generated.
In file included from ../../../../../source/runtime/src/CJThread/src/runtime/schedule/src/processor.cpp:12:
In file included from ../../../../../source/runtime/src/CJThread/src/runtime/schedule/include/inner/schedule_impl.h:19:
In file included from ../../../../../source/runtime/src/CJThread/src/runtime/schedule/include/inner/cjthread.h:21:
In file included from ../../../../../source/runtime/src/Mutator/Mutator.h:15:
In file included from ../../../../../source/runtime/src/Exception/Exception.h:17:
In file included from ../../../../../source/runtime/src/Common/NativeAllocator.h:15:
In file included from ../../../../../source/runtime/src/Common/PagePool.h:22:
In file included from ../../../../../source/runtime/src/Heap/Allocator/CartesianTree.h:14:
In file included from ../../../../../source/runtime/src/Base/LogFile.h:14:
../../../../../source/runtime/src/Base/GcLog.h:263:45: warning: format string is not a string literal [-Wformat-nonliteral]
        int n = vsnprintf(buf, sizeof(buf), format, args);
                                            ^~~~~~
In file included from ../../../../../source/runtime/src/CJThread/src/runtime/schedule/src/processor.cpp:12:
In file included from ../../../../../source/runtime/src/CJThread/src/runtime/schedule/include/inner/schedule_impl.h:19:
In file included from ../../../../../source/runtime/src/CJThread/src/runtime/schedule/include/inner/cjthread.h:21:
In file included from ../../../../../source/runtime/src/Mutator/Mutator.h:16:
In file included from ../../../../../source/runtime/src/Heap/Allocator/Allocator.h:11:
In file included from ../../../../../source/runtime/src/Heap/Allocator/AllocBufferManager.h:15:
In file included from ../../../../../source/runtime/src/Heap/Allocator/AllocBuffer.h:18:
In file included from ../../../../../source/runtime/src/Heap/Allocator/RegionList.h:11:
In file included from ../../../../../source/runtime/src/Heap/Allocator/RegionInfo.h:44:
../../../../../source/runtime/src/Heap/Verify/AllocPhaseDiag.h:57:1: warning: inline variables are a C++17 extension [-Wc++17-extensions]
inline Slot g_table[kCap] = {};
^
../../../../../source/runtime/src/Heap/Verify/AllocPhaseDiag.h:58:1: warning: inline variables are a C++17 extension [-Wc++17-extensions]
inline NearEntry g_near[kNearCap] = {};
^
In file included from ../../../../../source/runtime/src/CJThread/src/runtime/schedule/src/processor.cpp:12:
In file included from ../../../../../source/runtime/src/CJThread/src/runtime/schedule/include/inner/schedule_impl.h:19:
In file included from ../../../../../source/runtime/src/CJThread/src/runtime/schedule/include/inner/cjthread.h:21:
In file included from ../../../../../source/runtime/src/Mutator/Mutator.h:16:
In file included from ../../../../../source/runtime/src/Heap/Allocator/Allocator.h:11:
In file included from ../../../../../source/runtime/src/Heap/Allocator/AllocBufferManager.h:15:
In file included from ../../../../../source/runtime/src/Heap/Allocator/AllocBuffer.h:18:
In file included from ../../../../../source/runtime/src/Heap/Allocator/RegionList.h:11:
In file included from ../../../../../source/runtime/src/Heap/Allocator/RegionInfo.h:50:
In file included from ../../../../../source/runtime/src/Heap/Allocator/ForwardingTable.h:15:
../../../../../source/runtime/src/Heap/Collector/ZForwarding.h:33:1: warning: class 'LiveInfo' was previously declared as a struct; this is valid, but may result in linker errors under the Microsoft C++ ABI [-Wmismatched-tags]
class LiveInfo;
^
../../../../../source/runtime/src/Heap/Collector/LiveInfo.h:185:8: note: previous use is here
struct LiveInfo {
       ^
../../../../../source/runtime/src/Heap/Collector/ZForwarding.h:33:1: note: did you mean struct here?
class LiveInfo;
^~~~~
struct
4 warnings generated.
In file included from ../../../../../source/runtime/src/CJThread/src/runtime/schedule/src/cjthread.cpp:15:
In file included from ../../../../../source/runtime/src/CJThread/src/runtime/schedule/include/inner/processor.h:15:
In file included from ../../../../../source/runtime/src/CJThread/src/runtime/schedule/include/inner/cjthread.h:21:
In file included from ../../../../../source/runtime/src/Mutator/Mutator.h:15:
In file included from ../../../../../source/runtime/src/Exception/Exception.h:17:
In file included from ../../../../../source/runtime/src/Common/NativeAllocator.h:15:
In file included from ../../../../../source/runtime/src/Common/PagePool.h:22:
In file included from ../../../../../source/runtime/src/Heap/Allocator/CartesianTree.h:14:
In file included from ../../../../../source/runtime/src/Base/LogFile.h:14:
../../../../../source/runtime/src/Base/GcLog.h:263:45: warning: format string is not a string literal [-Wformat-nonliteral]
        int n = vsnprintf(buf, sizeof(buf), format, args);
                                            ^~~~~~
In file included from ../../../../../source/runtime/src/CJThread/src/runtime/schedule/src/cjthread.cpp:15:
In file included from ../../../../../source/runtime/src/CJThread/src/runtime/schedule/include/inner/processor.h:15:
In file included from ../../../../../source/runtime/src/CJThread/src/runtime/schedule/include/inner/cjthread.h:21:
In file included from ../../../../../source/runtime/src/Mutator/Mutator.h:16:
In file included from ../../../../../source/runtime/src/Heap/Allocator/Allocator.h:11:
In file included from ../../../../../source/runtime/src/Heap/Allocator/AllocBufferManager.h:15:
In file included from ../../../../../source/runtime/src/Heap/Allocator/AllocBuffer.h:18:
In file included from ../../../../../source/runtime/src/Heap/Allocator/RegionList.h:11:
In file included from ../../../../../source/runtime/src/Heap/Allocator/RegionInfo.h:44:
../../../../../source/runtime/src/Heap/Verify/AllocPhaseDiag.h:57:1: warning: inline variables are a C++17 extension [-Wc++17-extensions]
inline Slot g_table[kCap] = {};
^
../../../../../source/runtime/src/Heap/Verify/AllocPhaseDiag.h:58:1: warning: inline variables are a C++17 extension [-Wc++17-extensions]
inline NearEntry g_near[kNearCap] = {};
^
In file included from ../../../../../source/runtime/src/CJThread/src/runtime/schedule/src/cjthread.cpp:15:
In file included from ../../../../../source/runtime/src/CJThread/src/runtime/schedule/include/inner/processor.h:15:
In file included from ../../../../../source/runtime/src/CJThread/src/runtime/schedule/include/inner/cjthread.h:21:
In file included from ../../../../../source/runtime/src/Mutator/Mutator.h:16:
In file included from ../../../../../source/runtime/src/Heap/Allocator/Allocator.h:11:
In file included from ../../../../../source/runtime/src/Heap/Allocator/AllocBufferManager.h:15:
In file included from ../../../../../source/runtime/src/Heap/Allocator/AllocBuffer.h:18:
In file included from ../../../../../source/runtime/src/Heap/Allocator/RegionList.h:11:
In file included from ../../../../../source/runtime/src/Heap/Allocator/RegionInfo.h:50:
In file included from ../../../../../source/runtime/src/Heap/Allocator/ForwardingTable.h:15:
../../../../../source/runtime/src/Heap/Collector/ZForwarding.h:33:1: warning: class 'LiveInfo' was previously declared as a struct; this is valid, but may result in linker errors under the Microsoft C++ ABI [-Wmismatched-tags]
class LiveInfo;
^
../../../../../source/runtime/src/Heap/Collector/LiveInfo.h:185:8: note: previous use is here
struct LiveInfo {
       ^
../../../../../source/runtime/src/Heap/Collector/ZForwarding.h:33:1: note: did you mean struct here?
class LiveInfo;
^~~~~
struct
4 warnings generated.
In file included from ../../../../../source/runtime/src/CJThread/src/runtime/schedule/src/schedule.cpp:11:
In file included from ../../../../../source/runtime/src/CJThread/src/runtime/schedule/include/inner/schedule_impl.h:19:
In file included from ../../../../../source/runtime/src/CJThread/src/runtime/schedule/include/inner/cjthread.h:21:
In file included from ../../../../../source/runtime/src/Mutator/Mutator.h:15:
In file included from ../../../../../source/runtime/src/Exception/Exception.h:17:
In file included from ../../../../../source/runtime/src/Common/NativeAllocator.h:15:
In file included from ../../../../../source/runtime/src/Common/PagePool.h:22:
In file included from ../../../../../source/runtime/src/Heap/Allocator/CartesianTree.h:14:
In file included from ../../../../../source/runtime/src/Base/LogFile.h:14:
../../../../../source/runtime/src/Base/GcLog.h:263:45: warning: format string is not a string literal [-Wformat-nonliteral]
        int n = vsnprintf(buf, sizeof(buf), format, args);
                                            ^~~~~~
In file included from ../../../../../source/runtime/src/CJThread/src/runtime/schedule/src/schedule.cpp:11:
In file included from ../../../../../source/runtime/src/CJThread/src/runtime/schedule/include/inner/schedule_impl.h:19:
In file included from ../../../../../source/runtime/src/CJThread/src/runtime/schedule/include/inner/cjthread.h:21:
In file included from ../../../../../source/runtime/src/Mutator/Mutator.h:16:
In file included from ../../../../../source/runtime/src/Heap/Allocator/Allocator.h:11:
In file included from ../../../../../source/runtime/src/Heap/Allocator/AllocBufferManager.h:15:
In file included from ../../../../../source/runtime/src/Heap/Allocator/AllocBuffer.h:18:
In file included from ../../../../../source/runtime/src/Heap/Allocator/RegionList.h:11:
In file included from ../../../../../source/runtime/src/Heap/Allocator/RegionInfo.h:44:
../../../../../source/runtime/src/Heap/Verify/AllocPhaseDiag.h:57:1: warning: inline variables are a C++17 extension [-Wc++17-extensions]
inline Slot g_table[kCap] = {};
^
../../../../../source/runtime/src/Heap/Verify/AllocPhaseDiag.h:58:1: warning: inline variables are a C++17 extension [-Wc++17-extensions]
inline NearEntry g_near[kNearCap] = {};
^
In file included from ../../../../../source/runtime/src/CJThread/src/runtime/schedule/src/schedule.cpp:11:
In file included from ../../../../../source/runtime/src/CJThread/src/runtime/schedule/include/inner/schedule_impl.h:19:
In file included from ../../../../../source/runtime/src/CJThread/src/runtime/schedule/include/inner/cjthread.h:21:
In file included from ../../../../../source/runtime/src/Mutator/Mutator.h:16:
In file included from ../../../../../source/runtime/src/Heap/Allocator/Allocator.h:11:
In file included from ../../../../../source/runtime/src/Heap/Allocator/AllocBufferManager.h:15:
In file included from ../../../../../source/runtime/src/Heap/Allocator/AllocBuffer.h:18:
In file included from ../../../../../source/runtime/src/Heap/Allocator/RegionList.h:11:
In file included from ../../../../../source/runtime/src/Heap/Allocator/RegionInfo.h:50:
In file included from ../../../../../source/runtime/src/Heap/Allocator/ForwardingTable.h:15:
../../../../../source/runtime/src/Heap/Collector/ZForwarding.h:33:1: warning: class 'LiveInfo' was previously declared as a struct; this is valid, but may result in linker errors under the Microsoft C++ ABI [-Wmismatched-tags]
class LiveInfo;
^
../../../../../source/runtime/src/Heap/Collector/LiveInfo.h:185:8: note: previous use is here
struct LiveInfo {
       ^
../../../../../source/runtime/src/Heap/Collector/ZForwarding.h:33:1: note: did you mean struct here?
class LiveInfo;
^~~~~
struct
4 warnings generated.
[ 38%] Built target schedule
Scanning dependencies of target syscall
[ 41%] Building CXX object src/trace/CMakeFiles/trace.dir/src/trace.cpp.o
[ 44%] Building CXX object src/runtime/timer/CMakeFiles/timer.dir/src/timer.cpp.o
[ 47%] Building CXX object src/syscall/CMakeFiles/syscall.dir/src/syscall_common.cpp.o
[ 50%] Building CXX object src/syscall/CMakeFiles/syscall.dir/src/linux/syscall_linux.cpp.o
[ 52%] Building CXX object src/syscall/CMakeFiles/syscall.dir/src/syscall_impl.cpp.o
[ 55%] Building ASM object src/syscall/CMakeFiles/syscall.dir/src/linux/x86/x86_64/syscall_wrap.S.o
In file included from ../../../../source/runtime/src/CJThread/src/syscall/src/syscall_impl.cpp:9:
In file included from ../../../../source/runtime/src/CJThread/src/runtime/schedule/include/inner/cjthread.h:21:
In file included from ../../../../source/runtime/src/Mutator/Mutator.h:15:
In file included from ../../../../source/runtime/src/Exception/Exception.h:17:
In file included from ../../../../source/runtime/src/Common/NativeAllocator.h:15:
In file included from ../../../../source/runtime/src/Common/PagePool.h:22:
In file included from ../../../../source/runtime/src/Heap/Allocator/CartesianTree.h:14:
In file included from ../../../../source/runtime/src/Base/LogFile.h:14:
../../../../source/runtime/src/Base/GcLog.h:263:45: warning: format string is not a string literal [-Wformat-nonliteral]
        int n = vsnprintf(buf, sizeof(buf), format, args);
                                            ^~~~~~
In file included from ../../../../source/runtime/src/CJThread/src/syscall/src/syscall_impl.cpp:9:
In file included from ../../../../source/runtime/src/CJThread/src/runtime/schedule/include/inner/cjthread.h:21:
In file included from ../../../../source/runtime/src/Mutator/Mutator.h:16:
In file included from ../../../../source/runtime/src/Heap/Allocator/Allocator.h:11:
In file included from ../../../../source/runtime/src/Heap/Allocator/AllocBufferManager.h:15:
In file included from ../../../../source/runtime/src/Heap/Allocator/AllocBuffer.h:18:
In file included from ../../../../source/runtime/src/Heap/Allocator/RegionList.h:11:
In file included from ../../../../source/runtime/src/Heap/Allocator/RegionInfo.h:44:
../../../../source/runtime/src/Heap/Verify/AllocPhaseDiag.h:57:1: warning: inline variables are a C++17 extension [-Wc++17-extensions]
inline Slot g_table[kCap] = {};
^
../../../../source/runtime/src/Heap/Verify/AllocPhaseDiag.h:58:1: warning: inline variables are a C++17 extension [-Wc++17-extensions]
inline NearEntry g_near[kNearCap] = {};
^
In file included from ../../../../source/runtime/src/CJThread/src/syscall/src/syscall_impl.cpp:9:
In file included from ../../../../source/runtime/src/CJThread/src/runtime/schedule/include/inner/cjthread.h:21:
In file included from ../../../../source/runtime/src/Mutator/Mutator.h:16:
In file included from ../../../../source/runtime/src/Heap/Allocator/Allocator.h:11:
In file included from ../../../../source/runtime/src/Heap/Allocator/AllocBufferManager.h:15:
In file included from ../../../../source/runtime/src/Heap/Allocator/AllocBuffer.h:18:
In file included from ../../../../source/runtime/src/Heap/Allocator/RegionList.h:11:
In file included from ../../../../source/runtime/src/Heap/Allocator/RegionInfo.h:50:
In file included from ../../../../source/runtime/src/Heap/Allocator/ForwardingTable.h:15:
../../../../source/runtime/src/Heap/Collector/ZForwarding.h:33:1: warning: class 'LiveInfo' was previously declared as a struct; this is valid, but may result in linker errors under the Microsoft C++ ABI [-Wmismatched-tags]
class LiveInfo;
^
../../../../source/runtime/src/Heap/Collector/LiveInfo.h:185:8: note: previous use is here
struct LiveInfo {
       ^
../../../../source/runtime/src/Heap/Collector/ZForwarding.h:33:1: note: did you mean struct here?
class LiveInfo;
^~~~~
struct
4 warnings generated.
[ 55%] Built target syscall
In file included from ../../../../source/runtime/src/CJThread/src/trace/src/trace.cpp:11:
In file included from ../../../../source/runtime/src/CJThread/src/runtime/schedule/include/inner/schedule_impl.h:19:
In file included from ../../../../source/runtime/src/CJThread/src/runtime/schedule/include/inner/cjthread.h:21:
In file included from ../../../../source/runtime/src/Mutator/Mutator.h:15:
In file included from ../../../../source/runtime/src/Exception/Exception.h:17:
In file included from ../../../../source/runtime/src/Common/NativeAllocator.h:15:
In file included from ../../../../source/runtime/src/Common/PagePool.h:22:
In file included from ../../../../source/runtime/src/Heap/Allocator/CartesianTree.h:14:
In file included from ../../../../source/runtime/src/Base/LogFile.h:14:
../../../../source/runtime/src/Base/GcLog.h:263:45: warning: format string is not a string literal [-Wformat-nonliteral]
        int n = vsnprintf(buf, sizeof(buf), format, args);
                                            ^~~~~~
In file included from ../../../../source/runtime/src/CJThread/src/trace/src/trace.cpp:11:
In file included from ../../../../source/runtime/src/CJThread/src/runtime/schedule/include/inner/schedule_impl.h:19:
In file included from ../../../../source/runtime/src/CJThread/src/runtime/schedule/include/inner/cjthread.h:21:
In file included from ../../../../source/runtime/src/Mutator/Mutator.h:16:
In file included from ../../../../source/runtime/src/Heap/Allocator/Allocator.h:11:
In file included from ../../../../source/runtime/src/Heap/Allocator/AllocBufferManager.h:15:
In file included from ../../../../source/runtime/src/Heap/Allocator/AllocBuffer.h:18:
In file included from ../../../../source/runtime/src/Heap/Allocator/RegionList.h:11:
In file included from ../../../../source/runtime/src/Heap/Allocator/RegionInfo.h:44:
../../../../source/runtime/src/Heap/Verify/AllocPhaseDiag.h:57:1: warning: inline variables are a C++17 extension [-Wc++17-extensions]
inline Slot g_table[kCap] = {};
^
../../../../source/runtime/src/Heap/Verify/AllocPhaseDiag.h:58:1: warning: inline variables are a C++17 extension [-Wc++17-extensions]
inline NearEntry g_near[kNearCap] = {};
^
In file included from ../../../../source/runtime/src/CJThread/src/trace/src/trace.cpp:11:
In file included from ../../../../source/runtime/src/CJThread/src/runtime/schedule/include/inner/schedule_impl.h:19:
In file included from ../../../../source/runtime/src/CJThread/src/runtime/schedule/include/inner/cjthread.h:21:
In file included from ../../../../source/runtime/src/Mutator/Mutator.h:16:
In file included from ../../../../source/runtime/src/Heap/Allocator/Allocator.h:11:
In file included from ../../../../source/runtime/src/Heap/Allocator/AllocBufferManager.h:15:
In file included from ../../../../source/runtime/src/Heap/Allocator/AllocBuffer.h:18:
In file included from ../../../../source/runtime/src/Heap/Allocator/RegionList.h:11:
In file included from ../../../../source/runtime/src/Heap/Allocator/RegionInfo.h:50:
In file included from ../../../../source/runtime/src/Heap/Allocator/ForwardingTable.h:15:
../../../../source/runtime/src/Heap/Collector/ZForwarding.h:33:1: warning: class 'LiveInfo' was previously declared as a struct; this is valid, but may result in linker errors under the Microsoft C++ ABI [-Wmismatched-tags]
class LiveInfo;
^
../../../../source/runtime/src/Heap/Collector/LiveInfo.h:185:8: note: previous use is here
struct LiveInfo {
       ^
../../../../source/runtime/src/Heap/Collector/ZForwarding.h:33:1: note: did you mean struct here?
class LiveInfo;
^~~~~
struct
4 warnings generated.
[ 55%] Built target trace
In file included from ../../../../../source/runtime/src/CJThread/src/runtime/timer/src/timer.cpp:10:
In file included from ../../../../../source/runtime/src/CJThread/src/runtime/schedule/include/inner/schedule_impl.h:19:
In file included from ../../../../../source/runtime/src/CJThread/src/runtime/schedule/include/inner/cjthread.h:21:
In file included from ../../../../../source/runtime/src/Mutator/Mutator.h:15:
In file included from ../../../../../source/runtime/src/Exception/Exception.h:17:
In file included from ../../../../../source/runtime/src/Common/NativeAllocator.h:15:
In file included from ../../../../../source/runtime/src/Common/PagePool.h:22:
In file included from ../../../../../source/runtime/src/Heap/Allocator/CartesianTree.h:14:
In file included from ../../../../../source/runtime/src/Base/LogFile.h:14:
../../../../../source/runtime/src/Base/GcLog.h:263:45: warning: format string is not a string literal [-Wformat-nonliteral]
        int n = vsnprintf(buf, sizeof(buf), format, args);
                                            ^~~~~~
In file included from ../../../../../source/runtime/src/CJThread/src/runtime/timer/src/timer.cpp:10:
In file included from ../../../../../source/runtime/src/CJThread/src/runtime/schedule/include/inner/schedule_impl.h:19:
In file included from ../../../../../source/runtime/src/CJThread/src/runtime/schedule/include/inner/cjthread.h:21:
In file included from ../../../../../source/runtime/src/Mutator/Mutator.h:16:
In file included from ../../../../../source/runtime/src/Heap/Allocator/Allocator.h:11:
In file included from ../../../../../source/runtime/src/Heap/Allocator/AllocBufferManager.h:15:
In file included from ../../../../../source/runtime/src/Heap/Allocator/AllocBuffer.h:18:
In file included from ../../../../../source/runtime/src/Heap/Allocator/RegionList.h:11:
In file included from ../../../../../source/runtime/src/Heap/Allocator/RegionInfo.h:44:
../../../../../source/runtime/src/Heap/Verify/AllocPhaseDiag.h:57:1: warning: inline variables are a C++17 extension [-Wc++17-extensions]
inline Slot g_table[kCap] = {};
^
../../../../../source/runtime/src/Heap/Verify/AllocPhaseDiag.h:58:1: warning: inline variables are a C++17 extension [-Wc++17-extensions]
inline NearEntry g_near[kNearCap] = {};
^
In file included from ../../../../../source/runtime/src/CJThread/src/runtime/timer/src/timer.cpp:10:
In file included from ../../../../../source/runtime/src/CJThread/src/runtime/schedule/include/inner/schedule_impl.h:19:
In file included from ../../../../../source/runtime/src/CJThread/src/runtime/schedule/include/inner/cjthread.h:21:
In file included from ../../../../../source/runtime/src/Mutator/Mutator.h:16:
In file included from ../../../../../source/runtime/src/Heap/Allocator/Allocator.h:11:
In file included from ../../../../../source/runtime/src/Heap/Allocator/AllocBufferManager.h:15:
In file included from ../../../../../source/runtime/src/Heap/Allocator/AllocBuffer.h:18:
In file included from ../../../../../source/runtime/src/Heap/Allocator/RegionList.h:11:
In file included from ../../../../../source/runtime/src/Heap/Allocator/RegionInfo.h:50:
In file included from ../../../../../source/runtime/src/Heap/Allocator/ForwardingTable.h:15:
../../../../../source/runtime/src/Heap/Collector/ZForwarding.h:33:1: warning: class 'LiveInfo' was previously declared as a struct; this is valid, but may result in linker errors under the Microsoft C++ ABI [-Wmismatched-tags]
class LiveInfo;
^
../../../../../source/runtime/src/Heap/Collector/LiveInfo.h:185:8: note: previous use is here
struct LiveInfo {
       ^
../../../../../source/runtime/src/Heap/Collector/ZForwarding.h:33:1: note: did you mean struct here?
class LiveInfo;
^~~~~
struct
4 warnings generated.
[ 58%] Linking CXX static library /root/sym_cangjie_runtime_465_implement_r5651041991/build-default/runtime-staging/lib/libcjthread-trace.a
[ 58%] Built target timer
[ 61%] Building CXX object src/runtime/waitqueue/CMakeFiles/waitqueue.dir/src/waitqueue.cpp.o
[ 61%] Built target cjthread-trace
In file included from ../../../../../source/runtime/src/CJThread/src/runtime/waitqueue/src/waitqueue.cpp:11:
In file included from ../../../../../source/runtime/src/CJThread/src/runtime/waitqueue/include/inner/waitqueue_impl.h:10:
In file included from ../../../../../source/runtime/src/CJThread/src/runtime/schedule/include/inner/schedule_impl.h:19:
In file included from ../../../../../source/runtime/src/CJThread/src/runtime/schedule/include/inner/cjthread.h:21:
In file included from ../../../../../source/runtime/src/Mutator/Mutator.h:15:
In file included from ../../../../../source/runtime/src/Exception/Exception.h:17:
In file included from ../../../../../source/runtime/src/Common/NativeAllocator.h:15:
In file included from ../../../../../source/runtime/src/Common/PagePool.h:22:
In file included from ../../../../../source/runtime/src/Heap/Allocator/CartesianTree.h:14:
In file included from ../../../../../source/runtime/src/Base/LogFile.h:14:
../../../../../source/runtime/src/Base/GcLog.h:263:45: warning: format string is not a string literal [-Wformat-nonliteral]
        int n = vsnprintf(buf, sizeof(buf), format, args);
                                            ^~~~~~
In file included from ../../../../../source/runtime/src/CJThread/src/runtime/waitqueue/src/waitqueue.cpp:11:
In file included from ../../../../../source/runtime/src/CJThread/src/runtime/waitqueue/include/inner/waitqueue_impl.h:10:
In file included from ../../../../../source/runtime/src/CJThread/src/runtime/schedule/include/inner/schedule_impl.h:19:
In file included from ../../../../../source/runtime/src/CJThread/src/runtime/schedule/include/inner/cjthread.h:21:
In file included from ../../../../../source/runtime/src/Mutator/Mutator.h:16:
In file included from ../../../../../source/runtime/src/Heap/Allocator/Allocator.h:11:
In file included from ../../../../../source/runtime/src/Heap/Allocator/AllocBufferManager.h:15:
In file included from ../../../../../source/runtime/src/Heap/Allocator/AllocBuffer.h:18:
In file included from ../../../../../source/runtime/src/Heap/Allocator/RegionList.h:11:
In file included from ../../../../../source/runtime/src/Heap/Allocator/RegionInfo.h:44:
../../../../../source/runtime/src/Heap/Verify/AllocPhaseDiag.h:57:1: warning: inline variables are a C++17 extension [-Wc++17-extensions]
inline Slot g_table[kCap] = {};
^
../../../../../source/runtime/src/Heap/Verify/AllocPhaseDiag.h:58:1: warning: inline variables are a C++17 extension [-Wc++17-extensions]
inline NearEntry g_near[kNearCap] = {};
^
In file included from ../../../../../source/runtime/src/CJThread/src/runtime/waitqueue/src/waitqueue.cpp:11:
In file included from ../../../../../source/runtime/src/CJThread/src/runtime/waitqueue/include/inner/waitqueue_impl.h:10:
In file included from ../../../../../source/runtime/src/CJThread/src/runtime/schedule/include/inner/schedule_impl.h:19:
In file included from ../../../../../source/runtime/src/CJThread/src/runtime/schedule/include/inner/cjthread.h:21:
In file included from ../../../../../source/runtime/src/Mutator/Mutator.h:16:
In file included from ../../../../../source/runtime/src/Heap/Allocator/Allocator.h:11:
In file included from ../../../../../source/runtime/src/Heap/Allocator/AllocBufferManager.h:15:
In file included from ../../../../../source/runtime/src/Heap/Allocator/AllocBuffer.h:18:
In file included from ../../../../../source/runtime/src/Heap/Allocator/RegionList.h:11:
In file included from ../../../../../source/runtime/src/Heap/Allocator/RegionInfo.h:50:
In file included from ../../../../../source/runtime/src/Heap/Allocator/ForwardingTable.h:15:
../../../../../source/runtime/src/Heap/Collector/ZForwarding.h:33:1: warning: class 'LiveInfo' was previously declared as a struct; this is valid, but may result in linker errors under the Microsoft C++ ABI [-Wmismatched-tags]
class LiveInfo;
^
../../../../../source/runtime/src/Heap/Collector/LiveInfo.h:185:8: note: previous use is here
struct LiveInfo {
       ^
../../../../../source/runtime/src/Heap/Collector/ZForwarding.h:33:1: note: did you mean struct here?
class LiveInfo;
^~~~~
struct
4 warnings generated.
[ 61%] Built target waitqueue
[ 64%] Building CXX object src/sync/sema/CMakeFiles/sema.dir/src/sema.cpp.o
In file included from ../../../../../source/runtime/src/CJThread/src/sync/sema/src/sema.cpp:10:
In file included from ../../../../../source/runtime/src/CJThread/src/sync/sema/include/inner/sema_impl.h:12:
In file included from ../../../../../source/runtime/src/CJThread/src/runtime/waitqueue/include/inner/waitqueue_impl.h:10:
In file included from ../../../../../source/runtime/src/CJThread/src/runtime/schedule/include/inner/schedule_impl.h:19:
In file included from ../../../../../source/runtime/src/CJThread/src/runtime/schedule/include/inner/cjthread.h:21:
In file included from ../../../../../source/runtime/src/Mutator/Mutator.h:15:
In file included from ../../../../../source/runtime/src/Exception/Exception.h:17:
In file included from ../../../../../source/runtime/src/Common/NativeAllocator.h:15:
In file included from ../../../../../source/runtime/src/Common/PagePool.h:22:
In file included from ../../../../../source/runtime/src/Heap/Allocator/CartesianTree.h:14:
In file included from ../../../../../source/runtime/src/Base/LogFile.h:14:
../../../../../source/runtime/src/Base/GcLog.h:263:45: warning: format string is not a string literal [-Wformat-nonliteral]
        int n = vsnprintf(buf, sizeof(buf), format, args);
                                            ^~~~~~
In file included from ../../../../../source/runtime/src/CJThread/src/sync/sema/src/sema.cpp:10:
In file included from ../../../../../source/runtime/src/CJThread/src/sync/sema/include/inner/sema_impl.h:12:
In file included from ../../../../../source/runtime/src/CJThread/src/runtime/waitqueue/include/inner/waitqueue_impl.h:10:
In file included from ../../../../../source/runtime/src/CJThread/src/runtime/schedule/include/inner/schedule_impl.h:19:
In file included from ../../../../../source/runtime/src/CJThread/src/runtime/schedule/include/inner/cjthread.h:21:
In file included from ../../../../../source/runtime/src/Mutator/Mutator.h:16:
In file included from ../../../../../source/runtime/src/Heap/Allocator/Allocator.h:11:
In file included from ../../../../../source/runtime/src/Heap/Allocator/AllocBufferManager.h:15:
In file included from ../../../../../source/runtime/src/Heap/Allocator/AllocBuffer.h:18:
In file included from ../../../../../source/runtime/src/Heap/Allocator/RegionList.h:11:
In file included from ../../../../../source/runtime/src/Heap/Allocator/RegionInfo.h:44:
../../../../../source/runtime/src/Heap/Verify/AllocPhaseDiag.h:57:1: warning: inline variables are a C++17 extension [-Wc++17-extensions]
inline Slot g_table[kCap] = {};
^
../../../../../source/runtime/src/Heap/Verify/AllocPhaseDiag.h:58:1: warning: inline variables are a C++17 extension [-Wc++17-extensions]
inline NearEntry g_near[kNearCap] = {};
^
In file included from ../../../../../source/runtime/src/CJThread/src/sync/sema/src/sema.cpp:10:
In file included from ../../../../../source/runtime/src/CJThread/src/sync/sema/include/inner/sema_impl.h:12:
In file included from ../../../../../source/runtime/src/CJThread/src/runtime/waitqueue/include/inner/waitqueue_impl.h:10:
In file included from ../../../../../source/runtime/src/CJThread/src/runtime/schedule/include/inner/schedule_impl.h:19:
In file included from ../../../../../source/runtime/src/CJThread/src/runtime/schedule/include/inner/cjthread.h:21:
In file included from ../../../../../source/runtime/src/Mutator/Mutator.h:16:
In file included from ../../../../../source/runtime/src/Heap/Allocator/Allocator.h:11:
In file included from ../../../../../source/runtime/src/Heap/Allocator/AllocBufferManager.h:15:
In file included from ../../../../../source/runtime/src/Heap/Allocator/AllocBuffer.h:18:
In file included from ../../../../../source/runtime/src/Heap/Allocator/RegionList.h:11:
In file included from ../../../../../source/runtime/src/Heap/Allocator/RegionInfo.h:50:
In file included from ../../../../../source/runtime/src/Heap/Allocator/ForwardingTable.h:15:
../../../../../source/runtime/src/Heap/Collector/ZForwarding.h:33:1: warning: class 'LiveInfo' was previously declared as a struct; this is valid, but may result in linker errors under the Microsoft C++ ABI [-Wmismatched-tags]
class LiveInfo;
^
../../../../../source/runtime/src/Heap/Collector/LiveInfo.h:185:8: note: previous use is here
struct LiveInfo {
       ^
../../../../../source/runtime/src/Heap/Collector/ZForwarding.h:33:1: note: did you mean struct here?
class LiveInfo;
^~~~~
struct
4 warnings generated.
[ 64%] Built target sema
[ 67%] Building CXX object src/aio/schdfd/CMakeFiles/schdfd.dir/src/schdfd.cpp.o
[ 70%] Linking CXX static library /root/sym_cangjie_runtime_465_implement_r5651041991/build-default/runtime-staging/lib/libcangjie-thread.a
[ 70%] Built target cangjie-thread
In file included from ../../../../../source/runtime/src/CJThread/src/aio/schdfd/src/schdfd.cpp:10:
In file included from ../../../../../source/runtime/src/CJThread/src/aio/schdfd/include/inner/schdfd_impl.h:11:
In file included from ../../../../../source/runtime/src/CJThread/src/runtime/schedule/include/inner/schdpoll.h:15:
In file included from ../../../../../source/runtime/src/CJThread/src/runtime/schedule/include/inner/schedule_impl.h:19:
In file included from ../../../../../source/runtime/src/CJThread/src/runtime/schedule/include/inner/cjthread.h:21:
In file included from ../../../../../source/runtime/src/Mutator/Mutator.h:15:
In file included from ../../../../../source/runtime/src/Exception/Exception.h:17:
In file included from ../../../../../source/runtime/src/Common/NativeAllocator.h:15:
In file included from ../../../../../source/runtime/src/Common/PagePool.h:22:
In file included from ../../../../../source/runtime/src/Heap/Allocator/CartesianTree.h:14:
In file included from ../../../../../source/runtime/src/Base/LogFile.h:14:
../../../../../source/runtime/src/Base/GcLog.h:263:45: warning: format string is not a string literal [-Wformat-nonliteral]
        int n = vsnprintf(buf, sizeof(buf), format, args);
                                            ^~~~~~
In file included from ../../../../../source/runtime/src/CJThread/src/aio/schdfd/src/schdfd.cpp:10:
In file included from ../../../../../source/runtime/src/CJThread/src/aio/schdfd/include/inner/schdfd_impl.h:11:
In file included from ../../../../../source/runtime/src/CJThread/src/runtime/schedule/include/inner/schdpoll.h:15:
In file included from ../../../../../source/runtime/src/CJThread/src/runtime/schedule/include/inner/schedule_impl.h:19:
In file included from ../../../../../source/runtime/src/CJThread/src/runtime/schedule/include/inner/cjthread.h:21:
In file included from ../../../../../source/runtime/src/Mutator/Mutator.h:16:
In file included from ../../../../../source/runtime/src/Heap/Allocator/Allocator.h:11:
In file included from ../../../../../source/runtime/src/Heap/Allocator/AllocBufferManager.h:15:
In file included from ../../../../../source/runtime/src/Heap/Allocator/AllocBuffer.h:18:
In file included from ../../../../../source/runtime/src/Heap/Allocator/RegionList.h:11:
In file included from ../../../../../source/runtime/src/Heap/Allocator/RegionInfo.h:44:
../../../../../source/runtime/src/Heap/Verify/AllocPhaseDiag.h:57:1: warning: inline variables are a C++17 extension [-Wc++17-extensions]
inline Slot g_table[kCap] = {};
^
../../../../../source/runtime/src/Heap/Verify/AllocPhaseDiag.h:58:1: warning: inline variables are a C++17 extension [-Wc++17-extensions]
inline NearEntry g_near[kNearCap] = {};
^
In file included from ../../../../../source/runtime/src/CJThread/src/aio/schdfd/src/schdfd.cpp:10:
In file included from ../../../../../source/runtime/src/CJThread/src/aio/schdfd/include/inner/schdfd_impl.h:11:
In file included from ../../../../../source/runtime/src/CJThread/src/runtime/schedule/include/inner/schdpoll.h:15:
In file included from ../../../../../source/runtime/src/CJThread/src/runtime/schedule/include/inner/schedule_impl.h:19:
In file included from ../../../../../source/runtime/src/CJThread/src/runtime/schedule/include/inner/cjthread.h:21:
In file included from ../../../../../source/runtime/src/Mutator/Mutator.h:16:
In file included from ../../../../../source/runtime/src/Heap/Allocator/Allocator.h:11:
In file included from ../../../../../source/runtime/src/Heap/Allocator/AllocBufferManager.h:15:
In file included from ../../../../../source/runtime/src/Heap/Allocator/AllocBuffer.h:18:
In file included from ../../../../../source/runtime/src/Heap/Allocator/RegionList.h:11:
In file included from ../../../../../source/runtime/src/Heap/Allocator/RegionInfo.h:50:
In file included from ../../../../../source/runtime/src/Heap/Allocator/ForwardingTable.h:15:
../../../../../source/runtime/src/Heap/Collector/ZForwarding.h:33:1: warning: class 'LiveInfo' was previously declared as a struct; this is valid, but may result in linker errors under the Microsoft C++ ABI [-Wmismatched-tags]
class LiveInfo;
^
../../../../../source/runtime/src/Heap/Collector/LiveInfo.h:185:8: note: previous use is here
struct LiveInfo {
       ^
../../../../../source/runtime/src/Heap/Collector/ZForwarding.h:33:1: note: did you mean struct here?
class LiveInfo;
^~~~~
struct
4 warnings generated.
[ 70%] Built target schdfd
[ 73%] Building CXX object src/aio/sock/CMakeFiles/sock.dir/src/sock.cpp.o
In file included from ../../../../../source/runtime/src/CJThread/src/aio/sock/src/sock.cpp:15:
In file included from ../../../../../source/runtime/src/CJThread/src/runtime/schedule/include/inner/schedule_impl.h:19:
In file included from ../../../../../source/runtime/src/CJThread/src/runtime/schedule/include/inner/cjthread.h:21:
In file included from ../../../../../source/runtime/src/Mutator/Mutator.h:15:
In file included from ../../../../../source/runtime/src/Exception/Exception.h:17:
In file included from ../../../../../source/runtime/src/Common/NativeAllocator.h:15:
In file included from ../../../../../source/runtime/src/Common/PagePool.h:22:
In file included from ../../../../../source/runtime/src/Heap/Allocator/CartesianTree.h:14:
In file included from ../../../../../source/runtime/src/Base/LogFile.h:14:
../../../../../source/runtime/src/Base/GcLog.h:263:45: warning: format string is not a string literal [-Wformat-nonliteral]
        int n = vsnprintf(buf, sizeof(buf), format, args);
                                            ^~~~~~
In file included from ../../../../../source/runtime/src/CJThread/src/aio/sock/src/sock.cpp:15:
In file included from ../../../../../source/runtime/src/CJThread/src/runtime/schedule/include/inner/schedule_impl.h:19:
In file included from ../../../../../source/runtime/src/CJThread/src/runtime/schedule/include/inner/cjthread.h:21:
In file included from ../../../../../source/runtime/src/Mutator/Mutator.h:16:
In file included from ../../../../../source/runtime/src/Heap/Allocator/Allocator.h:11:
In file included from ../../../../../source/runtime/src/Heap/Allocator/AllocBufferManager.h:15:
In file included from ../../../../../source/runtime/src/Heap/Allocator/AllocBuffer.h:18:
In file included from ../../../../../source/runtime/src/Heap/Allocator/RegionList.h:11:
In file included from ../../../../../source/runtime/src/Heap/Allocator/RegionInfo.h:44:
../../../../../source/runtime/src/Heap/Verify/AllocPhaseDiag.h:57:1: warning: inline variables are a C++17 extension [-Wc++17-extensions]
inline Slot g_table[kCap] = {};
^
../../../../../source/runtime/src/Heap/Verify/AllocPhaseDiag.h:58:1: warning: inline variables are a C++17 extension [-Wc++17-extensions]
inline NearEntry g_near[kNearCap] = {};
^
In file included from ../../../../../source/runtime/src/CJThread/src/aio/sock/src/sock.cpp:15:
In file included from ../../../../../source/runtime/src/CJThread/src/runtime/schedule/include/inner/schedule_impl.h:19:
In file included from ../../../../../source/runtime/src/CJThread/src/runtime/schedule/include/inner/cjthread.h:21:
In file included from ../../../../../source/runtime/src/Mutator/Mutator.h:16:
In file included from ../../../../../source/runtime/src/Heap/Allocator/Allocator.h:11:
In file included from ../../../../../source/runtime/src/Heap/Allocator/AllocBufferManager.h:15:
In file included from ../../../../../source/runtime/src/Heap/Allocator/AllocBuffer.h:18:
In file included from ../../../../../source/runtime/src/Heap/Allocator/RegionList.h:11:
In file included from ../../../../../source/runtime/src/Heap/Allocator/RegionInfo.h:50:
In file included from ../../../../../source/runtime/src/Heap/Allocator/ForwardingTable.h:15:
../../../../../source/runtime/src/Heap/Collector/ZForwarding.h:33:1: warning: class 'LiveInfo' was previously declared as a struct; this is valid, but may result in linker errors under the Microsoft C++ ABI [-Wmismatched-tags]
class LiveInfo;
^
../../../../../source/runtime/src/Heap/Collector/LiveInfo.h:185:8: note: previous use is here
struct LiveInfo {
       ^
../../../../../source/runtime/src/Heap/Collector/ZForwarding.h:33:1: note: did you mean struct here?
class LiveInfo;
^~~~~
struct
4 warnings generated.
[ 73%] Built target sock
[ 76%] Building CXX object src/aio/domainsock/CMakeFiles/domainsock.dir/src/domainsock_common.cpp.o
[ 79%] Building CXX object src/aio/domainsock/CMakeFiles/domainsock.dir/src/linux/domainsock.cpp.o
[ 82%] Building CXX object src/aio/tcpsock/CMakeFiles/tcpsock.dir/src/tcpsock_common.cpp.o
[ 85%] Building CXX object src/aio/udpsock/CMakeFiles/udpsock.dir/src/udpsock_common.cpp.o
[ 88%] Building CXX object src/aio/tcpsock/CMakeFiles/tcpsock.dir/src/linux/tcpsock.cpp.o
[ 97%] Building CXX object src/aio/rawsock/CMakeFiles/rawsock.dir/src/linux/rawsock.cpp.o
[ 97%] Building CXX object src/aio/udpsock/CMakeFiles/udpsock.dir/src/linux/udpsock.cpp.o
[ 97%] Building CXX object src/aio/rawsock/CMakeFiles/rawsock.dir/src/rawsock_common.cpp.o
In file included from ../../../../../source/runtime/src/CJThread/src/aio/domainsock/src/linux/domainsock.cpp:10:
In file included from ../../../../../source/runtime/src/CJThread/src/aio/sock/include/inner/sock_impl.h:12:
In file included from ../../../../../source/runtime/src/CJThread/src/aio/sock/include/sock.h:12:
In file included from ../../../../../source/runtime/src/CJThread/src/aio/schdfd/include/inner/schdfd_impl.h:11:
In file included from ../../../../../source/runtime/src/CJThread/src/runtime/schedule/include/inner/schdpoll.h:15:
In file included from ../../../../../source/runtime/src/CJThread/src/runtime/schedule/include/inner/schedule_impl.h:19:
In file included from ../../../../../source/runtime/src/CJThread/src/runtime/schedule/include/inner/cjthread.h:21:
In file included from ../../../../../source/runtime/src/Mutator/Mutator.h:15:
In file included from ../../../../../source/runtime/src/Exception/Exception.h:17:
In file included from ../../../../../source/runtime/src/Common/NativeAllocator.h:15:
In file included from ../../../../../source/runtime/src/Common/PagePool.h:22:
In file included from ../../../../../source/runtime/src/Heap/Allocator/CartesianTree.h:14:
In file included from ../../../../../source/runtime/src/Base/LogFile.h:14:
../../../../../source/runtime/src/Base/GcLog.h:263:45: warning: format string is not a string literal [-Wformat-nonliteral]
        int n = vsnprintf(buf, sizeof(buf), format, args);
                                            ^~~~~~
In file included from ../../../../../source/runtime/src/CJThread/src/aio/domainsock/src/linux/domainsock.cpp:10:
In file included from ../../../../../source/runtime/src/CJThread/src/aio/sock/include/inner/sock_impl.h:12:
In file included from ../../../../../source/runtime/src/CJThread/src/aio/sock/include/sock.h:12:
In file included from ../../../../../source/runtime/src/CJThread/src/aio/schdfd/include/inner/schdfd_impl.h:11:
In file included from ../../../../../source/runtime/src/CJThread/src/runtime/schedule/include/inner/schdpoll.h:15:
In file included from ../../../../../source/runtime/src/CJThread/src/runtime/schedule/include/inner/schedule_impl.h:19:
In file included from ../../../../../source/runtime/src/CJThread/src/runtime/schedule/include/inner/cjthread.h:21:
In file included from ../../../../../source/runtime/src/Mutator/Mutator.h:16:
In file included from ../../../../../source/runtime/src/Heap/Allocator/Allocator.h:11:
In file included from ../../../../../source/runtime/src/Heap/Allocator/AllocBufferManager.h:15:
In file included from ../../../../../source/runtime/src/Heap/Allocator/AllocBuffer.h:18:
In file included from ../../../../../source/runtime/src/Heap/Allocator/RegionList.h:11:
In file included from ../../../../../source/runtime/src/Heap/Allocator/RegionInfo.h:44:
../../../../../source/runtime/src/Heap/Verify/AllocPhaseDiag.h:57:1: warning: inline variables are a C++17 extension [-Wc++17-extensions]
inline Slot g_table[kCap] = {};
^
../../../../../source/runtime/src/Heap/Verify/AllocPhaseDiag.h:58:1: warning: inline variables are a C++17 extension [-Wc++17-extensions]
inline NearEntry g_near[kNearCap] = {};
^
In file included from ../../../../../source/runtime/src/CJThread/src/aio/domainsock/src/linux/domainsock.cpp:10:
In file included from ../../../../../source/runtime/src/CJThread/src/aio/sock/include/inner/sock_impl.h:12:
In file included from ../../../../../source/runtime/src/CJThread/src/aio/sock/include/sock.h:12:
In file included from ../../../../../source/runtime/src/CJThread/src/aio/schdfd/include/inner/schdfd_impl.h:11:
In file included from ../../../../../source/runtime/src/CJThread/src/runtime/schedule/include/inner/schdpoll.h:15:
In file included from ../../../../../source/runtime/src/CJThread/src/runtime/schedule/include/inner/schedule_impl.h:19:
In file included from ../../../../../source/runtime/src/CJThread/src/runtime/schedule/include/inner/cjthread.h:21:
In file included from ../../../../../source/runtime/src/Mutator/Mutator.h:16:
In file included from ../../../../../source/runtime/src/Heap/Allocator/Allocator.h:11:
In file included from ../../../../../source/runtime/src/Heap/Allocator/AllocBufferManager.h:15:
In file included from ../../../../../source/runtime/src/Heap/Allocator/AllocBuffer.h:18:
In file included from ../../../../../source/runtime/src/Heap/Allocator/RegionList.h:11:
In file included from ../../../../../source/runtime/src/Heap/Allocator/RegionInfo.h:50:
In file included from ../../../../../source/runtime/src/Heap/Allocator/ForwardingTable.h:15:
../../../../../source/runtime/src/Heap/Collector/ZForwarding.h:33:1: warning: class 'LiveInfo' was previously declared as a struct; this is valid, but may result in linker errors under the Microsoft C++ ABI [-Wmismatched-tags]
class LiveInfo;
^
../../../../../source/runtime/src/Heap/Collector/LiveInfo.h:185:8: note: previous use is here
struct LiveInfo {
       ^
../../../../../source/runtime/src/Heap/Collector/ZForwarding.h:33:1: note: did you mean struct here?
class LiveInfo;
^~~~~
struct
4 warnings generated.
In file included from ../../../../../source/runtime/src/CJThread/src/aio/rawsock/src/linux/rawsock.cpp:10:
In file included from ../../../../../source/runtime/src/CJThread/src/aio/sock/include/inner/sock_impl.h:12:
In file included from ../../../../../source/runtime/src/CJThread/src/aio/sock/include/sock.h:12:
In file included from ../../../../../source/runtime/src/CJThread/src/aio/schdfd/include/inner/schdfd_impl.h:11:
In file included from ../../../../../source/runtime/src/CJThread/src/runtime/schedule/include/inner/schdpoll.h:15:
In file included from ../../../../../source/runtime/src/CJThread/src/runtime/schedule/include/inner/schedule_impl.h:19:
In file included from ../../../../../source/runtime/src/CJThread/src/runtime/schedule/include/inner/cjthread.h:21:
In file included from ../../../../../source/runtime/src/Mutator/Mutator.h:15:
In file included from ../../../../../source/runtime/src/Exception/Exception.h:17:
In file included from ../../../../../source/runtime/src/Common/NativeAllocator.h:15:
In file included from ../../../../../source/runtime/src/Common/PagePool.h:22:
In file included from ../../../../../source/runtime/src/Heap/Allocator/CartesianTree.h:14:
In file included from ../../../../../source/runtime/src/Base/LogFile.h:14:
../../../../../source/runtime/src/Base/GcLog.h:263:45: warning: format string is not a string literal [-Wformat-nonliteral]
        int n = vsnprintf(buf, sizeof(buf), format, args);
                                            ^~~~~~
In file included from ../../../../../source/runtime/src/CJThread/src/aio/rawsock/src/linux/rawsock.cpp:10:
In file included from ../../../../../source/runtime/src/CJThread/src/aio/sock/include/inner/sock_impl.h:12:
In file included from ../../../../../source/runtime/src/CJThread/src/aio/sock/include/sock.h:12:
In file included from ../../../../../source/runtime/src/CJThread/src/aio/schdfd/include/inner/schdfd_impl.h:11:
In file included from ../../../../../source/runtime/src/CJThread/src/runtime/schedule/include/inner/schdpoll.h:15:
In file included from ../../../../../source/runtime/src/CJThread/src/runtime/schedule/include/inner/schedule_impl.h:19:
In file included from ../../../../../source/runtime/src/CJThread/src/runtime/schedule/include/inner/cjthread.h:21:
In file included from ../../../../../source/runtime/src/Mutator/Mutator.h:16:
In file included from ../../../../../source/runtime/src/Heap/Allocator/Allocator.h:11:
In file included from ../../../../../source/runtime/src/Heap/Allocator/AllocBufferManager.h:15:
In file included from ../../../../../source/runtime/src/Heap/Allocator/AllocBuffer.h:18:
In file included from ../../../../../source/runtime/src/Heap/Allocator/RegionList.h:11:
In file included from ../../../../../source/runtime/src/Heap/Allocator/RegionInfo.h:44:
../../../../../source/runtime/src/Heap/Verify/AllocPhaseDiag.h:57:1: warning: inline variables are a C++17 extension [-Wc++17-extensions]
inline Slot g_table[kCap] = {};
^
../../../../../source/runtime/src/Heap/Verify/AllocPhaseDiag.h:58:1: warning: inline variables are a C++17 extension [-Wc++17-extensions]
inline NearEntry g_near[kNearCap] = {};
^
In file included from ../../../../../source/runtime/src/CJThread/src/aio/rawsock/src/linux/rawsock.cpp:10:
In file included from ../../../../../source/runtime/src/CJThread/src/aio/sock/include/inner/sock_impl.h:12:
In file included from ../../../../../source/runtime/src/CJThread/src/aio/sock/include/sock.h:12:
In file included from ../../../../../source/runtime/src/CJThread/src/aio/schdfd/include/inner/schdfd_impl.h:11:
In file included from ../../../../../source/runtime/src/CJThread/src/runtime/schedule/include/inner/schdpoll.h:15:
In file included from ../../../../../source/runtime/src/CJThread/src/runtime/schedule/include/inner/schedule_impl.h:19:
In file included from ../../../../../source/runtime/src/CJThread/src/runtime/schedule/include/inner/cjthread.h:21:
In file included from ../../../../../source/runtime/src/Mutator/Mutator.h:16:
In file included from ../../../../../source/runtime/src/Heap/Allocator/Allocator.h:11:
In file included from ../../../../../source/runtime/src/Heap/Allocator/AllocBufferManager.h:15:
In file included from ../../../../../source/runtime/src/Heap/Allocator/AllocBuffer.h:18:
In file included from ../../../../../source/runtime/src/Heap/Allocator/RegionList.h:11:
In file included from ../../../../../source/runtime/src/Heap/Allocator/RegionInfo.h:50:
In file included from ../../../../../source/runtime/src/Heap/Allocator/ForwardingTable.h:15:
../../../../../source/runtime/src/Heap/Collector/ZForwarding.h:33:1: warning: class 'LiveInfo' was previously declared as a struct; this is valid, but may result in linker errors under the Microsoft C++ ABI [-Wmismatched-tags]
class LiveInfo;
^
../../../../../source/runtime/src/Heap/Collector/LiveInfo.h:185:8: note: previous use is here
struct LiveInfo {
       ^
../../../../../source/runtime/src/Heap/Collector/ZForwarding.h:33:1: note: did you mean struct here?
class LiveInfo;
^~~~~
struct
4 warnings generated.
In file included from ../../../../../source/runtime/src/CJThread/src/aio/udpsock/src/linux/udpsock.cpp:10:
In file included from ../../../../../source/runtime/src/CJThread/src/aio/schdfd/include/inner/schdfd_impl.h:11:
In file included from ../../../../../source/runtime/src/CJThread/src/runtime/schedule/include/inner/schdpoll.h:15:
In file included from ../../../../../source/runtime/src/CJThread/src/runtime/schedule/include/inner/schedule_impl.h:19:
In file included from ../../../../../source/runtime/src/CJThread/src/runtime/schedule/include/inner/cjthread.h:21:
In file included from ../../../../../source/runtime/src/Mutator/Mutator.h:15:
In file included from ../../../../../source/runtime/src/Exception/Exception.h:17:
In file included from ../../../../../source/runtime/src/Common/NativeAllocator.h:15:
In file included from ../../../../../source/runtime/src/Common/PagePool.h:22:
In file included from ../../../../../source/runtime/src/Heap/Allocator/CartesianTree.h:14:
In file included from ../../../../../source/runtime/src/Base/LogFile.h:14:
../../../../../source/runtime/src/Base/GcLog.h:263:45: warning: format string is not a string literal [-Wformat-nonliteral]
        int n = vsnprintf(buf, sizeof(buf), format, args);
                                            ^~~~~~
In file included from ../../../../../source/runtime/src/CJThread/src/aio/udpsock/src/linux/udpsock.cpp:10:
In file included from ../../../../../source/runtime/src/CJThread/src/aio/schdfd/include/inner/schdfd_impl.h:11:
In file included from ../../../../../source/runtime/src/CJThread/src/runtime/schedule/include/inner/schdpoll.h:15:
In file included from ../../../../../source/runtime/src/CJThread/src/runtime/schedule/include/inner/schedule_impl.h:19:
In file included from ../../../../../source/runtime/src/CJThread/src/runtime/schedule/include/inner/cjthread.h:21:
In file included from ../../../../../source/runtime/src/Mutator/Mutator.h:16:
In file included from ../../../../../source/runtime/src/Heap/Allocator/Allocator.h:11:
In file included from ../../../../../source/runtime/src/Heap/Allocator/AllocBufferManager.h:15:
In file included from ../../../../../source/runtime/src/Heap/Allocator/AllocBuffer.h:18:
In file included from ../../../../../source/runtime/src/Heap/Allocator/RegionList.h:11:
In file included from ../../../../../source/runtime/src/Heap/Allocator/RegionInfo.h:44:
../../../../../source/runtime/src/Heap/Verify/AllocPhaseDiag.h:57:1: warning: inline variables are a C++17 extension [-Wc++17-extensions]
inline Slot g_table[kCap] = {};
^
../../../../../source/runtime/src/Heap/Verify/AllocPhaseDiag.h:58:1: warning: inline variables are a C++17 extension [-Wc++17-extensions]
inline NearEntry g_near[kNearCap] = {};
^
In file included from ../../../../../source/runtime/src/CJThread/src/aio/udpsock/src/linux/udpsock.cpp:10:
In file included from ../../../../../source/runtime/src/CJThread/src/aio/schdfd/include/inner/schdfd_impl.h:11:
In file included from ../../../../../source/runtime/src/CJThread/src/runtime/schedule/include/inner/schdpoll.h:15:
In file included from ../../../../../source/runtime/src/CJThread/src/runtime/schedule/include/inner/schedule_impl.h:19:
In file included from ../../../../../source/runtime/src/CJThread/src/runtime/schedule/include/inner/cjthread.h:21:
In file included from ../../../../../source/runtime/src/Mutator/Mutator.h:16:
In file included from ../../../../../source/runtime/src/Heap/Allocator/Allocator.h:11:
In file included from ../../../../../source/runtime/src/Heap/Allocator/AllocBufferManager.h:15:
In file included from ../../../../../source/runtime/src/Heap/Allocator/AllocBuffer.h:18:
In file included from ../../../../../source/runtime/src/Heap/Allocator/RegionList.h:11:
In file included from ../../../../../source/runtime/src/Heap/Allocator/RegionInfo.h:50:
In file included from ../../../../../source/runtime/src/Heap/Allocator/ForwardingTable.h:15:
../../../../../source/runtime/src/Heap/Collector/ZForwarding.h:33:1: warning: class 'LiveInfo' was previously declared as a struct; this is valid, but may result in linker errors under the Microsoft C++ ABI [-Wmismatched-tags]
class LiveInfo;
^
../../../../../source/runtime/src/Heap/Collector/LiveInfo.h:185:8: note: previous use is here
struct LiveInfo {
       ^
../../../../../source/runtime/src/Heap/Collector/ZForwarding.h:33:1: note: did you mean struct here?
class LiveInfo;
^~~~~
struct
4 warnings generated.
In file included from ../../../../../source/runtime/src/CJThread/src/aio/tcpsock/src/linux/tcpsock.cpp:10:
In file included from ../../../../../source/runtime/src/CJThread/src/aio/sock/include/inner/sock_impl.h:12:
In file included from ../../../../../source/runtime/src/CJThread/src/aio/sock/include/sock.h:12:
In file included from ../../../../../source/runtime/src/CJThread/src/aio/schdfd/include/inner/schdfd_impl.h:11:
In file included from ../../../../../source/runtime/src/CJThread/src/runtime/schedule/include/inner/schdpoll.h:15:
In file included from ../../../../../source/runtime/src/CJThread/src/runtime/schedule/include/inner/schedule_impl.h:19:
In file included from ../../../../../source/runtime/src/CJThread/src/runtime/schedule/include/inner/cjthread.h:21:
In file included from ../../../../../source/runtime/src/Mutator/Mutator.h:15:
In file included from ../../../../../source/runtime/src/Exception/Exception.h:17:
In file included from ../../../../../source/runtime/src/Common/NativeAllocator.h:15:
In file included from ../../../../../source/runtime/src/Common/PagePool.h:22:
In file included from ../../../../../source/runtime/src/Heap/Allocator/CartesianTree.h:14:
In file included from ../../../../../source/runtime/src/Base/LogFile.h:14:
../../../../../source/runtime/src/Base/GcLog.h:263:45: warning: format string is not a string literal [-Wformat-nonliteral]
        int n = vsnprintf(buf, sizeof(buf), format, args);
                                            ^~~~~~
In file included from ../../../../../source/runtime/src/CJThread/src/aio/tcpsock/src/linux/tcpsock.cpp:10:
In file included from ../../../../../source/runtime/src/CJThread/src/aio/sock/include/inner/sock_impl.h:12:
In file included from ../../../../../source/runtime/src/CJThread/src/aio/sock/include/sock.h:12:
In file included from ../../../../../source/runtime/src/CJThread/src/aio/schdfd/include/inner/schdfd_impl.h:11:
In file included from ../../../../../source/runtime/src/CJThread/src/runtime/schedule/include/inner/schdpoll.h:15:
In file included from ../../../../../source/runtime/src/CJThread/src/runtime/schedule/include/inner/schedule_impl.h:19:
In file included from ../../../../../source/runtime/src/CJThread/src/runtime/schedule/include/inner/cjthread.h:21:
In file included from ../../../../../source/runtime/src/Mutator/Mutator.h:16:
In file included from ../../../../../source/runtime/src/Heap/Allocator/Allocator.h:11:
In file included from ../../../../../source/runtime/src/Heap/Allocator/AllocBufferManager.h:15:
In file included from ../../../../../source/runtime/src/Heap/Allocator/AllocBuffer.h:18:
In file included from ../../../../../source/runtime/src/Heap/Allocator/RegionList.h:11:
In file included from ../../../../../source/runtime/src/Heap/Allocator/RegionInfo.h:44:
../../../../../source/runtime/src/Heap/Verify/AllocPhaseDiag.h:57:1: warning: inline variables are a C++17 extension [-Wc++17-extensions]
inline Slot g_table[kCap] = {};
^
../../../../../source/runtime/src/Heap/Verify/AllocPhaseDiag.h:58:1: warning: inline variables are a C++17 extension [-Wc++17-extensions]
inline NearEntry g_near[kNearCap] = {};
^
In file included from ../../../../../source/runtime/src/CJThread/src/aio/tcpsock/src/linux/tcpsock.cpp:10:
In file included from ../../../../../source/runtime/src/CJThread/src/aio/sock/include/inner/sock_impl.h:12:
In file included from ../../../../../source/runtime/src/CJThread/src/aio/sock/include/sock.h:12:
In file included from ../../../../../source/runtime/src/CJThread/src/aio/schdfd/include/inner/schdfd_impl.h:11:
In file included from ../../../../../source/runtime/src/CJThread/src/runtime/schedule/include/inner/schdpoll.h:15:
In file included from ../../../../../source/runtime/src/CJThread/src/runtime/schedule/include/inner/schedule_impl.h:19:
In file included from ../../../../../source/runtime/src/CJThread/src/runtime/schedule/include/inner/cjthread.h:21:
In file included from ../../../../../source/runtime/src/Mutator/Mutator.h:16:
In file included from ../../../../../source/runtime/src/Heap/Allocator/Allocator.h:11:
In file included from ../../../../../source/runtime/src/Heap/Allocator/AllocBufferManager.h:15:
In file included from ../../../../../source/runtime/src/Heap/Allocator/AllocBuffer.h:18:
In file included from ../../../../../source/runtime/src/Heap/Allocator/RegionList.h:11:
In file included from ../../../../../source/runtime/src/Heap/Allocator/RegionInfo.h:50:
In file included from ../../../../../source/runtime/src/Heap/Allocator/ForwardingTable.h:15:
../../../../../source/runtime/src/Heap/Collector/ZForwarding.h:33:1: warning: class 'LiveInfo' was previously declared as a struct; this is valid, but may result in linker errors under the Microsoft C++ ABI [-Wmismatched-tags]
class LiveInfo;
^
../../../../../source/runtime/src/Heap/Collector/LiveInfo.h:185:8: note: previous use is here
struct LiveInfo {
       ^
../../../../../source/runtime/src/Heap/Collector/ZForwarding.h:33:1: note: did you mean struct here?
class LiveInfo;
^~~~~
struct
4 warnings generated.
In file included from ../../../../../source/runtime/src/CJThread/src/aio/domainsock/src/domainsock_common.cpp:10:
In file included from ../../../../../source/runtime/src/CJThread/src/aio/sock/include/inner/sock_impl.h:12:
In file included from ../../../../../source/runtime/src/CJThread/src/aio/sock/include/sock.h:12:
In file included from ../../../../../source/runtime/src/CJThread/src/aio/schdfd/include/inner/schdfd_impl.h:11:
In file included from ../../../../../source/runtime/src/CJThread/src/runtime/schedule/include/inner/schdpoll.h:15:
In file included from ../../../../../source/runtime/src/CJThread/src/runtime/schedule/include/inner/schedule_impl.h:19:
In file included from ../../../../../source/runtime/src/CJThread/src/runtime/schedule/include/inner/cjthread.h:21:
In file included from ../../../../../source/runtime/src/Mutator/Mutator.h:15:
In file included from ../../../../../source/runtime/src/Exception/Exception.h:17:
In file included from ../../../../../source/runtime/src/Common/NativeAllocator.h:15:
In file included from ../../../../../source/runtime/src/Common/PagePool.h:22:
In file included from ../../../../../source/runtime/src/Heap/Allocator/CartesianTree.h:14:
In file included from ../../../../../source/runtime/src/Base/LogFile.h:14:
../../../../../source/runtime/src/Base/GcLog.h:263:45: warning: format string is not a string literal [-Wformat-nonliteral]
        int n = vsnprintf(buf, sizeof(buf), format, args);
                                            ^~~~~~
In file included from ../../../../../source/runtime/src/CJThread/src/aio/domainsock/src/domainsock_common.cpp:10:
In file included from ../../../../../source/runtime/src/CJThread/src/aio/sock/include/inner/sock_impl.h:12:
In file included from ../../../../../source/runtime/src/CJThread/src/aio/sock/include/sock.h:12:
In file included from ../../../../../source/runtime/src/CJThread/src/aio/schdfd/include/inner/schdfd_impl.h:11:
In file included from ../../../../../source/runtime/src/CJThread/src/runtime/schedule/include/inner/schdpoll.h:15:
In file included from ../../../../../source/runtime/src/CJThread/src/runtime/schedule/include/inner/schedule_impl.h:19:
In file included from ../../../../../source/runtime/src/CJThread/src/runtime/schedule/include/inner/cjthread.h:21:
In file included from ../../../../../source/runtime/src/Mutator/Mutator.h:16:
In file included from ../../../../../source/runtime/src/Heap/Allocator/Allocator.h:11:
In file included from ../../../../../source/runtime/src/Heap/Allocator/AllocBufferManager.h:15:
In file included from ../../../../../source/runtime/src/Heap/Allocator/AllocBuffer.h:18:
In file included from ../../../../../source/runtime/src/Heap/Allocator/RegionList.h:11:
In file included from ../../../../../source/runtime/src/Heap/Allocator/RegionInfo.h:44:
../../../../../source/runtime/src/Heap/Verify/AllocPhaseDiag.h:57:1: warning: inline variables are a C++17 extension [-Wc++17-extensions]
inline Slot g_table[kCap] = {};
^
../../../../../source/runtime/src/Heap/Verify/AllocPhaseDiag.h:58:1: warning: inline variables are a C++17 extension [-Wc++17-extensions]
inline NearEntry g_near[kNearCap] = {};
^
In file included from ../../../../../source/runtime/src/CJThread/src/aio/domainsock/src/domainsock_common.cpp:10:
In file included from ../../../../../source/runtime/src/CJThread/src/aio/sock/include/inner/sock_impl.h:12:
In file included from ../../../../../source/runtime/src/CJThread/src/aio/sock/include/sock.h:12:
In file included from ../../../../../source/runtime/src/CJThread/src/aio/schdfd/include/inner/schdfd_impl.h:11:
In file included from ../../../../../source/runtime/src/CJThread/src/runtime/schedule/include/inner/schdpoll.h:15:
In file included from ../../../../../source/runtime/src/CJThread/src/runtime/schedule/include/inner/schedule_impl.h:19:
In file included from ../../../../../source/runtime/src/CJThread/src/runtime/schedule/include/inner/cjthread.h:21:
In file included from ../../../../../source/runtime/src/Mutator/Mutator.h:16:
In file included from ../../../../../source/runtime/src/Heap/Allocator/Allocator.h:11:
In file included from ../../../../../source/runtime/src/Heap/Allocator/AllocBufferManager.h:15:
In file included from ../../../../../source/runtime/src/Heap/Allocator/AllocBuffer.h:18:
In file included from ../../../../../source/runtime/src/Heap/Allocator/RegionList.h:11:
In file included from ../../../../../source/runtime/src/Heap/Allocator/RegionInfo.h:50:
In file included from ../../../../../source/runtime/src/Heap/Allocator/ForwardingTable.h:15:
../../../../../source/runtime/src/Heap/Collector/ZForwarding.h:33:1: warning: class 'LiveInfo' was previously declared as a struct; this is valid, but may result in linker errors under the Microsoft C++ ABI [-Wmismatched-tags]
class LiveInfo;
^
../../../../../source/runtime/src/Heap/Collector/LiveInfo.h:185:8: note: previous use is here
struct LiveInfo {
       ^
../../../../../source/runtime/src/Heap/Collector/ZForwarding.h:33:1: note: did you mean struct here?
class LiveInfo;
^~~~~
struct
4 warnings generated.
In file included from ../../../../../source/runtime/src/CJThread/src/aio/udpsock/src/udpsock_common.cpp:8:
In file included from ../../../../../source/runtime/src/CJThread/src/aio/sock/include/inner/sock_impl.h:12:
In file included from ../../../../../source/runtime/src/CJThread/src/aio/sock/include/sock.h:12:
In file included from ../../../../../source/runtime/src/CJThread/src/aio/schdfd/include/inner/schdfd_impl.h:11:
In file included from ../../../../../source/runtime/src/CJThread/src/runtime/schedule/include/inner/schdpoll.h:15:
In file included from ../../../../../source/runtime/src/CJThread/src/runtime/schedule/include/inner/schedule_impl.h:19:
In file included from ../../../../../source/runtime/src/CJThread/src/runtime/schedule/include/inner/cjthread.h:21:
In file included from ../../../../../source/runtime/src/Mutator/Mutator.h:15:
In file included from ../../../../../source/runtime/src/Exception/Exception.h:17:
In file included from ../../../../../source/runtime/src/Common/NativeAllocator.h:15:
In file included from ../../../../../source/runtime/src/Common/PagePool.h:22:
In file included from ../../../../../source/runtime/src/Heap/Allocator/CartesianTree.h:14:
In file included from ../../../../../source/runtime/src/Base/LogFile.h:14:
../../../../../source/runtime/src/Base/GcLog.h:263:45: warning: format string is not a string literal [-Wformat-nonliteral]
        int n = vsnprintf(buf, sizeof(buf), format, args);
                                            ^~~~~~
In file included from ../../../../../source/runtime/src/CJThread/src/aio/udpsock/src/udpsock_common.cpp:8:
In file included from ../../../../../source/runtime/src/CJThread/src/aio/sock/include/inner/sock_impl.h:12:
In file included from ../../../../../source/runtime/src/CJThread/src/aio/sock/include/sock.h:12:
In file included from ../../../../../source/runtime/src/CJThread/src/aio/schdfd/include/inner/schdfd_impl.h:11:
In file included from ../../../../../source/runtime/src/CJThread/src/runtime/schedule/include/inner/schdpoll.h:15:
In file included from ../../../../../source/runtime/src/CJThread/src/runtime/schedule/include/inner/schedule_impl.h:19:
In file included from ../../../../../source/runtime/src/CJThread/src/runtime/schedule/include/inner/cjthread.h:21:
In file included from ../../../../../source/runtime/src/Mutator/Mutator.h:16:
In file included from ../../../../../source/runtime/src/Heap/Allocator/Allocator.h:11:
In file included from ../../../../../source/runtime/src/Heap/Allocator/AllocBufferManager.h:15:
In file included from ../../../../../source/runtime/src/Heap/Allocator/AllocBuffer.h:18:
In file included from ../../../../../source/runtime/src/Heap/Allocator/RegionList.h:11:
In file included from ../../../../../source/runtime/src/Heap/Allocator/RegionInfo.h:44:
../../../../../source/runtime/src/Heap/Verify/AllocPhaseDiag.h:57:1: warning: inline variables are a C++17 extension [-Wc++17-extensions]
inline Slot g_table[kCap] = {};
^
../../../../../source/runtime/src/Heap/Verify/AllocPhaseDiag.h:58:1: warning: inline variables are a C++17 extension [-Wc++17-extensions]
inline NearEntry g_near[kNearCap] = {};
^
In file included from ../../../../../source/runtime/src/CJThread/src/aio/udpsock/src/udpsock_common.cpp:8:
In file included from ../../../../../source/runtime/src/CJThread/src/aio/sock/include/inner/sock_impl.h:12:
In file included from ../../../../../source/runtime/src/CJThread/src/aio/sock/include/sock.h:12:
In file included from ../../../../../source/runtime/src/CJThread/src/aio/schdfd/include/inner/schdfd_impl.h:11:
In file included from ../../../../../source/runtime/src/CJThread/src/runtime/schedule/include/inner/schdpoll.h:15:
In file included from ../../../../../source/runtime/src/CJThread/src/runtime/schedule/include/inner/schedule_impl.h:19:
In file included from ../../../../../source/runtime/src/CJThread/src/runtime/schedule/include/inner/cjthread.h:21:
In file included from ../../../../../source/runtime/src/Mutator/Mutator.h:16:
In file included from ../../../../../source/runtime/src/Heap/Allocator/Allocator.h:11:
In file included from ../../../../../source/runtime/src/Heap/Allocator/AllocBufferManager.h:15:
In file included from ../../../../../source/runtime/src/Heap/Allocator/AllocBuffer.h:18:
In file included from ../../../../../source/runtime/src/Heap/Allocator/RegionList.h:11:
In file included from ../../../../../source/runtime/src/Heap/Allocator/RegionInfo.h:50:
In file included from ../../../../../source/runtime/src/Heap/Allocator/ForwardingTable.h:15:
../../../../../source/runtime/src/Heap/Collector/ZForwarding.h:33:1: warning: class 'LiveInfo' was previously declared as a struct; this is valid, but may result in linker errors under the Microsoft C++ ABI [-Wmismatched-tags]
class LiveInfo;
^
../../../../../source/runtime/src/Heap/Collector/LiveInfo.h:185:8: note: previous use is here
struct LiveInfo {
       ^
../../../../../source/runtime/src/Heap/Collector/ZForwarding.h:33:1: note: did you mean struct here?
class LiveInfo;
^~~~~
struct
4 warnings generated.
In file included from ../../../../../source/runtime/src/CJThread/src/aio/tcpsock/src/tcpsock_common.cpp:8:
In file included from ../../../../../source/runtime/src/CJThread/src/aio/sock/include/inner/sock_impl.h:12:
In file included from ../../../../../source/runtime/src/CJThread/src/aio/sock/include/sock.h:12:
In file included from ../../../../../source/runtime/src/CJThread/src/aio/schdfd/include/inner/schdfd_impl.h:11:
In file included from ../../../../../source/runtime/src/CJThread/src/runtime/schedule/include/inner/schdpoll.h:15:
In file included from ../../../../../source/runtime/src/CJThread/src/runtime/schedule/include/inner/schedule_impl.h:19:
In file included from ../../../../../source/runtime/src/CJThread/src/runtime/schedule/include/inner/cjthread.h:21:
In file included from ../../../../../source/runtime/src/Mutator/Mutator.h:15:
In file included from ../../../../../source/runtime/src/Exception/Exception.h:17:
In file included from ../../../../../source/runtime/src/Common/NativeAllocator.h:15:
In file included from ../../../../../source/runtime/src/Common/PagePool.h:22:
In file included from ../../../../../source/runtime/src/Heap/Allocator/CartesianTree.h:14:
In file included from ../../../../../source/runtime/src/Base/LogFile.h:14:
../../../../../source/runtime/src/Base/GcLog.h:263:45: warning: format string is not a string literal [-Wformat-nonliteral]
        int n = vsnprintf(buf, sizeof(buf), format, args);
                                            ^~~~~~
In file included from ../../../../../source/runtime/src/CJThread/src/aio/tcpsock/src/tcpsock_common.cpp:8:
In file included from ../../../../../source/runtime/src/CJThread/src/aio/sock/include/inner/sock_impl.h:12:
In file included from ../../../../../source/runtime/src/CJThread/src/aio/sock/include/sock.h:12:
In file included from ../../../../../source/runtime/src/CJThread/src/aio/schdfd/include/inner/schdfd_impl.h:11:
In file included from ../../../../../source/runtime/src/CJThread/src/runtime/schedule/include/inner/schdpoll.h:15:
In file included from ../../../../../source/runtime/src/CJThread/src/runtime/schedule/include/inner/schedule_impl.h:19:
In file included from ../../../../../source/runtime/src/CJThread/src/runtime/schedule/include/inner/cjthread.h:21:
In file included from ../../../../../source/runtime/src/Mutator/Mutator.h:16:
In file included from ../../../../../source/runtime/src/Heap/Allocator/Allocator.h:11:
In file included from ../../../../../source/runtime/src/Heap/Allocator/AllocBufferManager.h:15:
In file included from ../../../../../source/runtime/src/Heap/Allocator/AllocBuffer.h:18:
In file included from ../../../../../source/runtime/src/Heap/Allocator/RegionList.h:11:
In file included from ../../../../../source/runtime/src/Heap/Allocator/RegionInfo.h:44:
../../../../../source/runtime/src/Heap/Verify/AllocPhaseDiag.h:57:1: warning: inline variables are a C++17 extension [-Wc++17-extensions]
inline Slot g_table[kCap] = {};
^
../../../../../source/runtime/src/Heap/Verify/AllocPhaseDiag.h:58:1: warning: inline variables are a C++17 extension [-Wc++17-extensions]
inline NearEntry g_near[kNearCap] = {};
^
In file included from ../../../../../source/runtime/src/CJThread/src/aio/tcpsock/src/tcpsock_common.cpp:8:
In file included from ../../../../../source/runtime/src/CJThread/src/aio/sock/include/inner/sock_impl.h:12:
In file included from ../../../../../source/runtime/src/CJThread/src/aio/sock/include/sock.h:12:
In file included from ../../../../../source/runtime/src/CJThread/src/aio/schdfd/include/inner/schdfd_impl.h:11:
In file included from ../../../../../source/runtime/src/CJThread/src/runtime/schedule/include/inner/schdpoll.h:15:
In file included from ../../../../../source/runtime/src/CJThread/src/runtime/schedule/include/inner/schedule_impl.h:19:
In file included from ../../../../../source/runtime/src/CJThread/src/runtime/schedule/include/inner/cjthread.h:21:
In file included from ../../../../../source/runtime/src/Mutator/Mutator.h:16:
In file included from ../../../../../source/runtime/src/Heap/Allocator/Allocator.h:11:
In file included from ../../../../../source/runtime/src/Heap/Allocator/AllocBufferManager.h:15:
In file included from ../../../../../source/runtime/src/Heap/Allocator/AllocBuffer.h:18:
In file included from ../../../../../source/runtime/src/Heap/Allocator/RegionList.h:11:
In file included from ../../../../../source/runtime/src/Heap/Allocator/RegionInfo.h:50:
In file included from ../../../../../source/runtime/src/Heap/Allocator/ForwardingTable.h:15:
../../../../../source/runtime/src/Heap/Collector/ZForwarding.h:33:1: warning: class 'LiveInfo' was previously declared as a struct; this is valid, but may result in linker errors under the Microsoft C++ ABI [-Wmismatched-tags]
class LiveInfo;
^
../../../../../source/runtime/src/Heap/Collector/LiveInfo.h:185:8: note: previous use is here
struct LiveInfo {
       ^
../../../../../source/runtime/src/Heap/Collector/ZForwarding.h:33:1: note: did you mean struct here?
class LiveInfo;
^~~~~
struct
4 warnings generated.
[ 97%] Built target udpsock
[ 97%] Built target domainsock
[ 97%] Built target tcpsock
In file included from ../../../../../source/runtime/src/CJThread/src/aio/rawsock/src/rawsock_common.cpp:8:
In file included from ../../../../../source/runtime/src/CJThread/src/aio/sock/include/inner/sock_impl.h:12:
In file included from ../../../../../source/runtime/src/CJThread/src/aio/sock/include/sock.h:12:
In file included from ../../../../../source/runtime/src/CJThread/src/aio/schdfd/include/inner/schdfd_impl.h:11:
In file included from ../../../../../source/runtime/src/CJThread/src/runtime/schedule/include/inner/schdpoll.h:15:
In file included from ../../../../../source/runtime/src/CJThread/src/runtime/schedule/include/inner/schedule_impl.h:19:
In file included from ../../../../../source/runtime/src/CJThread/src/runtime/schedule/include/inner/cjthread.h:21:
In file included from ../../../../../source/runtime/src/Mutator/Mutator.h:15:
In file included from ../../../../../source/runtime/src/Exception/Exception.h:17:
In file included from ../../../../../source/runtime/src/Common/NativeAllocator.h:15:
In file included from ../../../../../source/runtime/src/Common/PagePool.h:22:
In file included from ../../../../../source/runtime/src/Heap/Allocator/CartesianTree.h:14:
In file included from ../../../../../source/runtime/src/Base/LogFile.h:14:
../../../../../source/runtime/src/Base/GcLog.h:263:45: warning: format string is not a string literal [-Wformat-nonliteral]
        int n = vsnprintf(buf, sizeof(buf), format, args);
                                            ^~~~~~
In file included from ../../../../../source/runtime/src/CJThread/src/aio/rawsock/src/rawsock_common.cpp:8:
In file included from ../../../../../source/runtime/src/CJThread/src/aio/sock/include/inner/sock_impl.h:12:
In file included from ../../../../../source/runtime/src/CJThread/src/aio/sock/include/sock.h:12:
In file included from ../../../../../source/runtime/src/CJThread/src/aio/schdfd/include/inner/schdfd_impl.h:11:
In file included from ../../../../../source/runtime/src/CJThread/src/runtime/schedule/include/inner/schdpoll.h:15:
In file included from ../../../../../source/runtime/src/CJThread/src/runtime/schedule/include/inner/schedule_impl.h:19:
In file included from ../../../../../source/runtime/src/CJThread/src/runtime/schedule/include/inner/cjthread.h:21:
In file included from ../../../../../source/runtime/src/Mutator/Mutator.h:16:
In file included from ../../../../../source/runtime/src/Heap/Allocator/Allocator.h:11:
In file included from ../../../../../source/runtime/src/Heap/Allocator/AllocBufferManager.h:15:
In file included from ../../../../../source/runtime/src/Heap/Allocator/AllocBuffer.h:18:
In file included from ../../../../../source/runtime/src/Heap/Allocator/RegionList.h:11:
In file included from ../../../../../source/runtime/src/Heap/Allocator/RegionInfo.h:44:
../../../../../source/runtime/src/Heap/Verify/AllocPhaseDiag.h:57:1: warning: inline variables are a C++17 extension [-Wc++17-extensions]
inline Slot g_table[kCap] = {};
^
../../../../../source/runtime/src/Heap/Verify/AllocPhaseDiag.h:58:1: warning: inline variables are a C++17 extension [-Wc++17-extensions]
inline NearEntry g_near[kNearCap] = {};
^
In file included from ../../../../../source/runtime/src/CJThread/src/aio/rawsock/src/rawsock_common.cpp:8:
In file included from ../../../../../source/runtime/src/CJThread/src/aio/sock/include/inner/sock_impl.h:12:
In file included from ../../../../../source/runtime/src/CJThread/src/aio/sock/include/sock.h:12:
In file included from ../../../../../source/runtime/src/CJThread/src/aio/schdfd/include/inner/schdfd_impl.h:11:
In file included from ../../../../../source/runtime/src/CJThread/src/runtime/schedule/include/inner/schdpoll.h:15:
In file included from ../../../../../source/runtime/src/CJThread/src/runtime/schedule/include/inner/schedule_impl.h:19:
In file included from ../../../../../source/runtime/src/CJThread/src/runtime/schedule/include/inner/cjthread.h:21:
In file included from ../../../../../source/runtime/src/Mutator/Mutator.h:16:
In file included from ../../../../../source/runtime/src/Heap/Allocator/Allocator.h:11:
In file included from ../../../../../source/runtime/src/Heap/Allocator/AllocBufferManager.h:15:
In file included from ../../../../../source/runtime/src/Heap/Allocator/AllocBuffer.h:18:
In file included from ../../../../../source/runtime/src/Heap/Allocator/RegionList.h:11:
In file included from ../../../../../source/runtime/src/Heap/Allocator/RegionInfo.h:50:
In file included from ../../../../../source/runtime/src/Heap/Allocator/ForwardingTable.h:15:
../../../../../source/runtime/src/Heap/Collector/ZForwarding.h:33:1: warning: class 'LiveInfo' was previously declared as a struct; this is valid, but may result in linker errors under the Microsoft C++ ABI [-Wmismatched-tags]
class LiveInfo;
^
../../../../../source/runtime/src/Heap/Collector/LiveInfo.h:185:8: note: previous use is here
struct LiveInfo {
       ^
../../../../../source/runtime/src/Heap/Collector/ZForwarding.h:33:1: note: did you mean struct here?
class LiveInfo;
^~~~~
struct
4 warnings generated.
[ 97%] Built target rawsock
[100%] Linking CXX static library /root/sym_cangjie_runtime_465_implement_r5651041991/build-default/runtime-staging/lib/libcangjie-aio.a
[100%] Built target cangjie-aio
Consolidate compiler generated dependencies of target log
[  2%] Built target log
Consolidate compiler generated dependencies of target netpoll
[  8%] Built target netpoll
Consolidate compiler generated dependencies of target external
[ 11%] Built target external
Consolidate compiler generated dependencies of target basetime
[ 14%] Built target basetime
Consolidate compiler generated dependencies of target schedule
[ 38%] Built target schedule
Consolidate compiler generated dependencies of target syscall
[ 50%] Built target syscall
Consolidate compiler generated dependencies of target timer
[ 52%] Built target timer
Consolidate compiler generated dependencies of target waitqueue
[ 55%] Built target waitqueue
Consolidate compiler generated dependencies of target sema
[ 58%] Built target sema
[ 61%] Built target cangjie-thread
Consolidate compiler generated dependencies of target schdfd
[ 64%] Built target schdfd
Consolidate compiler generated dependencies of target sock
[ 67%] Built target sock
Consolidate compiler generated dependencies of target domainsock
[ 73%] Built target domainsock
Consolidate compiler generated dependencies of target tcpsock
[ 79%] Built target tcpsock
Consolidate compiler generated dependencies of target udpsock
[ 85%] Built target udpsock
Consolidate compiler generated dependencies of target rawsock
[ 91%] Built target rawsock
[ 94%] Built target cangjie-aio
Consolidate compiler generated dependencies of target trace
[ 97%] Built target trace
[100%] Built target cjthread-trace
Install the project...
-- Install configuration: "Release"
-- Installing: /root/sym_cangjie_runtime_465_implement_r5651041991/install-default/lib/linux_x86_64_cjnative/libcangjie-thread.a
-- Installing: /root/sym_cangjie_runtime_465_implement_r5651041991/install-default/lib/linux_x86_64_cjnative/libcangjie-aio.a
build cjthread done!!!
strip: /root/sym_cangjie_runtime_465_implement_r5651041991/install-default
-- TESTS_MANIFEST=PASS configure=3 manual=70 orphan=12 (manual/orphan do NOT run in this build)
-- SLOT_TYPE_PROBE=PASS control=1 witness=1 negatives=5 (each rejected AND diagnosed on the expected symbol)
-- MARK_GENERATION_PROBE=PASS control=1 negatives=2 (young-as-old and old-as-young both rejected)
-- C4_COLOUR_TABLE=PASS control=1 negatives=3 std=14 (32-epoch mask equivalence + DROP_BIT collisions; each negative rejected AND diagnosed)
-- Configuring done
-- Generating done
-- Build files have been written to: /root/sym_cangjie_runtime_465_implement_r5651041991/build-default
