GC_UNIT_PRODUCT_CONFIGURATION=MRT_GC_UNIT_TESTS
STALL_PRODUCT_OBSERVE=1
REMAP_RECEIPT_PRODUCT_SHAPE=testable reset=1 read=1
In file included from sym_cangjie_runtime_596_implement_r5673746875-base/testable/runtime/tests/gc_unit/test_zBitField.cpp:11:
In file included from sym_cangjie_runtime_596_implement_r5673746875-base/testable/runtime/src/Heap/z/zPage.hpp:40:
sym_cangjie_runtime_596_implement_r5673746875-base/testable/runtime/src/Heap/z/zForwarding.hpp:178:1: warning: class 'LiveInfo' was previously declared as a struct; this is valid, but may result in linker errors under the Microsoft C++ ABI [-Wmismatched-tags]
class LiveInfo;
^
sym_cangjie_runtime_596_implement_r5673746875-base/testable/runtime/src/Heap/z/zLiveMap.hpp:157:8: note: previous use is here
struct LiveInfo {
       ^
sym_cangjie_runtime_596_implement_r5673746875-base/testable/runtime/src/Heap/z/zForwarding.hpp:178:1: note: did you mean struct here?
class LiveInfo;
^~~~~
struct
1 warning generated.
In file included from sym_cangjie_runtime_596_implement_r5673746875-base/testable/runtime/tests/gc_unit/test_z_forwarding_life.cpp:15:
In file included from sym_cangjie_runtime_596_implement_r5673746875-base/testable/runtime/tests/gc_unit/gc_heap_fixture.hpp:24:
In file included from sym_cangjie_runtime_596_implement_r5673746875-base/testable/runtime/src/Heap/z/zPage.hpp:39:
In file included from sym_cangjie_runtime_596_implement_r5673746875-base/testable/runtime/src/Heap/Collector/LiveInfoArena.h:19:
sym_cangjie_runtime_596_implement_r5673746875-base/testable/runtime/src/Heap/z/zLiveMap.hpp:157:1: warning: 'LiveInfo' defined as a struct here but previously declared as a class; this is valid, but may result in linker errors under the Microsoft C++ ABI [-Wmismatched-tags]
struct LiveInfo {
^
sym_cangjie_runtime_596_implement_r5673746875-base/testable/runtime/src/Heap/z/zForwarding.hpp:178:1: note: did you mean struct here?
class LiveInfo;
^~~~~
struct
1 warning generated.
In file included from sym_cangjie_runtime_596_implement_r5673746875-base/testable/runtime/tests/gc_unit/test_region_age.cpp:14:
In file included from sym_cangjie_runtime_596_implement_r5673746875-base/testable/runtime/tests/gc_unit/gc_heap_fixture.hpp:24:
In file included from sym_cangjie_runtime_596_implement_r5673746875-base/testable/runtime/src/Heap/z/zPage.hpp:40:
sym_cangjie_runtime_596_implement_r5673746875-base/testable/runtime/src/Heap/z/zForwarding.hpp:178:1: warning: class 'LiveInfo' was previously declared as a struct; this is valid, but may result in linker errors under the Microsoft C++ ABI [-Wmismatched-tags]
class LiveInfo;
^
sym_cangjie_runtime_596_implement_r5673746875-base/testable/runtime/src/Heap/z/zLiveMap.hpp:157:8: note: previous use is here
struct LiveInfo {
       ^
sym_cangjie_runtime_596_implement_r5673746875-base/testable/runtime/src/Heap/z/zForwarding.hpp:178:1: note: did you mean struct here?
class LiveInfo;
^~~~~
struct
1 warning generated.
In file included from sym_cangjie_runtime_596_implement_r5673746875-base/testable/runtime/tests/gc_unit/test_colour_census.cpp:9:
In file included from sym_cangjie_runtime_596_implement_r5673746875-base/testable/runtime/tests/gc_unit/gc_heap_fixture.hpp:24:
In file included from sym_cangjie_runtime_596_implement_r5673746875-base/testable/runtime/src/Heap/z/zPage.hpp:40:
sym_cangjie_runtime_596_implement_r5673746875-base/testable/runtime/src/Heap/z/zForwarding.hpp:178:1: warning: class 'LiveInfo' was previously declared as a struct; this is valid, but may result in linker errors under the Microsoft C++ ABI [-Wmismatched-tags]
class LiveInfo;
^
sym_cangjie_runtime_596_implement_r5673746875-base/testable/runtime/src/Heap/z/zLiveMap.hpp:157:8: note: previous use is here
struct LiveInfo {
       ^
sym_cangjie_runtime_596_implement_r5673746875-base/testable/runtime/src/Heap/z/zForwarding.hpp:178:1: note: did you mean struct here?
class LiveInfo;
^~~~~
struct
1 warning generated.
In file included from sym_cangjie_runtime_596_implement_r5673746875-base/testable/runtime/tests/gc_unit/test_mapped_cache.cpp:12:
In file included from sym_cangjie_runtime_596_implement_r5673746875-base/testable/runtime/src/Heap/z/zPageAllocator.hpp:213:
In file included from sym_cangjie_runtime_596_implement_r5673746875-base/testable/runtime/src/Heap/z/zPage.hpp:40:
sym_cangjie_runtime_596_implement_r5673746875-base/testable/runtime/src/Heap/z/zForwarding.hpp:178:1: warning: class 'LiveInfo' was previously declared as a struct; this is valid, but may result in linker errors under the Microsoft C++ ABI [-Wmismatched-tags]
class LiveInfo;
^
sym_cangjie_runtime_596_implement_r5673746875-base/testable/runtime/src/Heap/z/zLiveMap.hpp:157:8: note: previous use is here
struct LiveInfo {
       ^
sym_cangjie_runtime_596_implement_r5673746875-base/testable/runtime/src/Heap/z/zForwarding.hpp:178:1: note: did you mean struct here?
class LiveInfo;
^~~~~
struct
1 warning generated.
In file included from sym_cangjie_runtime_596_implement_r5673746875-base/testable/runtime/tests/gc_unit/test_object_gate.cpp:14:
In file included from sym_cangjie_runtime_596_implement_r5673746875-base/testable/runtime/tests/gc_unit/gc_heap_fixture.hpp:24:
In file included from sym_cangjie_runtime_596_implement_r5673746875-base/testable/runtime/src/Heap/z/zPage.hpp:40:
sym_cangjie_runtime_596_implement_r5673746875-base/testable/runtime/src/Heap/z/zForwarding.hpp:178:1: warning: class 'LiveInfo' was previously declared as a struct; this is valid, but may result in linker errors under the Microsoft C++ ABI [-Wmismatched-tags]
class LiveInfo;
^
sym_cangjie_runtime_596_implement_r5673746875-base/testable/runtime/src/Heap/z/zLiveMap.hpp:157:8: note: previous use is here
struct LiveInfo {
       ^
sym_cangjie_runtime_596_implement_r5673746875-base/testable/runtime/src/Heap/z/zForwarding.hpp:178:1: note: did you mean struct here?
class LiveInfo;
^~~~~
struct
1 warning generated.
In file included from sym_cangjie_runtime_596_implement_r5673746875-base/testable/runtime/tests/gc_unit/test_gctibzero.cpp:20:
In file included from sym_cangjie_runtime_596_implement_r5673746875-base/testable/runtime/tests/gc_unit/gc_heap_fixture.hpp:24:
In file included from sym_cangjie_runtime_596_implement_r5673746875-base/testable/runtime/src/Heap/z/zPage.hpp:40:
sym_cangjie_runtime_596_implement_r5673746875-base/testable/runtime/src/Heap/z/zForwarding.hpp:178:1: warning: class 'LiveInfo' was previously declared as a struct; this is valid, but may result in linker errors under the Microsoft C++ ABI [-Wmismatched-tags]
class LiveInfo;
^
sym_cangjie_runtime_596_implement_r5673746875-base/testable/runtime/src/Heap/z/zLiveMap.hpp:157:8: note: previous use is here
struct LiveInfo {
       ^
sym_cangjie_runtime_596_implement_r5673746875-base/testable/runtime/src/Heap/z/zForwarding.hpp:178:1: note: did you mean struct here?
class LiveInfo;
^~~~~
struct
1 warning generated.
In file included from sym_cangjie_runtime_596_implement_r5673746875-base/testable/runtime/tests/gc_unit/test_zLiveMap.cpp:15:
In file included from sym_cangjie_runtime_596_implement_r5673746875-base/testable/runtime/tests/gc_unit/gc_heap_fixture.hpp:24:
In file included from sym_cangjie_runtime_596_implement_r5673746875-base/testable/runtime/src/Heap/z/zPage.hpp:40:
sym_cangjie_runtime_596_implement_r5673746875-base/testable/runtime/src/Heap/z/zForwarding.hpp:178:1: warning: class 'LiveInfo' was previously declared as a struct; this is valid, but may result in linker errors under the Microsoft C++ ABI [-Wmismatched-tags]
class LiveInfo;
^
sym_cangjie_runtime_596_implement_r5673746875-base/testable/runtime/src/Heap/z/zLiveMap.hpp:157:8: note: previous use is here
struct LiveInfo {
       ^
sym_cangjie_runtime_596_implement_r5673746875-base/testable/runtime/src/Heap/z/zForwarding.hpp:178:1: note: did you mean struct here?
class LiveInfo;
^~~~~
struct
1 warning generated.
In file included from sym_cangjie_runtime_596_implement_r5673746875-base/testable/runtime/tests/gc_unit/test_i2_readref.cpp:16:
In file included from sym_cangjie_runtime_596_implement_r5673746875-base/testable/runtime/tests/gc_unit/gc_heap_fixture.hpp:24:
In file included from sym_cangjie_runtime_596_implement_r5673746875-base/testable/runtime/src/Heap/z/zPage.hpp:40:
sym_cangjie_runtime_596_implement_r5673746875-base/testable/runtime/src/Heap/z/zForwarding.hpp:178:1: warning: class 'LiveInfo' was previously declared as a struct; this is valid, but may result in linker errors under the Microsoft C++ ABI [-Wmismatched-tags]
class LiveInfo;
^
sym_cangjie_runtime_596_implement_r5673746875-base/testable/runtime/src/Heap/z/zLiveMap.hpp:157:8: note: previous use is here
struct LiveInfo {
       ^
sym_cangjie_runtime_596_implement_r5673746875-base/testable/runtime/src/Heap/z/zForwarding.hpp:178:1: note: did you mean struct here?
class LiveInfo;
^~~~~
struct
1 warning generated.
In file included from sym_cangjie_runtime_596_implement_r5673746875-base/testable/runtime/tests/gc_unit/test_gc_director.cpp:9:
In file included from sym_cangjie_runtime_596_implement_r5673746875-base/testable/runtime/src/Heap/z/zPageAllocator.hpp:213:
In file included from sym_cangjie_runtime_596_implement_r5673746875-base/testable/runtime/src/Heap/z/zPage.hpp:40:
sym_cangjie_runtime_596_implement_r5673746875-base/testable/runtime/src/Heap/z/zForwarding.hpp:178:1: warning: class 'LiveInfo' was previously declared as a struct; this is valid, but may result in linker errors under the Microsoft C++ ABI [-Wmismatched-tags]
class LiveInfo;
^
sym_cangjie_runtime_596_implement_r5673746875-base/testable/runtime/src/Heap/z/zLiveMap.hpp:157:8: note: previous use is here
struct LiveInfo {
       ^
sym_cangjie_runtime_596_implement_r5673746875-base/testable/runtime/src/Heap/z/zForwarding.hpp:178:1: note: did you mean struct here?
class LiveInfo;
^~~~~
struct
1 warning generated.
In file included from sym_cangjie_runtime_596_implement_r5673746875-base/testable/runtime/tests/gc_unit/test_fillerobj.cpp:4:
In file included from sym_cangjie_runtime_596_implement_r5673746875-base/testable/runtime/tests/gc_unit/gc_heap_fixture.hpp:24:
In file included from sym_cangjie_runtime_596_implement_r5673746875-base/testable/runtime/src/Heap/z/zPage.hpp:40:
sym_cangjie_runtime_596_implement_r5673746875-base/testable/runtime/src/Heap/z/zForwarding.hpp:178:1: warning: class 'LiveInfo' was previously declared as a struct; this is valid, but may result in linker errors under the Microsoft C++ ABI [-Wmismatched-tags]
class LiveInfo;
^
sym_cangjie_runtime_596_implement_r5673746875-base/testable/runtime/src/Heap/z/zLiveMap.hpp:157:8: note: previous use is here
struct LiveInfo {
       ^
sym_cangjie_runtime_596_implement_r5673746875-base/testable/runtime/src/Heap/z/zForwarding.hpp:178:1: note: did you mean struct here?
class LiveInfo;
^~~~~
struct
1 warning generated.
In file included from sym_cangjie_runtime_596_implement_r5673746875-base/testable/runtime/tests/gc_unit/test_zList.cpp:8:
In file included from sym_cangjie_runtime_596_implement_r5673746875-base/testable/runtime/tests/gc_unit/gc_heap_fixture.hpp:24:
In file included from sym_cangjie_runtime_596_implement_r5673746875-base/testable/runtime/src/Heap/z/zPage.hpp:40:
sym_cangjie_runtime_596_implement_r5673746875-base/testable/runtime/src/Heap/z/zForwarding.hpp:178:1: warning: class 'LiveInfo' was previously declared as a struct; this is valid, but may result in linker errors under the Microsoft C++ ABI [-Wmismatched-tags]
class LiveInfo;
^
sym_cangjie_runtime_596_implement_r5673746875-base/testable/runtime/src/Heap/z/zLiveMap.hpp:157:8: note: previous use is here
struct LiveInfo {
       ^
sym_cangjie_runtime_596_implement_r5673746875-base/testable/runtime/src/Heap/z/zForwarding.hpp:178:1: note: did you mean struct here?
class LiveInfo;
^~~~~
struct
1 warning generated.
In file included from sym_cangjie_runtime_596_implement_r5673746875-base/testable/runtime/tests/gc_unit/test_loadfc.cpp:9:
In file included from sym_cangjie_runtime_596_implement_r5673746875-base/testable/runtime/tests/gc_unit/gc_heap_fixture.hpp:24:
In file included from sym_cangjie_runtime_596_implement_r5673746875-base/testable/runtime/src/Heap/z/zPage.hpp:40:
sym_cangjie_runtime_596_implement_r5673746875-base/testable/runtime/src/Heap/z/zForwarding.hpp:178:1: warning: class 'LiveInfo' was previously declared as a struct; this is valid, but may result in linker errors under the Microsoft C++ ABI [-Wmismatched-tags]
class LiveInfo;
^
sym_cangjie_runtime_596_implement_r5673746875-base/testable/runtime/src/Heap/z/zLiveMap.hpp:157:8: note: previous use is here
struct LiveInfo {
       ^
sym_cangjie_runtime_596_implement_r5673746875-base/testable/runtime/src/Heap/z/zForwarding.hpp:178:1: note: did you mean struct here?
class LiveInfo;
^~~~~
struct
1 warning generated.
In file included from sym_cangjie_runtime_596_implement_r5673746875-base/testable/runtime/tests/gc_unit/gc_unit_main.cpp:21:
In file included from sym_cangjie_runtime_596_implement_r5673746875-base/testable/runtime/src/Heap/Collector/CollectorProxy.h:14:
In file included from sym_cangjie_runtime_596_implement_r5673746875-base/testable/runtime/src/Heap/WCollector/WCollector.h:23:
In file included from sym_cangjie_runtime_596_implement_r5673746875-base/testable/runtime/src/Heap/Allocator/RegionSpace.h:20:
In file included from sym_cangjie_runtime_596_implement_r5673746875-base/testable/runtime/src/Heap/Allocator/Allocator.h:11:
In file included from sym_cangjie_runtime_596_implement_r5673746875-base/testable/runtime/src/Heap/Allocator/AllocBufferManager.h:15:
In file included from sym_cangjie_runtime_596_implement_r5673746875-base/testable/runtime/src/Heap/z/zThreadLocalAllocBuffer.hpp:18:
In file included from sym_cangjie_runtime_596_implement_r5673746875-base/testable/runtime/src/Heap/Allocator/RegionList.h:11:
In file included from sym_cangjie_runtime_596_implement_r5673746875-base/testable/runtime/src/Heap/z/zPage.hpp:40:
sym_cangjie_runtime_596_implement_r5673746875-base/testable/runtime/src/Heap/z/zForwarding.hpp:178:1: warning: class 'LiveInfo' was previously declared as a struct; this is valid, but may result in linker errors under the Microsoft C++ ABI [-Wmismatched-tags]
class LiveInfo;
^
sym_cangjie_runtime_596_implement_r5673746875-base/testable/runtime/src/Heap/z/zLiveMap.hpp:157:8: note: previous use is here
struct LiveInfo {
       ^
sym_cangjie_runtime_596_implement_r5673746875-base/testable/runtime/src/Heap/z/zForwarding.hpp:178:1: note: did you mean struct here?
class LiveInfo;
^~~~~
struct
In file included from sym_cangjie_runtime_596_implement_r5673746875-base/testable/runtime/tests/gc_unit/gc_unit_main.cpp:21:
In file included from sym_cangjie_runtime_596_implement_r5673746875-base/testable/runtime/src/Heap/Collector/CollectorProxy.h:14:
In file included from sym_cangjie_runtime_596_implement_r5673746875-base/testable/runtime/src/Heap/WCollector/WCollector.h:25:
In file included from sym_cangjie_runtime_596_implement_r5673746875-base/testable/runtime/src/Heap/Collector/CopyCollector.h:13:
sym_cangjie_runtime_596_implement_r5673746875-base/testable/runtime/src/Heap/z/zMark.hpp:384:47: warning: unused parameter 'ref' [-Wunused-parameter]
    virtual void EnumRefFieldRoot(RefField<>& ref, RootSet& rootSet) const {};
                                              ^
sym_cangjie_runtime_596_implement_r5673746875-base/testable/runtime/src/Heap/z/zMark.hpp:384:61: warning: unused parameter 'rootSet' [-Wunused-parameter]
    virtual void EnumRefFieldRoot(RefField<>& ref, RootSet& rootSet) const {};
                                                            ^
sym_cangjie_runtime_596_implement_r5673746875-base/testable/runtime/src/Heap/z/zMark.hpp:385:51: warning: unused parameter 'obj' [-Wunused-parameter]
    virtual void TraceObjectRefFields(BaseObject* obj, WorkStack& workStack, bool finalizable = false)
                                                  ^
sym_cangjie_runtime_596_implement_r5673746875-base/testable/runtime/src/Heap/z/zMark.hpp:385:67: warning: unused parameter 'workStack' [-Wunused-parameter]
    virtual void TraceObjectRefFields(BaseObject* obj, WorkStack& workStack, bool finalizable = false)
                                                                  ^
sym_cangjie_runtime_596_implement_r5673746875-base/testable/runtime/src/Heap/z/zMark.hpp:385:83: warning: unused parameter 'finalizable' [-Wunused-parameter]
    virtual void TraceObjectRefFields(BaseObject* obj, WorkStack& workStack, bool finalizable = false)
                                                                                  ^
sym_cangjie_runtime_596_implement_r5673746875-base/testable/runtime/src/Heap/z/zMark.hpp:393:53: warning: unused parameter 'kind' [-Wunused-parameter]
    virtual BaseObject* GetAndTryTagObj(RefSlotKind kind, BaseObject* obj, RefField<>& field)
                                                    ^
sym_cangjie_runtime_596_implement_r5673746875-base/testable/runtime/src/Heap/z/zMark.hpp:393:71: warning: unused parameter 'obj' [-Wunused-parameter]
    virtual BaseObject* GetAndTryTagObj(RefSlotKind kind, BaseObject* obj, RefField<>& field)
                                                                      ^
sym_cangjie_runtime_596_implement_r5673746875-base/testable/runtime/src/Heap/z/zMark.hpp:393:88: warning: unused parameter 'field' [-Wunused-parameter]
    virtual BaseObject* GetAndTryTagObj(RefSlotKind kind, BaseObject* obj, RefField<>& field)
                                                                                       ^
sym_cangjie_runtime_596_implement_r5673746875-base/testable/runtime/src/Heap/z/zMark.hpp:542:47: warning: unused parameter 'root' [-Wunused-parameter]
    virtual void EnumAndTagRawRoot(ObjectRef& root, RootSet& rootSet, Generation generation) const
                                              ^
sym_cangjie_runtime_596_implement_r5673746875-base/testable/runtime/src/Heap/z/zMark.hpp:542:62: warning: unused parameter 'rootSet' [-Wunused-parameter]
    virtual void EnumAndTagRawRoot(ObjectRef& root, RootSet& rootSet, Generation generation) const
                                                             ^
sym_cangjie_runtime_596_implement_r5673746875-base/testable/runtime/src/Heap/z/zMark.hpp:542:82: warning: unused parameter 'generation' [-Wunused-parameter]
    virtual void EnumAndTagRawRoot(ObjectRef& root, RootSet& rootSet, Generation generation) const
                                                                                 ^
12 warnings generated.
In file included from sym_cangjie_runtime_596_implement_r5673746875-base/testable/runtime/tests/gc_unit/test_verify_roots.cpp:4:
In file included from sym_cangjie_runtime_596_implement_r5673746875-base/testable/runtime/tests/gc_unit/gc_verify_fixture.hpp:7:
In file included from sym_cangjie_runtime_596_implement_r5673746875-base/testable/runtime/tests/gc_unit/gc_heap_fixture.hpp:24:
In file included from sym_cangjie_runtime_596_implement_r5673746875-base/testable/runtime/src/Heap/z/zPage.hpp:40:
sym_cangjie_runtime_596_implement_r5673746875-base/testable/runtime/src/Heap/z/zForwarding.hpp:178:1: warning: class 'LiveInfo' was previously declared as a struct; this is valid, but may result in linker errors under the Microsoft C++ ABI [-Wmismatched-tags]
class LiveInfo;
^
sym_cangjie_runtime_596_implement_r5673746875-base/testable/runtime/src/Heap/z/zLiveMap.hpp:157:8: note: previous use is here
struct LiveInfo {
       ^
sym_cangjie_runtime_596_implement_r5673746875-base/testable/runtime/src/Heap/z/zForwarding.hpp:178:1: note: did you mean struct here?
class LiveInfo;
^~~~~
struct
1 warning generated.
In file included from sym_cangjie_runtime_596_implement_r5673746875-base/testable/runtime/tests/gc_unit/test_verify_marking_stacks.cpp:10:
In file included from sym_cangjie_runtime_596_implement_r5673746875-base/testable/runtime/src/Heap/z/zMark.hpp:124:
In file included from sym_cangjie_runtime_596_implement_r5673746875-base/testable/runtime/src/Heap/Allocator/RegionSpace.h:20:
In file included from sym_cangjie_runtime_596_implement_r5673746875-base/testable/runtime/src/Heap/Allocator/Allocator.h:11:
In file included from sym_cangjie_runtime_596_implement_r5673746875-base/testable/runtime/src/Heap/Allocator/AllocBufferManager.h:15:
In file included from sym_cangjie_runtime_596_implement_r5673746875-base/testable/runtime/src/Heap/z/zThreadLocalAllocBuffer.hpp:18:
In file included from sym_cangjie_runtime_596_implement_r5673746875-base/testable/runtime/src/Heap/Allocator/RegionList.h:11:
In file included from sym_cangjie_runtime_596_implement_r5673746875-base/testable/runtime/src/Heap/z/zPage.hpp:40:
sym_cangjie_runtime_596_implement_r5673746875-base/testable/runtime/src/Heap/z/zForwarding.hpp:178:1: warning: class 'LiveInfo' was previously declared as a struct; this is valid, but may result in linker errors under the Microsoft C++ ABI [-Wmismatched-tags]
class LiveInfo;
^
sym_cangjie_runtime_596_implement_r5673746875-base/testable/runtime/src/Heap/z/zLiveMap.hpp:157:8: note: previous use is here
struct LiveInfo {
       ^
sym_cangjie_runtime_596_implement_r5673746875-base/testable/runtime/src/Heap/z/zForwarding.hpp:178:1: note: did you mean struct here?
class LiveInfo;
^~~~~
struct
In file included from sym_cangjie_runtime_596_implement_r5673746875-base/testable/runtime/tests/gc_unit/test_verify_marking_stacks.cpp:10:
sym_cangjie_runtime_596_implement_r5673746875-base/testable/runtime/src/Heap/z/zMark.hpp:384:47: warning: unused parameter 'ref' [-Wunused-parameter]
    virtual void EnumRefFieldRoot(RefField<>& ref, RootSet& rootSet) const {};
                                              ^
sym_cangjie_runtime_596_implement_r5673746875-base/testable/runtime/src/Heap/z/zMark.hpp:384:61: warning: unused parameter 'rootSet' [-Wunused-parameter]
    virtual void EnumRefFieldRoot(RefField<>& ref, RootSet& rootSet) const {};
                                                            ^
sym_cangjie_runtime_596_implement_r5673746875-base/testable/runtime/src/Heap/z/zMark.hpp:385:51: warning: unused parameter 'obj' [-Wunused-parameter]
    virtual void TraceObjectRefFields(BaseObject* obj, WorkStack& workStack, bool finalizable = false)
                                                  ^
sym_cangjie_runtime_596_implement_r5673746875-base/testable/runtime/src/Heap/z/zMark.hpp:385:67: warning: unused parameter 'workStack' [-Wunused-parameter]
    virtual void TraceObjectRefFields(BaseObject* obj, WorkStack& workStack, bool finalizable = false)
                                                                  ^
sym_cangjie_runtime_596_implement_r5673746875-base/testable/runtime/src/Heap/z/zMark.hpp:385:83: warning: unused parameter 'finalizable' [-Wunused-parameter]
    virtual void TraceObjectRefFields(BaseObject* obj, WorkStack& workStack, bool finalizable = false)
                                                                                  ^
sym_cangjie_runtime_596_implement_r5673746875-base/testable/runtime/src/Heap/z/zMark.hpp:393:53: warning: unused parameter 'kind' [-Wunused-parameter]
    virtual BaseObject* GetAndTryTagObj(RefSlotKind kind, BaseObject* obj, RefField<>& field)
                                                    ^
sym_cangjie_runtime_596_implement_r5673746875-base/testable/runtime/src/Heap/z/zMark.hpp:393:71: warning: unused parameter 'obj' [-Wunused-parameter]
    virtual BaseObject* GetAndTryTagObj(RefSlotKind kind, BaseObject* obj, RefField<>& field)
                                                                      ^
sym_cangjie_runtime_596_implement_r5673746875-base/testable/runtime/src/Heap/z/zMark.hpp:393:88: warning: unused parameter 'field' [-Wunused-parameter]
    virtual BaseObject* GetAndTryTagObj(RefSlotKind kind, BaseObject* obj, RefField<>& field)
                                                                                       ^
sym_cangjie_runtime_596_implement_r5673746875-base/testable/runtime/src/Heap/z/zMark.hpp:542:47: warning: unused parameter 'root' [-Wunused-parameter]
    virtual void EnumAndTagRawRoot(ObjectRef& root, RootSet& rootSet, Generation generation) const
                                              ^
sym_cangjie_runtime_596_implement_r5673746875-base/testable/runtime/src/Heap/z/zMark.hpp:542:62: warning: unused parameter 'rootSet' [-Wunused-parameter]
    virtual void EnumAndTagRawRoot(ObjectRef& root, RootSet& rootSet, Generation generation) const
                                                             ^
sym_cangjie_runtime_596_implement_r5673746875-base/testable/runtime/src/Heap/z/zMark.hpp:542:82: warning: unused parameter 'generation' [-Wunused-parameter]
    virtual void EnumAndTagRawRoot(ObjectRef& root, RootSet& rootSet, Generation generation) const
                                                                                 ^
12 warnings generated.
In file included from sym_cangjie_runtime_596_implement_r5673746875-base/testable/runtime/tests/gc_unit/test_pinroot.cpp:12:
In file included from sym_cangjie_runtime_596_implement_r5673746875-base/testable/runtime/tests/gc_unit/gc_heap_fixture.hpp:24:
In file included from sym_cangjie_runtime_596_implement_r5673746875-base/testable/runtime/src/Heap/z/zPage.hpp:40:
sym_cangjie_runtime_596_implement_r5673746875-base/testable/runtime/src/Heap/z/zForwarding.hpp:178:1: warning: class 'LiveInfo' was previously declared as a struct; this is valid, but may result in linker errors under the Microsoft C++ ABI [-Wmismatched-tags]
class LiveInfo;
^
sym_cangjie_runtime_596_implement_r5673746875-base/testable/runtime/src/Heap/z/zLiveMap.hpp:157:8: note: previous use is here
struct LiveInfo {
       ^
sym_cangjie_runtime_596_implement_r5673746875-base/testable/runtime/src/Heap/z/zForwarding.hpp:178:1: note: did you mean struct here?
class LiveInfo;
^~~~~
struct
1 warning generated.
In file included from sym_cangjie_runtime_596_implement_r5673746875-base/testable/runtime/tests/gc_unit/test_verify_fail_close.cpp:7:
In file included from sym_cangjie_runtime_596_implement_r5673746875-base/testable/runtime/tests/gc_unit/gc_verify_fixture.hpp:7:
In file included from sym_cangjie_runtime_596_implement_r5673746875-base/testable/runtime/tests/gc_unit/gc_heap_fixture.hpp:24:
In file included from sym_cangjie_runtime_596_implement_r5673746875-base/testable/runtime/src/Heap/z/zPage.hpp:40:
sym_cangjie_runtime_596_implement_r5673746875-base/testable/runtime/src/Heap/z/zForwarding.hpp:178:1: warning: class 'LiveInfo' was previously declared as a struct; this is valid, but may result in linker errors under the Microsoft C++ ABI [-Wmismatched-tags]
class LiveInfo;
^
sym_cangjie_runtime_596_implement_r5673746875-base/testable/runtime/src/Heap/z/zLiveMap.hpp:157:8: note: previous use is here
struct LiveInfo {
       ^
sym_cangjie_runtime_596_implement_r5673746875-base/testable/runtime/src/Heap/z/zForwarding.hpp:178:1: note: did you mean struct here?
class LiveInfo;
^~~~~
struct
1 warning generated.
In file included from sym_cangjie_runtime_596_implement_r5673746875-base/testable/runtime/tests/gc_unit/test_z_forwarding_table.cpp:17:
sym_cangjie_runtime_596_implement_r5673746875-base/testable/runtime/src/Heap/z/zForwardingTable.hpp:22:1: warning: struct 'LiveInfo' was previously declared as a class; this is valid, but may result in linker errors under the Microsoft C++ ABI [-Wmismatched-tags]
struct LiveInfo;
^
sym_cangjie_runtime_596_implement_r5673746875-base/testable/runtime/src/Heap/z/zForwarding.hpp:178:7: note: previous use is here
class LiveInfo;
      ^
In file included from sym_cangjie_runtime_596_implement_r5673746875-base/testable/runtime/tests/gc_unit/test_z_forwarding_table.cpp:22:
In file included from sym_cangjie_runtime_596_implement_r5673746875-base/testable/runtime/tests/gc_unit/gc_heap_fixture.hpp:24:
In file included from sym_cangjie_runtime_596_implement_r5673746875-base/testable/runtime/src/Heap/z/zPage.hpp:39:
In file included from sym_cangjie_runtime_596_implement_r5673746875-base/testable/runtime/src/Heap/Collector/LiveInfoArena.h:19:
sym_cangjie_runtime_596_implement_r5673746875-base/testable/runtime/src/Heap/z/zLiveMap.hpp:157:1: warning: 'LiveInfo' defined as a struct here but previously declared as a class; this is valid, but may result in linker errors under the Microsoft C++ ABI [-Wmismatched-tags]
struct LiveInfo {
^
sym_cangjie_runtime_596_implement_r5673746875-base/testable/runtime/src/Heap/z/zForwarding.hpp:178:1: note: did you mean struct here?
class LiveInfo;
^~~~~
struct
2 warnings generated.
In file included from sym_cangjie_runtime_596_implement_r5673746875-base/testable/runtime/tests/gc_unit/gc_unit_main.cpp:21:
In file included from sym_cangjie_runtime_596_implement_r5673746875-base/testable/runtime/src/Heap/Collector/CollectorProxy.h:14:
In file included from sym_cangjie_runtime_596_implement_r5673746875-base/testable/runtime/src/Heap/WCollector/WCollector.h:23:
In file included from sym_cangjie_runtime_596_implement_r5673746875-base/testable/runtime/src/Heap/Allocator/RegionSpace.h:20:
In file included from sym_cangjie_runtime_596_implement_r5673746875-base/testable/runtime/src/Heap/Allocator/Allocator.h:11:
In file included from sym_cangjie_runtime_596_implement_r5673746875-base/testable/runtime/src/Heap/Allocator/AllocBufferManager.h:15:
In file included from sym_cangjie_runtime_596_implement_r5673746875-base/testable/runtime/src/Heap/z/zThreadLocalAllocBuffer.hpp:18:
In file included from sym_cangjie_runtime_596_implement_r5673746875-base/testable/runtime/src/Heap/Allocator/RegionList.h:11:
In file included from sym_cangjie_runtime_596_implement_r5673746875-base/testable/runtime/src/Heap/z/zPage.hpp:40:
sym_cangjie_runtime_596_implement_r5673746875-base/testable/runtime/src/Heap/z/zForwarding.hpp:178:1: warning: class 'LiveInfo' was previously declared as a struct; this is valid, but may result in linker errors under the Microsoft C++ ABI [-Wmismatched-tags]
class LiveInfo;
^
sym_cangjie_runtime_596_implement_r5673746875-base/testable/runtime/src/Heap/z/zLiveMap.hpp:157:8: note: previous use is here
struct LiveInfo {
       ^
sym_cangjie_runtime_596_implement_r5673746875-base/testable/runtime/src/Heap/z/zForwarding.hpp:178:1: note: did you mean struct here?
class LiveInfo;
^~~~~
struct
In file included from sym_cangjie_runtime_596_implement_r5673746875-base/testable/runtime/tests/gc_unit/gc_unit_main.cpp:21:
In file included from sym_cangjie_runtime_596_implement_r5673746875-base/testable/runtime/src/Heap/Collector/CollectorProxy.h:14:
In file included from sym_cangjie_runtime_596_implement_r5673746875-base/testable/runtime/src/Heap/WCollector/WCollector.h:25:
In file included from sym_cangjie_runtime_596_implement_r5673746875-base/testable/runtime/src/Heap/Collector/CopyCollector.h:13:
sym_cangjie_runtime_596_implement_r5673746875-base/testable/runtime/src/Heap/z/zMark.hpp:384:47: warning: unused parameter 'ref' [-Wunused-parameter]
    virtual void EnumRefFieldRoot(RefField<>& ref, RootSet& rootSet) const {};
                                              ^
sym_cangjie_runtime_596_implement_r5673746875-base/testable/runtime/src/Heap/z/zMark.hpp:384:61: warning: unused parameter 'rootSet' [-Wunused-parameter]
    virtual void EnumRefFieldRoot(RefField<>& ref, RootSet& rootSet) const {};
                                                            ^
sym_cangjie_runtime_596_implement_r5673746875-base/testable/runtime/src/Heap/z/zMark.hpp:385:51: warning: unused parameter 'obj' [-Wunused-parameter]
    virtual void TraceObjectRefFields(BaseObject* obj, WorkStack& workStack, bool finalizable = false)
                                                  ^
sym_cangjie_runtime_596_implement_r5673746875-base/testable/runtime/src/Heap/z/zMark.hpp:385:67: warning: unused parameter 'workStack' [-Wunused-parameter]
    virtual void TraceObjectRefFields(BaseObject* obj, WorkStack& workStack, bool finalizable = false)
                                                                  ^
sym_cangjie_runtime_596_implement_r5673746875-base/testable/runtime/src/Heap/z/zMark.hpp:385:83: warning: unused parameter 'finalizable' [-Wunused-parameter]
    virtual void TraceObjectRefFields(BaseObject* obj, WorkStack& workStack, bool finalizable = false)
                                                                                  ^
sym_cangjie_runtime_596_implement_r5673746875-base/testable/runtime/src/Heap/z/zMark.hpp:393:53: warning: unused parameter 'kind' [-Wunused-parameter]
    virtual BaseObject* GetAndTryTagObj(RefSlotKind kind, BaseObject* obj, RefField<>& field)
                                                    ^
sym_cangjie_runtime_596_implement_r5673746875-base/testable/runtime/src/Heap/z/zMark.hpp:393:71: warning: unused parameter 'obj' [-Wunused-parameter]
    virtual BaseObject* GetAndTryTagObj(RefSlotKind kind, BaseObject* obj, RefField<>& field)
                                                                      ^
sym_cangjie_runtime_596_implement_r5673746875-base/testable/runtime/src/Heap/z/zMark.hpp:393:88: warning: unused parameter 'field' [-Wunused-parameter]
    virtual BaseObject* GetAndTryTagObj(RefSlotKind kind, BaseObject* obj, RefField<>& field)
                                                                                       ^
sym_cangjie_runtime_596_implement_r5673746875-base/testable/runtime/src/Heap/z/zMark.hpp:542:47: warning: unused parameter 'root' [-Wunused-parameter]
    virtual void EnumAndTagRawRoot(ObjectRef& root, RootSet& rootSet, Generation generation) const
                                              ^
sym_cangjie_runtime_596_implement_r5673746875-base/testable/runtime/src/Heap/z/zMark.hpp:542:62: warning: unused parameter 'rootSet' [-Wunused-parameter]
    virtual void EnumAndTagRawRoot(ObjectRef& root, RootSet& rootSet, Generation generation) const
                                                             ^
sym_cangjie_runtime_596_implement_r5673746875-base/testable/runtime/src/Heap/z/zMark.hpp:542:82: warning: unused parameter 'generation' [-Wunused-parameter]
    virtual void EnumAndTagRawRoot(ObjectRef& root, RootSet& rootSet, Generation generation) const
                                                                                 ^
12 warnings generated.
In file included from sym_cangjie_runtime_596_implement_r5673746875-base/testable/runtime/tests/gc_unit/test_isfromreg.cpp:13:
In file included from sym_cangjie_runtime_596_implement_r5673746875-base/testable/runtime/tests/gc_unit/gc_heap_fixture.hpp:24:
In file included from sym_cangjie_runtime_596_implement_r5673746875-base/testable/runtime/src/Heap/z/zPage.hpp:40:
sym_cangjie_runtime_596_implement_r5673746875-base/testable/runtime/src/Heap/z/zForwarding.hpp:178:1: warning: class 'LiveInfo' was previously declared as a struct; this is valid, but may result in linker errors under the Microsoft C++ ABI [-Wmismatched-tags]
class LiveInfo;
^
sym_cangjie_runtime_596_implement_r5673746875-base/testable/runtime/src/Heap/z/zLiveMap.hpp:157:8: note: previous use is here
struct LiveInfo {
       ^
sym_cangjie_runtime_596_implement_r5673746875-base/testable/runtime/src/Heap/z/zForwarding.hpp:178:1: note: did you mean struct here?
class LiveInfo;
^~~~~
struct
1 warning generated.
In file included from sym_cangjie_runtime_596_implement_r5673746875-base/testable/runtime/tests/gc_unit/test_stay_young.cpp:9:
In file included from sym_cangjie_runtime_596_implement_r5673746875-base/testable/runtime/tests/gc_unit/gc_heap_fixture.hpp:24:
In file included from sym_cangjie_runtime_596_implement_r5673746875-base/testable/runtime/src/Heap/z/zPage.hpp:40:
sym_cangjie_runtime_596_implement_r5673746875-base/testable/runtime/src/Heap/z/zForwarding.hpp:178:1: warning: class 'LiveInfo' was previously declared as a struct; this is valid, but may result in linker errors under the Microsoft C++ ABI [-Wmismatched-tags]
class LiveInfo;
^
sym_cangjie_runtime_596_implement_r5673746875-base/testable/runtime/src/Heap/z/zLiveMap.hpp:157:8: note: previous use is here
struct LiveInfo {
       ^
sym_cangjie_runtime_596_implement_r5673746875-base/testable/runtime/src/Heap/z/zForwarding.hpp:178:1: note: did you mean struct here?
class LiveInfo;
^~~~~
struct
1 warning generated.
In file included from sym_cangjie_runtime_596_implement_r5673746875-base/testable/runtime/tests/gc_unit/test_live_map_segments.cpp:11:
In file included from sym_cangjie_runtime_596_implement_r5673746875-base/testable/runtime/tests/gc_unit/gc_heap_fixture.hpp:24:
In file included from sym_cangjie_runtime_596_implement_r5673746875-base/testable/runtime/src/Heap/z/zPage.hpp:40:
sym_cangjie_runtime_596_implement_r5673746875-base/testable/runtime/src/Heap/z/zForwarding.hpp:178:1: warning: class 'LiveInfo' was previously declared as a struct; this is valid, but may result in linker errors under the Microsoft C++ ABI [-Wmismatched-tags]
class LiveInfo;
^
sym_cangjie_runtime_596_implement_r5673746875-base/testable/runtime/src/Heap/z/zLiveMap.hpp:157:8: note: previous use is here
struct LiveInfo {
       ^
sym_cangjie_runtime_596_implement_r5673746875-base/testable/runtime/src/Heap/z/zForwarding.hpp:178:1: note: did you mean struct here?
class LiveInfo;
^~~~~
struct
1 warning generated.
In file included from sym_cangjie_runtime_596_implement_r5673746875-base/testable/runtime/tests/gc_unit/test_allocation_stall_queue.cpp:15:
In file included from sym_cangjie_runtime_596_implement_r5673746875-base/testable/runtime/src/Concurrency/Concurrency.h:16:
In file included from sym_cangjie_runtime_596_implement_r5673746875-base/testable/runtime/src/Concurrency/ConcurrencyModel.h:17:
In file included from sym_cangjie_runtime_596_implement_r5673746875-base/testable/runtime/src/Mutator/Mutator.h:16:
In file included from sym_cangjie_runtime_596_implement_r5673746875-base/testable/runtime/src/Heap/Allocator/Allocator.h:11:
In file included from sym_cangjie_runtime_596_implement_r5673746875-base/testable/runtime/src/Heap/Allocator/AllocBufferManager.h:15:
In file included from sym_cangjie_runtime_596_implement_r5673746875-base/testable/runtime/src/Heap/z/zThreadLocalAllocBuffer.hpp:18:
In file included from sym_cangjie_runtime_596_implement_r5673746875-base/testable/runtime/src/Heap/Allocator/RegionList.h:11:
In file included from sym_cangjie_runtime_596_implement_r5673746875-base/testable/runtime/src/Heap/z/zPage.hpp:40:
sym_cangjie_runtime_596_implement_r5673746875-base/testable/runtime/src/Heap/z/zForwarding.hpp:178:1: warning: class 'LiveInfo' was previously declared as a struct; this is valid, but may result in linker errors under the Microsoft C++ ABI [-Wmismatched-tags]
class LiveInfo;
^
sym_cangjie_runtime_596_implement_r5673746875-base/testable/runtime/src/Heap/z/zLiveMap.hpp:157:8: note: previous use is here
struct LiveInfo {
       ^
sym_cangjie_runtime_596_implement_r5673746875-base/testable/runtime/src/Heap/z/zForwarding.hpp:178:1: note: did you mean struct here?
class LiveInfo;
^~~~~
struct
1 warning generated.
In file included from sym_cangjie_runtime_596_implement_r5673746875-base/testable/runtime/tests/gc_unit/test_followedge.cpp:13:
In file included from sym_cangjie_runtime_596_implement_r5673746875-base/testable/runtime/tests/gc_unit/gc_heap_fixture.hpp:24:
In file included from sym_cangjie_runtime_596_implement_r5673746875-base/testable/runtime/src/Heap/z/zPage.hpp:40:
sym_cangjie_runtime_596_implement_r5673746875-base/testable/runtime/src/Heap/z/zForwarding.hpp:178:1: warning: class 'LiveInfo' was previously declared as a struct; this is valid, but may result in linker errors under the Microsoft C++ ABI [-Wmismatched-tags]
class LiveInfo;
^
sym_cangjie_runtime_596_implement_r5673746875-base/testable/runtime/src/Heap/z/zLiveMap.hpp:157:8: note: previous use is here
struct LiveInfo {
       ^
sym_cangjie_runtime_596_implement_r5673746875-base/testable/runtime/src/Heap/z/zForwarding.hpp:178:1: note: did you mean struct here?
class LiveInfo;
^~~~~
struct
1 warning generated.
In file included from sym_cangjie_runtime_596_implement_r5673746875-base/testable/runtime/tests/gc_unit/test_mem_map.cpp:28:
In file included from sym_cangjie_runtime_596_implement_r5673746875-base/testable/runtime/src/Heap/z/zPageAllocator.hpp:213:
In file included from sym_cangjie_runtime_596_implement_r5673746875-base/testable/runtime/src/Heap/z/zPage.hpp:40:
sym_cangjie_runtime_596_implement_r5673746875-base/testable/runtime/src/Heap/z/zForwarding.hpp:178:1: warning: class 'LiveInfo' was previously declared as a struct; this is valid, but may result in linker errors under the Microsoft C++ ABI [-Wmismatched-tags]
class LiveInfo;
^
sym_cangjie_runtime_596_implement_r5673746875-base/testable/runtime/src/Heap/z/zLiveMap.hpp:157:8: note: previous use is here
struct LiveInfo {
       ^
sym_cangjie_runtime_596_implement_r5673746875-base/testable/runtime/src/Heap/z/zForwarding.hpp:178:1: note: did you mean struct here?
class LiveInfo;
^~~~~
struct
sym_cangjie_runtime_596_implement_r5673746875-base/testable/runtime/tests/gc_unit/test_mem_map.cpp:547:68: warning: missing field 'partialMappings' initializer [-Wmissing-field-initializers]
        manager.ReturnPageMemory({ first->GetUnitIdx(), 2, 0, true });
                                                                   ^
sym_cangjie_runtime_596_implement_r5673746875-base/testable/runtime/tests/gc_unit/test_mem_map.cpp:548:69: warning: missing field 'partialMappings' initializer [-Wmissing-field-initializers]
        manager.ReturnPageMemory({ second->GetUnitIdx(), 2, 0, true });
                                                                    ^
sym_cangjie_runtime_596_implement_r5673746875-base/testable/runtime/tests/gc_unit/test_mem_map.cpp:631:66: warning: missing field 'partialMappings' initializer [-Wmissing-field-initializers]
                    manager.ReturnPageMemory({ index, 2, 0, true });
                                                                 ^
sym_cangjie_runtime_596_implement_r5673746875-base/testable/runtime/tests/gc_unit/test_mem_map.cpp:835:72: warning: missing field 'partialMappings' initializer [-Wmissing-field-initializers]
            manager.ReturnPageMemory({ small->GetUnitIdx(), 1, 0, true });
                                                                       ^
sym_cangjie_runtime_596_implement_r5673746875-base/testable/runtime/tests/gc_unit/test_mem_map.cpp:837:72: warning: missing field 'partialMappings' initializer [-Wmissing-field-initializers]
            manager.ReturnPageMemory({ large->GetUnitIdx(), 2, 0, true });
                                                                       ^
6 warnings generated.
In file included from sym_cangjie_runtime_596_implement_r5673746875-base/testable/runtime/tests/gc_unit/test_shared_small_page.cpp:14:
In file included from sym_cangjie_runtime_596_implement_r5673746875-base/testable/runtime/tests/gc_unit/gc_heap_fixture.hpp:24:
In file included from sym_cangjie_runtime_596_implement_r5673746875-base/testable/runtime/src/Heap/z/zPage.hpp:40:
sym_cangjie_runtime_596_implement_r5673746875-base/testable/runtime/src/Heap/z/zForwarding.hpp:178:1: warning: class 'LiveInfo' was previously declared as a struct; this is valid, but may result in linker errors under the Microsoft C++ ABI [-Wmismatched-tags]
class LiveInfo;
^
sym_cangjie_runtime_596_implement_r5673746875-base/testable/runtime/src/Heap/z/zLiveMap.hpp:157:8: note: previous use is here
struct LiveInfo {
       ^
sym_cangjie_runtime_596_implement_r5673746875-base/testable/runtime/src/Heap/z/zForwarding.hpp:178:1: note: did you mean struct here?
class LiveInfo;
^~~~~
struct
1 warning generated.
In file included from sym_cangjie_runtime_596_implement_r5673746875-base/testable/runtime/tests/gc_unit/test_relocation_request_queue.cpp:9:
In file included from sym_cangjie_runtime_596_implement_r5673746875-base/testable/runtime/src/Heap/z/zRelocate.hpp:20:
sym_cangjie_runtime_596_implement_r5673746875-base/testable/runtime/src/Heap/z/zForwardingTable.hpp:22:1: warning: struct 'LiveInfo' was previously declared as a class; this is valid, but may result in linker errors under the Microsoft C++ ABI [-Wmismatched-tags]
struct LiveInfo;
^
sym_cangjie_runtime_596_implement_r5673746875-base/testable/runtime/src/Heap/z/zForwarding.hpp:178:7: note: previous use is here
class LiveInfo;
      ^
In file included from sym_cangjie_runtime_596_implement_r5673746875-base/testable/runtime/tests/gc_unit/test_relocation_request_queue.cpp:10:
In file included from sym_cangjie_runtime_596_implement_r5673746875-base/testable/runtime/tests/gc_unit/gc_heap_fixture.hpp:24:
In file included from sym_cangjie_runtime_596_implement_r5673746875-base/testable/runtime/src/Heap/z/zPage.hpp:39:
In file included from sym_cangjie_runtime_596_implement_r5673746875-base/testable/runtime/src/Heap/Collector/LiveInfoArena.h:19:
sym_cangjie_runtime_596_implement_r5673746875-base/testable/runtime/src/Heap/z/zLiveMap.hpp:157:1: warning: 'LiveInfo' defined as a struct here but previously declared as a class; this is valid, but may result in linker errors under the Microsoft C++ ABI [-Wmismatched-tags]
struct LiveInfo {
^
sym_cangjie_runtime_596_implement_r5673746875-base/testable/runtime/src/Heap/z/zForwarding.hpp:178:1: note: did you mean struct here?
class LiveInfo;
^~~~~
struct
2 warnings generated.
In file included from sym_cangjie_runtime_596_implement_r5673746875-base/testable/runtime/tests/gc_unit/test_string_dedup.cpp:6:
In file included from sym_cangjie_runtime_596_implement_r5673746875-base/testable/runtime/tests/gc_unit/gc_heap_fixture.hpp:24:
In file included from sym_cangjie_runtime_596_implement_r5673746875-base/testable/runtime/src/Heap/z/zPage.hpp:40:
sym_cangjie_runtime_596_implement_r5673746875-base/testable/runtime/src/Heap/z/zForwarding.hpp:178:1: warning: class 'LiveInfo' was previously declared as a struct; this is valid, but may result in linker errors under the Microsoft C++ ABI [-Wmismatched-tags]
class LiveInfo;
^
sym_cangjie_runtime_596_implement_r5673746875-base/testable/runtime/src/Heap/z/zLiveMap.hpp:157:8: note: previous use is here
struct LiveInfo {
       ^
sym_cangjie_runtime_596_implement_r5673746875-base/testable/runtime/src/Heap/z/zForwarding.hpp:178:1: note: did you mean struct here?
class LiveInfo;
^~~~~
struct
1 warning generated.
In file included from sym_cangjie_runtime_596_implement_r5673746875-base/testable/runtime/tests/gc_unit/test_payload_clamp.cpp:10:
In file included from sym_cangjie_runtime_596_implement_r5673746875-base/testable/runtime/tests/gc_unit/gc_heap_fixture.hpp:24:
In file included from sym_cangjie_runtime_596_implement_r5673746875-base/testable/runtime/src/Heap/z/zPage.hpp:40:
sym_cangjie_runtime_596_implement_r5673746875-base/testable/runtime/src/Heap/z/zForwarding.hpp:178:1: warning: class 'LiveInfo' was previously declared as a struct; this is valid, but may result in linker errors under the Microsoft C++ ABI [-Wmismatched-tags]
class LiveInfo;
^
sym_cangjie_runtime_596_implement_r5673746875-base/testable/runtime/src/Heap/z/zLiveMap.hpp:157:8: note: previous use is here
struct LiveInfo {
       ^
sym_cangjie_runtime_596_implement_r5673746875-base/testable/runtime/src/Heap/z/zForwarding.hpp:178:1: note: did you mean struct here?
class LiveInfo;
^~~~~
struct
1 warning generated.
In file included from sym_cangjie_runtime_596_implement_r5673746875-base/testable/runtime/tests/gc_unit/test_reference_processor.cpp:10:
In file included from sym_cangjie_runtime_596_implement_r5673746875-base/testable/runtime/tests/gc_unit/gc_heap_fixture.hpp:24:
In file included from sym_cangjie_runtime_596_implement_r5673746875-base/testable/runtime/src/Heap/z/zPage.hpp:40:
sym_cangjie_runtime_596_implement_r5673746875-base/testable/runtime/src/Heap/z/zForwarding.hpp:178:1: warning: class 'LiveInfo' was previously declared as a struct; this is valid, but may result in linker errors under the Microsoft C++ ABI [-Wmismatched-tags]
class LiveInfo;
^
sym_cangjie_runtime_596_implement_r5673746875-base/testable/runtime/src/Heap/z/zLiveMap.hpp:157:8: note: previous use is here
struct LiveInfo {
       ^
sym_cangjie_runtime_596_implement_r5673746875-base/testable/runtime/src/Heap/z/zForwarding.hpp:178:1: note: did you mean struct here?
class LiveInfo;
^~~~~
struct
1 warning generated.
In file included from sym_cangjie_runtime_596_implement_r5673746875-base/testable/runtime/tests/gc_unit/test_fnlz_roots.cpp:2:
In file included from sym_cangjie_runtime_596_implement_r5673746875-base/testable/runtime/tests/gc_unit/gc_heap_fixture.hpp:24:
In file included from sym_cangjie_runtime_596_implement_r5673746875-base/testable/runtime/src/Heap/z/zPage.hpp:40:
sym_cangjie_runtime_596_implement_r5673746875-base/testable/runtime/src/Heap/z/zForwarding.hpp:178:1: warning: class 'LiveInfo' was previously declared as a struct; this is valid, but may result in linker errors under the Microsoft C++ ABI [-Wmismatched-tags]
class LiveInfo;
^
sym_cangjie_runtime_596_implement_r5673746875-base/testable/runtime/src/Heap/z/zLiveMap.hpp:157:8: note: previous use is here
struct LiveInfo {
       ^
sym_cangjie_runtime_596_implement_r5673746875-base/testable/runtime/src/Heap/z/zForwarding.hpp:178:1: note: did you mean struct here?
class LiveInfo;
^~~~~
struct
1 warning generated.
In file included from sym_cangjie_runtime_596_implement_r5673746875-base/testable/runtime/tests/gc_unit/test_uncommitter.cpp:14:
In file included from sym_cangjie_runtime_596_implement_r5673746875-base/testable/runtime/src/Heap/z/zPageAllocator.hpp:213:
In file included from sym_cangjie_runtime_596_implement_r5673746875-base/testable/runtime/src/Heap/z/zPage.hpp:40:
sym_cangjie_runtime_596_implement_r5673746875-base/testable/runtime/src/Heap/z/zForwarding.hpp:178:1: warning: class 'LiveInfo' was previously declared as a struct; this is valid, but may result in linker errors under the Microsoft C++ ABI [-Wmismatched-tags]
class LiveInfo;
^
sym_cangjie_runtime_596_implement_r5673746875-base/testable/runtime/src/Heap/z/zLiveMap.hpp:157:8: note: previous use is here
struct LiveInfo {
       ^
sym_cangjie_runtime_596_implement_r5673746875-base/testable/runtime/src/Heap/z/zForwarding.hpp:178:1: note: did you mean struct here?
class LiveInfo;
^~~~~
struct
sym_cangjie_runtime_596_implement_r5673746875-base/testable/runtime/tests/gc_unit/test_uncommitter.cpp:296:73: warning: missing field 'partialMappings' initializer [-Wmissing-field-initializers]
    regions.ReturnPageMemory(PageMemory{region->GetUnitIdx(), n, 0, true});
                                                                        ^
2 warnings generated.
In file included from sym_cangjie_runtime_596_implement_r5673746875-base/testable/runtime/tests/gc_unit/test_alloc_buffer_handoff.cpp:35:
In file included from sym_cangjie_runtime_596_implement_r5673746875-base/testable/runtime/tests/gc_unit/gc_heap_fixture.hpp:24:
In file included from sym_cangjie_runtime_596_implement_r5673746875-base/testable/runtime/src/Heap/z/zPage.hpp:40:
sym_cangjie_runtime_596_implement_r5673746875-base/testable/runtime/src/Heap/z/zForwarding.hpp:178:1: warning: class 'LiveInfo' was previously declared as a struct; this is valid, but may result in linker errors under the Microsoft C++ ABI [-Wmismatched-tags]
class LiveInfo;
^
sym_cangjie_runtime_596_implement_r5673746875-base/testable/runtime/src/Heap/z/zLiveMap.hpp:157:8: note: previous use is here
struct LiveInfo {
       ^
sym_cangjie_runtime_596_implement_r5673746875-base/testable/runtime/src/Heap/z/zForwarding.hpp:178:1: note: did you mean struct here?
class LiveInfo;
^~~~~
struct
In file included from sym_cangjie_runtime_596_implement_r5673746875-base/testable/runtime/tests/gc_unit/test_alloc_buffer_handoff.cpp:40:
sym_cangjie_runtime_596_implement_r5673746875-base/testable/runtime/src/Heap/z/zMark.hpp:384:47: warning: unused parameter 'ref' [-Wunused-parameter]
    virtual void EnumRefFieldRoot(RefField<>& ref, RootSet& rootSet) const {};
                                              ^
sym_cangjie_runtime_596_implement_r5673746875-base/testable/runtime/src/Heap/z/zMark.hpp:384:61: warning: unused parameter 'rootSet' [-Wunused-parameter]
    virtual void EnumRefFieldRoot(RefField<>& ref, RootSet& rootSet) const {};
                                                            ^
sym_cangjie_runtime_596_implement_r5673746875-base/testable/runtime/src/Heap/z/zMark.hpp:385:51: warning: unused parameter 'obj' [-Wunused-parameter]
    virtual void TraceObjectRefFields(BaseObject* obj, WorkStack& workStack, bool finalizable = false)
                                                  ^
sym_cangjie_runtime_596_implement_r5673746875-base/testable/runtime/src/Heap/z/zMark.hpp:385:67: warning: unused parameter 'workStack' [-Wunused-parameter]
    virtual void TraceObjectRefFields(BaseObject* obj, WorkStack& workStack, bool finalizable = false)
                                                                  ^
sym_cangjie_runtime_596_implement_r5673746875-base/testable/runtime/src/Heap/z/zMark.hpp:385:83: warning: unused parameter 'finalizable' [-Wunused-parameter]
    virtual void TraceObjectRefFields(BaseObject* obj, WorkStack& workStack, bool finalizable = false)
                                                                                  ^
sym_cangjie_runtime_596_implement_r5673746875-base/testable/runtime/src/Heap/z/zMark.hpp:393:53: warning: unused parameter 'kind' [-Wunused-parameter]
    virtual BaseObject* GetAndTryTagObj(RefSlotKind kind, BaseObject* obj, RefField<>& field)
                                                    ^
sym_cangjie_runtime_596_implement_r5673746875-base/testable/runtime/src/Heap/z/zMark.hpp:393:71: warning: unused parameter 'obj' [-Wunused-parameter]
    virtual BaseObject* GetAndTryTagObj(RefSlotKind kind, BaseObject* obj, RefField<>& field)
                                                                      ^
sym_cangjie_runtime_596_implement_r5673746875-base/testable/runtime/src/Heap/z/zMark.hpp:393:88: warning: unused parameter 'field' [-Wunused-parameter]
    virtual BaseObject* GetAndTryTagObj(RefSlotKind kind, BaseObject* obj, RefField<>& field)
                                                                                       ^
sym_cangjie_runtime_596_implement_r5673746875-base/testable/runtime/src/Heap/z/zMark.hpp:542:47: warning: unused parameter 'root' [-Wunused-parameter]
    virtual void EnumAndTagRawRoot(ObjectRef& root, RootSet& rootSet, Generation generation) const
                                              ^
sym_cangjie_runtime_596_implement_r5673746875-base/testable/runtime/src/Heap/z/zMark.hpp:542:62: warning: unused parameter 'rootSet' [-Wunused-parameter]
    virtual void EnumAndTagRawRoot(ObjectRef& root, RootSet& rootSet, Generation generation) const
                                                             ^
sym_cangjie_runtime_596_implement_r5673746875-base/testable/runtime/src/Heap/z/zMark.hpp:542:82: warning: unused parameter 'generation' [-Wunused-parameter]
    virtual void EnumAndTagRawRoot(ObjectRef& root, RootSet& rootSet, Generation generation) const
                                                                                 ^
sym_cangjie_runtime_596_implement_r5673746875-base/testable/runtime/tests/gc_unit/test_alloc_buffer_handoff.cpp:78:6: warning: unused function 'ReleaseBurstAtRetire' [-Wunused-function]
void ReleaseBurstAtRetire(void* context)
     ^
sym_cangjie_runtime_596_implement_r5673746875-base/testable/runtime/tests/gc_unit/test_alloc_buffer_handoff.cpp:86:18: warning: unused variable 'kBurst' [-Wunused-const-variable]
constexpr size_t kBurst = 200000;
                 ^
14 warnings generated.
In file included from sym_cangjie_runtime_596_implement_r5673746875-base/testable/runtime/tests/gc_unit/test_tlab_usage.cpp:12:
In file included from sym_cangjie_runtime_596_implement_r5673746875-base/testable/runtime/tests/gc_unit/gc_heap_fixture.hpp:24:
In file included from sym_cangjie_runtime_596_implement_r5673746875-base/testable/runtime/src/Heap/z/zPage.hpp:40:
sym_cangjie_runtime_596_implement_r5673746875-base/testable/runtime/src/Heap/z/zForwarding.hpp:178:1: warning: class 'LiveInfo' was previously declared as a struct; this is valid, but may result in linker errors under the Microsoft C++ ABI [-Wmismatched-tags]
class LiveInfo;
^
sym_cangjie_runtime_596_implement_r5673746875-base/testable/runtime/src/Heap/z/zLiveMap.hpp:157:8: note: previous use is here
struct LiveInfo {
       ^
sym_cangjie_runtime_596_implement_r5673746875-base/testable/runtime/src/Heap/z/zForwarding.hpp:178:1: note: did you mean struct here?
class LiveInfo;
^~~~~
struct
In file included from sym_cangjie_runtime_596_implement_r5673746875-base/testable/runtime/tests/gc_unit/test_tlab_usage.cpp:15:
sym_cangjie_runtime_596_implement_r5673746875-base/testable/runtime/src/Heap/z/zMark.hpp:384:47: warning: unused parameter 'ref' [-Wunused-parameter]
    virtual void EnumRefFieldRoot(RefField<>& ref, RootSet& rootSet) const {};
                                              ^
sym_cangjie_runtime_596_implement_r5673746875-base/testable/runtime/src/Heap/z/zMark.hpp:384:61: warning: unused parameter 'rootSet' [-Wunused-parameter]
    virtual void EnumRefFieldRoot(RefField<>& ref, RootSet& rootSet) const {};
                                                            ^
sym_cangjie_runtime_596_implement_r5673746875-base/testable/runtime/src/Heap/z/zMark.hpp:385:51: warning: unused parameter 'obj' [-Wunused-parameter]
    virtual void TraceObjectRefFields(BaseObject* obj, WorkStack& workStack, bool finalizable = false)
                                                  ^
sym_cangjie_runtime_596_implement_r5673746875-base/testable/runtime/src/Heap/z/zMark.hpp:385:67: warning: unused parameter 'workStack' [-Wunused-parameter]
    virtual void TraceObjectRefFields(BaseObject* obj, WorkStack& workStack, bool finalizable = false)
                                                                  ^
sym_cangjie_runtime_596_implement_r5673746875-base/testable/runtime/src/Heap/z/zMark.hpp:385:83: warning: unused parameter 'finalizable' [-Wunused-parameter]
    virtual void TraceObjectRefFields(BaseObject* obj, WorkStack& workStack, bool finalizable = false)
                                                                                  ^
sym_cangjie_runtime_596_implement_r5673746875-base/testable/runtime/src/Heap/z/zMark.hpp:393:53: warning: unused parameter 'kind' [-Wunused-parameter]
    virtual BaseObject* GetAndTryTagObj(RefSlotKind kind, BaseObject* obj, RefField<>& field)
                                                    ^
sym_cangjie_runtime_596_implement_r5673746875-base/testable/runtime/src/Heap/z/zMark.hpp:393:71: warning: unused parameter 'obj' [-Wunused-parameter]
    virtual BaseObject* GetAndTryTagObj(RefSlotKind kind, BaseObject* obj, RefField<>& field)
                                                                      ^
sym_cangjie_runtime_596_implement_r5673746875-base/testable/runtime/src/Heap/z/zMark.hpp:393:88: warning: unused parameter 'field' [-Wunused-parameter]
    virtual BaseObject* GetAndTryTagObj(RefSlotKind kind, BaseObject* obj, RefField<>& field)
                                                                                       ^
sym_cangjie_runtime_596_implement_r5673746875-base/testable/runtime/src/Heap/z/zMark.hpp:542:47: warning: unused parameter 'root' [-Wunused-parameter]
    virtual void EnumAndTagRawRoot(ObjectRef& root, RootSet& rootSet, Generation generation) const
                                              ^
sym_cangjie_runtime_596_implement_r5673746875-base/testable/runtime/src/Heap/z/zMark.hpp:542:62: warning: unused parameter 'rootSet' [-Wunused-parameter]
    virtual void EnumAndTagRawRoot(ObjectRef& root, RootSet& rootSet, Generation generation) const
                                                             ^
sym_cangjie_runtime_596_implement_r5673746875-base/testable/runtime/src/Heap/z/zMark.hpp:542:82: warning: unused parameter 'generation' [-Wunused-parameter]
    virtual void EnumAndTagRawRoot(ObjectRef& root, RootSet& rootSet, Generation generation) const
                                                                                 ^
12 warnings generated.
In file included from sym_cangjie_runtime_596_implement_r5673746875-base/testable/runtime/tests/gc_unit/test_exempt_unlock.cpp:16:
In file included from sym_cangjie_runtime_596_implement_r5673746875-base/testable/runtime/tests/gc_unit/gc_heap_fixture.hpp:24:
In file included from sym_cangjie_runtime_596_implement_r5673746875-base/testable/runtime/src/Heap/z/zPage.hpp:40:
sym_cangjie_runtime_596_implement_r5673746875-base/testable/runtime/src/Heap/z/zForwarding.hpp:178:1: warning: class 'LiveInfo' was previously declared as a struct; this is valid, but may result in linker errors under the Microsoft C++ ABI [-Wmismatched-tags]
class LiveInfo;
^
sym_cangjie_runtime_596_implement_r5673746875-base/testable/runtime/src/Heap/z/zLiveMap.hpp:157:8: note: previous use is here
struct LiveInfo {
       ^
sym_cangjie_runtime_596_implement_r5673746875-base/testable/runtime/src/Heap/z/zForwarding.hpp:178:1: note: did you mean struct here?
class LiveInfo;
^~~~~
struct
In file included from sym_cangjie_runtime_596_implement_r5673746875-base/testable/runtime/tests/gc_unit/test_exempt_unlock.cpp:19:
In file included from sym_cangjie_runtime_596_implement_r5673746875-base/testable/runtime/src/Heap/WCollector/WCollector.h:25:
In file included from sym_cangjie_runtime_596_implement_r5673746875-base/testable/runtime/src/Heap/Collector/CopyCollector.h:13:
sym_cangjie_runtime_596_implement_r5673746875-base/testable/runtime/src/Heap/z/zMark.hpp:384:47: warning: unused parameter 'ref' [-Wunused-parameter]
    virtual void EnumRefFieldRoot(RefField<>& ref, RootSet& rootSet) const {};
                                              ^
sym_cangjie_runtime_596_implement_r5673746875-base/testable/runtime/src/Heap/z/zMark.hpp:384:61: warning: unused parameter 'rootSet' [-Wunused-parameter]
    virtual void EnumRefFieldRoot(RefField<>& ref, RootSet& rootSet) const {};
                                                            ^
sym_cangjie_runtime_596_implement_r5673746875-base/testable/runtime/src/Heap/z/zMark.hpp:385:51: warning: unused parameter 'obj' [-Wunused-parameter]
    virtual void TraceObjectRefFields(BaseObject* obj, WorkStack& workStack, bool finalizable = false)
                                                  ^
sym_cangjie_runtime_596_implement_r5673746875-base/testable/runtime/src/Heap/z/zMark.hpp:385:67: warning: unused parameter 'workStack' [-Wunused-parameter]
    virtual void TraceObjectRefFields(BaseObject* obj, WorkStack& workStack, bool finalizable = false)
                                                                  ^
sym_cangjie_runtime_596_implement_r5673746875-base/testable/runtime/src/Heap/z/zMark.hpp:385:83: warning: unused parameter 'finalizable' [-Wunused-parameter]
    virtual void TraceObjectRefFields(BaseObject* obj, WorkStack& workStack, bool finalizable = false)
                                                                                  ^
sym_cangjie_runtime_596_implement_r5673746875-base/testable/runtime/src/Heap/z/zMark.hpp:393:53: warning: unused parameter 'kind' [-Wunused-parameter]
    virtual BaseObject* GetAndTryTagObj(RefSlotKind kind, BaseObject* obj, RefField<>& field)
                                                    ^
sym_cangjie_runtime_596_implement_r5673746875-base/testable/runtime/src/Heap/z/zMark.hpp:393:71: warning: unused parameter 'obj' [-Wunused-parameter]
    virtual BaseObject* GetAndTryTagObj(RefSlotKind kind, BaseObject* obj, RefField<>& field)
                                                                      ^
sym_cangjie_runtime_596_implement_r5673746875-base/testable/runtime/src/Heap/z/zMark.hpp:393:88: warning: unused parameter 'field' [-Wunused-parameter]
    virtual BaseObject* GetAndTryTagObj(RefSlotKind kind, BaseObject* obj, RefField<>& field)
                                                                                       ^
sym_cangjie_runtime_596_implement_r5673746875-base/testable/runtime/src/Heap/z/zMark.hpp:542:47: warning: unused parameter 'root' [-Wunused-parameter]
    virtual void EnumAndTagRawRoot(ObjectRef& root, RootSet& rootSet, Generation generation) const
                                              ^
sym_cangjie_runtime_596_implement_r5673746875-base/testable/runtime/src/Heap/z/zMark.hpp:542:62: warning: unused parameter 'rootSet' [-Wunused-parameter]
    virtual void EnumAndTagRawRoot(ObjectRef& root, RootSet& rootSet, Generation generation) const
                                                             ^
sym_cangjie_runtime_596_implement_r5673746875-base/testable/runtime/src/Heap/z/zMark.hpp:542:82: warning: unused parameter 'generation' [-Wunused-parameter]
    virtual void EnumAndTagRawRoot(ObjectRef& root, RootSet& rootSet, Generation generation) const
                                                                                 ^
12 warnings generated.
In file included from sym_cangjie_runtime_596_implement_r5673746875-base/testable/runtime/tests/gc_unit/test_ghost_region_lookup.cpp:10:
In file included from sym_cangjie_runtime_596_implement_r5673746875-base/testable/runtime/tests/gc_unit/gc_heap_fixture.hpp:24:
In file included from sym_cangjie_runtime_596_implement_r5673746875-base/testable/runtime/src/Heap/z/zPage.hpp:40:
sym_cangjie_runtime_596_implement_r5673746875-base/testable/runtime/src/Heap/z/zForwarding.hpp:178:1: warning: class 'LiveInfo' was previously declared as a struct; this is valid, but may result in linker errors under the Microsoft C++ ABI [-Wmismatched-tags]
class LiveInfo;
^
sym_cangjie_runtime_596_implement_r5673746875-base/testable/runtime/src/Heap/z/zLiveMap.hpp:157:8: note: previous use is here
struct LiveInfo {
       ^
sym_cangjie_runtime_596_implement_r5673746875-base/testable/runtime/src/Heap/z/zForwarding.hpp:178:1: note: did you mean struct here?
class LiveInfo;
^~~~~
struct
In file included from sym_cangjie_runtime_596_implement_r5673746875-base/testable/runtime/tests/gc_unit/test_ghost_region_lookup.cpp:18:
In file included from sym_cangjie_runtime_596_implement_r5673746875-base/testable/runtime/src/Heap/WCollector/WCollector.h:25:
In file included from sym_cangjie_runtime_596_implement_r5673746875-base/testable/runtime/src/Heap/Collector/CopyCollector.h:13:
sym_cangjie_runtime_596_implement_r5673746875-base/testable/runtime/src/Heap/z/zMark.hpp:384:47: warning: unused parameter 'ref' [-Wunused-parameter]
    virtual void EnumRefFieldRoot(RefField<>& ref, RootSet& rootSet) const {};
                                              ^
sym_cangjie_runtime_596_implement_r5673746875-base/testable/runtime/src/Heap/z/zMark.hpp:384:61: warning: unused parameter 'rootSet' [-Wunused-parameter]
    virtual void EnumRefFieldRoot(RefField<>& ref, RootSet& rootSet) const {};
                                                            ^
sym_cangjie_runtime_596_implement_r5673746875-base/testable/runtime/src/Heap/z/zMark.hpp:385:51: warning: unused parameter 'obj' [-Wunused-parameter]
    virtual void TraceObjectRefFields(BaseObject* obj, WorkStack& workStack, bool finalizable = false)
                                                  ^
sym_cangjie_runtime_596_implement_r5673746875-base/testable/runtime/src/Heap/z/zMark.hpp:385:67: warning: unused parameter 'workStack' [-Wunused-parameter]
    virtual void TraceObjectRefFields(BaseObject* obj, WorkStack& workStack, bool finalizable = false)
                                                                  ^
sym_cangjie_runtime_596_implement_r5673746875-base/testable/runtime/src/Heap/z/zMark.hpp:385:83: warning: unused parameter 'finalizable' [-Wunused-parameter]
    virtual void TraceObjectRefFields(BaseObject* obj, WorkStack& workStack, bool finalizable = false)
                                                                                  ^
sym_cangjie_runtime_596_implement_r5673746875-base/testable/runtime/src/Heap/z/zMark.hpp:393:53: warning: unused parameter 'kind' [-Wunused-parameter]
    virtual BaseObject* GetAndTryTagObj(RefSlotKind kind, BaseObject* obj, RefField<>& field)
                                                    ^
sym_cangjie_runtime_596_implement_r5673746875-base/testable/runtime/src/Heap/z/zMark.hpp:393:71: warning: unused parameter 'obj' [-Wunused-parameter]
    virtual BaseObject* GetAndTryTagObj(RefSlotKind kind, BaseObject* obj, RefField<>& field)
                                                                      ^
sym_cangjie_runtime_596_implement_r5673746875-base/testable/runtime/src/Heap/z/zMark.hpp:393:88: warning: unused parameter 'field' [-Wunused-parameter]
    virtual BaseObject* GetAndTryTagObj(RefSlotKind kind, BaseObject* obj, RefField<>& field)
                                                                                       ^
sym_cangjie_runtime_596_implement_r5673746875-base/testable/runtime/src/Heap/z/zMark.hpp:542:47: warning: unused parameter 'root' [-Wunused-parameter]
    virtual void EnumAndTagRawRoot(ObjectRef& root, RootSet& rootSet, Generation generation) const
                                              ^
sym_cangjie_runtime_596_implement_r5673746875-base/testable/runtime/src/Heap/z/zMark.hpp:542:62: warning: unused parameter 'rootSet' [-Wunused-parameter]
    virtual void EnumAndTagRawRoot(ObjectRef& root, RootSet& rootSet, Generation generation) const
                                                             ^
sym_cangjie_runtime_596_implement_r5673746875-base/testable/runtime/src/Heap/z/zMark.hpp:542:82: warning: unused parameter 'generation' [-Wunused-parameter]
    virtual void EnumAndTagRawRoot(ObjectRef& root, RootSet& rootSet, Generation generation) const
                                                                                 ^
12 warnings generated.
In file included from sym_cangjie_runtime_596_implement_r5673746875-base/testable/runtime/tests/gc_unit/test_forwarding_no_geometry.cpp:9:
In file included from sym_cangjie_runtime_596_implement_r5673746875-base/testable/runtime/tests/gc_unit/gc_heap_fixture.hpp:24:
In file included from sym_cangjie_runtime_596_implement_r5673746875-base/testable/runtime/src/Heap/z/zPage.hpp:40:
sym_cangjie_runtime_596_implement_r5673746875-base/testable/runtime/src/Heap/z/zForwarding.hpp:178:1: warning: class 'LiveInfo' was previously declared as a struct; this is valid, but may result in linker errors under the Microsoft C++ ABI [-Wmismatched-tags]
class LiveInfo;
^
sym_cangjie_runtime_596_implement_r5673746875-base/testable/runtime/src/Heap/z/zLiveMap.hpp:157:8: note: previous use is here
struct LiveInfo {
       ^
sym_cangjie_runtime_596_implement_r5673746875-base/testable/runtime/src/Heap/z/zForwarding.hpp:178:1: note: did you mean struct here?
class LiveInfo;
^~~~~
struct
In file included from sym_cangjie_runtime_596_implement_r5673746875-base/testable/runtime/tests/gc_unit/test_forwarding_no_geometry.cpp:11:
In file included from sym_cangjie_runtime_596_implement_r5673746875-base/testable/runtime/src/Heap/WCollector/WCollector.h:25:
In file included from sym_cangjie_runtime_596_implement_r5673746875-base/testable/runtime/src/Heap/Collector/CopyCollector.h:13:
sym_cangjie_runtime_596_implement_r5673746875-base/testable/runtime/src/Heap/z/zMark.hpp:384:47: warning: unused parameter 'ref' [-Wunused-parameter]
    virtual void EnumRefFieldRoot(RefField<>& ref, RootSet& rootSet) const {};
                                              ^
sym_cangjie_runtime_596_implement_r5673746875-base/testable/runtime/src/Heap/z/zMark.hpp:384:61: warning: unused parameter 'rootSet' [-Wunused-parameter]
    virtual void EnumRefFieldRoot(RefField<>& ref, RootSet& rootSet) const {};
                                                            ^
sym_cangjie_runtime_596_implement_r5673746875-base/testable/runtime/src/Heap/z/zMark.hpp:385:51: warning: unused parameter 'obj' [-Wunused-parameter]
    virtual void TraceObjectRefFields(BaseObject* obj, WorkStack& workStack, bool finalizable = false)
                                                  ^
sym_cangjie_runtime_596_implement_r5673746875-base/testable/runtime/src/Heap/z/zMark.hpp:385:67: warning: unused parameter 'workStack' [-Wunused-parameter]
    virtual void TraceObjectRefFields(BaseObject* obj, WorkStack& workStack, bool finalizable = false)
                                                                  ^
sym_cangjie_runtime_596_implement_r5673746875-base/testable/runtime/src/Heap/z/zMark.hpp:385:83: warning: unused parameter 'finalizable' [-Wunused-parameter]
    virtual void TraceObjectRefFields(BaseObject* obj, WorkStack& workStack, bool finalizable = false)
                                                                                  ^
sym_cangjie_runtime_596_implement_r5673746875-base/testable/runtime/src/Heap/z/zMark.hpp:393:53: warning: unused parameter 'kind' [-Wunused-parameter]
    virtual BaseObject* GetAndTryTagObj(RefSlotKind kind, BaseObject* obj, RefField<>& field)
                                                    ^
sym_cangjie_runtime_596_implement_r5673746875-base/testable/runtime/src/Heap/z/zMark.hpp:393:71: warning: unused parameter 'obj' [-Wunused-parameter]
    virtual BaseObject* GetAndTryTagObj(RefSlotKind kind, BaseObject* obj, RefField<>& field)
                                                                      ^
sym_cangjie_runtime_596_implement_r5673746875-base/testable/runtime/src/Heap/z/zMark.hpp:393:88: warning: unused parameter 'field' [-Wunused-parameter]
    virtual BaseObject* GetAndTryTagObj(RefSlotKind kind, BaseObject* obj, RefField<>& field)
                                                                                       ^
sym_cangjie_runtime_596_implement_r5673746875-base/testable/runtime/src/Heap/z/zMark.hpp:542:47: warning: unused parameter 'root' [-Wunused-parameter]
    virtual void EnumAndTagRawRoot(ObjectRef& root, RootSet& rootSet, Generation generation) const
                                              ^
sym_cangjie_runtime_596_implement_r5673746875-base/testable/runtime/src/Heap/z/zMark.hpp:542:62: warning: unused parameter 'rootSet' [-Wunused-parameter]
    virtual void EnumAndTagRawRoot(ObjectRef& root, RootSet& rootSet, Generation generation) const
                                                             ^
sym_cangjie_runtime_596_implement_r5673746875-base/testable/runtime/src/Heap/z/zMark.hpp:542:82: warning: unused parameter 'generation' [-Wunused-parameter]
    virtual void EnumAndTagRawRoot(ObjectRef& root, RootSet& rootSet, Generation generation) const
                                                                                 ^
12 warnings generated.
In file included from sym_cangjie_runtime_596_implement_r5673746875-base/testable/runtime/tests/gc_unit/test_mark_port_203_engine.cpp:11:
In file included from sym_cangjie_runtime_596_implement_r5673746875-base/testable/runtime/src/Heap/z/zMark.hpp:124:
In file included from sym_cangjie_runtime_596_implement_r5673746875-base/testable/runtime/src/Heap/Allocator/RegionSpace.h:20:
In file included from sym_cangjie_runtime_596_implement_r5673746875-base/testable/runtime/src/Heap/Allocator/Allocator.h:11:
In file included from sym_cangjie_runtime_596_implement_r5673746875-base/testable/runtime/src/Heap/Allocator/AllocBufferManager.h:15:
In file included from sym_cangjie_runtime_596_implement_r5673746875-base/testable/runtime/src/Heap/z/zThreadLocalAllocBuffer.hpp:18:
In file included from sym_cangjie_runtime_596_implement_r5673746875-base/testable/runtime/src/Heap/Allocator/RegionList.h:11:
In file included from sym_cangjie_runtime_596_implement_r5673746875-base/testable/runtime/src/Heap/z/zPage.hpp:40:
sym_cangjie_runtime_596_implement_r5673746875-base/testable/runtime/src/Heap/z/zForwarding.hpp:178:1: warning: class 'LiveInfo' was previously declared as a struct; this is valid, but may result in linker errors under the Microsoft C++ ABI [-Wmismatched-tags]
class LiveInfo;
^
sym_cangjie_runtime_596_implement_r5673746875-base/testable/runtime/src/Heap/z/zLiveMap.hpp:157:8: note: previous use is here
struct LiveInfo {
       ^
sym_cangjie_runtime_596_implement_r5673746875-base/testable/runtime/src/Heap/z/zForwarding.hpp:178:1: note: did you mean struct here?
class LiveInfo;
^~~~~
struct
In file included from sym_cangjie_runtime_596_implement_r5673746875-base/testable/runtime/tests/gc_unit/test_mark_port_203_engine.cpp:11:
sym_cangjie_runtime_596_implement_r5673746875-base/testable/runtime/src/Heap/z/zMark.hpp:384:47: warning: unused parameter 'ref' [-Wunused-parameter]
    virtual void EnumRefFieldRoot(RefField<>& ref, RootSet& rootSet) const {};
                                              ^
sym_cangjie_runtime_596_implement_r5673746875-base/testable/runtime/src/Heap/z/zMark.hpp:384:61: warning: unused parameter 'rootSet' [-Wunused-parameter]
    virtual void EnumRefFieldRoot(RefField<>& ref, RootSet& rootSet) const {};
                                                            ^
sym_cangjie_runtime_596_implement_r5673746875-base/testable/runtime/src/Heap/z/zMark.hpp:385:51: warning: unused parameter 'obj' [-Wunused-parameter]
    virtual void TraceObjectRefFields(BaseObject* obj, WorkStack& workStack, bool finalizable = false)
                                                  ^
sym_cangjie_runtime_596_implement_r5673746875-base/testable/runtime/src/Heap/z/zMark.hpp:385:67: warning: unused parameter 'workStack' [-Wunused-parameter]
    virtual void TraceObjectRefFields(BaseObject* obj, WorkStack& workStack, bool finalizable = false)
                                                                  ^
sym_cangjie_runtime_596_implement_r5673746875-base/testable/runtime/src/Heap/z/zMark.hpp:385:83: warning: unused parameter 'finalizable' [-Wunused-parameter]
    virtual void TraceObjectRefFields(BaseObject* obj, WorkStack& workStack, bool finalizable = false)
                                                                                  ^
sym_cangjie_runtime_596_implement_r5673746875-base/testable/runtime/src/Heap/z/zMark.hpp:393:53: warning: unused parameter 'kind' [-Wunused-parameter]
    virtual BaseObject* GetAndTryTagObj(RefSlotKind kind, BaseObject* obj, RefField<>& field)
                                                    ^
sym_cangjie_runtime_596_implement_r5673746875-base/testable/runtime/src/Heap/z/zMark.hpp:393:71: warning: unused parameter 'obj' [-Wunused-parameter]
    virtual BaseObject* GetAndTryTagObj(RefSlotKind kind, BaseObject* obj, RefField<>& field)
                                                                      ^
sym_cangjie_runtime_596_implement_r5673746875-base/testable/runtime/src/Heap/z/zMark.hpp:393:88: warning: unused parameter 'field' [-Wunused-parameter]
    virtual BaseObject* GetAndTryTagObj(RefSlotKind kind, BaseObject* obj, RefField<>& field)
                                                                                       ^
sym_cangjie_runtime_596_implement_r5673746875-base/testable/runtime/src/Heap/z/zMark.hpp:542:47: warning: unused parameter 'root' [-Wunused-parameter]
    virtual void EnumAndTagRawRoot(ObjectRef& root, RootSet& rootSet, Generation generation) const
                                              ^
sym_cangjie_runtime_596_implement_r5673746875-base/testable/runtime/src/Heap/z/zMark.hpp:542:62: warning: unused parameter 'rootSet' [-Wunused-parameter]
    virtual void EnumAndTagRawRoot(ObjectRef& root, RootSet& rootSet, Generation generation) const
                                                             ^
sym_cangjie_runtime_596_implement_r5673746875-base/testable/runtime/src/Heap/z/zMark.hpp:542:82: warning: unused parameter 'generation' [-Wunused-parameter]
    virtual void EnumAndTagRawRoot(ObjectRef& root, RootSet& rootSet, Generation generation) const
                                                                                 ^
12 warnings generated.
In file included from sym_cangjie_runtime_596_implement_r5673746875-base/testable/runtime/tests/gc_unit/test_partial_array.cpp:22:
In file included from sym_cangjie_runtime_596_implement_r5673746875-base/testable/runtime/tests/gc_unit/gc_heap_fixture.hpp:24:
In file included from sym_cangjie_runtime_596_implement_r5673746875-base/testable/runtime/src/Heap/z/zPage.hpp:40:
sym_cangjie_runtime_596_implement_r5673746875-base/testable/runtime/src/Heap/z/zForwarding.hpp:178:1: warning: class 'LiveInfo' was previously declared as a struct; this is valid, but may result in linker errors under the Microsoft C++ ABI [-Wmismatched-tags]
class LiveInfo;
^
sym_cangjie_runtime_596_implement_r5673746875-base/testable/runtime/src/Heap/z/zLiveMap.hpp:157:8: note: previous use is here
struct LiveInfo {
       ^
sym_cangjie_runtime_596_implement_r5673746875-base/testable/runtime/src/Heap/z/zForwarding.hpp:178:1: note: did you mean struct here?
class LiveInfo;
^~~~~
struct
In file included from sym_cangjie_runtime_596_implement_r5673746875-base/testable/runtime/tests/gc_unit/test_partial_array.cpp:23:
In file included from sym_cangjie_runtime_596_implement_r5673746875-base/testable/runtime/src/Heap/WCollector/WCollector.h:25:
In file included from sym_cangjie_runtime_596_implement_r5673746875-base/testable/runtime/src/Heap/Collector/CopyCollector.h:13:
sym_cangjie_runtime_596_implement_r5673746875-base/testable/runtime/src/Heap/z/zMark.hpp:384:47: warning: unused parameter 'ref' [-Wunused-parameter]
    virtual void EnumRefFieldRoot(RefField<>& ref, RootSet& rootSet) const {};
                                              ^
sym_cangjie_runtime_596_implement_r5673746875-base/testable/runtime/src/Heap/z/zMark.hpp:384:61: warning: unused parameter 'rootSet' [-Wunused-parameter]
    virtual void EnumRefFieldRoot(RefField<>& ref, RootSet& rootSet) const {};
                                                            ^
sym_cangjie_runtime_596_implement_r5673746875-base/testable/runtime/src/Heap/z/zMark.hpp:385:51: warning: unused parameter 'obj' [-Wunused-parameter]
    virtual void TraceObjectRefFields(BaseObject* obj, WorkStack& workStack, bool finalizable = false)
                                                  ^
sym_cangjie_runtime_596_implement_r5673746875-base/testable/runtime/src/Heap/z/zMark.hpp:385:67: warning: unused parameter 'workStack' [-Wunused-parameter]
    virtual void TraceObjectRefFields(BaseObject* obj, WorkStack& workStack, bool finalizable = false)
                                                                  ^
sym_cangjie_runtime_596_implement_r5673746875-base/testable/runtime/src/Heap/z/zMark.hpp:385:83: warning: unused parameter 'finalizable' [-Wunused-parameter]
    virtual void TraceObjectRefFields(BaseObject* obj, WorkStack& workStack, bool finalizable = false)
                                                                                  ^
sym_cangjie_runtime_596_implement_r5673746875-base/testable/runtime/src/Heap/z/zMark.hpp:393:53: warning: unused parameter 'kind' [-Wunused-parameter]
    virtual BaseObject* GetAndTryTagObj(RefSlotKind kind, BaseObject* obj, RefField<>& field)
                                                    ^
sym_cangjie_runtime_596_implement_r5673746875-base/testable/runtime/src/Heap/z/zMark.hpp:393:71: warning: unused parameter 'obj' [-Wunused-parameter]
    virtual BaseObject* GetAndTryTagObj(RefSlotKind kind, BaseObject* obj, RefField<>& field)
                                                                      ^
sym_cangjie_runtime_596_implement_r5673746875-base/testable/runtime/src/Heap/z/zMark.hpp:393:88: warning: unused parameter 'field' [-Wunused-parameter]
    virtual BaseObject* GetAndTryTagObj(RefSlotKind kind, BaseObject* obj, RefField<>& field)
                                                                                       ^
sym_cangjie_runtime_596_implement_r5673746875-base/testable/runtime/src/Heap/z/zMark.hpp:542:47: warning: unused parameter 'root' [-Wunused-parameter]
    virtual void EnumAndTagRawRoot(ObjectRef& root, RootSet& rootSet, Generation generation) const
                                              ^
sym_cangjie_runtime_596_implement_r5673746875-base/testable/runtime/src/Heap/z/zMark.hpp:542:62: warning: unused parameter 'rootSet' [-Wunused-parameter]
    virtual void EnumAndTagRawRoot(ObjectRef& root, RootSet& rootSet, Generation generation) const
                                                             ^
sym_cangjie_runtime_596_implement_r5673746875-base/testable/runtime/src/Heap/z/zMark.hpp:542:82: warning: unused parameter 'generation' [-Wunused-parameter]
    virtual void EnumAndTagRawRoot(ObjectRef& root, RootSet& rootSet, Generation generation) const
                                                                                 ^
12 warnings generated.
In file included from sym_cangjie_runtime_596_implement_r5673746875-base/testable/runtime/tests/gc_unit/test_segmented_array_init.cpp:27:
In file included from sym_cangjie_runtime_596_implement_r5673746875-base/testable/runtime/src/Common/ScopedObjectAccess.h:11:
In file included from sym_cangjie_runtime_596_implement_r5673746875-base/testable/runtime/src/Mutator/Mutator.inline.h:11:
In file included from sym_cangjie_runtime_596_implement_r5673746875-base/testable/runtime/src/Mutator/MutatorManager.h:26:
In file included from sym_cangjie_runtime_596_implement_r5673746875-base/testable/runtime/src/Mutator/Mutator.h:16:
In file included from sym_cangjie_runtime_596_implement_r5673746875-base/testable/runtime/src/Heap/Allocator/Allocator.h:11:
In file included from sym_cangjie_runtime_596_implement_r5673746875-base/testable/runtime/src/Heap/Allocator/AllocBufferManager.h:15:
In file included from sym_cangjie_runtime_596_implement_r5673746875-base/testable/runtime/src/Heap/z/zThreadLocalAllocBuffer.hpp:18:
In file included from sym_cangjie_runtime_596_implement_r5673746875-base/testable/runtime/src/Heap/Allocator/RegionList.h:11:
In file included from sym_cangjie_runtime_596_implement_r5673746875-base/testable/runtime/src/Heap/z/zPage.hpp:40:
sym_cangjie_runtime_596_implement_r5673746875-base/testable/runtime/src/Heap/z/zForwarding.hpp:178:1: warning: class 'LiveInfo' was previously declared as a struct; this is valid, but may result in linker errors under the Microsoft C++ ABI [-Wmismatched-tags]
class LiveInfo;
^
sym_cangjie_runtime_596_implement_r5673746875-base/testable/runtime/src/Heap/z/zLiveMap.hpp:157:8: note: previous use is here
struct LiveInfo {
       ^
sym_cangjie_runtime_596_implement_r5673746875-base/testable/runtime/src/Heap/z/zForwarding.hpp:178:1: note: did you mean struct here?
class LiveInfo;
^~~~~
struct
In file included from sym_cangjie_runtime_596_implement_r5673746875-base/testable/runtime/tests/gc_unit/test_segmented_array_init.cpp:41:
sym_cangjie_runtime_596_implement_r5673746875-base/testable/runtime/src/Heap/z/zMark.hpp:384:47: warning: unused parameter 'ref' [-Wunused-parameter]
    virtual void EnumRefFieldRoot(RefField<>& ref, RootSet& rootSet) const {};
                                              ^
sym_cangjie_runtime_596_implement_r5673746875-base/testable/runtime/src/Heap/z/zMark.hpp:384:61: warning: unused parameter 'rootSet' [-Wunused-parameter]
    virtual void EnumRefFieldRoot(RefField<>& ref, RootSet& rootSet) const {};
                                                            ^
sym_cangjie_runtime_596_implement_r5673746875-base/testable/runtime/src/Heap/z/zMark.hpp:385:51: warning: unused parameter 'obj' [-Wunused-parameter]
    virtual void TraceObjectRefFields(BaseObject* obj, WorkStack& workStack, bool finalizable = false)
                                                  ^
sym_cangjie_runtime_596_implement_r5673746875-base/testable/runtime/src/Heap/z/zMark.hpp:385:67: warning: unused parameter 'workStack' [-Wunused-parameter]
    virtual void TraceObjectRefFields(BaseObject* obj, WorkStack& workStack, bool finalizable = false)
                                                                  ^
sym_cangjie_runtime_596_implement_r5673746875-base/testable/runtime/src/Heap/z/zMark.hpp:385:83: warning: unused parameter 'finalizable' [-Wunused-parameter]
    virtual void TraceObjectRefFields(BaseObject* obj, WorkStack& workStack, bool finalizable = false)
                                                                                  ^
sym_cangjie_runtime_596_implement_r5673746875-base/testable/runtime/src/Heap/z/zMark.hpp:393:53: warning: unused parameter 'kind' [-Wunused-parameter]
    virtual BaseObject* GetAndTryTagObj(RefSlotKind kind, BaseObject* obj, RefField<>& field)
                                                    ^
sym_cangjie_runtime_596_implement_r5673746875-base/testable/runtime/src/Heap/z/zMark.hpp:393:71: warning: unused parameter 'obj' [-Wunused-parameter]
    virtual BaseObject* GetAndTryTagObj(RefSlotKind kind, BaseObject* obj, RefField<>& field)
                                                                      ^
sym_cangjie_runtime_596_implement_r5673746875-base/testable/runtime/src/Heap/z/zMark.hpp:393:88: warning: unused parameter 'field' [-Wunused-parameter]
    virtual BaseObject* GetAndTryTagObj(RefSlotKind kind, BaseObject* obj, RefField<>& field)
                                                                                       ^
sym_cangjie_runtime_596_implement_r5673746875-base/testable/runtime/src/Heap/z/zMark.hpp:542:47: warning: unused parameter 'root' [-Wunused-parameter]
    virtual void EnumAndTagRawRoot(ObjectRef& root, RootSet& rootSet, Generation generation) const
                                              ^
sym_cangjie_runtime_596_implement_r5673746875-base/testable/runtime/src/Heap/z/zMark.hpp:542:62: warning: unused parameter 'rootSet' [-Wunused-parameter]
    virtual void EnumAndTagRawRoot(ObjectRef& root, RootSet& rootSet, Generation generation) const
                                                             ^
sym_cangjie_runtime_596_implement_r5673746875-base/testable/runtime/src/Heap/z/zMark.hpp:542:82: warning: unused parameter 'generation' [-Wunused-parameter]
    virtual void EnumAndTagRawRoot(ObjectRef& root, RootSet& rootSet, Generation generation) const
                                                                                 ^
12 warnings generated.
In file included from sym_cangjie_runtime_596_implement_r5673746875-base/testable/runtime/tests/gc_unit/test_barrier_old_atomic.cpp:24:
In file included from sym_cangjie_runtime_596_implement_r5673746875-base/testable/runtime/tests/gc_unit/gc_heap_fixture.hpp:24:
In file included from sym_cangjie_runtime_596_implement_r5673746875-base/testable/runtime/src/Heap/z/zPage.hpp:40:
sym_cangjie_runtime_596_implement_r5673746875-base/testable/runtime/src/Heap/z/zForwarding.hpp:178:1: warning: class 'LiveInfo' was previously declared as a struct; this is valid, but may result in linker errors under the Microsoft C++ ABI [-Wmismatched-tags]
class LiveInfo;
^
sym_cangjie_runtime_596_implement_r5673746875-base/testable/runtime/src/Heap/z/zLiveMap.hpp:157:8: note: previous use is here
struct LiveInfo {
       ^
sym_cangjie_runtime_596_implement_r5673746875-base/testable/runtime/src/Heap/z/zForwarding.hpp:178:1: note: did you mean struct here?
class LiveInfo;
^~~~~
struct
In file included from sym_cangjie_runtime_596_implement_r5673746875-base/testable/runtime/tests/gc_unit/test_barrier_old_atomic.cpp:36:
In file included from sym_cangjie_runtime_596_implement_r5673746875-base/testable/runtime/src/Heap/Collector/CollectorProxy.h:14:
In file included from sym_cangjie_runtime_596_implement_r5673746875-base/testable/runtime/src/Heap/WCollector/WCollector.h:25:
In file included from sym_cangjie_runtime_596_implement_r5673746875-base/testable/runtime/src/Heap/Collector/CopyCollector.h:13:
sym_cangjie_runtime_596_implement_r5673746875-base/testable/runtime/src/Heap/z/zMark.hpp:384:47: warning: unused parameter 'ref' [-Wunused-parameter]
    virtual void EnumRefFieldRoot(RefField<>& ref, RootSet& rootSet) const {};
                                              ^
sym_cangjie_runtime_596_implement_r5673746875-base/testable/runtime/src/Heap/z/zMark.hpp:384:61: warning: unused parameter 'rootSet' [-Wunused-parameter]
    virtual void EnumRefFieldRoot(RefField<>& ref, RootSet& rootSet) const {};
                                                            ^
sym_cangjie_runtime_596_implement_r5673746875-base/testable/runtime/src/Heap/z/zMark.hpp:385:51: warning: unused parameter 'obj' [-Wunused-parameter]
    virtual void TraceObjectRefFields(BaseObject* obj, WorkStack& workStack, bool finalizable = false)
                                                  ^
sym_cangjie_runtime_596_implement_r5673746875-base/testable/runtime/src/Heap/z/zMark.hpp:385:67: warning: unused parameter 'workStack' [-Wunused-parameter]
    virtual void TraceObjectRefFields(BaseObject* obj, WorkStack& workStack, bool finalizable = false)
                                                                  ^
sym_cangjie_runtime_596_implement_r5673746875-base/testable/runtime/src/Heap/z/zMark.hpp:385:83: warning: unused parameter 'finalizable' [-Wunused-parameter]
    virtual void TraceObjectRefFields(BaseObject* obj, WorkStack& workStack, bool finalizable = false)
                                                                                  ^
sym_cangjie_runtime_596_implement_r5673746875-base/testable/runtime/src/Heap/z/zMark.hpp:393:53: warning: unused parameter 'kind' [-Wunused-parameter]
    virtual BaseObject* GetAndTryTagObj(RefSlotKind kind, BaseObject* obj, RefField<>& field)
                                                    ^
sym_cangjie_runtime_596_implement_r5673746875-base/testable/runtime/src/Heap/z/zMark.hpp:393:71: warning: unused parameter 'obj' [-Wunused-parameter]
    virtual BaseObject* GetAndTryTagObj(RefSlotKind kind, BaseObject* obj, RefField<>& field)
                                                                      ^
sym_cangjie_runtime_596_implement_r5673746875-base/testable/runtime/src/Heap/z/zMark.hpp:393:88: warning: unused parameter 'field' [-Wunused-parameter]
    virtual BaseObject* GetAndTryTagObj(RefSlotKind kind, BaseObject* obj, RefField<>& field)
                                                                                       ^
sym_cangjie_runtime_596_implement_r5673746875-base/testable/runtime/src/Heap/z/zMark.hpp:542:47: warning: unused parameter 'root' [-Wunused-parameter]
    virtual void EnumAndTagRawRoot(ObjectRef& root, RootSet& rootSet, Generation generation) const
                                              ^
sym_cangjie_runtime_596_implement_r5673746875-base/testable/runtime/src/Heap/z/zMark.hpp:542:62: warning: unused parameter 'rootSet' [-Wunused-parameter]
    virtual void EnumAndTagRawRoot(ObjectRef& root, RootSet& rootSet, Generation generation) const
                                                             ^
sym_cangjie_runtime_596_implement_r5673746875-base/testable/runtime/src/Heap/z/zMark.hpp:542:82: warning: unused parameter 'generation' [-Wunused-parameter]
    virtual void EnumAndTagRawRoot(ObjectRef& root, RootSet& rootSet, Generation generation) const
                                                                                 ^
12 warnings generated.
In file included from sym_cangjie_runtime_596_implement_r5673746875-base/testable/runtime/tests/gc_unit/test_native_root_current.cpp:4:
In file included from sym_cangjie_runtime_596_implement_r5673746875-base/testable/runtime/tests/gc_unit/gc_heap_fixture.hpp:24:
In file included from sym_cangjie_runtime_596_implement_r5673746875-base/testable/runtime/src/Heap/z/zPage.hpp:40:
sym_cangjie_runtime_596_implement_r5673746875-base/testable/runtime/src/Heap/z/zForwarding.hpp:178:1: warning: class 'LiveInfo' was previously declared as a struct; this is valid, but may result in linker errors under the Microsoft C++ ABI [-Wmismatched-tags]
class LiveInfo;
^
sym_cangjie_runtime_596_implement_r5673746875-base/testable/runtime/src/Heap/z/zLiveMap.hpp:157:8: note: previous use is here
struct LiveInfo {
       ^
sym_cangjie_runtime_596_implement_r5673746875-base/testable/runtime/src/Heap/z/zForwarding.hpp:178:1: note: did you mean struct here?
class LiveInfo;
^~~~~
struct
In file included from sym_cangjie_runtime_596_implement_r5673746875-base/testable/runtime/tests/gc_unit/test_native_root_current.cpp:6:
In file included from sym_cangjie_runtime_596_implement_r5673746875-base/testable/runtime/src/Heap/Collector/CollectorProxy.h:14:
In file included from sym_cangjie_runtime_596_implement_r5673746875-base/testable/runtime/src/Heap/WCollector/WCollector.h:25:
In file included from sym_cangjie_runtime_596_implement_r5673746875-base/testable/runtime/src/Heap/Collector/CopyCollector.h:13:
sym_cangjie_runtime_596_implement_r5673746875-base/testable/runtime/src/Heap/z/zMark.hpp:384:47: warning: unused parameter 'ref' [-Wunused-parameter]
    virtual void EnumRefFieldRoot(RefField<>& ref, RootSet& rootSet) const {};
                                              ^
sym_cangjie_runtime_596_implement_r5673746875-base/testable/runtime/src/Heap/z/zMark.hpp:384:61: warning: unused parameter 'rootSet' [-Wunused-parameter]
    virtual void EnumRefFieldRoot(RefField<>& ref, RootSet& rootSet) const {};
                                                            ^
sym_cangjie_runtime_596_implement_r5673746875-base/testable/runtime/src/Heap/z/zMark.hpp:385:51: warning: unused parameter 'obj' [-Wunused-parameter]
    virtual void TraceObjectRefFields(BaseObject* obj, WorkStack& workStack, bool finalizable = false)
                                                  ^
sym_cangjie_runtime_596_implement_r5673746875-base/testable/runtime/src/Heap/z/zMark.hpp:385:67: warning: unused parameter 'workStack' [-Wunused-parameter]
    virtual void TraceObjectRefFields(BaseObject* obj, WorkStack& workStack, bool finalizable = false)
                                                                  ^
sym_cangjie_runtime_596_implement_r5673746875-base/testable/runtime/src/Heap/z/zMark.hpp:385:83: warning: unused parameter 'finalizable' [-Wunused-parameter]
    virtual void TraceObjectRefFields(BaseObject* obj, WorkStack& workStack, bool finalizable = false)
                                                                                  ^
sym_cangjie_runtime_596_implement_r5673746875-base/testable/runtime/src/Heap/z/zMark.hpp:393:53: warning: unused parameter 'kind' [-Wunused-parameter]
    virtual BaseObject* GetAndTryTagObj(RefSlotKind kind, BaseObject* obj, RefField<>& field)
                                                    ^
sym_cangjie_runtime_596_implement_r5673746875-base/testable/runtime/src/Heap/z/zMark.hpp:393:71: warning: unused parameter 'obj' [-Wunused-parameter]
    virtual BaseObject* GetAndTryTagObj(RefSlotKind kind, BaseObject* obj, RefField<>& field)
                                                                      ^
sym_cangjie_runtime_596_implement_r5673746875-base/testable/runtime/src/Heap/z/zMark.hpp:393:88: warning: unused parameter 'field' [-Wunused-parameter]
    virtual BaseObject* GetAndTryTagObj(RefSlotKind kind, BaseObject* obj, RefField<>& field)
                                                                                       ^
sym_cangjie_runtime_596_implement_r5673746875-base/testable/runtime/src/Heap/z/zMark.hpp:542:47: warning: unused parameter 'root' [-Wunused-parameter]
    virtual void EnumAndTagRawRoot(ObjectRef& root, RootSet& rootSet, Generation generation) const
                                              ^
sym_cangjie_runtime_596_implement_r5673746875-base/testable/runtime/src/Heap/z/zMark.hpp:542:62: warning: unused parameter 'rootSet' [-Wunused-parameter]
    virtual void EnumAndTagRawRoot(ObjectRef& root, RootSet& rootSet, Generation generation) const
                                                             ^
sym_cangjie_runtime_596_implement_r5673746875-base/testable/runtime/src/Heap/z/zMark.hpp:542:82: warning: unused parameter 'generation' [-Wunused-parameter]
    virtual void EnumAndTagRawRoot(ObjectRef& root, RootSet& rootSet, Generation generation) const
                                                                                 ^
12 warnings generated.
In file included from sym_cangjie_runtime_596_implement_r5673746875-base/testable/runtime/tests/gc_unit/test_defect_regressions.cpp:33:
In file included from sym_cangjie_runtime_596_implement_r5673746875-base/testable/runtime/tests/gc_unit/gc_heap_fixture.hpp:24:
In file included from sym_cangjie_runtime_596_implement_r5673746875-base/testable/runtime/src/Heap/z/zPage.hpp:40:
sym_cangjie_runtime_596_implement_r5673746875-base/testable/runtime/src/Heap/z/zForwarding.hpp:178:1: warning: class 'LiveInfo' was previously declared as a struct; this is valid, but may result in linker errors under the Microsoft C++ ABI [-Wmismatched-tags]
class LiveInfo;
^
sym_cangjie_runtime_596_implement_r5673746875-base/testable/runtime/src/Heap/z/zLiveMap.hpp:157:8: note: previous use is here
struct LiveInfo {
       ^
sym_cangjie_runtime_596_implement_r5673746875-base/testable/runtime/src/Heap/z/zForwarding.hpp:178:1: note: did you mean struct here?
class LiveInfo;
^~~~~
struct
In file included from sym_cangjie_runtime_596_implement_r5673746875-base/testable/runtime/tests/gc_unit/test_defect_regressions.cpp:36:
sym_cangjie_runtime_596_implement_r5673746875-base/testable/runtime/src/Heap/z/zMark.hpp:384:47: warning: unused parameter 'ref' [-Wunused-parameter]
    virtual void EnumRefFieldRoot(RefField<>& ref, RootSet& rootSet) const {};
                                              ^
sym_cangjie_runtime_596_implement_r5673746875-base/testable/runtime/src/Heap/z/zMark.hpp:384:61: warning: unused parameter 'rootSet' [-Wunused-parameter]
    virtual void EnumRefFieldRoot(RefField<>& ref, RootSet& rootSet) const {};
                                                            ^
sym_cangjie_runtime_596_implement_r5673746875-base/testable/runtime/src/Heap/z/zMark.hpp:385:51: warning: unused parameter 'obj' [-Wunused-parameter]
    virtual void TraceObjectRefFields(BaseObject* obj, WorkStack& workStack, bool finalizable = false)
                                                  ^
sym_cangjie_runtime_596_implement_r5673746875-base/testable/runtime/src/Heap/z/zMark.hpp:385:67: warning: unused parameter 'workStack' [-Wunused-parameter]
    virtual void TraceObjectRefFields(BaseObject* obj, WorkStack& workStack, bool finalizable = false)
                                                                  ^
sym_cangjie_runtime_596_implement_r5673746875-base/testable/runtime/src/Heap/z/zMark.hpp:385:83: warning: unused parameter 'finalizable' [-Wunused-parameter]
    virtual void TraceObjectRefFields(BaseObject* obj, WorkStack& workStack, bool finalizable = false)
                                                                                  ^
sym_cangjie_runtime_596_implement_r5673746875-base/testable/runtime/src/Heap/z/zMark.hpp:393:53: warning: unused parameter 'kind' [-Wunused-parameter]
    virtual BaseObject* GetAndTryTagObj(RefSlotKind kind, BaseObject* obj, RefField<>& field)
                                                    ^
sym_cangjie_runtime_596_implement_r5673746875-base/testable/runtime/src/Heap/z/zMark.hpp:393:71: warning: unused parameter 'obj' [-Wunused-parameter]
    virtual BaseObject* GetAndTryTagObj(RefSlotKind kind, BaseObject* obj, RefField<>& field)
                                                                      ^
sym_cangjie_runtime_596_implement_r5673746875-base/testable/runtime/src/Heap/z/zMark.hpp:393:88: warning: unused parameter 'field' [-Wunused-parameter]
    virtual BaseObject* GetAndTryTagObj(RefSlotKind kind, BaseObject* obj, RefField<>& field)
                                                                                       ^
sym_cangjie_runtime_596_implement_r5673746875-base/testable/runtime/src/Heap/z/zMark.hpp:542:47: warning: unused parameter 'root' [-Wunused-parameter]
    virtual void EnumAndTagRawRoot(ObjectRef& root, RootSet& rootSet, Generation generation) const
                                              ^
sym_cangjie_runtime_596_implement_r5673746875-base/testable/runtime/src/Heap/z/zMark.hpp:542:62: warning: unused parameter 'rootSet' [-Wunused-parameter]
    virtual void EnumAndTagRawRoot(ObjectRef& root, RootSet& rootSet, Generation generation) const
                                                             ^
sym_cangjie_runtime_596_implement_r5673746875-base/testable/runtime/src/Heap/z/zMark.hpp:542:82: warning: unused parameter 'generation' [-Wunused-parameter]
    virtual void EnumAndTagRawRoot(ObjectRef& root, RootSet& rootSet, Generation generation) const
                                                                                 ^
12 warnings generated.
In file included from sym_cangjie_runtime_596_implement_r5673746875-base/testable/runtime/tests/gc_unit/test_mark_port_203_entries.cpp:7:
In file included from sym_cangjie_runtime_596_implement_r5673746875-base/testable/runtime/tests/gc_unit/gc_heap_fixture.hpp:24:
In file included from sym_cangjie_runtime_596_implement_r5673746875-base/testable/runtime/src/Heap/z/zPage.hpp:40:
sym_cangjie_runtime_596_implement_r5673746875-base/testable/runtime/src/Heap/z/zForwarding.hpp:178:1: warning: class 'LiveInfo' was previously declared as a struct; this is valid, but may result in linker errors under the Microsoft C++ ABI [-Wmismatched-tags]
class LiveInfo;
^
sym_cangjie_runtime_596_implement_r5673746875-base/testable/runtime/src/Heap/z/zLiveMap.hpp:157:8: note: previous use is here
struct LiveInfo {
       ^
sym_cangjie_runtime_596_implement_r5673746875-base/testable/runtime/src/Heap/z/zForwarding.hpp:178:1: note: did you mean struct here?
class LiveInfo;
^~~~~
struct
In file included from sym_cangjie_runtime_596_implement_r5673746875-base/testable/runtime/tests/gc_unit/test_mark_port_203_entries.cpp:10:
In file included from sym_cangjie_runtime_596_implement_r5673746875-base/testable/runtime/src/Heap/WCollector/WCollector.h:25:
In file included from sym_cangjie_runtime_596_implement_r5673746875-base/testable/runtime/src/Heap/Collector/CopyCollector.h:13:
sym_cangjie_runtime_596_implement_r5673746875-base/testable/runtime/src/Heap/z/zMark.hpp:384:47: warning: unused parameter 'ref' [-Wunused-parameter]
    virtual void EnumRefFieldRoot(RefField<>& ref, RootSet& rootSet) const {};
                                              ^
sym_cangjie_runtime_596_implement_r5673746875-base/testable/runtime/src/Heap/z/zMark.hpp:384:61: warning: unused parameter 'rootSet' [-Wunused-parameter]
    virtual void EnumRefFieldRoot(RefField<>& ref, RootSet& rootSet) const {};
                                                            ^
sym_cangjie_runtime_596_implement_r5673746875-base/testable/runtime/src/Heap/z/zMark.hpp:385:51: warning: unused parameter 'obj' [-Wunused-parameter]
    virtual void TraceObjectRefFields(BaseObject* obj, WorkStack& workStack, bool finalizable = false)
                                                  ^
sym_cangjie_runtime_596_implement_r5673746875-base/testable/runtime/src/Heap/z/zMark.hpp:385:67: warning: unused parameter 'workStack' [-Wunused-parameter]
    virtual void TraceObjectRefFields(BaseObject* obj, WorkStack& workStack, bool finalizable = false)
                                                                  ^
sym_cangjie_runtime_596_implement_r5673746875-base/testable/runtime/src/Heap/z/zMark.hpp:385:83: warning: unused parameter 'finalizable' [-Wunused-parameter]
    virtual void TraceObjectRefFields(BaseObject* obj, WorkStack& workStack, bool finalizable = false)
                                                                                  ^
sym_cangjie_runtime_596_implement_r5673746875-base/testable/runtime/src/Heap/z/zMark.hpp:393:53: warning: unused parameter 'kind' [-Wunused-parameter]
    virtual BaseObject* GetAndTryTagObj(RefSlotKind kind, BaseObject* obj, RefField<>& field)
                                                    ^
sym_cangjie_runtime_596_implement_r5673746875-base/testable/runtime/src/Heap/z/zMark.hpp:393:71: warning: unused parameter 'obj' [-Wunused-parameter]
    virtual BaseObject* GetAndTryTagObj(RefSlotKind kind, BaseObject* obj, RefField<>& field)
                                                                      ^
sym_cangjie_runtime_596_implement_r5673746875-base/testable/runtime/src/Heap/z/zMark.hpp:393:88: warning: unused parameter 'field' [-Wunused-parameter]
    virtual BaseObject* GetAndTryTagObj(RefSlotKind kind, BaseObject* obj, RefField<>& field)
                                                                                       ^
sym_cangjie_runtime_596_implement_r5673746875-base/testable/runtime/src/Heap/z/zMark.hpp:542:47: warning: unused parameter 'root' [-Wunused-parameter]
    virtual void EnumAndTagRawRoot(ObjectRef& root, RootSet& rootSet, Generation generation) const
                                              ^
sym_cangjie_runtime_596_implement_r5673746875-base/testable/runtime/src/Heap/z/zMark.hpp:542:62: warning: unused parameter 'rootSet' [-Wunused-parameter]
    virtual void EnumAndTagRawRoot(ObjectRef& root, RootSet& rootSet, Generation generation) const
                                                             ^
sym_cangjie_runtime_596_implement_r5673746875-base/testable/runtime/src/Heap/z/zMark.hpp:542:82: warning: unused parameter 'generation' [-Wunused-parameter]
    virtual void EnumAndTagRawRoot(ObjectRef& root, RootSet& rootSet, Generation generation) const
                                                                                 ^
sym_cangjie_runtime_596_implement_r5673746875-base/testable/runtime/tests/gc_unit/test_mark_port_203_entries.cpp:373:16: warning: unused variable 'wasStarted' [-Wunused-variable]
    const bool wasStarted = resources.IsGcStarted();
               ^
13 warnings generated.
In file included from sym_cangjie_runtime_596_implement_r5673746875-base/testable/runtime/tests/gc_unit/test_remset.cpp:41:
In file included from sym_cangjie_runtime_596_implement_r5673746875-base/testable/runtime/tests/gc_unit/gc_heap_fixture.hpp:24:
In file included from sym_cangjie_runtime_596_implement_r5673746875-base/testable/runtime/src/Heap/z/zPage.hpp:40:
sym_cangjie_runtime_596_implement_r5673746875-base/testable/runtime/src/Heap/z/zForwarding.hpp:178:1: warning: class 'LiveInfo' was previously declared as a struct; this is valid, but may result in linker errors under the Microsoft C++ ABI [-Wmismatched-tags]
class LiveInfo;
^
sym_cangjie_runtime_596_implement_r5673746875-base/testable/runtime/src/Heap/z/zLiveMap.hpp:157:8: note: previous use is here
struct LiveInfo {
       ^
sym_cangjie_runtime_596_implement_r5673746875-base/testable/runtime/src/Heap/z/zForwarding.hpp:178:1: note: did you mean struct here?
class LiveInfo;
^~~~~
struct
In file included from sym_cangjie_runtime_596_implement_r5673746875-base/testable/runtime/tests/gc_unit/test_remset.cpp:42:
In file included from sym_cangjie_runtime_596_implement_r5673746875-base/testable/runtime/src/Heap/WCollector/WCollector.h:25:
In file included from sym_cangjie_runtime_596_implement_r5673746875-base/testable/runtime/src/Heap/Collector/CopyCollector.h:13:
sym_cangjie_runtime_596_implement_r5673746875-base/testable/runtime/src/Heap/z/zMark.hpp:384:47: warning: unused parameter 'ref' [-Wunused-parameter]
    virtual void EnumRefFieldRoot(RefField<>& ref, RootSet& rootSet) const {};
                                              ^
sym_cangjie_runtime_596_implement_r5673746875-base/testable/runtime/src/Heap/z/zMark.hpp:384:61: warning: unused parameter 'rootSet' [-Wunused-parameter]
    virtual void EnumRefFieldRoot(RefField<>& ref, RootSet& rootSet) const {};
                                                            ^
sym_cangjie_runtime_596_implement_r5673746875-base/testable/runtime/src/Heap/z/zMark.hpp:385:51: warning: unused parameter 'obj' [-Wunused-parameter]
    virtual void TraceObjectRefFields(BaseObject* obj, WorkStack& workStack, bool finalizable = false)
                                                  ^
sym_cangjie_runtime_596_implement_r5673746875-base/testable/runtime/src/Heap/z/zMark.hpp:385:67: warning: unused parameter 'workStack' [-Wunused-parameter]
    virtual void TraceObjectRefFields(BaseObject* obj, WorkStack& workStack, bool finalizable = false)
                                                                  ^
sym_cangjie_runtime_596_implement_r5673746875-base/testable/runtime/src/Heap/z/zMark.hpp:385:83: warning: unused parameter 'finalizable' [-Wunused-parameter]
    virtual void TraceObjectRefFields(BaseObject* obj, WorkStack& workStack, bool finalizable = false)
                                                                                  ^
sym_cangjie_runtime_596_implement_r5673746875-base/testable/runtime/src/Heap/z/zMark.hpp:393:53: warning: unused parameter 'kind' [-Wunused-parameter]
    virtual BaseObject* GetAndTryTagObj(RefSlotKind kind, BaseObject* obj, RefField<>& field)
                                                    ^
sym_cangjie_runtime_596_implement_r5673746875-base/testable/runtime/src/Heap/z/zMark.hpp:393:71: warning: unused parameter 'obj' [-Wunused-parameter]
    virtual BaseObject* GetAndTryTagObj(RefSlotKind kind, BaseObject* obj, RefField<>& field)
                                                                      ^
sym_cangjie_runtime_596_implement_r5673746875-base/testable/runtime/src/Heap/z/zMark.hpp:393:88: warning: unused parameter 'field' [-Wunused-parameter]
    virtual BaseObject* GetAndTryTagObj(RefSlotKind kind, BaseObject* obj, RefField<>& field)
                                                                                       ^
sym_cangjie_runtime_596_implement_r5673746875-base/testable/runtime/src/Heap/z/zMark.hpp:542:47: warning: unused parameter 'root' [-Wunused-parameter]
    virtual void EnumAndTagRawRoot(ObjectRef& root, RootSet& rootSet, Generation generation) const
                                              ^
sym_cangjie_runtime_596_implement_r5673746875-base/testable/runtime/src/Heap/z/zMark.hpp:542:62: warning: unused parameter 'rootSet' [-Wunused-parameter]
    virtual void EnumAndTagRawRoot(ObjectRef& root, RootSet& rootSet, Generation generation) const
                                                             ^
sym_cangjie_runtime_596_implement_r5673746875-base/testable/runtime/src/Heap/z/zMark.hpp:542:82: warning: unused parameter 'generation' [-Wunused-parameter]
    virtual void EnumAndTagRawRoot(ObjectRef& root, RootSet& rootSet, Generation generation) const
                                                                                 ^
12 warnings generated.
In file included from sym_cangjie_runtime_596_implement_r5673746875-base/testable/runtime/tests/gc_unit/test_live_map.cpp:22:
In file included from sym_cangjie_runtime_596_implement_r5673746875-base/testable/runtime/tests/gc_unit/gc_heap_fixture.hpp:24:
In file included from sym_cangjie_runtime_596_implement_r5673746875-base/testable/runtime/src/Heap/z/zPage.hpp:40:
sym_cangjie_runtime_596_implement_r5673746875-base/testable/runtime/src/Heap/z/zForwarding.hpp:178:1: warning: class 'LiveInfo' was previously declared as a struct; this is valid, but may result in linker errors under the Microsoft C++ ABI [-Wmismatched-tags]
class LiveInfo;
^
sym_cangjie_runtime_596_implement_r5673746875-base/testable/runtime/src/Heap/z/zLiveMap.hpp:157:8: note: previous use is here
struct LiveInfo {
       ^
sym_cangjie_runtime_596_implement_r5673746875-base/testable/runtime/src/Heap/z/zForwarding.hpp:178:1: note: did you mean struct here?
class LiveInfo;
^~~~~
struct
In file included from sym_cangjie_runtime_596_implement_r5673746875-base/testable/runtime/tests/gc_unit/test_live_map.cpp:24:
In file included from sym_cangjie_runtime_596_implement_r5673746875-base/testable/runtime/src/Heap/WCollector/WCollector.h:25:
In file included from sym_cangjie_runtime_596_implement_r5673746875-base/testable/runtime/src/Heap/Collector/CopyCollector.h:13:
sym_cangjie_runtime_596_implement_r5673746875-base/testable/runtime/src/Heap/z/zMark.hpp:384:47: warning: unused parameter 'ref' [-Wunused-parameter]
    virtual void EnumRefFieldRoot(RefField<>& ref, RootSet& rootSet) const {};
                                              ^
sym_cangjie_runtime_596_implement_r5673746875-base/testable/runtime/src/Heap/z/zMark.hpp:384:61: warning: unused parameter 'rootSet' [-Wunused-parameter]
    virtual void EnumRefFieldRoot(RefField<>& ref, RootSet& rootSet) const {};
                                                            ^
sym_cangjie_runtime_596_implement_r5673746875-base/testable/runtime/src/Heap/z/zMark.hpp:385:51: warning: unused parameter 'obj' [-Wunused-parameter]
    virtual void TraceObjectRefFields(BaseObject* obj, WorkStack& workStack, bool finalizable = false)
                                                  ^
sym_cangjie_runtime_596_implement_r5673746875-base/testable/runtime/src/Heap/z/zMark.hpp:385:67: warning: unused parameter 'workStack' [-Wunused-parameter]
    virtual void TraceObjectRefFields(BaseObject* obj, WorkStack& workStack, bool finalizable = false)
                                                                  ^
sym_cangjie_runtime_596_implement_r5673746875-base/testable/runtime/src/Heap/z/zMark.hpp:385:83: warning: unused parameter 'finalizable' [-Wunused-parameter]
    virtual void TraceObjectRefFields(BaseObject* obj, WorkStack& workStack, bool finalizable = false)
                                                                                  ^
sym_cangjie_runtime_596_implement_r5673746875-base/testable/runtime/src/Heap/z/zMark.hpp:393:53: warning: unused parameter 'kind' [-Wunused-parameter]
    virtual BaseObject* GetAndTryTagObj(RefSlotKind kind, BaseObject* obj, RefField<>& field)
                                                    ^
sym_cangjie_runtime_596_implement_r5673746875-base/testable/runtime/src/Heap/z/zMark.hpp:393:71: warning: unused parameter 'obj' [-Wunused-parameter]
    virtual BaseObject* GetAndTryTagObj(RefSlotKind kind, BaseObject* obj, RefField<>& field)
                                                                      ^
sym_cangjie_runtime_596_implement_r5673746875-base/testable/runtime/src/Heap/z/zMark.hpp:393:88: warning: unused parameter 'field' [-Wunused-parameter]
    virtual BaseObject* GetAndTryTagObj(RefSlotKind kind, BaseObject* obj, RefField<>& field)
                                                                                       ^
sym_cangjie_runtime_596_implement_r5673746875-base/testable/runtime/src/Heap/z/zMark.hpp:542:47: warning: unused parameter 'root' [-Wunused-parameter]
    virtual void EnumAndTagRawRoot(ObjectRef& root, RootSet& rootSet, Generation generation) const
                                              ^
sym_cangjie_runtime_596_implement_r5673746875-base/testable/runtime/src/Heap/z/zMark.hpp:542:62: warning: unused parameter 'rootSet' [-Wunused-parameter]
    virtual void EnumAndTagRawRoot(ObjectRef& root, RootSet& rootSet, Generation generation) const
                                                             ^
sym_cangjie_runtime_596_implement_r5673746875-base/testable/runtime/src/Heap/z/zMark.hpp:542:82: warning: unused parameter 'generation' [-Wunused-parameter]
    virtual void EnumAndTagRawRoot(ObjectRef& root, RootSet& rootSet, Generation generation) const
                                                                                 ^
sym_cangjie_runtime_596_implement_r5673746875-base/testable/runtime/tests/gc_unit/test_live_map.cpp:89:22: warning: unused function 'ProductClearLiveInfoFn' [-Wunused-function]
ProductClearLiveInfo ProductClearLiveInfoFn()
                     ^
13 warnings generated.
In file included from sym_cangjie_runtime_596_implement_r5673746875-base/testable/runtime/tests/gc_unit/test_cycle_ref_saferegion.cpp:17:
In file included from sym_cangjie_runtime_596_implement_r5673746875-base/testable/runtime/tests/gc_unit/gc_heap_fixture.hpp:24:
In file included from sym_cangjie_runtime_596_implement_r5673746875-base/testable/runtime/src/Heap/z/zPage.hpp:40:
sym_cangjie_runtime_596_implement_r5673746875-base/testable/runtime/src/Heap/z/zForwarding.hpp:178:1: warning: class 'LiveInfo' was previously declared as a struct; this is valid, but may result in linker errors under the Microsoft C++ ABI [-Wmismatched-tags]
class LiveInfo;
^
sym_cangjie_runtime_596_implement_r5673746875-base/testable/runtime/src/Heap/z/zLiveMap.hpp:157:8: note: previous use is here
struct LiveInfo {
       ^
sym_cangjie_runtime_596_implement_r5673746875-base/testable/runtime/src/Heap/z/zForwarding.hpp:178:1: note: did you mean struct here?
class LiveInfo;
^~~~~
struct
In file included from sym_cangjie_runtime_596_implement_r5673746875-base/testable/runtime/tests/gc_unit/test_cycle_ref_saferegion.cpp:31:
In file included from sym_cangjie_runtime_596_implement_r5673746875-base/testable/runtime/src/Heap/WCollector/WCollector.h:25:
In file included from sym_cangjie_runtime_596_implement_r5673746875-base/testable/runtime/src/Heap/Collector/CopyCollector.h:13:
sym_cangjie_runtime_596_implement_r5673746875-base/testable/runtime/src/Heap/z/zMark.hpp:384:47: warning: unused parameter 'ref' [-Wunused-parameter]
    virtual void EnumRefFieldRoot(RefField<>& ref, RootSet& rootSet) const {};
                                              ^
sym_cangjie_runtime_596_implement_r5673746875-base/testable/runtime/src/Heap/z/zMark.hpp:384:61: warning: unused parameter 'rootSet' [-Wunused-parameter]
    virtual void EnumRefFieldRoot(RefField<>& ref, RootSet& rootSet) const {};
                                                            ^
sym_cangjie_runtime_596_implement_r5673746875-base/testable/runtime/src/Heap/z/zMark.hpp:385:51: warning: unused parameter 'obj' [-Wunused-parameter]
    virtual void TraceObjectRefFields(BaseObject* obj, WorkStack& workStack, bool finalizable = false)
                                                  ^
sym_cangjie_runtime_596_implement_r5673746875-base/testable/runtime/src/Heap/z/zMark.hpp:385:67: warning: unused parameter 'workStack' [-Wunused-parameter]
    virtual void TraceObjectRefFields(BaseObject* obj, WorkStack& workStack, bool finalizable = false)
                                                                  ^
sym_cangjie_runtime_596_implement_r5673746875-base/testable/runtime/src/Heap/z/zMark.hpp:385:83: warning: unused parameter 'finalizable' [-Wunused-parameter]
    virtual void TraceObjectRefFields(BaseObject* obj, WorkStack& workStack, bool finalizable = false)
                                                                                  ^
sym_cangjie_runtime_596_implement_r5673746875-base/testable/runtime/src/Heap/z/zMark.hpp:393:53: warning: unused parameter 'kind' [-Wunused-parameter]
    virtual BaseObject* GetAndTryTagObj(RefSlotKind kind, BaseObject* obj, RefField<>& field)
                                                    ^
sym_cangjie_runtime_596_implement_r5673746875-base/testable/runtime/src/Heap/z/zMark.hpp:393:71: warning: unused parameter 'obj' [-Wunused-parameter]
    virtual BaseObject* GetAndTryTagObj(RefSlotKind kind, BaseObject* obj, RefField<>& field)
                                                                      ^
sym_cangjie_runtime_596_implement_r5673746875-base/testable/runtime/src/Heap/z/zMark.hpp:393:88: warning: unused parameter 'field' [-Wunused-parameter]
    virtual BaseObject* GetAndTryTagObj(RefSlotKind kind, BaseObject* obj, RefField<>& field)
                                                                                       ^
sym_cangjie_runtime_596_implement_r5673746875-base/testable/runtime/src/Heap/z/zMark.hpp:542:47: warning: unused parameter 'root' [-Wunused-parameter]
    virtual void EnumAndTagRawRoot(ObjectRef& root, RootSet& rootSet, Generation generation) const
                                              ^
sym_cangjie_runtime_596_implement_r5673746875-base/testable/runtime/src/Heap/z/zMark.hpp:542:62: warning: unused parameter 'rootSet' [-Wunused-parameter]
    virtual void EnumAndTagRawRoot(ObjectRef& root, RootSet& rootSet, Generation generation) const
                                                             ^
sym_cangjie_runtime_596_implement_r5673746875-base/testable/runtime/src/Heap/z/zMark.hpp:542:82: warning: unused parameter 'generation' [-Wunused-parameter]
    virtual void EnumAndTagRawRoot(ObjectRef& root, RootSet& rootSet, Generation generation) const
                                                                                 ^
12 warnings generated.
In file included from sym_cangjie_runtime_596_implement_r5673746875-base/testable/runtime/tests/gc_unit/test_gc_thread_pool.cpp:13:
In file included from sym_cangjie_runtime_596_implement_r5673746875-base/testable/runtime/tests/gc_unit/gc_heap_fixture.hpp:24:
In file included from sym_cangjie_runtime_596_implement_r5673746875-base/testable/runtime/src/Heap/z/zPage.hpp:40:
sym_cangjie_runtime_596_implement_r5673746875-base/testable/runtime/src/Heap/z/zForwarding.hpp:178:1: warning: class 'LiveInfo' was previously declared as a struct; this is valid, but may result in linker errors under the Microsoft C++ ABI [-Wmismatched-tags]
class LiveInfo;
^
sym_cangjie_runtime_596_implement_r5673746875-base/testable/runtime/src/Heap/z/zLiveMap.hpp:157:8: note: previous use is here
struct LiveInfo {
       ^
sym_cangjie_runtime_596_implement_r5673746875-base/testable/runtime/src/Heap/z/zForwarding.hpp:178:1: note: did you mean struct here?
class LiveInfo;
^~~~~
struct
In file included from sym_cangjie_runtime_596_implement_r5673746875-base/testable/runtime/tests/gc_unit/test_gc_thread_pool.cpp:18:
In file included from sym_cangjie_runtime_596_implement_r5673746875-base/testable/runtime/src/Heap/Collector/CollectorProxy.h:14:
In file included from sym_cangjie_runtime_596_implement_r5673746875-base/testable/runtime/src/Heap/WCollector/WCollector.h:25:
In file included from sym_cangjie_runtime_596_implement_r5673746875-base/testable/runtime/src/Heap/Collector/CopyCollector.h:13:
sym_cangjie_runtime_596_implement_r5673746875-base/testable/runtime/src/Heap/z/zMark.hpp:384:47: warning: unused parameter 'ref' [-Wunused-parameter]
    virtual void EnumRefFieldRoot(RefField<>& ref, RootSet& rootSet) const {};
                                              ^
sym_cangjie_runtime_596_implement_r5673746875-base/testable/runtime/src/Heap/z/zMark.hpp:384:61: warning: unused parameter 'rootSet' [-Wunused-parameter]
    virtual void EnumRefFieldRoot(RefField<>& ref, RootSet& rootSet) const {};
                                                            ^
sym_cangjie_runtime_596_implement_r5673746875-base/testable/runtime/src/Heap/z/zMark.hpp:385:51: warning: unused parameter 'obj' [-Wunused-parameter]
    virtual void TraceObjectRefFields(BaseObject* obj, WorkStack& workStack, bool finalizable = false)
                                                  ^
sym_cangjie_runtime_596_implement_r5673746875-base/testable/runtime/src/Heap/z/zMark.hpp:385:67: warning: unused parameter 'workStack' [-Wunused-parameter]
    virtual void TraceObjectRefFields(BaseObject* obj, WorkStack& workStack, bool finalizable = false)
                                                                  ^
sym_cangjie_runtime_596_implement_r5673746875-base/testable/runtime/src/Heap/z/zMark.hpp:385:83: warning: unused parameter 'finalizable' [-Wunused-parameter]
    virtual void TraceObjectRefFields(BaseObject* obj, WorkStack& workStack, bool finalizable = false)
                                                                                  ^
sym_cangjie_runtime_596_implement_r5673746875-base/testable/runtime/src/Heap/z/zMark.hpp:393:53: warning: unused parameter 'kind' [-Wunused-parameter]
    virtual BaseObject* GetAndTryTagObj(RefSlotKind kind, BaseObject* obj, RefField<>& field)
                                                    ^
sym_cangjie_runtime_596_implement_r5673746875-base/testable/runtime/src/Heap/z/zMark.hpp:393:71: warning: unused parameter 'obj' [-Wunused-parameter]
    virtual BaseObject* GetAndTryTagObj(RefSlotKind kind, BaseObject* obj, RefField<>& field)
                                                                      ^
sym_cangjie_runtime_596_implement_r5673746875-base/testable/runtime/src/Heap/z/zMark.hpp:393:88: warning: unused parameter 'field' [-Wunused-parameter]
    virtual BaseObject* GetAndTryTagObj(RefSlotKind kind, BaseObject* obj, RefField<>& field)
                                                                                       ^
sym_cangjie_runtime_596_implement_r5673746875-base/testable/runtime/src/Heap/z/zMark.hpp:542:47: warning: unused parameter 'root' [-Wunused-parameter]
    virtual void EnumAndTagRawRoot(ObjectRef& root, RootSet& rootSet, Generation generation) const
                                              ^
sym_cangjie_runtime_596_implement_r5673746875-base/testable/runtime/src/Heap/z/zMark.hpp:542:62: warning: unused parameter 'rootSet' [-Wunused-parameter]
    virtual void EnumAndTagRawRoot(ObjectRef& root, RootSet& rootSet, Generation generation) const
                                                             ^
sym_cangjie_runtime_596_implement_r5673746875-base/testable/runtime/src/Heap/z/zMark.hpp:542:82: warning: unused parameter 'generation' [-Wunused-parameter]
    virtual void EnumAndTagRawRoot(ObjectRef& root, RootSet& rootSet, Generation generation) const
                                                                                 ^
12 warnings generated.
In file included from sym_cangjie_runtime_596_implement_r5673746875-base/testable/runtime/tests/gc_unit/test_store_barrier_buffer.cpp:25:
In file included from sym_cangjie_runtime_596_implement_r5673746875-base/testable/runtime/tests/gc_unit/gc_heap_fixture.hpp:24:
In file included from sym_cangjie_runtime_596_implement_r5673746875-base/testable/runtime/src/Heap/z/zPage.hpp:40:
sym_cangjie_runtime_596_implement_r5673746875-base/testable/runtime/src/Heap/z/zForwarding.hpp:178:1: warning: class 'LiveInfo' was previously declared as a struct; this is valid, but may result in linker errors under the Microsoft C++ ABI [-Wmismatched-tags]
class LiveInfo;
^
sym_cangjie_runtime_596_implement_r5673746875-base/testable/runtime/src/Heap/z/zLiveMap.hpp:157:8: note: previous use is here
struct LiveInfo {
       ^
sym_cangjie_runtime_596_implement_r5673746875-base/testable/runtime/src/Heap/z/zForwarding.hpp:178:1: note: did you mean struct here?
class LiveInfo;
^~~~~
struct
In file included from sym_cangjie_runtime_596_implement_r5673746875-base/testable/runtime/tests/gc_unit/test_store_barrier_buffer.cpp:36:
In file included from sym_cangjie_runtime_596_implement_r5673746875-base/testable/runtime/src/Heap/Collector/CollectorProxy.h:14:
In file included from sym_cangjie_runtime_596_implement_r5673746875-base/testable/runtime/src/Heap/WCollector/WCollector.h:25:
In file included from sym_cangjie_runtime_596_implement_r5673746875-base/testable/runtime/src/Heap/Collector/CopyCollector.h:13:
sym_cangjie_runtime_596_implement_r5673746875-base/testable/runtime/src/Heap/z/zMark.hpp:384:47: warning: unused parameter 'ref' [-Wunused-parameter]
    virtual void EnumRefFieldRoot(RefField<>& ref, RootSet& rootSet) const {};
                                              ^
sym_cangjie_runtime_596_implement_r5673746875-base/testable/runtime/src/Heap/z/zMark.hpp:384:61: warning: unused parameter 'rootSet' [-Wunused-parameter]
    virtual void EnumRefFieldRoot(RefField<>& ref, RootSet& rootSet) const {};
                                                            ^
sym_cangjie_runtime_596_implement_r5673746875-base/testable/runtime/src/Heap/z/zMark.hpp:385:51: warning: unused parameter 'obj' [-Wunused-parameter]
    virtual void TraceObjectRefFields(BaseObject* obj, WorkStack& workStack, bool finalizable = false)
                                                  ^
sym_cangjie_runtime_596_implement_r5673746875-base/testable/runtime/src/Heap/z/zMark.hpp:385:67: warning: unused parameter 'workStack' [-Wunused-parameter]
    virtual void TraceObjectRefFields(BaseObject* obj, WorkStack& workStack, bool finalizable = false)
                                                                  ^
sym_cangjie_runtime_596_implement_r5673746875-base/testable/runtime/src/Heap/z/zMark.hpp:385:83: warning: unused parameter 'finalizable' [-Wunused-parameter]
    virtual void TraceObjectRefFields(BaseObject* obj, WorkStack& workStack, bool finalizable = false)
                                                                                  ^
sym_cangjie_runtime_596_implement_r5673746875-base/testable/runtime/src/Heap/z/zMark.hpp:393:53: warning: unused parameter 'kind' [-Wunused-parameter]
    virtual BaseObject* GetAndTryTagObj(RefSlotKind kind, BaseObject* obj, RefField<>& field)
                                                    ^
sym_cangjie_runtime_596_implement_r5673746875-base/testable/runtime/src/Heap/z/zMark.hpp:393:71: warning: unused parameter 'obj' [-Wunused-parameter]
    virtual BaseObject* GetAndTryTagObj(RefSlotKind kind, BaseObject* obj, RefField<>& field)
                                                                      ^
sym_cangjie_runtime_596_implement_r5673746875-base/testable/runtime/src/Heap/z/zMark.hpp:393:88: warning: unused parameter 'field' [-Wunused-parameter]
    virtual BaseObject* GetAndTryTagObj(RefSlotKind kind, BaseObject* obj, RefField<>& field)
                                                                                       ^
sym_cangjie_runtime_596_implement_r5673746875-base/testable/runtime/src/Heap/z/zMark.hpp:542:47: warning: unused parameter 'root' [-Wunused-parameter]
    virtual void EnumAndTagRawRoot(ObjectRef& root, RootSet& rootSet, Generation generation) const
                                              ^
sym_cangjie_runtime_596_implement_r5673746875-base/testable/runtime/src/Heap/z/zMark.hpp:542:62: warning: unused parameter 'rootSet' [-Wunused-parameter]
    virtual void EnumAndTagRawRoot(ObjectRef& root, RootSet& rootSet, Generation generation) const
                                                             ^
sym_cangjie_runtime_596_implement_r5673746875-base/testable/runtime/src/Heap/z/zMark.hpp:542:82: warning: unused parameter 'generation' [-Wunused-parameter]
    virtual void EnumAndTagRawRoot(ObjectRef& root, RootSet& rootSet, Generation generation) const
                                                                                 ^
sym_cangjie_runtime_596_implement_r5673746875-base/testable/runtime/tests/gc_unit/test_store_barrier_buffer.cpp:213:16: warning: unused variable 'startedBefore' [-Wunused-variable]
    const bool startedBefore = resources.IsGcStarted();
               ^
sym_cangjie_runtime_596_implement_r5673746875-base/testable/runtime/tests/gc_unit/test_store_barrier_buffer.cpp:279:16: warning: unused variable 'startedBefore' [-Wunused-variable]
    const bool startedBefore = resources.IsGcStarted();
               ^
sym_cangjie_runtime_596_implement_r5673746875-base/testable/runtime/tests/gc_unit/test_store_barrier_buffer.cpp:414:16: warning: unused variable 'startedBefore' [-Wunused-variable]
    const bool startedBefore = resources.IsGcStarted();
               ^
sym_cangjie_runtime_596_implement_r5673746875-base/testable/runtime/tests/gc_unit/test_store_barrier_buffer.cpp:487:16: warning: unused variable 'startedBefore' [-Wunused-variable]
    const bool startedBefore = resources.IsGcStarted();
               ^
16 warnings generated.
In file included from sym_cangjie_runtime_596_implement_r5673746875-base/testable/runtime/tests/gc_unit/test_young_weak.cpp:18:
In file included from sym_cangjie_runtime_596_implement_r5673746875-base/testable/runtime/tests/gc_unit/gc_heap_fixture.hpp:24:
In file included from sym_cangjie_runtime_596_implement_r5673746875-base/testable/runtime/src/Heap/z/zPage.hpp:40:
sym_cangjie_runtime_596_implement_r5673746875-base/testable/runtime/src/Heap/z/zForwarding.hpp:178:1: warning: class 'LiveInfo' was previously declared as a struct; this is valid, but may result in linker errors under the Microsoft C++ ABI [-Wmismatched-tags]
class LiveInfo;
^
sym_cangjie_runtime_596_implement_r5673746875-base/testable/runtime/src/Heap/z/zLiveMap.hpp:157:8: note: previous use is here
struct LiveInfo {
       ^
sym_cangjie_runtime_596_implement_r5673746875-base/testable/runtime/src/Heap/z/zForwarding.hpp:178:1: note: did you mean struct here?
class LiveInfo;
^~~~~
struct
In file included from sym_cangjie_runtime_596_implement_r5673746875-base/testable/runtime/tests/gc_unit/test_young_weak.cpp:26:
In file included from sym_cangjie_runtime_596_implement_r5673746875-base/testable/runtime/src/Heap/Collector/CollectorProxy.h:14:
In file included from sym_cangjie_runtime_596_implement_r5673746875-base/testable/runtime/src/Heap/WCollector/WCollector.h:25:
In file included from sym_cangjie_runtime_596_implement_r5673746875-base/testable/runtime/src/Heap/Collector/CopyCollector.h:13:
sym_cangjie_runtime_596_implement_r5673746875-base/testable/runtime/src/Heap/z/zMark.hpp:384:47: warning: unused parameter 'ref' [-Wunused-parameter]
    virtual void EnumRefFieldRoot(RefField<>& ref, RootSet& rootSet) const {};
                                              ^
sym_cangjie_runtime_596_implement_r5673746875-base/testable/runtime/src/Heap/z/zMark.hpp:384:61: warning: unused parameter 'rootSet' [-Wunused-parameter]
    virtual void EnumRefFieldRoot(RefField<>& ref, RootSet& rootSet) const {};
                                                            ^
sym_cangjie_runtime_596_implement_r5673746875-base/testable/runtime/src/Heap/z/zMark.hpp:385:51: warning: unused parameter 'obj' [-Wunused-parameter]
    virtual void TraceObjectRefFields(BaseObject* obj, WorkStack& workStack, bool finalizable = false)
                                                  ^
sym_cangjie_runtime_596_implement_r5673746875-base/testable/runtime/src/Heap/z/zMark.hpp:385:67: warning: unused parameter 'workStack' [-Wunused-parameter]
    virtual void TraceObjectRefFields(BaseObject* obj, WorkStack& workStack, bool finalizable = false)
                                                                  ^
sym_cangjie_runtime_596_implement_r5673746875-base/testable/runtime/src/Heap/z/zMark.hpp:385:83: warning: unused parameter 'finalizable' [-Wunused-parameter]
    virtual void TraceObjectRefFields(BaseObject* obj, WorkStack& workStack, bool finalizable = false)
                                                                                  ^
sym_cangjie_runtime_596_implement_r5673746875-base/testable/runtime/src/Heap/z/zMark.hpp:393:53: warning: unused parameter 'kind' [-Wunused-parameter]
    virtual BaseObject* GetAndTryTagObj(RefSlotKind kind, BaseObject* obj, RefField<>& field)
                                                    ^
sym_cangjie_runtime_596_implement_r5673746875-base/testable/runtime/src/Heap/z/zMark.hpp:393:71: warning: unused parameter 'obj' [-Wunused-parameter]
    virtual BaseObject* GetAndTryTagObj(RefSlotKind kind, BaseObject* obj, RefField<>& field)
                                                                      ^
sym_cangjie_runtime_596_implement_r5673746875-base/testable/runtime/src/Heap/z/zMark.hpp:393:88: warning: unused parameter 'field' [-Wunused-parameter]
    virtual BaseObject* GetAndTryTagObj(RefSlotKind kind, BaseObject* obj, RefField<>& field)
                                                                                       ^
sym_cangjie_runtime_596_implement_r5673746875-base/testable/runtime/src/Heap/z/zMark.hpp:542:47: warning: unused parameter 'root' [-Wunused-parameter]
    virtual void EnumAndTagRawRoot(ObjectRef& root, RootSet& rootSet, Generation generation) const
                                              ^
sym_cangjie_runtime_596_implement_r5673746875-base/testable/runtime/src/Heap/z/zMark.hpp:542:62: warning: unused parameter 'rootSet' [-Wunused-parameter]
    virtual void EnumAndTagRawRoot(ObjectRef& root, RootSet& rootSet, Generation generation) const
                                                             ^
sym_cangjie_runtime_596_implement_r5673746875-base/testable/runtime/src/Heap/z/zMark.hpp:542:82: warning: unused parameter 'generation' [-Wunused-parameter]
    virtual void EnumAndTagRawRoot(ObjectRef& root, RootSet& rootSet, Generation generation) const
                                                                                 ^
sym_cangjie_runtime_596_implement_r5673746875-base/testable/runtime/tests/gc_unit/test_young_weak.cpp:436:16: warning: unused variable 'startedBefore' [-Wunused-variable]
    const bool startedBefore = resources.IsGcStarted();
               ^
sym_cangjie_runtime_596_implement_r5673746875-base/testable/runtime/tests/gc_unit/test_young_weak.cpp:512:16: warning: unused variable 'startedBefore' [-Wunused-variable]
    const bool startedBefore = resources.IsGcStarted();
               ^
sym_cangjie_runtime_596_implement_r5673746875-base/testable/runtime/tests/gc_unit/test_young_weak.cpp:803:16: warning: unused variable 'startedBefore' [-Wunused-variable]
    const bool startedBefore = resources.IsGcStarted();
               ^
15 warnings generated.
In file included from sym_cangjie_runtime_596_implement_r5673746875-base/testable/runtime/tests/gc_unit/test_young_conc.cpp:30:
In file included from sym_cangjie_runtime_596_implement_r5673746875-base/testable/runtime/tests/gc_unit/gc_heap_fixture.hpp:24:
In file included from sym_cangjie_runtime_596_implement_r5673746875-base/testable/runtime/src/Heap/z/zPage.hpp:40:
sym_cangjie_runtime_596_implement_r5673746875-base/testable/runtime/src/Heap/z/zForwarding.hpp:178:1: warning: class 'LiveInfo' was previously declared as a struct; this is valid, but may result in linker errors under the Microsoft C++ ABI [-Wmismatched-tags]
class LiveInfo;
^
sym_cangjie_runtime_596_implement_r5673746875-base/testable/runtime/src/Heap/z/zLiveMap.hpp:157:8: note: previous use is here
struct LiveInfo {
       ^
sym_cangjie_runtime_596_implement_r5673746875-base/testable/runtime/src/Heap/z/zForwarding.hpp:178:1: note: did you mean struct here?
class LiveInfo;
^~~~~
struct
In file included from sym_cangjie_runtime_596_implement_r5673746875-base/testable/runtime/tests/gc_unit/test_young_conc.cpp:45:
In file included from sym_cangjie_runtime_596_implement_r5673746875-base/testable/runtime/src/Heap/Collector/CollectorProxy.h:14:
In file included from sym_cangjie_runtime_596_implement_r5673746875-base/testable/runtime/src/Heap/WCollector/WCollector.h:25:
In file included from sym_cangjie_runtime_596_implement_r5673746875-base/testable/runtime/src/Heap/Collector/CopyCollector.h:13:
sym_cangjie_runtime_596_implement_r5673746875-base/testable/runtime/src/Heap/z/zMark.hpp:384:47: warning: unused parameter 'ref' [-Wunused-parameter]
    virtual void EnumRefFieldRoot(RefField<>& ref, RootSet& rootSet) const {};
                                              ^
sym_cangjie_runtime_596_implement_r5673746875-base/testable/runtime/src/Heap/z/zMark.hpp:384:61: warning: unused parameter 'rootSet' [-Wunused-parameter]
    virtual void EnumRefFieldRoot(RefField<>& ref, RootSet& rootSet) const {};
                                                            ^
sym_cangjie_runtime_596_implement_r5673746875-base/testable/runtime/src/Heap/z/zMark.hpp:385:51: warning: unused parameter 'obj' [-Wunused-parameter]
    virtual void TraceObjectRefFields(BaseObject* obj, WorkStack& workStack, bool finalizable = false)
                                                  ^
sym_cangjie_runtime_596_implement_r5673746875-base/testable/runtime/src/Heap/z/zMark.hpp:385:67: warning: unused parameter 'workStack' [-Wunused-parameter]
    virtual void TraceObjectRefFields(BaseObject* obj, WorkStack& workStack, bool finalizable = false)
                                                                  ^
sym_cangjie_runtime_596_implement_r5673746875-base/testable/runtime/src/Heap/z/zMark.hpp:385:83: warning: unused parameter 'finalizable' [-Wunused-parameter]
    virtual void TraceObjectRefFields(BaseObject* obj, WorkStack& workStack, bool finalizable = false)
                                                                                  ^
sym_cangjie_runtime_596_implement_r5673746875-base/testable/runtime/src/Heap/z/zMark.hpp:393:53: warning: unused parameter 'kind' [-Wunused-parameter]
    virtual BaseObject* GetAndTryTagObj(RefSlotKind kind, BaseObject* obj, RefField<>& field)
                                                    ^
sym_cangjie_runtime_596_implement_r5673746875-base/testable/runtime/src/Heap/z/zMark.hpp:393:71: warning: unused parameter 'obj' [-Wunused-parameter]
    virtual BaseObject* GetAndTryTagObj(RefSlotKind kind, BaseObject* obj, RefField<>& field)
                                                                      ^
sym_cangjie_runtime_596_implement_r5673746875-base/testable/runtime/src/Heap/z/zMark.hpp:393:88: warning: unused parameter 'field' [-Wunused-parameter]
    virtual BaseObject* GetAndTryTagObj(RefSlotKind kind, BaseObject* obj, RefField<>& field)
                                                                                       ^
sym_cangjie_runtime_596_implement_r5673746875-base/testable/runtime/src/Heap/z/zMark.hpp:542:47: warning: unused parameter 'root' [-Wunused-parameter]
    virtual void EnumAndTagRawRoot(ObjectRef& root, RootSet& rootSet, Generation generation) const
                                              ^
sym_cangjie_runtime_596_implement_r5673746875-base/testable/runtime/src/Heap/z/zMark.hpp:542:62: warning: unused parameter 'rootSet' [-Wunused-parameter]
    virtual void EnumAndTagRawRoot(ObjectRef& root, RootSet& rootSet, Generation generation) const
                                                             ^
sym_cangjie_runtime_596_implement_r5673746875-base/testable/runtime/src/Heap/z/zMark.hpp:542:82: warning: unused parameter 'generation' [-Wunused-parameter]
    virtual void EnumAndTagRawRoot(ObjectRef& root, RootSet& rootSet, Generation generation) const
                                                                                 ^
sym_cangjie_runtime_596_implement_r5673746875-base/testable/runtime/tests/gc_unit/test_young_conc.cpp:386:16: warning: unused variable 'startedBefore' [-Wunused-variable]
    const bool startedBefore = resources.IsGcStarted();
               ^
sym_cangjie_runtime_596_implement_r5673746875-base/testable/runtime/tests/gc_unit/test_young_conc.cpp:445:16: warning: unused variable 'startedBefore' [-Wunused-variable]
    const bool startedBefore = resources.IsGcStarted();
               ^
sym_cangjie_runtime_596_implement_r5673746875-base/testable/runtime/tests/gc_unit/test_young_conc.cpp:502:16: warning: unused variable 'startedBefore' [-Wunused-variable]
    const bool startedBefore = resources.IsGcStarted();
               ^
sym_cangjie_runtime_596_implement_r5673746875-base/testable/runtime/tests/gc_unit/test_young_conc.cpp:569:16: warning: unused variable 'startedBefore' [-Wunused-variable]
    const bool startedBefore = resources.IsGcStarted();
               ^
sym_cangjie_runtime_596_implement_r5673746875-base/testable/runtime/tests/gc_unit/test_young_conc.cpp:621:16: warning: unused variable 'startedBefore' [-Wunused-variable]
    const bool startedBefore = resources.IsGcStarted();
               ^
17 warnings generated.
In file included from sym_cangjie_runtime_596_implement_r5673746875-base/testable/runtime/tests/gc_unit/test_gc_request_sync.cpp:30:
In file included from sym_cangjie_runtime_596_implement_r5673746875-base/testable/runtime/src/Mutator/MutatorManager.h:26:
In file included from sym_cangjie_runtime_596_implement_r5673746875-base/testable/runtime/src/Mutator/Mutator.h:16:
In file included from sym_cangjie_runtime_596_implement_r5673746875-base/testable/runtime/src/Heap/Allocator/Allocator.h:11:
In file included from sym_cangjie_runtime_596_implement_r5673746875-base/testable/runtime/src/Heap/Allocator/AllocBufferManager.h:15:
In file included from sym_cangjie_runtime_596_implement_r5673746875-base/testable/runtime/src/Heap/z/zThreadLocalAllocBuffer.hpp:18:
In file included from sym_cangjie_runtime_596_implement_r5673746875-base/testable/runtime/src/Heap/Allocator/RegionList.h:11:
In file included from sym_cangjie_runtime_596_implement_r5673746875-base/testable/runtime/src/Heap/z/zPage.hpp:40:
sym_cangjie_runtime_596_implement_r5673746875-base/testable/runtime/src/Heap/z/zForwarding.hpp:178:1: warning: class 'LiveInfo' was previously declared as a struct; this is valid, but may result in linker errors under the Microsoft C++ ABI [-Wmismatched-tags]
class LiveInfo;
^
sym_cangjie_runtime_596_implement_r5673746875-base/testable/runtime/src/Heap/z/zLiveMap.hpp:157:8: note: previous use is here
struct LiveInfo {
       ^
sym_cangjie_runtime_596_implement_r5673746875-base/testable/runtime/src/Heap/z/zForwarding.hpp:178:1: note: did you mean struct here?
class LiveInfo;
^~~~~
struct
In file included from sym_cangjie_runtime_596_implement_r5673746875-base/testable/runtime/tests/gc_unit/test_gc_request_sync.cpp:32:
In file included from sym_cangjie_runtime_596_implement_r5673746875-base/testable/runtime/src/Heap/Collector/CollectorProxy.h:14:
In file included from sym_cangjie_runtime_596_implement_r5673746875-base/testable/runtime/src/Heap/WCollector/WCollector.h:25:
In file included from sym_cangjie_runtime_596_implement_r5673746875-base/testable/runtime/src/Heap/Collector/CopyCollector.h:13:
sym_cangjie_runtime_596_implement_r5673746875-base/testable/runtime/src/Heap/z/zMark.hpp:384:47: warning: unused parameter 'ref' [-Wunused-parameter]
    virtual void EnumRefFieldRoot(RefField<>& ref, RootSet& rootSet) const {};
                                              ^
sym_cangjie_runtime_596_implement_r5673746875-base/testable/runtime/src/Heap/z/zMark.hpp:384:61: warning: unused parameter 'rootSet' [-Wunused-parameter]
    virtual void EnumRefFieldRoot(RefField<>& ref, RootSet& rootSet) const {};
                                                            ^
sym_cangjie_runtime_596_implement_r5673746875-base/testable/runtime/src/Heap/z/zMark.hpp:385:51: warning: unused parameter 'obj' [-Wunused-parameter]
    virtual void TraceObjectRefFields(BaseObject* obj, WorkStack& workStack, bool finalizable = false)
                                                  ^
sym_cangjie_runtime_596_implement_r5673746875-base/testable/runtime/src/Heap/z/zMark.hpp:385:67: warning: unused parameter 'workStack' [-Wunused-parameter]
    virtual void TraceObjectRefFields(BaseObject* obj, WorkStack& workStack, bool finalizable = false)
                                                                  ^
sym_cangjie_runtime_596_implement_r5673746875-base/testable/runtime/src/Heap/z/zMark.hpp:385:83: warning: unused parameter 'finalizable' [-Wunused-parameter]
    virtual void TraceObjectRefFields(BaseObject* obj, WorkStack& workStack, bool finalizable = false)
                                                                                  ^
sym_cangjie_runtime_596_implement_r5673746875-base/testable/runtime/src/Heap/z/zMark.hpp:393:53: warning: unused parameter 'kind' [-Wunused-parameter]
    virtual BaseObject* GetAndTryTagObj(RefSlotKind kind, BaseObject* obj, RefField<>& field)
                                                    ^
sym_cangjie_runtime_596_implement_r5673746875-base/testable/runtime/src/Heap/z/zMark.hpp:393:71: warning: unused parameter 'obj' [-Wunused-parameter]
    virtual BaseObject* GetAndTryTagObj(RefSlotKind kind, BaseObject* obj, RefField<>& field)
                                                                      ^
sym_cangjie_runtime_596_implement_r5673746875-base/testable/runtime/src/Heap/z/zMark.hpp:393:88: warning: unused parameter 'field' [-Wunused-parameter]
    virtual BaseObject* GetAndTryTagObj(RefSlotKind kind, BaseObject* obj, RefField<>& field)
                                                                                       ^
sym_cangjie_runtime_596_implement_r5673746875-base/testable/runtime/src/Heap/z/zMark.hpp:542:47: warning: unused parameter 'root' [-Wunused-parameter]
    virtual void EnumAndTagRawRoot(ObjectRef& root, RootSet& rootSet, Generation generation) const
                                              ^
sym_cangjie_runtime_596_implement_r5673746875-base/testable/runtime/src/Heap/z/zMark.hpp:542:62: warning: unused parameter 'rootSet' [-Wunused-parameter]
    virtual void EnumAndTagRawRoot(ObjectRef& root, RootSet& rootSet, Generation generation) const
                                                             ^
sym_cangjie_runtime_596_implement_r5673746875-base/testable/runtime/src/Heap/z/zMark.hpp:542:82: warning: unused parameter 'generation' [-Wunused-parameter]
    virtual void EnumAndTagRawRoot(ObjectRef& root, RootSet& rootSet, Generation generation) const
                                                                                 ^
12 warnings generated.
In file included from sym_cangjie_runtime_596_implement_r5673746875-base/testable/runtime/tests/gc_unit/clear_entries_product_unit.cpp:21:
In file included from sym_cangjie_runtime_596_implement_r5673746875-base/testable/runtime/tests/gc_unit/gc_heap_fixture.hpp:24:
In file included from sym_cangjie_runtime_596_implement_r5673746875-base/testable/runtime/src/Heap/z/zPage.hpp:40:
sym_cangjie_runtime_596_implement_r5673746875-base/testable/runtime/src/Heap/z/zForwarding.hpp:178:1: warning: class 'LiveInfo' was previously declared as a struct; this is valid, but may result in linker errors under the Microsoft C++ ABI [-Wmismatched-tags]
class LiveInfo;
^
sym_cangjie_runtime_596_implement_r5673746875-base/testable/runtime/src/Heap/z/zLiveMap.hpp:157:8: note: previous use is here
struct LiveInfo {
       ^
sym_cangjie_runtime_596_implement_r5673746875-base/testable/runtime/src/Heap/z/zForwarding.hpp:178:1: note: did you mean struct here?
class LiveInfo;
^~~~~
struct
In file included from sym_cangjie_runtime_596_implement_r5673746875-base/testable/runtime/tests/gc_unit/clear_entries_product_unit.cpp:30:
In file included from sym_cangjie_runtime_596_implement_r5673746875-base/testable/runtime/src/Heap/Collector/CollectorProxy.h:14:
In file included from sym_cangjie_runtime_596_implement_r5673746875-base/testable/runtime/src/Heap/WCollector/WCollector.h:25:
In file included from sym_cangjie_runtime_596_implement_r5673746875-base/testable/runtime/src/Heap/Collector/CopyCollector.h:13:
sym_cangjie_runtime_596_implement_r5673746875-base/testable/runtime/src/Heap/z/zMark.hpp:384:47: warning: unused parameter 'ref' [-Wunused-parameter]
    virtual void EnumRefFieldRoot(RefField<>& ref, RootSet& rootSet) const {};
                                              ^
sym_cangjie_runtime_596_implement_r5673746875-base/testable/runtime/src/Heap/z/zMark.hpp:384:61: warning: unused parameter 'rootSet' [-Wunused-parameter]
    virtual void EnumRefFieldRoot(RefField<>& ref, RootSet& rootSet) const {};
                                                            ^
sym_cangjie_runtime_596_implement_r5673746875-base/testable/runtime/src/Heap/z/zMark.hpp:385:51: warning: unused parameter 'obj' [-Wunused-parameter]
    virtual void TraceObjectRefFields(BaseObject* obj, WorkStack& workStack, bool finalizable = false)
                                                  ^
sym_cangjie_runtime_596_implement_r5673746875-base/testable/runtime/src/Heap/z/zMark.hpp:385:67: warning: unused parameter 'workStack' [-Wunused-parameter]
    virtual void TraceObjectRefFields(BaseObject* obj, WorkStack& workStack, bool finalizable = false)
                                                                  ^
sym_cangjie_runtime_596_implement_r5673746875-base/testable/runtime/src/Heap/z/zMark.hpp:385:83: warning: unused parameter 'finalizable' [-Wunused-parameter]
    virtual void TraceObjectRefFields(BaseObject* obj, WorkStack& workStack, bool finalizable = false)
                                                                                  ^
sym_cangjie_runtime_596_implement_r5673746875-base/testable/runtime/src/Heap/z/zMark.hpp:393:53: warning: unused parameter 'kind' [-Wunused-parameter]
    virtual BaseObject* GetAndTryTagObj(RefSlotKind kind, BaseObject* obj, RefField<>& field)
                                                    ^
sym_cangjie_runtime_596_implement_r5673746875-base/testable/runtime/src/Heap/z/zMark.hpp:393:71: warning: unused parameter 'obj' [-Wunused-parameter]
    virtual BaseObject* GetAndTryTagObj(RefSlotKind kind, BaseObject* obj, RefField<>& field)
                                                                      ^
sym_cangjie_runtime_596_implement_r5673746875-base/testable/runtime/src/Heap/z/zMark.hpp:393:88: warning: unused parameter 'field' [-Wunused-parameter]
    virtual BaseObject* GetAndTryTagObj(RefSlotKind kind, BaseObject* obj, RefField<>& field)
                                                                                       ^
sym_cangjie_runtime_596_implement_r5673746875-base/testable/runtime/src/Heap/z/zMark.hpp:542:47: warning: unused parameter 'root' [-Wunused-parameter]
    virtual void EnumAndTagRawRoot(ObjectRef& root, RootSet& rootSet, Generation generation) const
                                              ^
sym_cangjie_runtime_596_implement_r5673746875-base/testable/runtime/src/Heap/z/zMark.hpp:542:62: warning: unused parameter 'rootSet' [-Wunused-parameter]
    virtual void EnumAndTagRawRoot(ObjectRef& root, RootSet& rootSet, Generation generation) const
                                                             ^
sym_cangjie_runtime_596_implement_r5673746875-base/testable/runtime/src/Heap/z/zMark.hpp:542:82: warning: unused parameter 'generation' [-Wunused-parameter]
    virtual void EnumAndTagRawRoot(ObjectRef& root, RootSet& rootSet, Generation generation) const
                                                                                 ^
sym_cangjie_runtime_596_implement_r5673746875-base/testable/runtime/tests/gc_unit/clear_entries_product_unit.cpp:852:20: warning: unused variable 'fx' [-Wunused-variable]
    GcHeapFixture& fx = ProductFixture();
                   ^
sym_cangjie_runtime_596_implement_r5673746875-base/testable/runtime/tests/gc_unit/clear_entries_product_unit.cpp:1620:5: warning: comparison of integers of different signs: 'MapleRuntime::MAddress' (aka 'unsigned long') and 'int' [-Wsign-compare]
    GC_EXPECT_EQ(ForwardingTable::FindTo(fromAddr, Generation::Old), 0);
    ^~~~~~~~~~~~~~~~~~~~~~~~~~~~~~~~~~~~~~~~~~~~~~~~~~~~~~~~~~~~~~~~~~~
sym_cangjie_runtime_596_implement_r5673746875-base/testable/runtime/tests/gc_unit/gc_unittest.hpp:99:19: note: expanded from macro 'GC_EXPECT_EQ'
        if (!(_ga == _gb)) {                                                                                           \
              ~~~ ^  ~~~
sym_cangjie_runtime_596_implement_r5673746875-base/testable/runtime/tests/gc_unit/clear_entries_product_unit.cpp:1682:9: warning: comparison of integers of different signs: 'MapleRuntime::MAddress' (aka 'unsigned long') and 'int' [-Wsign-compare]
        GC_EXPECT_EQ(ForwardingTable::FindTo(fromAddr, Generation::Old), 0);
        ^~~~~~~~~~~~~~~~~~~~~~~~~~~~~~~~~~~~~~~~~~~~~~~~~~~~~~~~~~~~~~~~~~~
sym_cangjie_runtime_596_implement_r5673746875-base/testable/runtime/tests/gc_unit/gc_unittest.hpp:99:19: note: expanded from macro 'GC_EXPECT_EQ'
        if (!(_ga == _gb)) {                                                                                           \
              ~~~ ^  ~~~
sym_cangjie_runtime_596_implement_r5673746875-base/testable/runtime/tests/gc_unit/clear_entries_product_unit.cpp:2007:20: warning: unused variable 'expected' [-Wunused-variable]
    const MAddress expected = region->GetRegionStart();
                   ^
sym_cangjie_runtime_596_implement_r5673746875-base/testable/runtime/tests/gc_unit/clear_entries_product_unit.cpp:480:6: warning: unused function 'PinOwnerGeneration' [-Wunused-function]
void PinOwnerGeneration(RegionInfo* region, Generation gen)
     ^
17 warnings generated.
GC_UNIT_COMPILE_PARALLEL jobs=192 tus=74
GATE_STANDALONE_SYMBOLS_OK elf=/root/sym_cangjie_runtime_596_implement_r5673746875-base/testable/a2unit/cj_gc_unit
GATE_OLDVALUE_PRODUCT_BINDING_OK rows=1 elf=/root/sym_cangjie_runtime_596_implement_r5673746875-base/testable/a2unit/cj_gc_unit
STALL_TEST_DEFINED=178
GATE_REFERENCE_PROCESSOR_BINDING_OK elf=/root/sym_cangjie_runtime_596_implement_r5673746875-base/testable/a2unit/cj_gc_unit
GATE_YOUNG_WEAK_PRODUCT_BINDING_OK elf=/root/sym_cangjie_runtime_596_implement_r5673746875-base/testable/a2unit/cj_gc_unit
GATE_LOADHEAL_PRODUCT_MANIFEST_OK rows=7 source=clear_entries_product_unit.cpp
GATE_PTRCOLOUR_PRODUCT_BINDING_OK rows=2 elf=/root/sym_cangjie_runtime_596_implement_r5673746875-base/testable/a2unit/cj_gc_unit
GATE_PTRCOLOUR_PRODUCER_MANIFEST_OK rows=4 families=4
GATE_MUTUALWAIT_PRODUCT_IMPORTS_OK elf=/root/sym_cangjie_runtime_596_implement_r5673746875-base/testable/a2unit/cj_gc_forwarding_publication_unit
GATE_LOADHEAL_PRODUCT_IMPORTS_OK elf=/root/sym_cangjie_runtime_596_implement_r5673746875-base/testable/a2unit/cj_gc_forwarding_publication_unit
GC_UNIT_REMAP_RECEIPT_TEST_REGISTERED test=LoadHealDeliveryProduct.MajorDispatchRemapsLiveRemoteArrayField
LINKED_RUNTIME=/root/sym_cangjie_runtime_596_implement_r5673746875-base/testable/build/runtime-staging/lib/x86_64_Release
MRT_TESTABLE_INTERNALS=1
=== BINDING_PROOF (undefined in binary that resolve via runtime) ===
                 U _ZN12MapleRuntime11ZVerifyOopsE@CANGJIE
                 U _ZN12MapleRuntime12ZVerifyRootsE@CANGJIE
                 U _ZN12MapleRuntime13RangeRegistry13RegisterRangeERKNS_5RangeE@CANGJIE
                 U _ZN12MapleRuntime13RangeRegistry17RegisterCallbacksERKNS0_9CallbacksE@CANGJIE
                 U _ZN12MapleRuntime13RangeRegistry6InsertERKNS_5RangeE@CANGJIE
                 U _ZN12MapleRuntime13RangeRegistry8ClaimLowEm@CANGJIE
                 U _ZN12MapleRuntime13RangeRegistry9ClaimHighEm@CANGJIE
                 U _ZN12MapleRuntime14ZVerifyMarkingE@CANGJIE
                 U _ZN12MapleRuntime14ZVerifyObjectsE@CANGJIE
                 U _ZN12MapleRuntime17ZVerifyForwardingE@CANGJIE
                 U _ZN12MapleRuntime17ZVerifyRememberedE@CANGJIE
                 U _ZN12MapleRuntime22RelocationRequestQueue12BeginWorkersEm@CANGJIE
                 U _ZN12MapleRuntime22RelocationRequestQueue13PruneAndClaimEv@CANGJIE
                 U _ZN12MapleRuntime22RelocationRequestQueue15SynchronizePollEv@CANGJIE
                 U _ZN12MapleRuntime22RelocationRequestQueue16SetWaitEnterHookEPFvPNS_11ZForwardingEE@CANGJIE
                 U _ZN12MapleRuntime22RelocationRequestQueue3AddENS_15ForwardingTable5OwnerE@CANGJIE
                 U _ZN12MapleRuntime22RelocationRequestQueue3AddEPvm@CANGJIE
                 U _ZN12MapleRuntime22RelocationRequestQueue4WaitERKSt10shared_ptrINS0_7RequestEE@CANGJIE
                 U _ZN12MapleRuntime22RelocationRequestQueue8CompleteEPNS_11ZForwardingE@CANGJIE
                 U _ZN12MapleRuntime22RelocationRequestQueue9WaitUntilERKSt10shared_ptrINS0_7RequestEEmPb@CANGJIE
                 U _ZN12MapleRuntime7ZVerify16BeforeRelocationEPNS_11ZForwardingE@CANGJIE
                 U _ZN12MapleRuntime7ZVerify3OopEPNS_10BaseObjectERNS_8HeapSlotILb0EEEb@CANGJIE
                 U _ZN12MapleRuntime7ZVerify6ObjectEPNS_10BaseObjectEPKv@CANGJIE
                 U _ZNK12MapleRuntime13RangeRegistry12IsContiguousEv@CANGJIE
                 U _ZNK12MapleRuntime13RangeRegistry8SnapshotEv@CANGJIE
                 U _ZNK12MapleRuntime13RangeRegistry9TotalSizeEv@CANGJIE
                 U _ZNK12MapleRuntime22RelocationRequestQueue12PendingCountEv@CANGJIE
                 U _ZNK12MapleRuntime22RelocationRequestQueue23SynchronizedWorkerCountEv@CANGJIE
                 U _ZNK12MapleRuntime22RelocationRequestQueue8IsActiveEv@CANGJIE
=== RUNTIME_EXPORTS (product .so) ===
0000000000586129 R _ZN12MapleRuntime11ZVerifyOopsE@@CANGJIE
0000000000652318 B _ZN12MapleRuntime12ZVerifyRootsE@@CANGJIE
00000000004933e0 T _ZN12MapleRuntime13RangeRegistry12InsertLockedERKNS_5RangeEb@@CANGJIE
00000000004933a0 T _ZN12MapleRuntime13RangeRegistry13RegisterRangeERKNS_5RangeE@@CANGJIE
0000000000493350 T _ZN12MapleRuntime13RangeRegistry17RegisterCallbacksERKNS0_9CallbacksE@@CANGJIE
00000000004937c0 T _ZN12MapleRuntime13RangeRegistry18GrowFromBackLockedERNS_5RangeEm@@CANGJIE
0000000000493860 T _ZN12MapleRuntime13RangeRegistry19GrowFromFrontLockedERNS_5RangeEm@@CANGJIE
0000000000493a00 T _ZN12MapleRuntime13RangeRegistry20ShrinkFromBackLockedERNS_5RangeEm@@CANGJIE
0000000000493910 T _ZN12MapleRuntime13RangeRegistry21ShrinkFromFrontLockedERNS_5RangeEm@@CANGJIE
0000000000493780 T _ZN12MapleRuntime13RangeRegistry6InsertERKNS_5RangeE@@CANGJIE
0000000000493b10 T _ZN12MapleRuntime13RangeRegistry8ClaimLowEm@@CANGJIE
0000000000493c20 T _ZN12MapleRuntime13RangeRegistry9ClaimHighEm@@CANGJIE
000000000065231a B _ZN12MapleRuntime14ZVerifyMarkingE@@CANGJIE
0000000000652319 B _ZN12MapleRuntime14ZVerifyObjectsE@@CANGJIE
00000000004e34b0 T _ZN12MapleRuntime15ForwardingTable22ReceiptAllowsForwardedEm@@CANGJIE
000000000065231c B _ZN12MapleRuntime17ZVerifyForwardingE@@CANGJIE
000000000065231b B _ZN12MapleRuntime17ZVerifyRememberedE@@CANGJIE
0000000000540fb0 T _ZN12MapleRuntime22RelocationRequestQueue12BeginWorkersEm@@CANGJIE
0000000000543ea0 T _ZN12MapleRuntime22RelocationRequestQueue13PruneAndClaimEv@@CANGJIE
0000000000543a20 T _ZN12MapleRuntime22RelocationRequestQueue15PruneDoneLockedEv@@CANGJIE
0000000000543f80 T _ZN12MapleRuntime22RelocationRequestQueue15SynchronizePollEv@@CANGJIE
0000000000543a10 T _ZN12MapleRuntime22RelocationRequestQueue16SetWaitEnterHookEPFvPNS_11ZForwardingEE@@CANGJIE
0000000000543de0 T _ZN12MapleRuntime22RelocationRequestQueue19PruneAndClaimLockedEv@@CANGJIE
00000000005479c0 W _ZN12MapleRuntime22RelocationRequestQueue20SelectBeforeOrdinaryERKSt8functionIFPvvEE@@CANGJIE
000000000053ef70 T _ZN12MapleRuntime22RelocationRequestQueue3AddENS_15ForwardingTable5OwnerE@@CANGJIE
0000000000543be0 T _ZN12MapleRuntime22RelocationRequestQueue3AddEPvm@@CANGJIE
000000000053f290 T _ZN12MapleRuntime22RelocationRequestQueue4WaitERKSt10shared_ptrINS0_7RequestEE@@CANGJIE
0000000000541fc0 T _ZN12MapleRuntime22RelocationRequestQueue8CompleteEPNS_11ZForwardingE@@CANGJIE
0000000000543c90 T _ZN12MapleRuntime22RelocationRequestQueue9WaitUntilERKSt10shared_ptrINS0_7RequestEEmPb@@CANGJIE
000000000054e110 T _ZN12MapleRuntime7ZVerify11OnColorFlipEv@@CANGJIE
000000000054d060 T _ZN12MapleRuntime7ZVerify11RootsStrongEb@@CANGJIE
000000000054e840 T _ZN12MapleRuntime7ZVerify15AfterRelocationEPNS_11ZForwardingE@@CANGJIE
000000000054e1f0 T _ZN12MapleRuntime7ZVerify16BeforeRelocationEPNS_11ZForwardingE@@CANGJIE
000000000054d040 T _ZN12MapleRuntime7ZVerify16BeforeZOperationEv@@CANGJIE
000000000054d470 T _ZN12MapleRuntime7ZVerify19AfterWeakProcessingEv@@CANGJIE
000000000054e3a0 T _ZN12MapleRuntime7ZVerify23AfterRelocationInternalEPNS_11ZForwardingE@@CANGJIE
000000000054d890 T _ZN12MapleRuntime7ZVerify3OopEPNS_10BaseObjectERNS_8HeapSlotILb0EEEb@@CANGJIE
000000000054d5c0 T _ZN12MapleRuntime7ZVerify6ObjectEPNS_10BaseObjectEPKv@@CANGJIE
000000000054d1b0 T _ZN12MapleRuntime7ZVerify7ObjectsEb@@CANGJIE
000000000054d180 T _ZN12MapleRuntime7ZVerify9AfterMarkEv@@CANGJIE
GC_UNIT_LIST_INVALID lines=0 main=0 publication=0
[  RUN   ] ColourAddress.YoungRootColorPreservesOldEpochAndFinalizable
[  PASS  ] ColourAddress.YoungRootColorPreservesOldEpochAndFinalizable
[========] 1 tests: 1 passed, 0 failed
[  RUN   ] ValueRootCurrentization.MinorConsumerRewritesEveryCarrierBeforeCoverage
[  RUN   ] ValueRootCurrentization.MinorConsumerRewritesEveryCarrierBeforeCoverage
2026-09-15 10:37:16.763764 2520276 E [FWDTABLE] armed base=0x7cc68655a000 size=24576 unit=4096 entries=6
VALUE_ROOT_TARGET_ASSERT minor consumer_current=1 carrier_current=1 after_reclaim=1 lookup=2
GC_UNIT_OTHER_VM_OKIDOKI ValueRootCurrentization.MinorConsumerRewritesEveryCarrierBeforeCoverage
[  PASS  ] ValueRootCurrentization.MinorConsumerRewritesEveryCarrierBeforeCoverage
[========] 1 tests: 1 passed, 0 failed
[  RUN   ] ColourAddress.UncolorRoundTripAllRemapOneHot
[  PASS  ] ColourAddress.UncolorRoundTripAllRemapOneHot
[========] 1 tests: 1 passed, 0 failed
[  RUN   ] ValueRootCurrentization.MajorConsumerRewritesEveryCarrierBeforeCoverage
[  RUN   ] ValueRootCurrentization.MajorConsumerRewritesEveryCarrierBeforeCoverage
2026-09-15 10:37:16.763853 2520284 E [FWDTABLE] armed base=0x75899b1c6000 size=24576 unit=4096 entries=6
VALUE_ROOT_TARGET_ASSERT major consumer_current=1 carrier_current=1 after_reclaim=1 lookup=2
GC_UNIT_OTHER_VM_OKIDOKI ValueRootCurrentization.MajorConsumerRewritesEveryCarrierBeforeCoverage
[  PASS  ] ValueRootCurrentization.MajorConsumerRewritesEveryCarrierBeforeCoverage
[========] 1 tests: 1 passed, 0 failed
[  RUN   ] ColourAddress.UncolorRoundTripWithMarkBits
[  PASS  ] ColourAddress.UncolorRoundTripWithMarkBits
[========] 1 tests: 1 passed, 0 failed
[  RUN   ] ValueRootCurrentization.InsertionAndLateRekeyShareCurrentAuthority
[  RUN   ] ValueRootCurrentization.InsertionAndLateRekeyShareCurrentAuthority
2026-09-15 10:37:16.767652 2520299 E [FWDTABLE] armed base=0x7959d861d000 size=24576 unit=4096 entries=6
VALUE_ROOT_TARGET_ASSERT insertion_current=1 late_rekey_current=1
GC_UNIT_OTHER_VM_OKIDOKI ValueRootCurrentization.InsertionAndLateRekeyShareCurrentAuthority
[  PASS  ] ValueRootCurrentization.InsertionAndLateRekeyShareCurrentAuthority
[========] 1 tests: 1 passed, 0 failed
[  RUN   ] ColourAddress.LoadBadMaskRejectsStaleRemap
[  PASS  ] ColourAddress.LoadBadMaskRejectsStaleRemap
[========] 1 tests: 1 passed, 0 failed
[  RUN   ] ValueRootCurrentization.NullAndNonHeapControlsRemainStable
[  RUN   ] ValueRootCurrentization.NullAndNonHeapControlsRemainStable
2026-09-15 10:37:16.767806 2520300 E [FWDTABLE] armed base=0x718423b12000 size=24576 unit=4096 entries=6
VALUE_ROOT_CONTROL_ASSERT null_stable=1 nonheap_stable=1
GC_UNIT_OTHER_VM_OKIDOKI ValueRootCurrentization.NullAndNonHeapControlsRemainStable
[  PASS  ] ValueRootCurrentization.NullAndNonHeapControlsRemainStable
[========] 1 tests: 1 passed, 0 failed
[  RUN   ] ColourAddress.StaleRemapAlwaysLoadBad
[  PASS  ] ColourAddress.StaleRemapAlwaysLoadBad
[========] 1 tests: 1 passed, 0 failed
[  RUN   ] ForwardingPublicationProduct.BarrierResolvesForwardedFromThroughCollector
2026-09-15 10:37:16.765443 2520287 E [FWDTABLE] armed base=0x708422cdf000 size=24576 unit=4096 entries=6
[  PASS  ] ForwardingPublicationProduct.BarrierResolvesForwardedFromThroughCollector
[========] 1 tests: 1 passed, 0 failed
[  RUN   ] ColourAddress.RootSlotRejectsColouredValue
[  PASS  ] ColourAddress.RootSlotRejectsColouredValue
[========] 1 tests: 1 passed, 0 failed
[  RUN   ] ForwardingPublicationProduct.MutatorRuntimeEntryReachesCopyAdmission
2026-09-15 10:37:16.766236 2520293 E [FWDTABLE] armed base=0x7d8be4a6f000 size=24576 unit=4096 entries=6
MUTATOR_COPY_ASSERT_EXECUTED runtime=1 result=7d8be4a72000 mapping=7d8be4a72000 expected=7d8be4a72000
[  PASS  ] ForwardingPublicationProduct.MutatorRuntimeEntryReachesCopyAdmission
[========] 1 tests: 1 passed, 0 failed
[  RUN   ] ColourAddress.PeelForRootWriteBackClearsHighBits
[  PASS  ] ColourAddress.PeelForRootWriteBackClearsHighBits
[========] 1 tests: 1 passed, 0 failed
[  RUN   ] ForwardingNoGeometry.ForwardImplTryLockCopiesWithoutPrebuiltMapping
2026-09-15 10:37:16.768790 2520306 E [FWDTABLE] armed base=0x77ce8b576000 size=24576 unit=4096 entries=6
MUTATOR_COPY_ASSERT_EXECUTED runtime=0 result=77ce8b579000 mapping=77ce8b579000 expected=77ce8b579000
[  PASS  ] ForwardingNoGeometry.ForwardImplTryLockCopiesWithoutPrebuiltMapping
[========] 1 tests: 1 passed, 0 failed
[  RUN   ] ColourAddress.AddressAndColourMasksDisjoint
[  PASS  ] ColourAddress.AddressAndColourMasksDisjoint
[========] 1 tests: 1 passed, 0 failed
[  RUN   ] FindToPublicState.NotManagedIsObservable
[  RUN   ] FindToPublicState.NotManagedIsObservable
FINDTO_PRODUCT_SO=/root/sym_cangjie_runtime_596_implement_r5673746875-base/testable/build/runtime-staging/lib/x86_64_Release/libcangjie-runtime.so
GC_UNIT_OTHER_VM_OKIDOKI FindToPublicState.NotManagedIsObservable
[  PASS  ] FindToPublicState.NotManagedIsObservable
[========] 1 tests: 1 passed, 0 failed
[  RUN   ] ColourAddress.BitFieldRemapOneHotMatrix
[  PASS  ] ColourAddress.BitFieldRemapOneHotMatrix
[========] 1 tests: 1 passed, 0 failed
[  RUN   ] FindToPublicState.QueryableMissIsObservable
[  RUN   ] FindToPublicState.QueryableMissIsObservable
2026-09-15 10:37:16.772281 2520336 E [FWDTABLE] armed base=0x7e6681079000 size=24576 unit=4096 entries=6
FINDTO_PRODUCT_SO=/root/sym_cangjie_runtime_596_implement_r5673746875-base/testable/build/runtime-staging/lib/x86_64_Release/libcangjie-runtime.so
GC_UNIT_OTHER_VM_OKIDOKI FindToPublicState.QueryableMissIsObservable
[  PASS  ] FindToPublicState.QueryableMissIsObservable
[========] 1 tests: 1 passed, 0 failed
[  RUN   ] ColourAddress.BitFieldMarkBitsIndependentOfRemap
[  PASS  ] ColourAddress.BitFieldMarkBitsIndependentOfRemap
[========] 1 tests: 1 passed, 0 failed
[  RUN   ] LookupDecisionSnapshot.SurvivesPostReturnGhostAndHeaderMutation
[  RUN   ] LookupDecisionSnapshot.SurvivesPostReturnGhostAndHeaderMutation
2026-09-15 10:37:16.774192 2520348 E [FWDTABLE] armed base=0x788640424000 size=24576 unit=4096 entries=6
GC_UNIT_OTHER_VM_OKIDOKI LookupDecisionSnapshot.SurvivesPostReturnGhostAndHeaderMutation
[  PASS  ] LookupDecisionSnapshot.SurvivesPostReturnGhostAndHeaderMutation
[========] 1 tests: 1 passed, 0 failed
[  RUN   ] ZBitFieldPort.EncodeDecodeRoundTrips
[  PASS  ] ZBitFieldPort.EncodeDecodeRoundTrips
[========] 1 tests: 1 passed, 0 failed
[  RUN   ] ForwardingPublicationProduct.ResolveStoreValueSafeAddrAfterForwardingTableGone
2026-09-15 10:37:16.771544 2520328 E [FWDTABLE] armed base=0x7eb06e158000 size=24576 unit=4096 entries=6
[  PASS  ] ForwardingPublicationProduct.ResolveStoreValueSafeAddrAfterForwardingTableGone
[========] 1 tests: 1 passed, 0 failed
[  RUN   ] ZListPort.InsertAndRemoveFirst
2026-09-15 10:37:16.772109 2520331 E [FWDTABLE] armed base=0x7de9647d6000 size=24576 unit=4096 entries=6
[  PASS  ] ZListPort.InsertAndRemoveFirst
[========] 1 tests: 1 passed, 0 failed
[  RUN   ] ForwardingPublicationProduct.CompactRegionDeadFromHasNoForwardingAndIsNotTlab
2026-09-15 10:37:16.772399 2520334 E [FWDTABLE] armed base=0x709884e03000 size=24576 unit=4096 entries=6
[  PASS  ] ForwardingPublicationProduct.CompactRegionDeadFromHasNoForwardingAndIsNotTlab
[========] 1 tests: 1 passed, 0 failed
[  RUN   ] ZListPort.RemoveFirstAndLast
2026-09-15 10:37:16.772970 2520337 E [FWDTABLE] armed base=0x793a28775000 size=24576 unit=4096 entries=6
[  PASS  ] ZListPort.RemoveFirstAndLast
[========] 1 tests: 1 passed, 0 failed
[  RUN   ] ForwardingLookupWitness.ActiveHitIdentifiesPublisher
[  RUN   ] ForwardingLookupWitness.ActiveHitIdentifiesPublisher
2026-09-15 10:37:16.775275 2520355 E [FWDTABLE] armed base=0x7bfc29d46000 size=24576 unit=4096 entries=6
GC_UNIT_OTHER_VM_OKIDOKI ForwardingLookupWitness.ActiveHitIdentifiesPublisher
[  PASS  ] ForwardingLookupWitness.ActiveHitIdentifiesPublisher
[========] 1 tests: 1 passed, 0 failed
[  RUN   ] ZListAuthority.DoublePrependIsRejected
2026-09-15 10:37:16.773538 2520341 E [FWDTABLE] armed base=0x713c16afb000 size=24576 unit=4096 entries=6
2026-09-15 10:37:16.773910 2520361 F Check failed: region->GetRegionListOwner() == nullptr
2026-09-15 10:37:16.774080 2520361 F region already belongs to a list
[  PASS  ] ZListAuthority.DoublePrependIsRejected
[========] 1 tests: 1 passed, 0 failed
[  RUN   ] ForwardingLookupWitness.ActiveMissKeepsCandidateIdentity
[  RUN   ] ForwardingLookupWitness.ActiveMissKeepsCandidateIdentity
2026-09-15 10:37:16.775931 2520359 E [FWDTABLE] armed base=0x7fbbb6034000 size=24576 unit=4096 entries=6
GC_UNIT_OTHER_VM_OKIDOKI ForwardingLookupWitness.ActiveMissKeepsCandidateIdentity
[  PASS  ] ForwardingLookupWitness.ActiveMissKeepsCandidateIdentity
[========] 1 tests: 1 passed, 0 failed
[  RUN   ] ZListAuthority.WrongListRemoveIsRejected
2026-09-15 10:37:16.775460 2520351 E [FWDTABLE] armed base=0x74d4c52cb000 size=24576 unit=4096 entries=6
2026-09-15 10:37:16.775983 2520375 F Check failed: del != nullptr && del->GetRegionListOwner() == this
2026-09-15 10:37:16.776372 2520375 F region belongs to another list
[  PASS  ] ZListAuthority.WrongListRemoveIsRejected
[========] 1 tests: 1 passed, 0 failed
[  RUN   ] NeverInstalledDiagnostic.NeverInstalledListsAllCoveringCarriers
[  RUN   ] NeverInstalledDiagnostic.NeverInstalledListsAllCoveringCarriers
2026-09-15 10:37:16.777381 2520372 E [FWDTABLE] armed base=0x77d097315000 size=24576 unit=4096 entries=6
GC_UNIT_OTHER_VM_OKIDOKI NeverInstalledDiagnostic.NeverInstalledListsAllCoveringCarriers
[  PASS  ] NeverInstalledDiagnostic.NeverInstalledListsAllCoveringCarriers
[========] 1 tests: 1 passed, 0 failed
[  RUN   ] ZListAuthority.RemoveThenInsertTransfersAuthority
2026-09-15 10:37:16.776790 2520363 E [FWDTABLE] armed base=0x7008accd5000 size=24576 unit=4096 entries=6
[  PASS  ] ZListAuthority.RemoveThenInsertTransfersAuthority
[========] 1 tests: 1 passed, 0 failed
[  RUN   ] ForwardingPublicationProduct.WatermarkRemapsInvisibleAndNativeHeadBeforeCompletion
2026-09-15 10:37:16.776606 2520362 E [FWDTABLE] armed base=0x78af1651d000 size=24576 unit=4096 entries=6
[  PASS  ] ForwardingPublicationProduct.WatermarkRemapsInvisibleAndNativeHeadBeforeCompletion
[========] 1 tests: 1 passed, 0 failed
[  RUN   ] ZListAuthority.GhostSnapshotResetDoesNotOwnRegion
2026-09-15 10:37:16.777139 2520367 E [FWDTABLE] armed base=0x752be6b20000 size=24576 unit=4096 entries=6
[  PASS  ] ZListAuthority.GhostSnapshotResetDoesNotOwnRegion
[========] 1 tests: 1 passed, 0 failed
[  RUN   ] ForwardingPublicationProduct.DerivedClosurePreservesSharedBaseOffsets
[  PASS  ] ForwardingPublicationProduct.DerivedClosurePreservesSharedBaseOffsets
[========] 1 tests: 1 passed, 0 failed
[  RUN   ] ZListAuthority.OwnerMustBeReleasedBeforeRegionLifeReset
2026-09-15 10:37:16.779761 2520377 E [FWDTABLE] armed base=0x72559e03b000 size=24576 unit=4096 entries=6
2026-09-15 10:37:16.780165 2520410 F Check failed: GetRegionListOwner() == nullptr
2026-09-15 10:37:16.780393 2520410 F reinitializing a region still owned by a list
[  PASS  ] ZListAuthority.OwnerMustBeReleasedBeforeRegionLifeReset
[========] 1 tests: 1 passed, 0 failed
[  RUN   ] ForwardingPublicationProduct.PreForwardDerivedTaggedBaseProducer
[  RUN   ] ForwardingPublicationProduct.PreForwardDerivedTaggedBaseProducer
2026-09-15 10:37:16.782962 2520403 E [FWDTABLE] armed base=0x7059ce733000 size=24576 unit=4096 entries=6
DERIVED_BASE_INPUT tagged=1 moving=0 base=7059ce733040 derived=7059ce733048
DERIVED_BASE_RESULT base=7059ce733040 derived=7059ce733048 expected=7059ce733048
GC_UNIT_OTHER_VM_OKIDOKI ForwardingPublicationProduct.PreForwardDerivedTaggedBaseProducer
[  PASS  ] ForwardingPublicationProduct.PreForwardDerivedTaggedBaseProducer
[========] 1 tests: 1 passed, 0 failed
[  RUN   ] ZStat.RegistryInitializationWritesConstLinks
ZSTAT_INIT_TARGET executed=1 status=0 initialized=1
[  PASS  ] ZStat.RegistryInitializationWritesConstLinks
[========] 1 tests: 1 passed, 0 failed
[  RUN   ] ForwardingPublicationProduct.PreForwardDerivedOrdinaryBaseProducer
[  RUN   ] ForwardingPublicationProduct.PreForwardDerivedOrdinaryBaseProducer
2026-09-15 10:37:16.781812 2520404 E [FWDTABLE] armed base=0x7c821617b000 size=24576 unit=4096 entries=6
DERIVED_BASE_INPUT tagged=0 moving=0 base=7c821617b040 derived=7c821617b048
DERIVED_BASE_RESULT base=7c821617b040 derived=7c821617b048 expected=7c821617b048
GC_UNIT_OTHER_VM_OKIDOKI ForwardingPublicationProduct.PreForwardDerivedOrdinaryBaseProducer
[  PASS  ] ForwardingPublicationProduct.PreForwardDerivedOrdinaryBaseProducer
[========] 1 tests: 1 passed, 0 failed
[  RUN   ] ZStat.RegistrySortedWithoutChangingIdentity
ZSTAT_SORT_ASSERT_EXECUTED comparisons=48 sorted=1
[  PASS  ] ZStat.RegistrySortedWithoutChangingIdentity
[========] 1 tests: 1 passed, 0 failed
[  RUN   ] ForwardingPublicationProduct.PreForwardDerivedTaggedMovingBaseProducer
[  RUN   ] ForwardingPublicationProduct.PreForwardDerivedTaggedMovingBaseProducer
2026-09-15 10:37:16.782892 2520414 E [FWDTABLE] armed base=0x7c07d9794000 size=24576 unit=4096 entries=6
DERIVED_BASE_INPUT tagged=1 moving=1 base=7c07d9799000 derived=7c07d9799008
DERIVED_BASE_RESULT base=7c07d9796000 derived=7c07d9796008 expected=7c07d9796008
GC_UNIT_OTHER_VM_OKIDOKI ForwardingPublicationProduct.PreForwardDerivedTaggedMovingBaseProducer
[  PASS  ] ForwardingPublicationProduct.PreForwardDerivedTaggedMovingBaseProducer
[========] 1 tests: 1 passed, 0 failed
[  RUN   ] ZStat.RegistryExistsBeforeSampling
[  PASS  ] ZStat.RegistryExistsBeforeSampling
[========] 1 tests: 1 passed, 0 failed
[  RUN   ] ForwardingPublicationProduct.PreForwardDerivedOrdinaryMovingBaseProducer
[  RUN   ] ForwardingPublicationProduct.PreForwardDerivedOrdinaryMovingBaseProducer
2026-09-15 10:37:16.783708 2520421 E [FWDTABLE] armed base=0x7ad5a1543000 size=24576 unit=4096 entries=6
DERIVED_BASE_INPUT tagged=0 moving=1 base=7ad5a1548000 derived=7ad5a1548008
DERIVED_BASE_RESULT base=7ad5a1545000 derived=7ad5a1545008 expected=7ad5a1545008
GC_UNIT_OTHER_VM_OKIDOKI ForwardingPublicationProduct.PreForwardDerivedOrdinaryMovingBaseProducer
[  PASS  ] ForwardingPublicationProduct.PreForwardDerivedOrdinaryMovingBaseProducer
[========] 1 tests: 1 passed, 0 failed
[  RUN   ] ZStat.StwDepthCounterClassifies
[  PASS  ] ZStat.StwDepthCounterClassifies
[========] 1 tests: 1 passed, 0 failed
[  RUN   ] ForwardingPublicationProduct.PreForwardDerivedTaggedUnresolvedGhostFailsClosed
[  RUN   ] ForwardingPublicationProduct.PreForwardDerivedTaggedUnresolvedGhostFailsClosed
2026-09-15 10:37:16.784708 2520429 E [FWDTABLE] armed base=0x7ea0f39cb000 size=24576 unit=4096 entries=6
DERIVED_PAGE_TASK produced=7ea0f39cd000 expected=7ea0f39cd000 done_released=1
DERIVED_BASE_INPUT tagged=1 moving=0 base=7ea0f39d0000 derived=7ea0f39d0008
DERIVED_BASE_FAILCLOSED status=134
2026-09-15 10:37:16.785402 2520449 F Check failed: false
2026-09-15 10:37:16.785446 2520449 F should be forwarded from=0x7ea0f39d0000
DERIVED_BASE_TARGET target_assertion executed=1 matched=1
GC_UNIT_OTHER_VM_OKIDOKI ForwardingPublicationProduct.PreForwardDerivedTaggedUnresolvedGhostFailsClosed
[GCV2][ike-keep] atexit trueEmpty=0 keep=0 keepBytes=0 nullFace=0 epoch=0
[  PASS  ] ForwardingPublicationProduct.PreForwardDerivedTaggedUnresolvedGhostFailsClosed
[========] 1 tests: 1 passed, 0 failed
[  RUN   ] ZServiceability.GenerationCapacityAndLimit
[  PASS  ] ZServiceability.GenerationCapacityAndLimit
[========] 1 tests: 1 passed, 0 failed
[  RUN   ] ForwardingPublicationProduct.PreForwardDerivedRebasesFromRemappedBaseWithoutLookup
2026-09-15 10:37:16.783457 2520415 E [FWDTABLE] armed base=0x7b1ba3547000 size=24576 unit=4096 entries=6
[  PASS  ] ForwardingPublicationProduct.PreForwardDerivedRebasesFromRemappedBaseWithoutLookup
[========] 1 tests: 1 passed, 0 failed
[  RUN   ] ZServiceability.ConcurrentSamplesClampToCapacity
[  PASS  ] ZServiceability.ConcurrentSamplesClampToCapacity
[========] 1 tests: 1 passed, 0 failed
[  RUN   ] ForwardingPublicationProduct.ForwardingIdentityWinnerSurvivesDoneAndRelease
2026-09-15 10:37:16.784250 2520422 E [FWDTABLE] armed base=0x77849d87e000 size=24576 unit=4096 entries=6
[  PASS  ] ForwardingPublicationProduct.ForwardingIdentityWinnerSurvivesDoneAndRelease
[========] 1 tests: 1 passed, 0 failed
[  RUN   ] ZServiceability.CapacityBeyondSigned32Bits
[  PASS  ] ZServiceability.CapacityBeyondSigned32Bits
[========] 1 tests: 1 passed, 0 failed
[  RUN   ] ForwardingPublicationProduct.ForwardingMovedWinnerSurvivesDoneAndRelease
2026-09-15 10:37:16.785364 2520428 E [FWDTABLE] armed base=0x7ce50f016000 size=24576 unit=4096 entries=6
[  PASS  ] ForwardingPublicationProduct.ForwardingMovedWinnerSurvivesDoneAndRelease
[========] 1 tests: 1 passed, 0 failed
[  RUN   ] ZGCIdPrinter.MinorAndMajorCoexist
[  PASS  ] ZGCIdPrinter.MinorAndMajorCoexist
[========] 1 tests: 1 passed, 0 failed
[  RUN   ] ForwardingPublicationProduct.CompletedForwardingMissRejectsOriginalAddress
2026-09-15 10:37:16.786217 2520436 E [FWDTABLE] armed base=0x735603b67000 size=24576 unit=4096 entries=6
[  PASS  ] ForwardingPublicationProduct.CompletedForwardingMissRejectsOriginalAddress
[========] 1 tests: 1 passed, 0 failed
[  RUN   ] ZGCIdPrinter.WorkerScopeRestoresThreadContext
[  PASS  ] ZGCIdPrinter.WorkerScopeRestoresThreadContext
[========] 1 tests: 1 passed, 0 failed
[  RUN   ] ForwardingPublicationProduct.CompactedWithoutFwdDoneWaitsInProductSO
2026-09-15 10:37:16.786970 2520441 E [FWDTABLE] armed base=0x7c8161f8d000 size=24576 unit=4096 entries=6
[  PASS  ] ForwardingPublicationProduct.CompactedWithoutFwdDoneWaitsInProductSO
[========] 1 tests: 1 passed, 0 failed
[  RUN   ] TrustP1.TryUntagHeapSlotWritebackIsColoured
[  PASS  ] TrustP1.TryUntagHeapSlotWritebackIsColoured
[========] 1 tests: 1 passed, 0 failed
[  RUN   ] ForwardingPublicationProduct.ForwardUpdateRawRefWritesBackMappedTo
2026-09-15 10:37:16.787837 2520447 E [FWDTABLE] armed base=0x75302c838000 size=24576 unit=4096 entries=6
[  PASS  ] ForwardingPublicationProduct.ForwardUpdateRawRefWritesBackMappedTo
[========] 1 tests: 1 passed, 0 failed
[  RUN   ] TrustP1.PlainUntagWritebackWouldBeCensusHit
[  PASS  ] TrustP1.PlainUntagWritebackWouldBeCensusHit
[========] 1 tests: 1 passed, 0 failed
[  RUN   ] ForwardingPublicationProduct.ForwardUpdateRawRefFailClosedWhenUnresolved
2026-09-15 10:37:16.789176 2520457 E [FWDTABLE] armed base=0x7d66bb894000 size=24576 unit=4096 entries=6
[  PASS  ] ForwardingPublicationProduct.ForwardUpdateRawRefFailClosedWhenUnresolved
[========] 1 tests: 1 passed, 0 failed
[  RUN   ] TrustP1.RootSlotWritebackPlainIsPlain
[  PASS  ] TrustP1.RootSlotWritebackPlainIsPlain
[========] 1 tests: 1 passed, 0 failed
[  RUN   ] ForwardingPublicationProduct.IdentityForwardStillWritesBackRootWord
2026-09-15 10:37:16.789803 2520466 E [FWDTABLE] armed base=0x7fe34cdd0000 size=24576 unit=4096 entries=6
[  PASS  ] ForwardingPublicationProduct.IdentityForwardStillWritesBackRootWord
[========] 1 tests: 1 passed, 0 failed
[  RUN   ] TrustP1.HeapSlotMustNotUseRootPlainShape
[  PASS  ] TrustP1.HeapSlotMustNotUseRootPlainShape
[========] 1 tests: 1 passed, 0 failed
[  RUN   ] ForwardingPublicationProduct.ResolveStoreValueFollowsForwardedDestination
2026-09-15 10:37:16.791026 2520472 E [FWDTABLE] armed base=0x7bc2ec99d000 size=24576 unit=4096 entries=6
[  PASS  ] ForwardingPublicationProduct.ResolveStoreValueFollowsForwardedDestination
[========] 1 tests: 1 passed, 0 failed
[  RUN   ] TrustP1.DerivedInteriorPlainIsDistinctFromK1ObjectRoot
[  PASS  ] TrustP1.DerivedInteriorPlainIsDistinctFromK1ObjectRoot
[========] 1 tests: 1 passed, 0 failed
[  RUN   ] ForwardingPublicationProduct.PartialCompactFirstDestinationKeepsReceipt
2026-09-15 10:37:16.791646 2520479 E [FWDTABLE] armed base=0x7eb5b958f000 size=24576 unit=4096 entries=6
[  PASS  ] ForwardingPublicationProduct.PartialCompactFirstDestinationKeepsReceipt
[========] 1 tests: 1 passed, 0 failed
[  RUN   ] TrustP1.ColouredWriteGuardRejectsPlainShape
[  PASS  ] TrustP1.ColouredWriteGuardRejectsPlainShape
[========] 1 tests: 1 passed, 0 failed
[  RUN   ] ForwardingPublicationProduct.PartialCompactSelfFallbackKeepsReceipt
2026-09-15 10:37:16.792746 2520485 E [FWDTABLE] armed base=0x7c8173dff000 size=24576 unit=4096 entries=6
2026-09-15 10:37:16.792948 2520485 E [COLOURWHO] armed first sc=0
[  PASS  ] ForwardingPublicationProduct.PartialCompactSelfFallbackKeepsReceipt
[========] 1 tests: 1 passed, 0 failed
[  RUN   ] TrustP1.NullIsNotPlainResidual
[  PASS  ] TrustP1.NullIsNotPlainResidual
[========] 1 tests: 1 passed, 0 failed
[  RUN   ] ForwardingPublicationProduct.PageWaitThenLookupReadsOriginalCompactReceipt
2026-09-15 10:37:16.794262 2520495 E [FWDTABLE] armed base=0x7360f8799000 size=24576 unit=4096 entries=6
[GCV2][ike-keep] atexit trueEmpty=0 keep=0 keepBytes=0 nullFace=0 epoch=0
[  PASS  ] ForwardingPublicationProduct.PageWaitThenLookupReadsOriginalCompactReceipt
[========] 1 tests: 1 passed, 0 failed
[  RUN   ] ZLiveMapPort.OneObjectPageMarkAccountsLiveOnce
[  PASS  ] ZLiveMapPort.OneObjectPageMarkAccountsLiveOnce
[========] 1 tests: 1 passed, 0 failed
[  RUN   ] ForwardingPublicationProduct.CompletedPageResolvesThroughForwardingTable
2026-09-15 10:37:16.794637 2520498 E [FWDTABLE] armed base=0x7f385936a000 size=24576 unit=4096 entries=6
[GCV2][ike-keep] atexit trueEmpty=0 keep=0 keepBytes=0 nullFace=0 epoch=0
[  PASS  ] ForwardingPublicationProduct.CompletedPageResolvesThroughForwardingTable
[========] 1 tests: 1 passed, 0 failed
[  RUN   ] LiveMap.MarkAndSurvive
2026-09-15 10:37:16.795279 2520501 E [FWDTABLE] armed base=0x74ce6987c000 size=24576 unit=4096 entries=6
[  PASS  ] LiveMap.MarkAndSurvive
[========] 1 tests: 1 passed, 0 failed
[  RUN   ] ForwardingPublicationProduct.CompactRequestReturnsReceiptBeforeFromClear
2026-09-15 10:37:16.797268 2520505 E [FWDTABLE] armed base=0x75aaa0325000 size=24576 unit=4096 entries=6
[  PASS  ] ForwardingPublicationProduct.CompactRequestReturnsReceiptBeforeFromClear
[========] 1 tests: 1 passed, 0 failed
[  RUN   ] LiveMap.LiveInfo0SnapshotSurvivesClear
2026-09-15 10:37:16.796286 2520508 E [FWDTABLE] armed base=0x7f1865691000 size=24576 unit=4096 entries=6
LIVEMAP_SOURCE stage=current-pointer-cleared survived=1
[  PASS  ] LiveMap.LiveInfo0SnapshotSurvivesClear
[========] 1 tests: 1 passed, 0 failed
[  RUN   ] ForwardingPublicationProduct.PostRemapResetDestroysInstalledSet
2026-09-15 10:37:16.796827 2520510 E [FWDTABLE] armed base=0x747ff2904000 size=24576 unit=4096 entries=6
[  PASS  ] ForwardingPublicationProduct.PostRemapResetDestroysInstalledSet
[========] 1 tests: 1 passed, 0 failed
[  RUN   ] LiveMap.BindLiveInfo0AfterLateMark
2026-09-15 10:37:16.797107 2520513 E [FWDTABLE] armed base=0x7003decde000 size=24576 unit=4096 entries=6
LIVEMAP_SOURCE stage=late-product-mark-bound survived=1
[  PASS  ] LiveMap.BindLiveInfo0AfterLateMark
[========] 1 tests: 1 passed, 0 failed
[  RUN   ] ForwardingPublicationProduct.ExclusiveCopyPublishesProductReceipt
2026-09-15 10:37:16.799082 2520516 E [FWDTABLE] armed base=0x7e255d1c9000 size=24576 unit=4096 entries=6
[  PASS  ] ForwardingPublicationProduct.ExclusiveCopyPublishesProductReceipt
[========] 1 tests: 1 passed, 0 failed
[  RUN   ] LiveMap.OldForwardingCarrierPublishesOwnerAndRetires
2026-09-15 10:37:16.798199 2520519 E [FWDTABLE] armed base=0x7d5789786000 size=24576 unit=4096 entries=6
LIVEMAP_SOURCE stage=old-retained survived=1
[  PASS  ] LiveMap.OldForwardingCarrierPublishesOwnerAndRetires
[========] 1 tests: 1 passed, 0 failed
[  RUN   ] LoadHealDeliveryProduct.DualCarrierProducerCapturesOldTopAndLivemap
2026-09-15 10:37:16.799916 2520529 E [FWDTABLE] armed base=0x7453df61b000 size=24576 unit=4096 entries=6
SOURCE_LIVEMAP_ASSERT_EXECUTED live=1 dead=0
[  PASS  ] LoadHealDeliveryProduct.DualCarrierProducerCapturesOldTopAndLivemap
[========] 1 tests: 1 passed, 0 failed
[  RUN   ] LiveMap.FromPageOwnerAndLivemapStayIdenticalAcrossPromotion
2026-09-15 10:37:16.799358 2520527 E [FWDTABLE] armed base=0x7658c4fc5000 size=24576 unit=4096 entries=6
LIVEMAP_SOURCE stage=promoted-source-owner survived=1
[  PASS  ] LiveMap.FromPageOwnerAndLivemapStayIdenticalAcrossPromotion
[========] 1 tests: 1 passed, 0 failed
[  RUN   ] LoadHealDeliveryProduct.DualCarrierConsumerSurvivesCurrentPageResetUntilRetire
2026-09-15 10:37:16.799992 2520531 E [FWDTABLE] armed base=0x7b5b503f0000 size=24576 unit=4096 entries=6
[  PASS  ] LoadHealDeliveryProduct.DualCarrierConsumerSurvivesCurrentPageResetUntilRetire
[========] 1 tests: 1 passed, 0 failed
[  RUN   ] LiveMap.PromotionCarrierLivesUntilForwardingRelease
2026-09-15 10:37:16.800477 2520534 E [FWDTABLE] armed base=0x73621cedf000 size=24576 unit=4096 entries=6
LIVEMAP_SOURCE stage=promotion-retained large=0 survived=1
LIVEMAP_SOURCE stage=promotion-retained large=1 survived=1
[  PASS  ] LiveMap.PromotionCarrierLivesUntilForwardingRelease
[========] 1 tests: 1 passed, 0 failed
[  RUN   ] LoadHealDeliveryProduct.FlipPromotedPageRemembersOnlyLiveHolder
2026-09-15 10:37:16.800942 2520537 E [FWDTABLE] armed base=0x72b0631f6000 size=24576 unit=4096 entries=6
[  PASS  ] LoadHealDeliveryProduct.FlipPromotedPageRemembersOnlyLiveHolder
[========] 1 tests: 1 passed, 0 failed
[  RUN   ] LiveMap.NullBitmapNeverSurvived
2026-09-15 10:37:16.801368 2520540 E [FWDTABLE] armed base=0x702fb750b000 size=24576 unit=4096 entries=6
[  PASS  ] LiveMap.NullBitmapNeverSurvived
[========] 1 tests: 1 passed, 0 failed
[  RUN   ] LoadHealDeliveryProduct.InPlaceRemsetMovesBitAndFeedsConsumer
2026-09-15 10:37:16.801617 2520543 E [FWDTABLE] armed base=0x7a2efdce3000 size=24576 unit=4096 entries=6
2026-09-15 10:37:16.801672 2520543 E [ZCOLOR2][mark-mask-flip] generation=young count=1 g_cjMarkBadMask=0x9e000000000000 g_cjStoreBadMask=0x19e000000000000
DETAIL loadheal_inplace taken=1 old_cleared=1 moved=1 new_present=1 previous_new=1 consumer_consumed=1 consumer_work=1
[  PASS  ] LoadHealDeliveryProduct.InPlaceRemsetMovesBitAndFeedsConsumer
[========] 1 tests: 1 passed, 0 failed
[  RUN   ] LiveMap.CurrentPageHasSingleBitmap
2026-09-15 10:37:16.802213 2520546 E [FWDTABLE] armed base=0x7bbf5b304000 size=24576 unit=4096 entries=6
[  PASS  ] LiveMap.CurrentPageHasSingleBitmap
[========] 1 tests: 1 passed, 0 failed
[  RUN   ] LoadHealDeliveryProduct.PromotedObjectRemembersYoungTargetOnly
2026-09-15 10:37:16.802682 2520549 E [FWDTABLE] armed base=0x718b0f538000 size=24576 unit=4096 entries=6
[  PASS  ] LoadHealDeliveryProduct.PromotedObjectRemembersYoungTargetOnly
[========] 1 tests: 1 passed, 0 failed
[  RUN   ] LiveMap.OwnerDispatchMarksYoungFace
2026-09-15 10:37:16.803084 2520552 E [FWDTABLE] armed base=0x7deeb3d67000 size=24576 unit=4096 entries=6
[  PASS  ] LiveMap.OwnerDispatchMarksYoungFace
[========] 1 tests: 1 passed, 0 failed
[  RUN   ] LoadHealDeliveryProduct.PromotedFieldsHealForwardedOldTarget
2026-09-15 10:37:16.803396 2520555 E [FWDTABLE] armed base=0x76b2feff1000 size=24576 unit=4096 entries=6
[  PASS  ] LoadHealDeliveryProduct.PromotedFieldsHealForwardedOldTarget
[========] 1 tests: 1 passed, 0 failed
[  RUN   ] LiveMap.CurrentLargePageHasSingleMarkBit
2026-09-15 10:37:16.804856 2520560 E [FWDTABLE] armed base=0x732b20daa000 size=24576 unit=4096 entries=6
[  PASS  ] LiveMap.CurrentLargePageHasSingleMarkBit
[========] 1 tests: 1 passed, 0 failed
[  RUN   ] LoadHealDeliveryProduct.CurrentRemsetRemapsLiveRemoteArrayField
2026-09-15 10:37:16.804484 2520563 E [FWDTABLE] armed base=0x75d76947a000 size=24576 unit=4096 entries=6
2026-09-15 10:37:16.804613 2520563 E [COLOURWHO] armed first sc=0
DETAIL current_remset_matrix far_offset=136 holder_live=1 holder_nonalloc=1 near_resolved=1 far_resolved=1 near_store_good=1 far_store_good=1 young_unchanged=1 result=1
[  PASS  ] LoadHealDeliveryProduct.CurrentRemsetRemapsLiveRemoteArrayField
[========] 1 tests: 1 passed, 0 failed
[  RUN   ] LiveMap.LargeFirstPaintHasSingleWinner
2026-09-15 10:37:16.805069 2520566 E [FWDTABLE] armed base=0x7c8d6e6c8000 size=24576 unit=4096 entries=6
[  PASS  ] LiveMap.LargeFirstPaintHasSingleWinner
[========] 1 tests: 1 passed, 0 failed
[  RUN   ] LoadHealDeliveryProduct.MajorDispatchRemapsLiveRemoteArrayField
[  RUN   ] LoadHealDeliveryProduct.MajorDispatchRemapsLiveRemoteArrayField
2026-09-15 10:37:16.807551 2520588 E [FWDTABLE] armed base=0x733b38bd3000 size=24576 unit=4096 entries=6
2026-09-15 10:37:16.807863 2520588 E [GCV2][epoch-handshake] source=pre-major-stack epoch=1 requested=0 acked=0 acked_twice=0 self=0 gc_assisted=0 starting=0 running=0 parked=0 exiting=0 deferred_create=0 born_clean=0 exit_transition=0 destroy_deferred=0 stw_calls=0 stack_scanned=0 stack_fallback=0 stack_frames=0 wlock_us=0 timeout_ms=0 epoch_handshake=required stack_scan=required
2026-09-15 10:37:16.807982 2520588 E [GhostRetention] retained_regions=0 retained_bytes=0
2026-09-15 10:37:16.807998 2520588 E [COLOURWHO] armed first sc=0
TARGET_CURRENT_REMSET_ASSERT_EXECUTED visits=1 heals=1 far_offset=136 holder_nonalloc=1 before=0x151733b38bd8000 after=0x152733b38bd5000 resolved=0x733b38bd5000 expected=0x733b38bd5000 store_good=1 result=1
GC_UNIT_OTHER_VM_OKIDOKI LoadHealDeliveryProduct.MajorDispatchRemapsLiveRemoteArrayField
[GCV2][markwater] atexit armed=0 turned=0
2026-09-15 10:37:16.808158 2520588 E [GCV2][markterm] atexit pauses=1 flushedInPause=0 ncontinue=0
[  PASS  ] LoadHealDeliveryProduct.MajorDispatchRemapsLiveRemoteArrayField
[========] 1 tests: 1 passed, 0 failed
[  RUN   ] LiveMap.GenerationSequenceSharedByPages
2026-09-15 10:37:16.805910 2520572 E [FWDTABLE] armed base=0x70f8ee0b6000 size=24576 unit=4096 entries=6
[  PASS  ] LiveMap.GenerationSequenceSharedByPages
[========] 1 tests: 1 passed, 0 failed
[  RUN   ] RawRemapYoungProduct.MajorWatermarkConsumesYoungTable
[  RUN   ] RawRemapYoungProduct.MajorWatermarkConsumesYoungTable
2026-09-15 10:37:16.808734 2520618 E [FWDTABLE] armed base=0x7041fb587000 size=24576 unit=4096 entries=6
2026-09-15 10:37:16.809191 2520618 E [GCV2][epoch-handshake] source=pre-major-stack epoch=1 requested=1 acked=1 acked_twice=0 self=1 gc_assisted=0 starting=0 running=1 parked=0 exiting=0 deferred_create=0 born_clean=0 exit_transition=0 destroy_deferred=0 stw_calls=0 stack_scanned=1 stack_fallback=0 stack_frames=0 wlock_us=0 timeout_ms=0 epoch_handshake=required stack_scan=required
2026-09-15 10:37:16.809318 2520618 E [GhostRetention] retained_regions=0 retained_bytes=0
RAW_REMAP_TARGET_ASSERT promoted=0 managed=0 visits=1 before=7041fb58c000 after=7041fb589000 expected=7041fb589000 base=0 derived=0 old_pending=0 final_root=7041fb589000 result=1
RAW_REMAP_OUTCOME_ASSERT promoted=0 managed=0 old=0 status=0 completed=1
GC_UNIT_OTHER_VM_OKIDOKI RawRemapYoungProduct.MajorWatermarkConsumesYoungTable
[  PASS  ] RawRemapYoungProduct.MajorWatermarkConsumesYoungTable
[========] 1 tests: 1 passed, 0 failed
[  RUN   ] LiveMap.MarkStartAllocWaterIsImplicitLive
2026-09-15 10:37:16.806905 2520580 E [FWDTABLE] armed base=0x74cef18c6000 size=24576 unit=4096 entries=6
[  PASS  ] LiveMap.MarkStartAllocWaterIsImplicitLive
[========] 1 tests: 1 passed, 0 failed
[  RUN   ] RawRemapYoungProduct.MajorWatermarkConsumesPromotedYoungSource
[  RUN   ] RawRemapYoungProduct.MajorWatermarkConsumesPromotedYoungSource
2026-09-15 10:37:16.809910 2520624 E [FWDTABLE] armed base=0x72a2a602f000 size=24576 unit=4096 entries=6
2026-09-15 10:37:16.810371 2520624 E [GCV2][epoch-handshake] source=pre-major-stack epoch=1 requested=1 acked=1 acked_twice=0 self=1 gc_assisted=0 starting=0 running=1 parked=0 exiting=0 deferred_create=0 born_clean=0 exit_transition=0 destroy_deferred=0 stw_calls=0 stack_scanned=1 stack_fallback=0 stack_frames=0 wlock_us=0 timeout_ms=0 epoch_handshake=required stack_scan=required
2026-09-15 10:37:16.810908 2520624 E [GhostRetention] retained_regions=0 retained_bytes=0
RAW_REMAP_TARGET_ASSERT promoted=1 managed=0 visits=1 before=72a2a6034000 after=72a2a6031000 expected=72a2a6031000 base=0 derived=0 old_pending=0 final_root=72a2a6031000 result=1
RAW_REMAP_OUTCOME_ASSERT promoted=1 managed=0 old=0 status=0 completed=1
GC_UNIT_OTHER_VM_OKIDOKI RawRemapYoungProduct.MajorWatermarkConsumesPromotedYoungSource
[  PASS  ] RawRemapYoungProduct.MajorWatermarkConsumesPromotedYoungSource
[========] 1 tests: 1 passed, 0 failed
[  RUN   ] ZLiveMapPort.FinalizableAndStrongShareOnePair
[  PASS  ] ZLiveMapPort.FinalizableAndStrongShareOnePair
[========] 1 tests: 1 passed, 0 failed
[  RUN   ] RawRemapYoungProduct.MajorKeepsOldPendingThenRelocatesRawRoot
[  RUN   ] RawRemapYoungProduct.MajorKeepsOldPendingThenRelocatesRawRoot
2026-09-15 10:37:16.810535 2520640 E [FWDTABLE] armed base=0x7632dcaaf000 size=24576 unit=4096 entries=6
2026-09-15 10:37:16.810909 2520640 E [GCV2][epoch-handshake] source=pre-major-stack epoch=1 requested=1 acked=1 acked_twice=0 self=1 gc_assisted=0 starting=0 running=1 parked=0 exiting=0 deferred_create=0 born_clean=0 exit_transition=0 destroy_deferred=0 stw_calls=0 stack_scanned=1 stack_fallback=0 stack_frames=0 wlock_us=0 timeout_ms=0 epoch_handshake=required stack_scan=required
2026-09-15 10:37:16.811047 2520640 E [GhostRetention] retained_regions=0 retained_bytes=0
RAW_REMAP_TARGET_ASSERT promoted=0 managed=0 visits=1 before=7632dcab4010 after=7632dcab4010 expected=7632dcab1000 base=0 derived=0 old_pending=1 final_root=7632dcab1000 result=1
RAW_REMAP_OUTCOME_ASSERT promoted=0 managed=0 old=1 status=0 completed=1
GC_UNIT_OTHER_VM_OKIDOKI RawRemapYoungProduct.MajorKeepsOldPendingThenRelocatesRawRoot
[  PASS  ] RawRemapYoungProduct.MajorKeepsOldPendingThenRelocatesRawRoot
[========] 1 tests: 1 passed, 0 failed
[  RUN   ] ZLiveMapPort.DuplicatePublicationConvergesAtStrongMark
2026-09-15 10:37:16.808634 2520595 E [FWDTABLE] armed base=0x7deea9180000 size=24576 unit=4096 entries=6
DETAIL duplicate_consumer receipt_once=1 inc_live_once=1 bytes_once=1 live_bytes=8
[  PASS  ] ZLiveMapPort.DuplicatePublicationConvergesAtStrongMark
[========] 1 tests: 1 passed, 0 failed
[  RUN   ] RawRemapYoungProduct.MajorWatermarkRemapsDerivedYoungSource
[  RUN   ] RawRemapYoungProduct.MajorWatermarkRemapsDerivedYoungSource
2026-09-15 10:37:16.811989 2520661 E [FWDTABLE] armed base=0x7984eb6ce000 size=24576 unit=4096 entries=6
2026-09-15 10:37:16.812473 2520661 E [GCV2][epoch-handshake] source=pre-major-stack epoch=1 requested=1 acked=1 acked_twice=0 self=1 gc_assisted=0 starting=0 running=1 parked=0 exiting=0 deferred_create=0 born_clean=0 exit_transition=0 destroy_deferred=0 stw_calls=0 stack_scanned=0 stack_fallback=1 stack_frames=0 wlock_us=0 timeout_ms=0 epoch_handshake=required stack_scan=required
2026-09-15 10:37:16.812628 2520661 E [GhostRetention] retained_regions=0 retained_bytes=0
RAW_REMAP_TARGET_ASSERT promoted=0 managed=1 visits=3 before=7984eb6d3000 after=7984eb6d0000 expected=7984eb6d0000 base=7984eb6d0000 derived=7984eb6d0008 old_pending=0 final_root=7984eb6d0000 result=1
RAW_REMAP_OUTCOME_ASSERT promoted=0 managed=1 old=0 status=0 completed=1
GC_UNIT_OTHER_VM_OKIDOKI RawRemapYoungProduct.MajorWatermarkRemapsDerivedYoungSource
[  PASS  ] RawRemapYoungProduct.MajorWatermarkRemapsDerivedYoungSource
[========] 1 tests: 1 passed, 0 failed
[  RUN   ] ZLiveMapPort.ConcurrentDuplicateSatbPublicationHasOneStrongReceipt
2026-09-15 10:37:16.809541 2520602 E [FWDTABLE] armed base=0x7cefe0af8000 size=24576 unit=4096 entries=6
DETAIL concurrent_duplicate rounds=2000 duplicate_receipt=0 duplicate_inc_live=0 double_live_bytes=0
[  PASS  ] ZLiveMapPort.ConcurrentDuplicateSatbPublicationHasOneStrongReceipt
[========] 1 tests: 1 passed, 0 failed
[  RUN   ] RawRemapYoungProduct.MajorWatermarkRemapsDerivedPromotedSource
[  RUN   ] RawRemapYoungProduct.MajorWatermarkRemapsDerivedPromotedSource
2026-09-15 10:37:16.813297 2520665 E [FWDTABLE] armed base=0x7daeadd05000 size=24576 unit=4096 entries=6
2026-09-15 10:37:16.813789 2520665 E [GCV2][epoch-handshake] source=pre-major-stack epoch=1 requested=1 acked=1 acked_twice=0 self=1 gc_assisted=0 starting=0 running=1 parked=0 exiting=0 deferred_create=0 born_clean=0 exit_transition=0 destroy_deferred=0 stw_calls=0 stack_scanned=0 stack_fallback=1 stack_frames=0 wlock_us=0 timeout_ms=0 epoch_handshake=required stack_scan=required
2026-09-15 10:37:16.813929 2520665 E [GhostRetention] retained_regions=0 retained_bytes=0
RAW_REMAP_TARGET_ASSERT promoted=1 managed=1 visits=3 before=7daeadd0a000 after=7daeadd07000 expected=7daeadd07000 base=7daeadd07000 derived=7daeadd07008 old_pending=0 final_root=7daeadd07000 result=1
RAW_REMAP_OUTCOME_ASSERT promoted=1 managed=1 old=0 status=0 completed=1
GC_UNIT_OTHER_VM_OKIDOKI RawRemapYoungProduct.MajorWatermarkRemapsDerivedPromotedSource
[  PASS  ] RawRemapYoungProduct.MajorWatermarkRemapsDerivedPromotedSource
[========] 1 tests: 1 passed, 0 failed
[  RUN   ] ZLiveMapPort.CollectorMarkObjectConsumesProductPair
2026-09-15 10:37:16.810411 2520609 E [FWDTABLE] armed base=0x7ab45abe6000 size=24576 unit=4096 entries=6
[  PASS  ] ZLiveMapPort.CollectorMarkObjectConsumesProductPair
[========] 1 tests: 1 passed, 0 failed
[  RUN   ] RawRemapYoungProduct.MajorKeepsOldPendingThenRelocatesDerivedRoot
[  RUN   ] RawRemapYoungProduct.MajorKeepsOldPendingThenRelocatesDerivedRoot
2026-09-15 10:37:16.813389 2520677 E [FWDTABLE] armed base=0x72393c982000 size=24576 unit=4096 entries=6
2026-09-15 10:37:16.813800 2520677 E [GCV2][epoch-handshake] source=pre-major-stack epoch=1 requested=1 acked=1 acked_twice=0 self=1 gc_assisted=0 starting=0 running=1 parked=0 exiting=0 deferred_create=0 born_clean=0 exit_transition=0 destroy_deferred=0 stw_calls=0 stack_scanned=0 stack_fallback=1 stack_frames=0 wlock_us=0 timeout_ms=0 epoch_handshake=required stack_scan=required
2026-09-15 10:37:16.813953 2520677 E [GhostRetention] retained_regions=0 retained_bytes=0
RAW_REMAP_TARGET_ASSERT promoted=0 managed=1 visits=3 before=72393c987010 after=72393c987010 expected=72393c984000 base=72393c984000 derived=72393c984008 old_pending=3 final_root=72393c984000 result=1
RAW_REMAP_OUTCOME_ASSERT promoted=0 managed=1 old=1 status=0 completed=1
GC_UNIT_OTHER_VM_OKIDOKI RawRemapYoungProduct.MajorKeepsOldPendingThenRelocatesDerivedRoot
[  PASS  ] RawRemapYoungProduct.MajorKeepsOldPendingThenRelocatesDerivedRoot
[========] 1 tests: 1 passed, 0 failed
[  RUN   ] ZLiveMapPort.CloneForPromotionKeepsOriginalPageLivemap
2026-09-15 10:37:16.811424 2520622 E [FWDTABLE] armed base=0x7bfe1010e000 size=24576 unit=4096 entries=6
[  PASS  ] ZLiveMapPort.CloneForPromotionKeepsOriginalPageLivemap
[========] 1 tests: 1 passed, 0 failed
[  RUN   ] RawRemapYoungProduct.MajorFallbackRemapsDerivedPromotedSource
[  RUN   ] RawRemapYoungProduct.MajorFallbackRemapsDerivedPromotedSource
2026-09-15 10:37:16.814322 2520686 E [FWDTABLE] armed base=0x7943c0466000 size=24576 unit=4096 entries=6
2026-09-15 10:37:16.814788 2520686 E [GCV2][epoch-handshake] source=pre-major-stack epoch=1 requested=1 acked=1 acked_twice=0 self=1 gc_assisted=0 starting=0 running=1 parked=0 exiting=0 deferred_create=0 born_clean=0 exit_transition=0 destroy_deferred=0 stw_calls=0 stack_scanned=0 stack_fallback=1 stack_frames=0 wlock_us=0 timeout_ms=0 epoch_handshake=required stack_scan=required
2026-09-15 10:37:16.814950 2520686 E [GhostRetention] retained_regions=0 retained_bytes=0
RAW_REMAP_TARGET_ASSERT promoted=1 managed=1 visits=3 before=7943c046b000 after=7943c0468000 expected=7943c0468000 base=7943c0468000 derived=7943c0468008 old_pending=0 final_root=7943c0468000 result=1
RAW_REMAP_OUTCOME_ASSERT promoted=1 managed=1 old=0 status=0 completed=1
GC_UNIT_OTHER_VM_OKIDOKI RawRemapYoungProduct.MajorFallbackRemapsDerivedPromotedSource
[  PASS  ] RawRemapYoungProduct.MajorFallbackRemapsDerivedPromotedSource
[========] 1 tests: 1 passed, 0 failed
[  RUN   ] ZLiveMapPort.PromotionIteratorRequiresCurrentYoungSequence
2026-09-15 10:37:16.812230 2520635 E [FWDTABLE] armed base=0x70707f9fa000 size=24576 unit=4096 entries=6
[  PASS  ] ZLiveMapPort.PromotionIteratorRequiresCurrentYoungSequence
[========] 1 tests: 1 passed, 0 failed
[  RUN   ] RawRemapYoungProduct.MajorFallbackKeepsOldPendingThenRelocates
[  RUN   ] RawRemapYoungProduct.MajorFallbackKeepsOldPendingThenRelocates
2026-09-15 10:37:16.815598 2520712 E [FWDTABLE] armed base=0x7f322782d000 size=24576 unit=4096 entries=6
2026-09-15 10:37:16.816047 2520712 E [GCV2][epoch-handshake] source=pre-major-stack epoch=1 requested=1 acked=1 acked_twice=0 self=1 gc_assisted=0 starting=0 running=1 parked=0 exiting=0 deferred_create=0 born_clean=0 exit_transition=0 destroy_deferred=0 stw_calls=0 stack_scanned=0 stack_fallback=1 stack_frames=0 wlock_us=0 timeout_ms=0 epoch_handshake=required stack_scan=required
2026-09-15 10:37:16.816239 2520712 E [GhostRetention] retained_regions=0 retained_bytes=0
RAW_REMAP_TARGET_ASSERT promoted=0 managed=1 visits=3 before=7f3227832010 after=7f3227832010 expected=7f322782f000 base=7f322782f000 derived=7f322782f008 old_pending=3 final_root=7f322782f000 result=1
RAW_REMAP_OUTCOME_ASSERT promoted=0 managed=1 old=1 status=0 completed=1
GC_UNIT_OTHER_VM_OKIDOKI RawRemapYoungProduct.MajorFallbackKeepsOldPendingThenRelocates
[  PASS  ] RawRemapYoungProduct.MajorFallbackKeepsOldPendingThenRelocates
[========] 1 tests: 1 passed, 0 failed
[  RUN   ] ZLiveMapPort.LiveIteratorVisitsOnlyObjectStarts
2026-09-15 10:37:16.817144 2520650 E [FWDTABLE] armed base=0x7058bf725000 size=24576 unit=4096 entries=6
[GCV2][ike-keep] atexit trueEmpty=0 keep=0 keepBytes=0 nullFace=0 epoch=0
[  PASS  ] ZLiveMapPort.LiveIteratorVisitsOnlyObjectStarts
[========] 1 tests: 1 passed, 0 failed
[  RUN   ] ValueRootCurrentization.IncomingCurrentCompactDestinationKeepsIdentity
[  RUN   ] ValueRootCurrentization.IncomingCurrentCompactDestinationKeepsIdentity
2026-09-15 10:37:16.815860 2520685 E [FWDTABLE] armed base=0x7f027e89c000 size=24576 unit=4096 entries=6
B09_OVERLAP_PRECONDITION size=16 first_delta=0 second_delta=16
B09_OVERLAP_TARGET_ASSERT current_identity=1
B09_CONSUMER_TARGET_ASSERT mode=minor count=2 identity=1
GC_UNIT_OTHER_VM_OKIDOKI ValueRootCurrentization.IncomingCurrentCompactDestinationKeepsIdentity
[  PASS  ] ValueRootCurrentization.IncomingCurrentCompactDestinationKeepsIdentity
[========] 1 tests: 1 passed, 0 failed
[  RUN   ] ZLiveMapPort.FinalizableUpgradeAccountsOnce
[  PASS  ] ZLiveMapPort.FinalizableUpgradeAccountsOnce
[========] 1 tests: 1 passed, 0 failed
[  RUN   ] ValueRootCurrentization.NonOverlappingCurrentDestinationKeepsIdentity
[  RUN   ] ValueRootCurrentization.NonOverlappingCurrentDestinationKeepsIdentity
2026-09-15 10:37:16.816839 2520701 E [FWDTABLE] armed base=0x76379122d000 size=24576 unit=4096 entries=6
B09_OVERLAP_PRECONDITION size=16 first_delta=0 second_delta=16
B09_OVERLAP_TARGET_ASSERT current_identity=1
B09_CONSUMER_TARGET_ASSERT mode=minor count=2 identity=1
GC_UNIT_OTHER_VM_OKIDOKI ValueRootCurrentization.NonOverlappingCurrentDestinationKeepsIdentity
[  PASS  ] ValueRootCurrentization.NonOverlappingCurrentDestinationKeepsIdentity
[========] 1 tests: 1 passed, 0 failed
[  RUN   ] ZLiveMapPort.ConcurrentFirstTouchSameAndDifferentSegments
[  PASS  ] ZLiveMapPort.ConcurrentFirstTouchSameAndDifferentSegments
[========] 1 tests: 1 passed, 0 failed
[  RUN   ] ValueRootCurrentization.ExternalCurrentDestinationKeepsIdentity
[  RUN   ] ValueRootCurrentization.ExternalCurrentDestinationKeepsIdentity
2026-09-15 10:37:16.817728 2520723 E [FWDTABLE] armed base=0x7bedf785e000 size=24576 unit=4096 entries=6
B09_OVERLAP_PRECONDITION size=16 first_delta=0 second_delta=16
B09_OVERLAP_TARGET_ASSERT current_identity=1
B09_CONSUMER_TARGET_ASSERT mode=minor count=2 identity=1
GC_UNIT_OTHER_VM_OKIDOKI ValueRootCurrentization.ExternalCurrentDestinationKeepsIdentity
[  PASS  ] ValueRootCurrentization.ExternalCurrentDestinationKeepsIdentity
[========] 1 tests: 1 passed, 0 failed
[  RUN   ] ZLiveMapPort.MetadataResetHidesUntouchedSegments
[  PASS  ] ZLiveMapPort.MetadataResetHidesUntouchedSegments
[========] 1 tests: 1 passed, 0 failed
[  RUN   ] ValueRootCurrentization.MajorIncomingCurrentCompactDestinationKeepsIdentity
[  RUN   ] ValueRootCurrentization.MajorIncomingCurrentCompactDestinationKeepsIdentity
2026-09-15 10:37:16.819107 2520738 E [FWDTABLE] armed base=0x72960096a000 size=24576 unit=4096 entries=6
B09_OVERLAP_PRECONDITION size=16 first_delta=0 second_delta=16
B09_OVERLAP_TARGET_ASSERT current_identity=1
B09_CONSUMER_TARGET_ASSERT mode=major count=2 identity=1
GC_UNIT_OTHER_VM_OKIDOKI ValueRootCurrentization.MajorIncomingCurrentCompactDestinationKeepsIdentity
[  PASS  ] ValueRootCurrentization.MajorIncomingCurrentCompactDestinationKeepsIdentity
[========] 1 tests: 1 passed, 0 failed
[  RUN   ] ZLiveMapPort.GenerationChangeLazilyInitializesProductMap
2026-09-15 10:37:16.817700 2520703 E [FWDTABLE] armed base=0x740ded3e5000 size=24576 unit=4096 entries=6
[  PASS  ] ZLiveMapPort.GenerationChangeLazilyInitializesProductMap
[========] 1 tests: 1 passed, 0 failed
[  RUN   ] ValueRootCurrentization.MajorExternalCurrentDestinationKeepsIdentity
[  RUN   ] ValueRootCurrentization.MajorExternalCurrentDestinationKeepsIdentity
2026-09-15 10:37:16.820845 2520744 E [FWDTABLE] armed base=0x72f248ccb000 size=24576 unit=4096 entries=6
B09_OVERLAP_PRECONDITION size=16 first_delta=0 second_delta=16
B09_OVERLAP_TARGET_ASSERT current_identity=1
B09_CONSUMER_TARGET_ASSERT mode=major count=2 identity=1
GC_UNIT_OTHER_VM_OKIDOKI ValueRootCurrentization.MajorExternalCurrentDestinationKeepsIdentity
[  PASS  ] ValueRootCurrentization.MajorExternalCurrentDestinationKeepsIdentity
[========] 1 tests: 1 passed, 0 failed
[  RUN   ] ZLiveMapPort.ConcurrentProductFirstMarkPublishesMetadata
2026-09-15 10:37:16.818574 2520725 E [FWDTABLE] armed base=0x7eacc7184000 size=24576 unit=4096 entries=6
[  PASS  ] ZLiveMapPort.ConcurrentProductFirstMarkPublishesMetadata
[========] 1 tests: 1 passed, 0 failed
[  RUN   ] ForwardingPublicationProduct.ResolveStoreValueAlreadyToStartRejectsNonUsable
2026-09-15 10:37:16.818885 2520730 E [FWDTABLE] armed base=0x708282696000 size=24576 unit=4096 entries=6
[  PASS  ] ForwardingPublicationProduct.ResolveStoreValueAlreadyToStartRejectsNonUsable
[========] 1 tests: 1 passed, 0 failed
[  RUN   ] ZLiveMapPort.PageRetirementReclaimsMapStorage
2026-09-15 10:37:16.819341 2520735 E [FWDTABLE] armed base=0x7e655ea6c000 size=24576 unit=4096 entries=6
[  PASS  ] ZLiveMapPort.PageRetirementReclaimsMapStorage
[========] 1 tests: 1 passed, 0 failed
[  RUN   ] ForwardingPublicationProduct.ResolveStoreValueAlreadyToStartWithUsableTarget
2026-09-15 10:37:16.819908 2520740 E [FWDTABLE] armed base=0x7b573dc16000 size=24576 unit=4096 entries=6
[  PASS  ] ForwardingPublicationProduct.ResolveStoreValueAlreadyToStartWithUsableTarget
[========] 1 tests: 1 passed, 0 failed
[  RUN   ] ZLiveMapPort.DeferredProductCountsUseOnlyLiveMap
2026-09-15 10:37:16.820034 2520742 E [FWDTABLE] armed base=0x7f8696e64000 size=24576 unit=4096 entries=6
[  PASS  ] ZLiveMapPort.DeferredProductCountsUseOnlyLiveMap
[========] 1 tests: 1 passed, 0 failed
[  RUN   ] ValueRootCurrentization.MinorCurrentOldRootSurvivesYoungColorFlip
[  RUN   ] ValueRootCurrentization.MinorCurrentOldRootSurvivesYoungColorFlip
2026-09-15 10:37:16.822740 2520774 E [FWDTABLE] armed base=0x7355c2677000 size=24576 unit=4096 entries=6
B09_OVERLAP_PRECONDITION size=16 first_delta=0 second_delta=16
B09_OVERLAP_TARGET_ASSERT current_identity=1
B09_CONSUMER_TARGET_ASSERT mode=minor count=2 identity=1
GC_UNIT_OTHER_VM_OKIDOKI ValueRootCurrentization.MinorCurrentOldRootSurvivesYoungColorFlip
[  PASS  ] ValueRootCurrentization.MinorCurrentOldRootSurvivesYoungColorFlip
[========] 1 tests: 1 passed, 0 failed
[  RUN   ] ZLiveMapPort.ProductFinalizableUpgradeKeepsSingleCount
2026-09-15 10:37:16.821272 2520749 E [FWDTABLE] armed base=0x774933c80000 size=24576 unit=4096 entries=6
[  PASS  ] ZLiveMapPort.ProductFinalizableUpgradeKeepsSingleCount
[========] 1 tests: 1 passed, 0 failed
[  RUN   ] ValueRootCurrentization.MajorCurrentOldRootSurvivesYoungColorFlip
[  RUN   ] ValueRootCurrentization.MajorCurrentOldRootSurvivesYoungColorFlip
2026-09-15 10:37:16.823518 2520780 E [FWDTABLE] armed base=0x74ee42f1d000 size=24576 unit=4096 entries=6
B09_OVERLAP_PRECONDITION size=16 first_delta=0 second_delta=16
B09_OVERLAP_TARGET_ASSERT current_identity=1
B09_CONSUMER_TARGET_ASSERT mode=major count=2 identity=1
GC_UNIT_OTHER_VM_OKIDOKI ValueRootCurrentization.MajorCurrentOldRootSurvivesYoungColorFlip
[  PASS  ] ValueRootCurrentization.MajorCurrentOldRootSurvivesYoungColorFlip
[========] 1 tests: 1 passed, 0 failed
[  RUN   ] ZLiveMapPort.YoungSequenceInvalidatesCountsWithoutPageClear
2026-09-15 10:37:16.821904 2520763 E [FWDTABLE] armed base=0x766ad4b42000 size=24576 unit=4096 entries=6
[  PASS  ] ZLiveMapPort.YoungSequenceInvalidatesCountsWithoutPageClear
[========] 1 tests: 1 passed, 0 failed
[  RUN   ] ValueRootCurrentization.MinorStoredCurrentRootRemapsAfterOldColorFlip
[  RUN   ] ValueRootCurrentization.MinorStoredCurrentRootRemapsAfterOldColorFlip
2026-09-15 10:37:16.824664 2520789 E [FWDTABLE] armed base=0x79a60b90b000 size=24576 unit=4096 entries=6
B09_OVERLAP_PRECONDITION size=16 first_delta=0 second_delta=16
B09_OVERLAP_TARGET_ASSERT current_identity=1
B09_CONSUMER_TARGET_ASSERT mode=minor count=2 identity=1
GC_UNIT_OTHER_VM_OKIDOKI ValueRootCurrentization.MinorStoredCurrentRootRemapsAfterOldColorFlip
[  PASS  ] ValueRootCurrentization.MinorStoredCurrentRootRemapsAfterOldColorFlip
[========] 1 tests: 1 passed, 0 failed
[  RUN   ] ObjectGate.SlotListPopFrontRejectsColouredHead
2026-09-15 10:37:16.823155 2520771 E [FWDTABLE] armed base=0x71e0e2c64000 size=24576 unit=4096 entries=6
[  PASS  ] ObjectGate.SlotListPopFrontRejectsColouredHead
[========] 1 tests: 1 passed, 0 failed
[  RUN   ] ValueRootCurrentization.MajorStoredCurrentRootRemapsAfterOldColorFlip
[  RUN   ] ValueRootCurrentization.MajorStoredCurrentRootRemapsAfterOldColorFlip
2026-09-15 10:37:16.825233 2520794 E [FWDTABLE] armed base=0x70f2dc81d000 size=24576 unit=4096 entries=6
B09_OVERLAP_PRECONDITION size=16 first_delta=0 second_delta=16
B09_OVERLAP_TARGET_ASSERT current_identity=1
B09_CONSUMER_TARGET_ASSERT mode=major count=2 identity=1
GC_UNIT_OTHER_VM_OKIDOKI ValueRootCurrentization.MajorStoredCurrentRootRemapsAfterOldColorFlip
[  PASS  ] ValueRootCurrentization.MajorStoredCurrentRootRemapsAfterOldColorFlip
[========] 1 tests: 1 passed, 0 failed
[  RUN   ] ObjectGate.SlotListPopFrontDropsColouredNext
2026-09-15 10:37:16.823708 2520778 E [FWDTABLE] armed base=0x7c28d2d8e000 size=24576 unit=4096 entries=6
[  PASS  ] ObjectGate.SlotListPopFrontDropsColouredNext
[========] 1 tests: 1 passed, 0 failed
[  RUN   ] PageGeneration579.PromotionAndCarrierRouting
2026-09-15 10:37:16.824124 2520782 E [FWDTABLE] armed base=0x7b4b3cc75000 size=24576 unit=4096 entries=6
PAGE579 promotion current=1 id=1
PAGE579 retained to=7b4b3cc76040 expected=7b4b3cc76040
PAGE579 cleared answer=2
[  PASS  ] PageGeneration579.PromotionAndCarrierRouting
[========] 1 tests: 1 passed, 0 failed
[  RUN   ] RelocateInterior.MinorFixPublishesCurrentStoreGoodColour
2026-09-15 10:37:16.824685 2520785 E [FWDTABLE] armed base=0x779c3e721000 size=24576 unit=4096 entries=6
DETAIL relocate_interior initial=0x251779c3e722048 desired=0x151779c3e722048 final=0x151779c3e722048 changed=1 verdict=1
[  PASS  ] RelocateInterior.MinorFixPublishesCurrentStoreGoodColour
[========] 1 tests: 1 passed, 0 failed
[  RUN   ] PageGeneration579.ResetAndReuseCurrentGeneration
2026-09-15 10:37:16.825643 2520788 E [FWDTABLE] armed base=0x7d330ac29000 size=24576 unit=4096 entries=6
PAGE579 reset young=1 current=0 id=0
PAGE579 reset young=0 current=1 id=1
PAGE579 reset young=1 current=0 id=0
PAGE579 reset young=0 current=1 id=1
[  PASS  ] PageGeneration579.ResetAndReuseCurrentGeneration
[========] 1 tests: 1 passed, 0 failed
[  RUN   ] Remset.Wave8FilterReceiptPositiveControls
DETAIL wave8_filter_controls stale=1 dead_holder=1 no_origin=1 bad_target=1
DETAIL wave8_filter_controls_reset stale=0 dead_holder=0 no_origin=0 bad_target=0
[  PASS  ] Remset.Wave8FilterReceiptPositiveControls
[========] 1 tests: 1 passed, 0 failed
[  RUN   ] Remset.OldToYoungRecordedByBarrier
2026-09-15 10:37:16.826723 2520796 E [FWDTABLE] armed base=0x7ec613bd8000 size=24576 unit=4096 entries=6
[  PASS  ] Remset.OldToYoungRecordedByBarrier
[========] 1 tests: 1 passed, 0 failed
[  RUN   ] Remset.StoreGoodSkipsAndPreviousEpochRecords
2026-09-15 10:37:16.826582 2520799 E [FWDTABLE] armed base=0x7cc9b71a4000 size=24576 unit=4096 entries=6
[  PASS  ] Remset.StoreGoodSkipsAndPreviousEpochRecords
[========] 1 tests: 1 passed, 0 failed
[  RUN   ] Remset.StoreGoodRewriteRequiresEpochChangeAfterDrain
2026-09-15 10:37:16.826906 2520802 E [FWDTABLE] armed base=0x7c176eac4000 size=24576 unit=4096 entries=6
[  PASS  ] Remset.StoreGoodRewriteRequiresEpochChangeAfterDrain
[========] 1 tests: 1 passed, 0 failed
[  RUN   ] Remset.StoreGoodAfterProductConsumerRearm
[  RUN   ] Remset.StoreGoodAfterProductConsumerRearm
2026-09-15 10:37:16.829583 2520823 E [FWDTABLE] armed base=0x7d588b1a2000 size=24576 unit=4096 entries=6
2026-09-15 10:37:16.829711 2520823 E [ZCOLOR2][mark-mask-flip] generation=young count=1 g_cjMarkBadMask=0x9e000000000000 g_cjStoreBadMask=0x19e000000000000
2026-09-15 10:37:16.829779 2520823 E [COLOURWHO] armed first sc=0
DETAIL arm=product_consumer slot=0x7d588b1a2048 first_drain=1 first_count=1 size_after_first_drain=0 first_consumer_work=1 first_consumed=1 first_stats_consumed=1 first_skipped_not_heap=0 first_skipped_weak=0 target_type_registered=1 size_after_first_consume=1 field_before_second_drain=0x2617d588b1a3080 remset_before_second_drain=1 second_drain=1 second_count=1 size_after_second_drain=0 second_consumer_work=1 second_consumed=1 second_stats_consumed=1 second_skipped_not_heap=0 second_skipped_weak=0 size_after_second_consume=1 target_young=1 receipt_seen=1 receipt_consumed=1 receipt_stale=0 receipt_dead=0 receipt_no_origin=0 receipt_bad_target=0 invariant=slot_present_after_bare_store
GC_UNIT_OTHER_VM_OKIDOKI Remset.StoreGoodAfterProductConsumerRearm
[  PASS  ] Remset.StoreGoodAfterProductConsumerRearm
[========] 1 tests: 1 passed, 0 failed
[  RUN   ] Remset.PostStoreControlRegistersAfterDrain
[  RUN   ] Remset.PostStoreControlRegistersAfterDrain
2026-09-15 10:37:16.830018 2520827 E [FWDTABLE] armed base=0x75cab12f9000 size=24576 unit=4096 entries=6
2026-09-15 10:37:16.830198 2520827 E [COLOURWHO] armed first sc=0
DETAIL arm=post_store_control slot=0x75cab12f9048 first_drain=1 first_count=1 size_after_first_drain=0 field_before_hook=0x15175cab12fa080 remset_before_hook=0 field_after_hook=0x15175cab12fa080 remset_after_hook=1 size_after_hook=1 control_drain=1 control_count=1 size_after_control_drain=0 invariant=post_store_registers
GC_UNIT_OTHER_VM_OKIDOKI Remset.PostStoreControlRegistersAfterDrain
[  PASS  ] Remset.PostStoreControlRegistersAfterDrain
[========] 1 tests: 1 passed, 0 failed
[  RUN   ] Remset.CompilerPostStoreSkipsGoodAndRecordsPreviousEpoch
2026-09-15 10:37:16.828476 2520811 E [FWDTABLE] armed base=0x7e26889e5000 size=24576 unit=4096 entries=6
[  PASS  ] Remset.CompilerPostStoreSkipsGoodAndRecordsPreviousEpoch
[========] 1 tests: 1 passed, 0 failed
[  RUN   ] Remset.CompilerPostStoreFastPathIgnoresNewTargetGeneration
2026-09-15 10:37:16.829793 2520819 E [FWDTABLE] armed base=0x7c18a452d000 size=24576 unit=4096 entries=6
2026-09-15 10:37:16.829928 2520819 E [COLOURWHO] armed first sc=0
[  PASS  ] Remset.CompilerPostStoreFastPathIgnoresNewTargetGeneration
[========] 1 tests: 1 passed, 0 failed
[  RUN   ] Remset.AtomicWriteRecordsOldToYoung
2026-09-15 10:37:16.829523 2520816 E [FWDTABLE] armed base=0x733ace74e000 size=24576 unit=4096 entries=6
[  PASS  ] Remset.AtomicWriteRecordsOldToYoung
[========] 1 tests: 1 passed, 0 failed
[  RUN   ] Remset.AtomicSwapRecordsOldToYoung
2026-09-15 10:37:16.829914 2520820 E [FWDTABLE] armed base=0x73450d48e000 size=24576 unit=4096 entries=6
[  PASS  ] Remset.AtomicSwapRecordsOldToYoung
[========] 1 tests: 1 passed, 0 failed
[  RUN   ] Remset.CompareAndSwapRemembersBeforeAttempt
2026-09-15 10:37:16.830178 2520824 E [FWDTABLE] armed base=0x7a6197cbe000 size=24576 unit=4096 entries=6
[  PASS  ] Remset.CompareAndSwapRemembersBeforeAttempt
[========] 1 tests: 1 passed, 0 failed
[  RUN   ] Remset.IdleBarrierOldToYoungRecorded
2026-09-15 10:37:16.830692 2520828 E [FWDTABLE] armed base=0x77bac8de7000 size=24576 unit=4096 entries=6
[  PASS  ] Remset.IdleBarrierOldToYoungRecorded
[========] 1 tests: 1 passed, 0 failed
[  RUN   ] Remset.StaticRootNotRecorded
2026-09-15 10:37:16.831218 2520831 E [FWDTABLE] armed base=0x740e20ff1000 size=24576 unit=4096 entries=6
[  PASS  ] Remset.StaticRootNotRecorded
[========] 1 tests: 1 passed, 0 failed
[  RUN   ] Remset.YoungToYoungNotRecorded
2026-09-15 10:37:16.831429 2520834 E [FWDTABLE] armed base=0x7b65afbca000 size=24576 unit=4096 entries=6
[  PASS  ] Remset.YoungToYoungNotRecorded
[========] 1 tests: 1 passed, 0 failed
[  RUN   ] Remset.OldToOldRecordedBecauseBarrierConditionsOnSlot
2026-09-15 10:37:16.832095 2520837 E [FWDTABLE] armed base=0x7d5f29d07000 size=24576 unit=4096 entries=6
[  PASS  ] Remset.OldToOldRecordedBecauseBarrierConditionsOnSlot
[========] 1 tests: 1 passed, 0 failed
[  RUN   ] Remset.DrainIsDestructiveSoAnEdgeWrittenOnceIsLost
2026-09-15 10:37:16.832236 2520840 E [FWDTABLE] armed base=0x7a01daa61000 size=24576 unit=4096 entries=6
[  PASS  ] Remset.DrainIsDestructiveSoAnEdgeWrittenOnceIsLost
[========] 1 tests: 1 passed, 0 failed
[  RUN   ] Remset.ReRecordWhileConsumingLandsInTheNextCycleBuffer
2026-09-15 10:37:16.832922 2520843 E [FWDTABLE] armed base=0x7f3d4ed87000 size=24576 unit=4096 entries=6
[  PASS  ] Remset.ReRecordWhileConsumingLandsInTheNextCycleBuffer
[========] 1 tests: 1 passed, 0 failed
[  RUN   ] Remset.SparsePagesConsumeAndRearmAcrossFaces
[  PASS  ] Remset.SparsePagesConsumeAndRearmAcrossFaces
[========] 1 tests: 1 passed, 0 failed
[  RUN   ] Remset.FlipTouchReceiptPositiveControl
DETAIL remset_flip_touch_control bitmap_word_accesses=1 dirty_word_accesses=1
[  PASS  ] Remset.FlipTouchReceiptPositiveControl
[========] 1 tests: 1 passed, 0 failed
[  RUN   ] Remset.FlipIsConstantTimeAndPreservesFaceEpochs
DETAIL remset_flip capacity=65536 pre=1 post=2 first_bitmap_word_accesses=0 first_dirty_word_accesses=0 previous=1 current=2
DETAIL remset_flip_reuse capacity=65536 pre=1 post=2 second_bitmap_word_accesses=0 second_dirty_word_accesses=0 previous=2 current=0
DETAIL remset_flip capacity=65536 pre=257 post=131 first_bitmap_word_accesses=0 first_dirty_word_accesses=0 previous=257 current=131
DETAIL remset_flip_reuse capacity=65536 pre=257 post=131 second_bitmap_word_accesses=0 second_dirty_word_accesses=0 previous=131 current=0
DETAIL remset_flip capacity=8388608 pre=1 post=2 first_bitmap_word_accesses=0 first_dirty_word_accesses=0 previous=1 current=2
DETAIL remset_flip_reuse capacity=8388608 pre=1 post=2 second_bitmap_word_accesses=0 second_dirty_word_accesses=0 previous=2 current=0
DETAIL remset_flip capacity=8388608 pre=257 post=131 first_bitmap_word_accesses=0 first_dirty_word_accesses=0 previous=257 current=131
DETAIL remset_flip_reuse capacity=8388608 pre=257 post=131 second_bitmap_word_accesses=0 second_dirty_word_accesses=0 previous=131 current=0
[  PASS  ] Remset.FlipIsConstantTimeAndPreservesFaceEpochs
[========] 1 tests: 1 passed, 0 failed
[  RUN   ] Remset.YoungMarkStartAdvancesSequenceAndFlipsTogether
[  PASS  ] Remset.YoungMarkStartAdvancesSequenceAndFlipsTogether
[========] 1 tests: 1 passed, 0 failed
[  RUN   ] Remset.OldRelocationSelectsCapturedFaceAcrossFlips
[  RUN   ] Remset.OldRelocationSelectsCapturedFaceAcrossFlips
2026-09-15 10:37:16.837222 2520880 E [FWDTABLE] armed base=0x77ab7b9fa000 size=24576 unit=4096 entries=6
DETAIL remset_face initial=0 flips=0 assertions_executed=1
DETAIL remset_face initial=0 flips=1 assertions_executed=1
DETAIL remset_face initial=0 flips=2 assertions_executed=1
DETAIL remset_face initial=0 flips=3 assertions_executed=1
DETAIL remset_face initial=1 flips=0 assertions_executed=1
DETAIL remset_face initial=1 flips=1 assertions_executed=1
DETAIL remset_face initial=1 flips=2 assertions_executed=1
DETAIL remset_face initial=1 flips=3 assertions_executed=1
GC_UNIT_OTHER_VM_OKIDOKI Remset.OldRelocationSelectsCapturedFaceAcrossFlips
[  PASS  ] Remset.OldRelocationSelectsCapturedFaceAcrossFlips
[========] 1 tests: 1 passed, 0 failed
[  RUN   ] Remset.RelocatedFieldsEnterCurrentOutsideYoungMark
[  RUN   ] Remset.RelocatedFieldsEnterCurrentOutsideYoungMark
2026-09-15 10:37:16.837693 2520885 E [FWDTABLE] armed base=0x77d9b6528000 size=24576 unit=4096 entries=6
GC_UNIT_OTHER_VM_OKIDOKI Remset.RelocatedFieldsEnterCurrentOutsideYoungMark
[  PASS  ] Remset.RelocatedFieldsEnterCurrentOutsideYoungMark
[========] 1 tests: 1 passed, 0 failed
[  RUN   ] Remset.InPlacePreviousFieldsPublishDuringYoungMark
[  RUN   ] Remset.InPlacePreviousFieldsPublishDuringYoungMark
2026-09-15 10:37:16.838194 2520890 E [FWDTABLE] armed base=0x73d48d66d000 size=24576 unit=4096 entries=6
GC_UNIT_OTHER_VM_OKIDOKI Remset.InPlacePreviousFieldsPublishDuringYoungMark
[  PASS  ] Remset.InPlacePreviousFieldsPublishDuringYoungMark
[========] 1 tests: 1 passed, 0 failed
[  RUN   ] DefectRegress.NonHeapTargetNeverCasNull
2026-09-15 10:37:16.836523 2520868 E [FWDTABLE] armed base=0x7c5d08de7000 size=24576 unit=4096 entries=6
[  PASS  ] DefectRegress.NonHeapTargetNeverCasNull
[========] 1 tests: 1 passed, 0 failed
[  RUN   ] DefectRegress.RelroNonHeapSkipsSelfHealCas
2026-09-15 10:37:16.837028 2520873 E [FWDTABLE] armed base=0x721175397000 size=24576 unit=4096 entries=6
[  PASS  ] DefectRegress.RelroNonHeapSkipsSelfHealCas
[========] 1 tests: 1 passed, 0 failed
[  RUN   ] DefectRegress.StaticRootObservedValueHeal
2026-09-15 10:37:16.837460 2520876 E [FWDTABLE] armed base=0x783c98204000 size=24576 unit=4096 entries=6
[  PASS  ] DefectRegress.StaticRootObservedValueHeal
[========] 1 tests: 1 passed, 0 failed
[  RUN   ] DefectRegress.StaticRootHealDoesNotClobberConcurrentStore
2026-09-15 10:37:16.838281 2520881 E [FWDTABLE] armed base=0x747675e0f000 size=24576 unit=4096 entries=6
[  PASS  ] DefectRegress.StaticRootHealDoesNotClobberConcurrentStore
[========] 1 tests: 1 passed, 0 failed
[  RUN   ] DefectRegress.MinorNonHeapResolveNeverCasNull
2026-09-15 10:37:16.838494 2520886 E [FWDTABLE] armed base=0x7e8eb8f50000 size=24576 unit=4096 entries=6
[  PASS  ] DefectRegress.MinorNonHeapResolveNeverCasNull
[========] 1 tests: 1 passed, 0 failed
[  RUN   ] DefectRegress.FieldPlaceColourMustStripAtAbi
2026-09-15 10:37:16.838758 2520891 E [FWDTABLE] armed base=0x7085228c2000 size=24576 unit=4096 entries=6
[  PASS  ] DefectRegress.FieldPlaceColourMustStripAtAbi
[========] 1 tests: 1 passed, 0 failed
[  RUN   ] DefectRegress.CompilerWriteNullHolderHeapSlotPublishesColour
2026-09-15 10:37:16.839452 2520895 E [FWDTABLE] armed base=0x766cedb98000 size=24576 unit=4096 entries=6
[  PASS  ] DefectRegress.CompilerWriteNullHolderHeapSlotPublishesColour
[========] 1 tests: 1 passed, 0 failed
[  RUN   ] DefectRegress.CompilerWriteNonHeapHolderHeapSlotUsesImmediatePath
2026-09-15 10:37:16.839898 2520899 E [FWDTABLE] armed base=0x7da985fed000 size=24576 unit=4096 entries=6
NONHEAP_HOLDER_TARGET_ASSERT_EXECUTED status=0
[  PASS  ] DefectRegress.CompilerWriteNonHeapHolderHeapSlotUsesImmediatePath
[========] 1 tests: 1 passed, 0 failed
[  RUN   ] DefectRegress.CompilerPostWriteNonHeapHolderHeapSlotUsesImmediatePath
2026-09-15 10:37:16.840606 2520903 E [FWDTABLE] armed base=0x79ff8b198000 size=24576 unit=4096 entries=6
POST_BUFFER_TARGET_ASSERT_EXECUTED pending=0
POST_NONHEAP_HOLDER_TARGET_ASSERT_EXECUTED status=0
[  PASS  ] DefectRegress.CompilerPostWriteNonHeapHolderHeapSlotUsesImmediatePath
[========] 1 tests: 1 passed, 0 failed
[  RUN   ] DefectRegress.CompilerWriteHeapHolderKeepsBufferedPath
2026-09-15 10:37:16.840930 2520907 E [FWDTABLE] armed base=0x78667d2c8000 size=24576 unit=4096 entries=6
HEAP_HOLDER_CONTROL_ASSERT_EXECUTED status=0
[  PASS  ] DefectRegress.CompilerWriteHeapHolderKeepsBufferedPath
[========] 1 tests: 1 passed, 0 failed
[  RUN   ] DefectRegress.CompilerWriteNullHolderStaticSlotUsesRootPath
2026-09-15 10:37:16.841066 2520911 E [FWDTABLE] armed base=0x7f19a16cb000 size=24576 unit=4096 entries=6
[  PASS  ] DefectRegress.CompilerWriteNullHolderStaticSlotUsesRootPath
[========] 1 tests: 1 passed, 0 failed
[  RUN   ] DefectRegress.CompilerWriteTaggedGlobalStructUsesRootPath
2026-09-15 10:37:16.841563 2520915 E [FWDTABLE] armed base=0x7016ae1e7000 size=24576 unit=4096 entries=6
[  PASS  ] DefectRegress.CompilerWriteTaggedGlobalStructUsesRootPath
[========] 1 tests: 1 passed, 0 failed
[  RUN   ] DefectRegress.GcCompletePublishSeesThisCycleStats
[  PASS  ] DefectRegress.GcCompletePublishSeesThisCycleStats
[========] 1 tests: 1 passed, 0 failed
[  RUN   ] DefectRegress.GcCompleteHeuSuppressedAfterPublish
[  PASS  ] DefectRegress.GcCompleteHeuSuppressedAfterPublish
[========] 1 tests: 1 passed, 0 failed
[  RUN   ] DefectRegress.GcCountExportReadsCollectionStarts
[  PASS  ] DefectRegress.GcCountExportReadsCollectionStarts
[========] 1 tests: 1 passed, 0 failed
[  RUN   ] DefectRegress.ExportHandleDoubleRemoveNoAlias
2026-09-15 10:37:16.843459 2520932 E [FWDTABLE] armed base=0x7f27801c0000 size=24576 unit=4096 entries=6
[  PASS  ] DefectRegress.ExportHandleDoubleRemoveNoAlias
[========] 1 tests: 1 passed, 0 failed
[  RUN   ] DefectRegress.LiveHolderOnAllocatingPageKeepsSlot
[  PASS  ] DefectRegress.LiveHolderOnAllocatingPageKeepsSlot
[========] 1 tests: 1 passed, 0 failed
[  RUN   ] DefectRegress.ExportHandleStaleReuseDoesNotTouchNewOccupant
2026-09-15 10:37:16.844415 2520942 E [FWDTABLE] armed base=0x7fa6c9392000 size=24576 unit=4096 entries=6
[  PASS  ] DefectRegress.ExportHandleStaleReuseDoesNotTouchNewOccupant
[========] 1 tests: 1 passed, 0 failed
[  RUN   ] ZBitMapPort.StrongPairUnset
[  PASS  ] ZBitMapPort.StrongPairUnset
[========] 1 tests: 1 passed, 0 failed
[  RUN   ] ZBitMapPort.StrongPairSet
[  PASS  ] ZBitMapPort.StrongPairSet
[========] 1 tests: 1 passed, 0 failed
[  RUN   ] RegionBitmap.BitCoverMatchesRegionSize
2026-09-15 10:37:16.845737 2520949 E [FWDTABLE] armed base=0x72b22118d000 size=24576 unit=4096 entries=6
[  PASS  ] RegionBitmap.BitCoverMatchesRegionSize
[========] 1 tests: 1 passed, 0 failed
[  RUN   ] RegionBitmap.GetRegionBitmapSizeMonotonic
[  PASS  ] RegionBitmap.GetRegionBitmapSizeMonotonic
[========] 1 tests: 1 passed, 0 failed
[  RUN   ] RegionBitmap.MarkBitsIdempotentAndDisjoint
2026-09-15 10:37:16.848244 2520957 E [FWDTABLE] armed base=0x7971d69ab000 size=24576 unit=4096 entries=6
[  PASS  ] RegionBitmap.MarkBitsIdempotentAndDisjoint
[========] 1 tests: 1 passed, 0 failed
[  RUN   ] RegionBitmap.MarkBitsAlreadyIsStartBitOnly
[  PASS  ] RegionBitmap.MarkBitsAlreadyIsStartBitOnly
[========] 1 tests: 1 passed, 0 failed
[  RUN   ] RegionBitmap.NearEndOffsetsInCover
[  PASS  ] RegionBitmap.NearEndOffsetsInCover
[========] 1 tests: 1 passed, 0 failed
[  RUN   ] RegionAge.YoungAgeRoundTrip
2026-09-15 10:37:16.848476 2520966 E [FWDTABLE] armed base=0x73b0e4de7000 size=24576 unit=4096 entries=6
[  PASS  ] RegionAge.YoungAgeRoundTrip
[========] 1 tests: 1 passed, 0 failed
[  RUN   ] RegionAge.MaxYoungAgeBound
2026-09-15 10:37:16.848924 2520969 E [FWDTABLE] armed base=0x757764381000 size=24576 unit=4096 entries=6
[  PASS  ] RegionAge.MaxYoungAgeBound
[========] 1 tests: 1 passed, 0 failed
[  RUN   ] RegionAge.YoungFlagIndependentOfAge
2026-09-15 10:37:16.849256 2520972 E [FWDTABLE] armed base=0x7cda85e7f000 size=24576 unit=4096 entries=6
[  PASS  ] RegionAge.YoungFlagIndependentOfAge
[========] 1 tests: 1 passed, 0 failed
[  RUN   ] RegionAge.GenerationIdEnumExists
[  PASS  ] RegionAge.GenerationIdEnumExists
[========] 1 tests: 1 passed, 0 failed
[  RUN   ] UnwindRegress.SofFoldFlagIsNotAFrame
[  PASS  ] UnwindRegress.SofFoldFlagIsNotAFrame
[========] 1 tests: 1 passed, 0 failed
[  RUN   ] UnwindRegress.SignalFrameAppendDoesNotOverlap
2520981 E   #0  0x56370a106250 in sprintf_s from /root/sym_cangjie_runtime_596_implement_r5673746875-base/testable/a2unit/cj_gc_unit
SIGNAL_FRAME_DIRECT_SPRINTF_CALLS=1 SIGNAL_FRAME_OVERLAPPING_SPRINTF_CALLS=0
[  PASS  ] UnwindRegress.SignalFrameAppendDoesNotOverlap
[========] 1 tests: 1 passed, 0 failed
[  RUN   ] UnwindRegress.SignalFramePrintDoesNotAbort
2520984 E   #0  0x562c32104250 in sprintf_s from /root/sym_cangjie_runtime_596_implement_r5673746875-base/testable/a2unit/cj_gc_unit
[  PASS  ] UnwindRegress.SignalFramePrintDoesNotAbort
[========] 1 tests: 1 passed, 0 failed
[  RUN   ] UnwindRegress.FallbackZeroesPcAndLine
[  PASS  ] UnwindRegress.FallbackZeroesPcAndLine
[========] 1 tests: 1 passed, 0 failed
[  RUN   ] StackMapBaseCapture.RegisterWithoutDerived
BASE_CAPTURE_TARGET reg=1 oop=0 derived_reg=0 count=0 missing=0 available=1 accepted=1 base_visits=1 derived_visits=0
[  PASS  ] StackMapBaseCapture.RegisterWithoutDerived
[========] 1 tests: 1 passed, 0 failed
[  RUN   ] StackMapBaseCapture.RegisterWithDerivedSlot
BASE_CAPTURE_TARGET reg=1 oop=0 derived_reg=0 count=1 missing=0 available=1 accepted=1 base_visits=1 derived_visits=1
[  PASS  ] StackMapBaseCapture.RegisterWithDerivedSlot
[========] 1 tests: 1 passed, 0 failed
[  RUN   ] StackMapBaseCapture.OopRegisterWithDerivedSlot
BASE_CAPTURE_TARGET reg=1 oop=1 derived_reg=0 count=1 missing=0 available=1 accepted=1 base_visits=1 derived_visits=1
[  PASS  ] StackMapBaseCapture.OopRegisterWithDerivedSlot
[========] 1 tests: 1 passed, 0 failed
[  RUN   ] StackMapBaseCapture.SharedRegisterBase
BASE_CAPTURE_TARGET reg=1 oop=0 derived_reg=0 count=2 missing=0 available=1 accepted=1 base_visits=1 derived_visits=2
[  PASS  ] StackMapBaseCapture.SharedRegisterBase
[========] 1 tests: 1 passed, 0 failed
[  RUN   ] StackMapBaseCapture.SlotWithDerivedRegister
BASE_CAPTURE_TARGET reg=0 oop=0 derived_reg=1 count=1 missing=0 available=1 accepted=1 base_visits=1 derived_visits=1
[  PASS  ] StackMapBaseCapture.SlotWithDerivedRegister
[========] 1 tests: 1 passed, 0 failed
[  RUN   ] StackMapBaseCapture.OopSlotWithDerivedRegister
BASE_CAPTURE_TARGET reg=0 oop=1 derived_reg=1 count=1 missing=0 available=1 accepted=1 base_visits=1 derived_visits=1
[  PASS  ] StackMapBaseCapture.OopSlotWithDerivedRegister
[========] 1 tests: 1 passed, 0 failed
[  RUN   ] StackMapBaseCapture.MissingRegisterStillRejected
2026-09-15 10:37:16.854613 2521007 E register rbx is not recorded
2026-09-15 10:37:16.854730 2521007 E register rbx is not recorded
BASE_CAPTURE_TARGET reg=1 oop=0 derived_reg=0 count=0 missing=1 available=0 accepted=0 base_visits=0 derived_visits=0
[  PASS  ] StackMapBaseCapture.MissingRegisterStillRejected
[========] 1 tests: 1 passed, 0 failed
[  RUN   ] GctibZero.B_NullGctibSegvIsPointerArm
2026-09-15 10:37:16.855738 2521009 E [FWDTABLE] armed base=0x757d66bc6000 size=24576 unit=4096 entries=6
[  PASS  ] GctibZero.B_NullGctibSegvIsPointerArm
[========] 1 tests: 1 passed, 0 failed
[  RUN   ] GctibZero.B_AfterCalculateGCTibWalks
2026-09-15 10:37:16.856266 2521014 E [FWDTABLE] armed base=0x73228e796000 size=24576 unit=4096 entries=6
[  PASS  ] GctibZero.B_AfterCalculateGCTibWalks
[========] 1 tests: 1 passed, 0 failed
[  RUN   ] PinRoot.NativeHeldUnmarkedPinnedObjectSurvivesUntilRemove
2026-09-15 10:37:16.856450 2521016 E [FWDTABLE] armed base=0x78b07436d000 size=24576 unit=4096 entries=6
[GCV2][ike-keep] atexit trueEmpty=0 keep=0 keepBytes=0 nullFace=0 epoch=0
PINROOT_RESULT futures=16 object_bytes=168 pinned_regions=1 total_pinned_regions=1 raw_pinned_region_pct=100 garbage_while_pinned=0 garbage_after_remove=2688 retained_bytes=2688 collateral_bytes=2520 count_while_pinned=1 count_after_remove=0
[  PASS  ] PinRoot.NativeHeldUnmarkedPinnedObjectSurvivesUntilRemove
[========] 1 tests: 1 passed, 0 failed
[  RUN   ] RegionRetirement.CompactInPlaceLeavesRegionOnAListACollectorWalks
2026-09-15 10:37:16.856975 2521019 E [FWDTABLE] armed base=0x7ceb555c9000 size=24576 unit=4096 entries=6
[  PASS  ] RegionRetirement.CompactInPlaceLeavesRegionOnAListACollectorWalks
[========] 1 tests: 1 passed, 0 failed
[  RUN   ] RegionRetirement.StayYoungAfterCompactInPlaceDoesNotRelinkRecentFull
2026-09-15 10:37:16.858128 2521025 E [FWDTABLE] armed base=0x7bbc5f015000 size=24576 unit=4096 entries=6
[  PASS  ] RegionRetirement.StayYoungAfterCompactInPlaceDoesNotRelinkRecentFull
[========] 1 tests: 1 passed, 0 failed
[  RUN   ] RegionRetirement.StayYoungTransfersCompletedCompactTailFromThreadLocal
2026-09-15 10:37:16.858095 2521026 E [FWDTABLE] armed base=0x77dfdfd38000 size=24576 unit=4096 entries=6
[  PASS  ] RegionRetirement.StayYoungTransfersCompletedCompactTailFromThreadLocal
[========] 1 tests: 1 passed, 0 failed
[  RUN   ] RegionRetirement.CompactTailDoesNotStealConcurrentRecentFullNode
2026-09-15 10:37:16.858448 2521029 E [FWDTABLE] armed base=0x7b687865a000 size=24576 unit=4096 entries=6
[  PASS  ] RegionRetirement.CompactTailDoesNotStealConcurrentRecentFullNode
[========] 1 tests: 1 passed, 0 failed
[  RUN   ] FollowEdge.HolderSlotToLargePrimitiveArrayIsTraced
[  RUN   ] FollowEdge.HolderSlotToLargePrimitiveArrayIsTraced
GC_UNIT_OTHER_VM_OKIDOKI FollowEdge.HolderSlotToLargePrimitiveArrayIsTraced
[  PASS  ] FollowEdge.HolderSlotToLargePrimitiveArrayIsTraced
[========] 1 tests: 1 passed, 0 failed
[  RUN   ] ZForwardingLife.RetainAfterReleaseRefuses
[  PASS  ] ZForwardingLife.RetainAfterReleaseRefuses
[========] 1 tests: 1 passed, 0 failed
[  RUN   ] ZForwardingLife.DetachWaitsForLastReader
[  PASS  ] ZForwardingLife.DetachWaitsForLastReader
[========] 1 tests: 1 passed, 0 failed
[  RUN   ] ZForwardingLife.ClaimedRetainWaitsForPageTask
[  PASS  ] ZForwardingLife.ClaimedRetainWaitsForPageTask
[========] 1 tests: 1 passed, 0 failed
[  RUN   ] ZForwardingLife.ClaimInversionDrainsExistingReader
[  PASS  ] ZForwardingLife.ClaimInversionDrainsExistingReader
[========] 1 tests: 1 passed, 0 failed
[  RUN   ] ZForwardingLife.IdleStateDoesNotCompleteTask
[  PASS  ] ZForwardingLife.IdleStateDoesNotCompleteTask
[========] 1 tests: 1 passed, 0 failed
[  RUN   ] ColourIsChecks.EveryColourAtTheStartingEpoch
[  PASS  ] ColourIsChecks.EveryColourAtTheStartingEpoch
[========] 1 tests: 1 passed, 0 failed
[  RUN   ] ColourIsChecks.EveryColourAcrossAnIrregularFlipSchedule
[  PASS  ] ColourIsChecks.EveryColourAcrossAnIrregularFlipSchedule
[========] 1 tests: 1 passed, 0 failed
[  RUN   ] ColourIsChecks.PlainNonNullIsMaskGoodButEncodingIllegal
[  PASS  ] ColourIsChecks.PlainNonNullIsMaskGoodButEncodingIllegal
[========] 1 tests: 1 passed, 0 failed
[  RUN   ] ColourIsChecks.RawNullIsGoodOrNullAndNeverBad
[  PASS  ] ColourIsChecks.RawNullIsGoodOrNullAndNeverBad
[========] 1 tests: 1 passed, 0 failed
[  RUN   ] ColourIsChecks.ExportedLoadGoodIsCurrentOneHotComplement
[  PASS  ] ColourIsChecks.ExportedLoadGoodIsCurrentOneHotComplement
[========] 1 tests: 1 passed, 0 failed
[  RUN   ] ColourIsChecks.RemapPairIsABijectionWithTheFourColours
[  PASS  ] ColourIsChecks.RemapPairIsABijectionWithTheFourColours
[========] 1 tests: 1 passed, 0 failed
[  RUN   ] ColourIsChecks.StoreGoodComplementAtTheStartingEpoch
[  PASS  ] ColourIsChecks.StoreGoodComplementAtTheStartingEpoch
[========] 1 tests: 1 passed, 0 failed
[  RUN   ] ColourIsChecks.StoreGoodComplementAcrossAnIrregularFlipSchedule
[  PASS  ] ColourIsChecks.StoreGoodComplementAcrossAnIrregularFlipSchedule
[========] 1 tests: 1 passed, 0 failed
[  RUN   ] ColourIsChecks.BarrierColouredNullAndDoubleRemembered
[  PASS  ] ColourIsChecks.BarrierColouredNullAndDoubleRemembered
[========] 1 tests: 1 passed, 0 failed
[  RUN   ] ColourIsChecks.BarrierSelfHealUpgradeAndCompetingStore
[  PASS  ] ColourIsChecks.BarrierSelfHealUpgradeAndCompetingStore
[========] 1 tests: 1 passed, 0 failed
[  RUN   ] StackWatermark.MarkCompletionDoesNotCompleteRemap
[  PASS  ] StackWatermark.MarkCompletionDoesNotCompleteRemap
[========] 1 tests: 1 passed, 0 failed
[  RUN   ] StackWatermark.RemapRetainsLogicalStackIdentityAcrossGrow
[  PASS  ] StackWatermark.RemapRetainsLogicalStackIdentityAcrossGrow
[========] 1 tests: 1 passed, 0 failed
[  RUN   ] ZForwardingEntries.setup
[  PASS  ] ZForwardingEntries.setup
[========] 1 tests: 1 passed, 0 failed
[  RUN   ] ZForwardingEntries.find_empty
[  PASS  ] ZForwardingEntries.find_empty
[========] 1 tests: 1 passed, 0 failed
[  RUN   ] ZForwardingEntries.find_full
[  PASS  ] ZForwardingEntries.find_full
[========] 1 tests: 1 passed, 0 failed
[  RUN   ] ZForwardingEntries.find_every_other
[  PASS  ] ZForwardingEntries.find_every_other
[========] 1 tests: 1 passed, 0 failed
[  RUN   ] ZForwardingEntries.survives_without_geometry
[  PASS  ] ZForwardingEntries.survives_without_geometry
[========] 1 tests: 1 passed, 0 failed
[  RUN   ] ZForwardingEntries.LargeFromIndexRoundTrip
[  PASS  ] ZForwardingEntries.LargeFromIndexRoundTrip
[========] 1 tests: 1 passed, 0 failed
[  RUN   ] ZForwardingEntries.TableKnowsWhichRegionItWasBuiltFor
[  PASS  ] ZForwardingEntries.TableKnowsWhichRegionItWasBuiltFor
[========] 1 tests: 1 passed, 0 failed
[  RUN   ] ZForwardingEntries.CoversRecordsRegionSpan
[  PASS  ] ZForwardingEntries.CoversRecordsRegionSpan
[========] 1 tests: 1 passed, 0 failed
[  RUN   ] ZForwardingEntries.CapacityArithmeticDoesNotWrap
P1_CAPACITY checked=1 uint32_boundary=8589934592
[  PASS  ] ZForwardingEntries.CapacityArithmeticDoesNotWrap
[========] 1 tests: 1 passed, 0 failed
[  RUN   ] ZForwardingEntries.ArenaOwnerOutlivesForwardings
P1_ARENA owner_result=0x3000 released=1
[  PASS  ] ZForwardingEntries.ArenaOwnerOutlivesForwardings
[========] 1 tests: 1 passed, 0 failed
[  RUN   ] ZForwardingEntries.ArenaBudgetFailureDoesNotConsumeStorage
[  PASS  ] ZForwardingEntries.ArenaBudgetFailureDoesNotConsumeStorage
[========] 1 tests: 1 passed, 0 failed
[  RUN   ] ZForwardingEntries.ConcurrentSameKeyReturnsInitializedWinner
P1_WINNER target_assertion executed=1 matched=1 a=0x7ffe2a3f59b0 b=0x7ffe2a3f59b0
[  PASS  ] ZForwardingEntries.ConcurrentSameKeyReturnsInitializedWinner
[========] 1 tests: 1 passed, 0 failed
[  RUN   ] ZForwardingEntries.CollisionPreservesIdentityAndOtherKey
[  PASS  ] ZForwardingEntries.CollisionPreservesIdentityAndOtherKey
[========] 1 tests: 1 passed, 0 failed
[  RUN   ] ZForwardingEntries.WidthBoundaryRoundTrip
P1_WIDTH target_assertion executed=1 matched=1 from=8388607 to=1099511627775
[  PASS  ] ZForwardingEntries.WidthBoundaryRoundTrip
[========] 1 tests: 1 passed, 0 failed
[  RUN   ] ZForwardingEntries.ZgcFindFull
[  PASS  ] ZForwardingEntries.ZgcFindFull
[========] 1 tests: 1 passed, 0 failed
[  RUN   ] ZForwardingEntries.ZgcFindEveryOther
[  PASS  ] ZForwardingEntries.ZgcFindEveryOther
[========] 1 tests: 1 passed, 0 failed
[  RUN   ] ZForwardingEntries.MaximumRepresentableIndexRoundTrip
[  PASS  ] ZForwardingEntries.MaximumRepresentableIndexRoundTrip
[========] 1 tests: 1 passed, 0 failed
[  RUN   ] ForwardingNoGeometry.ArmedMissIsNullNotGeometry
2026-09-15 10:37:16.875315 2521149 E [FWDTABLE] armed base=0x790797121000 size=24576 unit=4096 entries=6
[  PASS  ] ForwardingNoGeometry.ArmedMissIsNullNotGeometry
[========] 1 tests: 1 passed, 0 failed
[  RUN   ] ForwardingNoGeometry.InstalledReceiptSurvivesPageReleaseUntilSetReset
2026-09-15 10:37:16.875765 2521152 E [FWDTABLE] armed base=0x7a0b5956c000 size=24576 unit=4096 entries=6
[  PASS  ] ForwardingNoGeometry.InstalledReceiptSurvivesPageReleaseUntilSetReset
[========] 1 tests: 1 passed, 0 failed
[  RUN   ] ForwardingNoGeometry.RelocateInnerFindHitSkipsCopy
2026-09-15 10:37:16.876152 2521155 E [FWDTABLE] armed base=0x71fc3ba0a000 size=24576 unit=4096 entries=6
[  PASS  ] ForwardingNoGeometry.RelocateInnerFindHitSkipsCopy
[========] 1 tests: 1 passed, 0 failed
[  RUN   ] ForwardingNoGeometry.ForwardImplFindHitSkipsCopy
2026-09-15 10:37:16.876630 2521156 E [FWDTABLE] armed base=0x78c108a62000 size=24576 unit=4096 entries=6
[  PASS  ] ForwardingNoGeometry.ForwardImplFindHitSkipsCopy
[========] 1 tests: 1 passed, 0 failed
[  RUN   ] ForwardingNoGeometry.ExclusiveVtableFindHitSkipsCopy
2026-09-15 10:37:16.877667 2521159 E [FWDTABLE] armed base=0x716f18059000 size=24576 unit=4096 entries=6
[  PASS  ] ForwardingNoGeometry.ExclusiveVtableFindHitSkipsCopy
[========] 1 tests: 1 passed, 0 failed
[  RUN   ] ZGranuleMap.GetPutRemove
[  PASS  ] ZGranuleMap.GetPutRemove
[========] 1 tests: 1 passed, 0 failed
[  RUN   ] ZGranuleMap.OffsetBoundaryRejectsBeforeIndex
[  PASS  ] ZGranuleMap.OffsetBoundaryRejectsBeforeIndex
[========] 1 tests: 1 passed, 0 failed
[  RUN   ] ZGranuleMap.DiscontiguousPagesLeaveHoleUnmapped
[  PASS  ] ZGranuleMap.DiscontiguousPagesLeaveHoleUnmapped
[========] 1 tests: 1 passed, 0 failed
[  RUN   ] ZGranuleMap.AddressExtentPreservesLow48Budget
[  PASS  ] ZGranuleMap.AddressExtentPreservesLow48Budget
[========] 1 tests: 1 passed, 0 failed
[  RUN   ] ZForwarding.AttachedArraySitsAfterObject
[  PASS  ] ZForwarding.AttachedArraySitsAfterObject
[========] 1 tests: 1 passed, 0 failed
[  RUN   ] ZForwarding.PageUsesRefCountProtocol
[  PASS  ] ZForwarding.PageUsesRefCountProtocol
[========] 1 tests: 1 passed, 0 failed
[  RUN   ] ZForwardingTable.kZfwdTableConsumeOn
[  PASS  ] ZForwardingTable.kZfwdTableConsumeOn
[========] 1 tests: 1 passed, 0 failed
[  RUN   ] ZForwardingTable.PageReleaseKeepsEntriesUntilMapRemoval
[  PASS  ] ZForwardingTable.PageReleaseKeepsEntriesUntilMapRemoval
[========] 1 tests: 1 passed, 0 failed
[  RUN   ] ZForwardingTable.GenerationResetOwnsForwardingLifetime
2026-09-15 10:37:16.881999 2521189 E [FWDTABLE] armed base=0x7fb49981f000 size=24576 unit=4096 entries=6
[  PASS  ] ZForwardingTable.GenerationResetOwnsForwardingLifetime
[========] 1 tests: 1 passed, 0 failed
[  RUN   ] ZForwardingTable.SameAddressHasIndependentGenerationMaps
2026-09-15 10:37:16.882617 2521193 E [FWDTABLE] armed base=0x7b9d20de7000 size=24576 unit=4096 entries=6
[  PASS  ] ZForwardingTable.SameAddressHasIndependentGenerationMaps
[========] 1 tests: 1 passed, 0 failed
[  RUN   ] ZForwardingTable.SelectedForwardingRetainDoesNotRebindPage
2026-09-15 10:37:16.883167 2521197 E [FWDTABLE] armed base=0x7f4a3b9c2000 size=24576 unit=4096 entries=6
[  PASS  ] ZForwardingTable.SelectedForwardingRetainDoesNotRebindPage
[========] 1 tests: 1 passed, 0 failed
[  RUN   ] ZForwardingRemembered.PublishedFieldsConsumedOnce
2026-09-15 10:37:16.883437 2521199 E [FWDTABLE] armed base=0x718cccf37000 size=24576 unit=4096 entries=6
[  PASS  ] ZForwardingRemembered.PublishedFieldsConsumedOnce
[========] 1 tests: 1 passed, 0 failed
[  RUN   ] ZForwardingRemembered.RetainedScanRejectsPublication
2026-09-15 10:37:16.883937 2521202 E [FWDTABLE] armed base=0x751534072000 size=24576 unit=4096 entries=6
[  PASS  ] ZForwardingRemembered.RetainedScanRejectsPublication
[========] 1 tests: 1 passed, 0 failed
[  RUN   ] ZForwardingRemembered.YoungPhaseOwnsPublication
2026-09-15 10:37:16.884373 2521205 E [FWDTABLE] armed base=0x7d7056bb1000 size=24576 unit=4096 entries=6
[  PASS  ] ZForwardingRemembered.YoungPhaseOwnsPublication
[========] 1 tests: 1 passed, 0 failed
[  RUN   ] ZForwardingRemembered.ClaimedRetainUsesPageCompletionQueue
2026-09-15 10:37:16.884733 2521208 E [FWDTABLE] armed base=0x7c527dc7c000 size=24576 unit=4096 entries=6
[  PASS  ] ZForwardingRemembered.ClaimedRetainUsesPageCompletionQueue
[========] 1 tests: 1 passed, 0 failed
[  RUN   ] AllocationStall.OneFreeTreeUnitClaimsOnlyOneOfTwoWaiters
[  RUN   ] AllocationStall.OneFreeTreeUnitClaimsOnlyOneOfTwoWaiters
2026-09-15 10:37:16.887801 2521228 E [FWDTABLE] armed base=0x7d161f68a000 size=4096 unit=4096 entries=1
GC_UNIT_OTHER_VM_OKIDOKI AllocationStall.OneFreeTreeUnitClaimsOnlyOneOfTwoWaiters
[  PASS  ] AllocationStall.OneFreeTreeUnitClaimsOnlyOneOfTwoWaiters
[========] 1 tests: 1 passed, 0 failed
[  RUN   ] AllocationStall.OrdinaryAllocationCannotTakeSatisfiedPage
[  RUN   ] AllocationStall.OrdinaryAllocationCannotTakeSatisfiedPage
2026-09-15 10:37:16.888008 2521232 E [FWDTABLE] armed base=0x79495c02a000 size=4096 unit=4096 entries=1
GC_UNIT_OTHER_VM_OKIDOKI AllocationStall.OrdinaryAllocationCannotTakeSatisfiedPage
[  PASS  ] AllocationStall.OrdinaryAllocationCannotTakeSatisfiedPage
[========] 1 tests: 1 passed, 0 failed
[  RUN   ] AllocationStall.WaiterBlocksInSaferegion
[  RUN   ] AllocationStall.WaiterBlocksInSaferegion
2026-09-15 10:37:16.888775 2521237 E [FWDTABLE] armed base=0x715bfde03000 size=4096 unit=4096 entries=1
GC_UNIT_OTHER_VM_OKIDOKI AllocationStall.WaiterBlocksInSaferegion
[  PASS  ] AllocationStall.WaiterBlocksInSaferegion
[========] 1 tests: 1 passed, 0 failed
[  RUN   ] AllocationStall.DequeueBeforeNotifyKeepsOneTerminalPerWaiter
[  RUN   ] AllocationStall.DequeueBeforeNotifyKeepsOneTerminalPerWaiter
2026-09-15 10:37:16.889045 2521239 E [FWDTABLE] armed base=0x70de7470f000 size=4096 unit=4096 entries=1
GC_UNIT_OTHER_VM_OKIDOKI AllocationStall.DequeueBeforeNotifyKeepsOneTerminalPerWaiter
[  PASS  ] AllocationStall.DequeueBeforeNotifyKeepsOneTerminalPerWaiter
[========] 1 tests: 1 passed, 0 failed
[  RUN   ] AllocationStall.CompletedWaveDoesNotFailLateWaiter
[  RUN   ] AllocationStall.CompletedWaveDoesNotFailLateWaiter
2026-09-15 10:37:16.889613 2521244 E [FWDTABLE] armed base=0x71bdc26cb000 size=4096 unit=4096 entries=1
GC_UNIT_OTHER_VM_OKIDOKI AllocationStall.CompletedWaveDoesNotFailLateWaiter
[  PASS  ] AllocationStall.CompletedWaveDoesNotFailLateWaiter
[========] 1 tests: 1 passed, 0 failed
[  RUN   ] ReferenceProcessor.WeakDiscoveryPublishesNoStrongMarkWork
2026-09-15 10:37:16.887519 2521225 E [FWDTABLE] armed base=0x780ce8b2c000 size=24576 unit=4096 entries=6
[  PASS  ] ReferenceProcessor.WeakDiscoveryPublishesNoStrongMarkWork
[========] 1 tests: 1 passed, 0 failed
[  RUN   ] YoungConc.PaintedObjectSkippedByShouldEnqueue
2026-09-15 10:37:16.888138 2521230 E [FWDTABLE] armed base=0x7e5265605000 size=24576 unit=4096 entries=6
[  PASS  ] YoungConc.PaintedObjectSkippedByShouldEnqueue
[========] 1 tests: 1 passed, 0 failed
[  RUN   ] YoungConc.SingleCurrentMarkSuppressesEnqueueForEitherClosure
2026-09-15 10:37:16.888510 2521234 E [FWDTABLE] armed base=0x75f7a6805000 size=24576 unit=4096 entries=6
[  PASS  ] YoungConc.SingleCurrentMarkSuppressesEnqueueForEitherClosure
[========] 1 tests: 1 passed, 0 failed
[  RUN   ] YoungConc.TraceRegionSkipsSatbWithoutPaint
2026-09-15 10:37:16.889511 2521241 E [FWDTABLE] armed base=0x72f997fe7000 size=24576 unit=4096 entries=6
[  PASS  ] YoungConc.TraceRegionSkipsSatbWithoutPaint
[========] 1 tests: 1 passed, 0 failed
[  RUN   ] YoungConc.EpochHandshakeIsRequired
[  PASS  ] YoungConc.EpochHandshakeIsRequired
[========] 1 tests: 1 passed, 0 failed
[  RUN   ] YoungConc.RuntimeMutatorCreateDuringActiveEpochIsBornClean
[  RUN   ] YoungConc.RuntimeMutatorCreateDuringActiveEpochIsBornClean
2026-09-15 10:37:16.896819 2521279 E [FWDTABLE] armed base=0x7cee75000000 size=268435456 unit=4096 entries=65536
DETAIL runtime_lifecycle_create stage=before_begin
DETAIL runtime_lifecycle_create stage=before_create epoch=1
DETAIL runtime_lifecycle_create stage=after_create mutator=0x5ef983a45220
DETAIL runtime_lifecycle_create stage=after_destroy
GC_UNIT_OTHER_VM_OKIDOKI YoungConc.RuntimeMutatorCreateDuringActiveEpochIsBornClean
[  PASS  ] YoungConc.RuntimeMutatorCreateDuringActiveEpochIsBornClean
[========] 1 tests: 1 passed, 0 failed
[  RUN   ] YoungConc.RuntimeMutatorDestroyDuringActiveEpochDefersStorage
[  RUN   ] YoungConc.RuntimeMutatorDestroyDuringActiveEpochDefersStorage
2026-09-15 10:37:16.896151 2521284 E [FWDTABLE] armed base=0x7c0502600000 size=268435456 unit=4096 entries=65536
DETAIL runtime_lifecycle_destroy stage=before_begin
DETAIL runtime_lifecycle_destroy stage=before_create
DETAIL runtime_lifecycle_destroy stage=before_destroy
DETAIL runtime_lifecycle_destroy stage=after_destroy deferred=1
GC_UNIT_OTHER_VM_OKIDOKI YoungConc.RuntimeMutatorDestroyDuringActiveEpochDefersStorage
[  PASS  ] YoungConc.RuntimeMutatorDestroyDuringActiveEpochDefersStorage
[========] 1 tests: 1 passed, 0 failed
[  RUN   ] YoungConc.FinalizerCreateDuringActiveEpochIsBornClean
[  RUN   ] YoungConc.FinalizerCreateDuringActiveEpochIsBornClean
2026-09-15 10:37:16.896809 2521287 E [FWDTABLE] armed base=0x73b2c8600000 size=268435456 unit=4096 entries=65536
GC_UNIT_OTHER_VM_OKIDOKI YoungConc.FinalizerCreateDuringActiveEpochIsBornClean
[  PASS  ] YoungConc.FinalizerCreateDuringActiveEpochIsBornClean
[========] 1 tests: 1 passed, 0 failed
[  RUN   ] YoungConc.FinalizerEndDuringActiveEpochDefersStorage
[  RUN   ] YoungConc.FinalizerEndDuringActiveEpochDefersStorage
2026-09-15 10:37:16.897202 2521291 E [FWDTABLE] armed base=0x73e3e8000000 size=268435456 unit=4096 entries=65536
GC_UNIT_OTHER_VM_OKIDOKI YoungConc.FinalizerEndDuringActiveEpochDefersStorage
[  PASS  ] YoungConc.FinalizerEndDuringActiveEpochDefersStorage
[========] 1 tests: 1 passed, 0 failed
[  RUN   ] YoungConc.SatbAfterWorkerTerminationUsesBoundedMarkEndContinue
[  RUN   ] YoungConc.SatbAfterWorkerTerminationUsesBoundedMarkEndContinue
2026-09-15 10:37:16.894756 2521298 E [FWDTABLE] armed base=0x7246ea740000 size=24576 unit=4096 entries=6
2026-09-15 10:37:16.895135 2521298 E [ZCOLOR2][mark-mask-flip] generation=young count=1 g_cjMarkBadMask=0x9e000000000000 g_cjStoreBadMask=0x19e000000000000
2026-09-15 10:37:16.895262 2521298 E [GCV2][epoch-handshake] source=pre-minor-stack epoch=1 requested=0 acked=0 acked_twice=0 self=0 gc_assisted=0 starting=0 running=0 parked=0 exiting=0 deferred_create=0 born_clean=0 exit_transition=0 destroy_deferred=0 stw_calls=0 stack_scanned=0 stack_fallback=0 stack_frames=0 wlock_us=0 timeout_ms=0 epoch_handshake=required stack_scan=required
2026-09-15 10:37:16.895351 2521321 E [GCV2][stack-scan-fallback] epoch=1 concurrent_done=0 stw_fallback=0 stack_scan=required
2026-09-15 10:37:16.895474 2521298 E [GCV2][markterm] pause found unflushed SATB work: ncontinue=1 stack=0
2026-09-15 10:37:16.895630 2521298 E [GhostRetention] retained_regions=0 retained_bytes=0
DETAIL satb_mark_end pauses=2 flushed=1 continues=1 max_pause_ns=1440
GC_UNIT_OTHER_VM_OKIDOKI YoungConc.SatbAfterWorkerTerminationUsesBoundedMarkEndContinue
[GCV2][markwater] atexit armed=0 turned=0
2026-09-15 10:37:16.895957 2521298 E [GCV2][markterm] atexit pauses=2 flushedInPause=1 ncontinue=1
[  PASS  ] YoungConc.SatbAfterWorkerTerminationUsesBoundedMarkEndContinue
[========] 1 tests: 1 passed, 0 failed
[  RUN   ] YoungConc.Y2yDirtyVisibleBeforePauseMarkEnd
[  RUN   ] YoungConc.Y2yDirtyVisibleBeforePauseMarkEnd
2026-09-15 10:37:16.895140 2521300 E [FWDTABLE] armed base=0x73116679c000 size=24576 unit=4096 entries=6
2026-09-15 10:37:16.895499 2521300 E [ZCOLOR2][mark-mask-flip] generation=young count=1 g_cjMarkBadMask=0x9e000000000000 g_cjStoreBadMask=0x19e000000000000
2026-09-15 10:37:16.895591 2521300 E [GCV2][epoch-handshake] source=pre-minor-stack epoch=1 requested=0 acked=0 acked_twice=0 self=0 gc_assisted=0 starting=0 running=0 parked=0 exiting=0 deferred_create=0 born_clean=0 exit_transition=0 destroy_deferred=0 stw_calls=0 stack_scanned=0 stack_fallback=0 stack_frames=0 wlock_us=0 timeout_ms=0 epoch_handshake=required stack_scan=required
2026-09-15 10:37:16.895696 2521331 E [GCV2][stack-scan-fallback] epoch=1 concurrent_done=0 stw_fallback=0 stack_scan=required
2026-09-15 10:37:16.895905 2521300 E [GhostRetention] retained_regions=0 retained_bytes=0
DETAIL y2y_mark_end pauses=1 continues=0 pauseY2y=0 closure=0
TARGET y2y holder=1 child=1
GC_UNIT_OTHER_VM_OKIDOKI YoungConc.Y2yDirtyVisibleBeforePauseMarkEnd
[GCV2][markwater] atexit armed=0 turned=0
2026-09-15 10:37:16.896293 2521300 E [GCV2][markterm] atexit pauses=1 flushedInPause=0 ncontinue=0
[  PASS  ] YoungConc.Y2yDirtyVisibleBeforePauseMarkEnd
[========] 1 tests: 1 passed, 0 failed
[  RUN   ] YoungConc.Y2yAfterReleaseBatchForcesContinueAndReachesClosure
[  RUN   ] YoungConc.Y2yAfterReleaseBatchForcesContinueAndReachesClosure
2026-09-15 10:37:16.895447 2521302 E [FWDTABLE] armed base=0x7edf145bd000 size=24576 unit=4096 entries=6
2026-09-15 10:37:16.895889 2521302 E [ZCOLOR2][mark-mask-flip] generation=young count=1 g_cjMarkBadMask=0x9e000000000000 g_cjStoreBadMask=0x19e000000000000
2026-09-15 10:37:16.895985 2521302 E [GCV2][epoch-handshake] source=pre-minor-stack epoch=1 requested=0 acked=0 acked_twice=0 self=0 gc_assisted=0 starting=0 running=0 parked=0 exiting=0 deferred_create=0 born_clean=0 exit_transition=0 destroy_deferred=0 stw_calls=0 stack_scanned=0 stack_fallback=0 stack_frames=0 wlock_us=0 timeout_ms=0 epoch_handshake=required stack_scan=required
2026-09-15 10:37:16.896103 2521340 E [GCV2][stack-scan-fallback] epoch=1 concurrent_done=0 stw_fallback=0 stack_scan=required
2026-09-15 10:37:16.896249 2521302 E [GCV2][markterm] pause found unflushed SATB work: ncontinue=1 stack=1
2026-09-15 10:37:16.896307 2521302 E [GCV2][markterm] pause found unflushed SATB work: ncontinue=2 stack=1
2026-09-15 10:37:16.896369 2521302 E [GhostRetention] retained_regions=0 retained_bytes=0
TARGET y2y_repeat published=2 pauses=3 continues=2 holder=1 child=1
GC_UNIT_OTHER_VM_OKIDOKI YoungConc.Y2yAfterReleaseBatchForcesContinueAndReachesClosure
[GCV2][markwater] atexit armed=0 turned=0
2026-09-15 10:37:16.896698 2521302 E [GCV2][markterm] atexit pauses=3 flushedInPause=0 ncontinue=2
[  PASS  ] YoungConc.Y2yAfterReleaseBatchForcesContinueAndReachesClosure
[========] 1 tests: 1 passed, 0 failed
[  RUN   ] YoungConc.LeftoverY2yAfterWorkerForcesContinue
[  RUN   ] YoungConc.LeftoverY2yAfterWorkerForcesContinue
2026-09-15 10:37:16.895969 2521306 E [FWDTABLE] armed base=0x73433497a000 size=24576 unit=4096 entries=6
2026-09-15 10:37:16.896331 2521306 E [ZCOLOR2][mark-mask-flip] generation=young count=1 g_cjMarkBadMask=0x9e000000000000 g_cjStoreBadMask=0x19e000000000000
2026-09-15 10:37:16.896389 2521306 E [GCV2][epoch-handshake] source=pre-minor-stack epoch=1 requested=0 acked=0 acked_twice=0 self=0 gc_assisted=0 starting=0 running=0 parked=0 exiting=0 deferred_create=0 born_clean=0 exit_transition=0 destroy_deferred=0 stw_calls=0 stack_scanned=0 stack_fallback=0 stack_frames=0 wlock_us=0 timeout_ms=0 epoch_handshake=required stack_scan=required
2026-09-15 10:37:16.896490 2521352 E [GCV2][stack-scan-fallback] epoch=1 concurrent_done=0 stw_fallback=0 stack_scan=required
2026-09-15 10:37:16.896627 2521306 E [GCV2][markterm] pause found unflushed SATB work: ncontinue=1 stack=1
2026-09-15 10:37:16.896738 2521306 E [GhostRetention] retained_regions=0 retained_bytes=0
DETAIL leftover_mark_end pauses=2 continues=1 pauseY2y=1
TARGET leftover holder=1 y2yChild=1 continues=1
GC_UNIT_OTHER_VM_OKIDOKI YoungConc.LeftoverY2yAfterWorkerForcesContinue
[GCV2][markwater] atexit armed=0 turned=0
2026-09-15 10:37:16.897027 2521306 E [GCV2][markterm] atexit pauses=2 flushedInPause=0 ncontinue=1
[  PASS  ] YoungConc.LeftoverY2yAfterWorkerForcesContinue
[========] 1 tests: 1 passed, 0 failed
[  RUN   ] YoungConc.PauseMarkEndNeverRunsClosure
[  RUN   ] YoungConc.PauseMarkEndNeverRunsClosure
2026-09-15 10:37:16.896960 2521313 E [FWDTABLE] armed base=0x75d137f5b000 size=24576 unit=4096 entries=6
2026-09-15 10:37:16.897341 2521313 E [ZCOLOR2][mark-mask-flip] generation=young count=1 g_cjMarkBadMask=0x9e000000000000 g_cjStoreBadMask=0x19e000000000000
2026-09-15 10:37:16.897450 2521313 E [GCV2][epoch-handshake] source=pre-minor-stack epoch=1 requested=0 acked=0 acked_twice=0 self=0 gc_assisted=0 starting=0 running=0 parked=0 exiting=0 deferred_create=0 born_clean=0 exit_transition=0 destroy_deferred=0 stw_calls=0 stack_scanned=0 stack_fallback=0 stack_frames=0 wlock_us=0 timeout_ms=0 epoch_handshake=required stack_scan=required
2026-09-15 10:37:16.897535 2521367 E [GCV2][stack-scan-fallback] epoch=1 concurrent_done=0 stw_fallback=0 stack_scan=required
2026-09-15 10:37:16.897657 2521313 E [GhostRetention] retained_regions=0 retained_bytes=0
DETAIL pause_no_closure pauses=1 closure=0
GC_UNIT_OTHER_VM_OKIDOKI YoungConc.PauseMarkEndNeverRunsClosure
[GCV2][markwater] atexit armed=0 turned=0
2026-09-15 10:37:16.898077 2521313 E [GCV2][markterm] atexit pauses=1 flushedInPause=0 ncontinue=0
[  PASS  ] YoungConc.PauseMarkEndNeverRunsClosure
[========] 1 tests: 1 passed, 0 failed
[  RUN   ] YoungConc.ExportRootRegistrationDoesNotMarkIncomingValue
[  RUN   ] YoungConc.ExportRootRegistrationDoesNotMarkIncomingValue
2026-09-15 10:37:16.897023 2521314 E [FWDTABLE] armed base=0x79a788e25000 size=24576 unit=4096 entries=6
GC_UNIT_OTHER_VM_OKIDOKI YoungConc.ExportRootRegistrationDoesNotMarkIncomingValue
[  PASS  ] YoungConc.ExportRootRegistrationDoesNotMarkIncomingValue
[========] 1 tests: 1 passed, 0 failed
[  RUN   ] YoungConc.RemovingExportRootPublishesPreviousValue
[  RUN   ] YoungConc.RemovingExportRootPublishesPreviousValue
2026-09-15 10:37:16.897430 2521318 E [FWDTABLE] armed base=0x7d561b80f000 size=24576 unit=4096 entries=6
2026-09-15 10:37:16.897641 2521318 E [ZCOLOR2][mark-mask-flip] generation=young count=1 g_cjMarkBadMask=0x9e000000000000 g_cjStoreBadMask=0x19e000000000000
GC_UNIT_OTHER_VM_OKIDOKI YoungConc.RemovingExportRootPublishesPreviousValue
[  PASS  ] YoungConc.RemovingExportRootPublishesPreviousValue
[========] 1 tests: 1 passed, 0 failed
[  RUN   ] YoungConc.YoungToYoungWriteNotInRemset
2026-09-15 10:37:16.895694 2521301 E [FWDTABLE] armed base=0x7cc0d974e000 size=24576 unit=4096 entries=6
[  PASS  ] YoungConc.YoungToYoungWriteNotInRemset
[========] 1 tests: 1 passed, 0 failed
[  RUN   ] YoungConc.YoungToYoungDirtyHolderReachesWorkStack
2026-09-15 10:37:16.896268 2521304 E [FWDTABLE] armed base=0x7e23ec4bf000 size=24576 unit=4096 entries=6
[  PASS  ] YoungConc.YoungToYoungDirtyHolderReachesWorkStack
[========] 1 tests: 1 passed, 0 failed
[  RUN   ] YoungConc.Y2yDirtyHolderPhaseSwitchHandsOffWholeBatch
2026-09-15 10:37:16.898115 2521320 E [FWDTABLE] armed base=0x71b3ee0e9000 size=24576 unit=4096 entries=6
[  PASS  ] YoungConc.Y2yDirtyHolderPhaseSwitchHandsOffWholeBatch
[========] 1 tests: 1 passed, 0 failed
[  RUN   ] YoungConc.TraceRefFieldRemapsPreviousRelocationEpoch
2026-09-15 10:37:16.897502 2521315 E [FWDTABLE] armed base=0x7fc761d7d000 size=24576 unit=4096 entries=6
2026-09-15 10:37:16.897759 2521315 E [MARKSTALE] n=1 target=0x7fc761d7d040 sc=3
2026-09-15 10:37:16.897845 2521315 E [COLOURWHO] armed first sc=0
2026-09-15 10:37:16.897882 2521315 E [TRACECOV] healed=1
[  PASS  ] YoungConc.TraceRefFieldRemapsPreviousRelocationEpoch
[========] 1 tests: 1 passed, 0 failed
[  RUN   ] YoungConc.OldToYoungStillRecorded
2026-09-15 10:37:16.898602 2521327 E [FWDTABLE] armed base=0x75c656e3b000 size=24576 unit=4096 entries=6
[  PASS  ] YoungConc.OldToYoungStillRecorded
[========] 1 tests: 1 passed, 0 failed
[  RUN   ] YoungConc.BulkWritePublishesSatbWithoutYoungRegions
[  RUN   ] YoungConc.BulkWritePublishesSatbWithoutYoungRegions
2026-09-15 10:37:16.901087 2521380 E [FWDTABLE] armed base=0x7b0fb4381000 size=24576 unit=4096 entries=6
GC_UNIT_OTHER_VM_OKIDOKI YoungConc.BulkWritePublishesSatbWithoutYoungRegions
[  PASS  ] YoungConc.BulkWritePublishesSatbWithoutYoungRegions
[========] 1 tests: 1 passed, 0 failed
[  RUN   ] YoungConc.TraceStorePublishesPreviousYoungTarget
2026-09-15 10:37:16.899192 2521349 E [FWDTABLE] armed base=0x7fb02baea000 size=24576 unit=4096 entries=6
[  PASS  ] YoungConc.TraceStorePublishesPreviousYoungTarget
[========] 1 tests: 1 passed, 0 failed
[  RUN   ] YoungConc.IdleStoreDoesNotPublishMarkWork
2026-09-15 10:37:16.899874 2521361 E [FWDTABLE] armed base=0x7e7005433000 size=24576 unit=4096 entries=6
[  PASS  ] YoungConc.IdleStoreDoesNotPublishMarkWork
[========] 1 tests: 1 passed, 0 failed
[  RUN   ] YoungConc.MarkRequiresEpochHandshake
[  PASS  ] YoungConc.MarkRequiresEpochHandshake
[========] 1 tests: 1 passed, 0 failed
[  RUN   ] YoungConc.FollowRequiresEpochHandshake
[  PASS  ] YoungConc.FollowRequiresEpochHandshake
[========] 1 tests: 1 passed, 0 failed
[  RUN   ] YoungConc.StackScanIsRequired
[  PASS  ] YoungConc.StackScanIsRequired
[========] 1 tests: 1 passed, 0 failed
[  RUN   ] YoungConc.FlipForMinorSeparatesConcurrentProducerFace
2026-09-15 10:37:16.902989 2521399 E [FWDTABLE] armed base=0x70a41171c000 size=24576 unit=4096 entries=6
[  PASS  ] YoungConc.FlipForMinorSeparatesConcurrentProducerFace
[========] 1 tests: 1 passed, 0 failed
[  RUN   ] YoungConc.MarkEndDomainContainsPublishedYoungWork
2026-09-15 10:37:16.902713 2521396 E [FWDTABLE] armed base=0x7ef9e1ce0000 size=24576 unit=4096 entries=6
[  PASS  ] YoungConc.MarkEndDomainContainsPublishedYoungWork
[========] 1 tests: 1 passed, 0 failed
[  RUN   ] YoungConc.StoreBufferFlushPublishesYoungMarkWork
2026-09-15 10:37:16.904111 2521409 E [FWDTABLE] armed base=0x7c7fb19a2000 size=24576 unit=4096 entries=6
[  PASS  ] YoungConc.StoreBufferFlushPublishesYoungMarkWork
[========] 1 tests: 1 passed, 0 failed
[  RUN   ] YoungConc.Y2yAfterHandoffWritesStayOnLiveSet
2026-09-15 10:37:16.903774 2521404 E [FWDTABLE] armed base=0x72d7bd8f6000 size=24576 unit=4096 entries=6
[  PASS  ] YoungConc.Y2yAfterHandoffWritesStayOnLiveSet
[========] 1 tests: 1 passed, 0 failed
[  RUN   ] YoungConc.Y2yThreadExitLeavesHoldersForNextMerge
2026-09-15 10:37:16.904218 2521413 E [FWDTABLE] armed base=0x72f6e8b28000 size=24576 unit=4096 entries=6
[  PASS  ] YoungConc.Y2yThreadExitLeavesHoldersForNextMerge
[========] 1 tests: 1 passed, 0 failed
[  RUN   ] YoungConc.Y2yPendingCountVisibleForTerminate
2026-09-15 10:37:16.904717 2521438 E [FWDTABLE] armed base=0x7095dc6c8000 size=24576 unit=4096 entries=6
[  PASS  ] YoungConc.Y2yPendingCountVisibleForTerminate
[========] 1 tests: 1 passed, 0 failed
[  RUN   ] AllocBufferHandoff.StackRootPublishedDuringMergeIsDelivered
2026-09-15 10:37:16.905100 2521490 E [FWDTABLE] armed base=0x768438aa4000 size=24576 unit=4096 entries=6
[  PASS  ] AllocBufferHandoff.StackRootPublishedDuringMergeIsDelivered
[========] 1 tests: 1 passed, 0 failed
[  RUN   ] AllocBufferHandoff.StackRootPublishDuringRetireKeepsHeapIntact
[  RUN   ] AllocBufferHandoff.StackRootPublishDuringRetireKeepsHeapIntact
2026-09-15 10:37:16.907895 2521849 E [FWDTABLE] armed base=0x7330313a7000 size=24576 unit=4096 entries=6
GC_UNIT_OTHER_VM_OKIDOKI AllocBufferHandoff.StackRootPublishDuringRetireKeepsHeapIntact
[  PASS  ] AllocBufferHandoff.StackRootPublishDuringRetireKeepsHeapIntact
[========] 1 tests: 1 passed, 0 failed
[  RUN   ] TLABUsage.BoundsAndDemand
TLAB_EMPTY_IDENTITY product=0x7a33bcfd18e0 caller=0x7a33bcfd18e0
[  PASS  ] TLABUsage.BoundsAndDemand
[========] 1 tests: 1 passed, 0 failed
[  RUN   ] TLABUsage.NativeFrameRootScan
NATIVE_FRAME_TARGET executed=1 derived=0 status=0 completed=1
[  PASS  ] TLABUsage.NativeFrameRootScan
[========] 1 tests: 1 passed, 0 failed
[  RUN   ] TLABUsage.NativeFrameDerivedScan
NATIVE_FRAME_TARGET executed=1 derived=1 status=0 completed=1
[  PASS  ] TLABUsage.NativeFrameDerivedScan
[========] 1 tests: 1 passed, 0 failed
[  RUN   ] TLABUsage.YoungOccupancyUsesActualExtent
[  RUN   ] TLABUsage.YoungOccupancyUsesActualExtent
2026-09-15 10:37:16.909583 2522058 E [FWDTABLE] armed base=0x74499bb62000 size=24576 unit=4096 entries=6
GC_UNIT_OTHER_VM_OKIDOKI TLABUsage.YoungOccupancyUsesActualExtent
[  PASS  ] TLABUsage.YoungOccupancyUsesActualExtent
[========] 1 tests: 1 passed, 0 failed
[  RUN   ] TLABUsage.AllocationCycleResizesNextRefill
[  RUN   ] TLABUsage.AllocationCycleResizesNextRefill
2026-09-15 10:37:16.911268 2522214 E [FWDTABLE] armed base=0x7e1a84000000 size=33554432 unit=4096 entries=8192
2026-09-15 10:37:16.915089 2522290 E [ZCOLOR2][mark-mask-flip] generation=young count=1 g_cjMarkBadMask=0x9e000000000000 g_cjStoreBadMask=0x19e000000000000
2026-09-15 10:37:16.915281 2522290 E [GCV2][epoch-handshake] source=pre-minor-stack epoch=1 requested=2 acked=2 acked_twice=0 self=0 gc_assisted=2 starting=0 running=2 parked=0 exiting=0 deferred_create=0 born_clean=0 exit_transition=0 destroy_deferred=0 stw_calls=0 stack_scanned=2 stack_fallback=0 stack_frames=1 wlock_us=0 timeout_ms=0 epoch_handshake=required stack_scan=required
2026-09-15 10:37:16.915455 2522257 E [GCV2][stack-scan-fallback] epoch=1 concurrent_done=2 stw_fallback=0 stack_scan=required
2026-09-15 10:37:16.915595 2522290 E [GhostRetention] retained_regions=0 retained_bytes=0
2026-09-15 10:37:16.919075 2522290 E [GCV2][epoch-handshake] source=pre-minor-stack epoch=2 requested=2 acked=2 acked_twice=0 self=0 gc_assisted=2 starting=0 running=2 parked=0 exiting=0 deferred_create=0 born_clean=0 exit_transition=0 destroy_deferred=0 stw_calls=0 stack_scanned=2 stack_fallback=0 stack_frames=1 wlock_us=0 timeout_ms=0 epoch_handshake=required stack_scan=required
2026-09-15 10:37:16.919212 2522261 E [GCV2][stack-scan-fallback] epoch=2 concurrent_done=2 stw_fallback=0 stack_scan=required
2026-09-15 10:37:16.919335 2522290 E [GhostRetention] retained_regions=0 retained_bytes=0
2026-09-15 10:37:16.922573 2522257 E [GCV2][fwd-unmarked-keep] n=3 region=0x7e1a8ddffce0 start=0x7e1a84004000 alloc=0x7e1a84005ff8 route=3 live=0 — ExemptFromRegion (not marked this cycle)
2026-09-15 10:37:16.922580 2522261 E [GCV2][fwd-unmarked-keep] n=5 region=0x7e1a8ddff920 start=0x7e1a8400a000 alloc=0x7e1a8400bff8 route=3 live=0 — ExemptFromRegion (not marked this cycle)
2026-09-15 10:37:16.922660 2522256 E [GCV2][fwd-unmarked-keep] n=16 region=0x7e1a8ddfeca0 start=0x7e1a8401e000 alloc=0x7e1a8401fff8 route=3 live=0 — ExemptFromRegion (not marked this cycle)
2026-09-15 10:37:16.922574 2522254 E [GCV2][fwd-unmarked-keep] n=2 region=0x7e1a8ddffe20 start=0x7e1a84002000 alloc=0x7e1a84003ff8 route=3 live=0 — ExemptFromRegion (not marked this cycle)
2026-09-15 10:37:16.922574 2522260 E [GCV2][fwd-unmarked-keep] n=1 region=0x7e1a8ddfff60 start=0x7e1a84000000 alloc=0x7e1a84001ff8 route=3 live=0 — ExemptFromRegion (not marked this cycle)
2026-09-15 10:37:16.922587 2522255 E [GCV2][fwd-unmarked-keep] n=8 region=0x7e1a8ddff6a0 start=0x7e1a8400e000 alloc=0x7e1a8400fff8 route=3 live=0 — ExemptFromRegion (not marked this cycle)
2026-09-15 10:37:16.922580 2522259 E [GCV2][fwd-unmarked-keep] n=4 region=0x7e1a8ddffba0 start=0x7e1a84006000 alloc=0x7e1a84007ff8 route=3 live=0 — ExemptFromRegion (not marked this cycle)
2026-09-15 10:37:16.922815 2522257 E [GCV2][fwd-unmarked-keep] n=64 region=0x7e1a8ddfad80 start=0x7e1a84083000 alloc=0x7e1a84085f70 route=3 live=0 — ExemptFromRegion (not marked this cycle)
2026-09-15 10:37:16.922586 2522252 E [GCV2][fwd-unmarked-keep] n=6 region=0x7e1a8ddff7e0 start=0x7e1a8400c000 alloc=0x7e1a8400dff8 route=3 live=0 — ExemptFromRegion (not marked this cycle)
2026-09-15 10:37:16.922682 2522258 E [GCV2][fwd-unmarked-keep] n=32 region=0x7e1a8ddfd8a0 start=0x7e1a8403e000 alloc=0x7e1a8403fff8 route=3 live=0 — ExemptFromRegion (not marked this cycle)
2026-09-15 10:37:16.922588 2522253 E [GCV2][fwd-unmarked-keep] n=7 region=0x7e1a8ddffa60 start=0x7e1a84008000 alloc=0x7e1a84009ff8 route=3 live=0 — ExemptFromRegion (not marked this cycle)
TLAB_CYCLE initial=8192 computed=49152 refill=49152 maximum=65536 valid=1
2026-09-15 10:37:16.914500 2522293 D 	total pages mapped: 1, slot_size: 16
2026-09-15 10:37:16.914612 2522293 D 	total pages mapped: 1, slot_size: 104
2026-09-15 10:37:16.914509 2522294 I FinalizerProcessor thread started
2026-09-15 10:37:16.914835 2522214 I Uncommit: Enabled delay=300s
2026-09-15 10:37:16.914928 2522214 I Cangjie runtime started.
2026-09-15 10:37:16.915162 2522290 I young prepare stw time 83 us
2026-09-15 10:37:16.915364 2522290 I young collection stw time 15 us
2026-09-15 10:37:16.915677 2522290 I young mark terminate stw time 93 us
2026-09-15 10:37:16.915787 2522290 I young post-relocate stw time 32 us
2026-09-15 10:37:16.915847 2522290 I young retire forwarding stw time 3 us
2026-09-15 10:37:16.918938 2522290 I young prepare stw time 38 us
2026-09-15 10:37:16.919151 2522290 I young collection stw time 14 us
2026-09-15 10:37:16.922496 2522290 I young mark terminate stw time 3175 us
2026-09-15 10:37:16.923617 2522290 I young post-relocate stw time 42 us
2026-09-15 10:37:16.923723 2522290 I young retire forwarding stw time 12 us
2026-09-15 10:37:16.923907 2522294 I FinalizerProcessor thread stopped
2026-09-15 10:37:16.924313 2522234 I GC Statistics: Last 10s / Last 10m / Last 10h / Total (average / maximum)
2026-09-15 10:37:16.924410 2522234 I Critical: Finalizer 0/0 0/0 0/0 0/0 ops/s
2026-09-15 10:37:16.924445 2522234 I Critical: Finalizer 0/0 0/0 0/0 0/0 ns
2026-09-15 10:37:16.924473 2522234 I Critical: ReclaimGarbageRegions 0/0 0/0 0/0 0/0 ops/s
2026-09-15 10:37:16.924499 2522234 I Critical: ReclaimGarbageRegions 0/0 0/0 0/0 0/0 ns
2026-09-15 10:37:16.924526 2522234 I Critical: finalizerProcessor waitting time 0/0 0/0 0/0 0/0 ops/s
2026-09-15 10:37:16.924552 2522234 I Critical: finalizerProcessor waitting time 0/0 0/0 0/0 0/0 ns
2026-09-15 10:37:16.924578 2522234 I Major Collection: Major Collection 0/0 0/0 0/0 0/0 ns
2026-09-15 10:37:16.924604 2522234 I Memory: Allocation Rate 0/0 0/0 0/0 0/0 B/s
2026-09-15 10:37:16.924630 2522234 I Minor Collection: Minor Collection 0/0 0/0 0/0 0/0 ns
2026-09-15 10:37:16.924656 2522234 I Old Generation: Old Generation 0/0 0/0 0/0 0/0 ns
2026-09-15 10:37:16.924682 2522234 I Old Generation: Reclaimed 0/0 0/0 0/0 0/0 B
2026-09-15 10:37:16.924708 2522234 I Old Pause: old.relocate_start 0/0 0/0 0/0 0/0 ns
2026-09-15 10:37:16.924734 2522234 I Old Subphase: Collect large garbage 0/0 0/0 0/0 0/0 ns
2026-09-15 10:37:16.924760 2522234 I Old Subphase: CollectFromSpaceGarbage 0/0 0/0 0/0 0/0 ns
2026-09-15 10:37:16.924786 2522234 I Old Subphase: Concurrent marking 0/0 0/0 0/0 0/0 ns
2026-09-15 10:37:16.924812 2522234 I Old Subphase: Concurrent re-marking 0/0 0/0 0/0 0/0 ns
2026-09-15 10:37:16.924838 2522234 I Old Subphase: DoTracing 0/0 0/0 0/0 0/0 ns
2026-09-15 10:37:16.924864 2522234 I Old Subphase: ExemptFromRegions 0/0 0/0 0/0 0/0 ns
2026-09-15 10:37:16.924890 2522234 I Old Subphase: ForwardFromRegions 0/0 0/0 0/0 0/0 ns
2026-09-15 10:37:16.924916 2522234 I Old Subphase: PostTrace 0/0 0/0 0/0 0/0 ns
2026-09-15 10:37:16.924942 2522234 I Old Subphase: Preforward 0/0 0/0 0/0 0/0 ns
2026-09-15 10:37:16.924968 2522234 I Old Subphase: RemapYoungRoots 0/0 0/0 0/0 0/0 ns
2026-09-15 10:37:16.924994 2522234 I Old Subphase: concurrent resurrection 0/0 0/0 0/0 0/0 ns
2026-09-15 10:37:16.925020 2522234 I Old Subphase: enum roots & update old pointers within 0/0 0/0 0/0 0/0 ns
2026-09-15 10:37:16.925053 2522234 I Old Subphase: identify useless extern ref 0/0 0/0 0/0 0/0 ns
2026-09-15 10:37:16.925079 2522234 I Old Subphase: trace live objects & update old pointers in ref-fields 0/0 0/0 0/0 0/0 ns
2026-09-15 10:37:16.925105 2522234 I Test: Unobserved 0/0 0/0 0/0 0/0 ns
2026-09-15 10:37:16.925131 2522234 I Young Generation: Reclaimed 0/0 0/0 0/0 0/0 B
2026-09-15 10:37:16.925157 2522234 I Young Generation: Young Generation 0/0 0/0 0/0 0/0 ns
2026-09-15 10:37:16.925183 2522234 I Young Subphase: ForwardFromRegions 0/0 0/0 0/0 0/0 ns
2026-09-15 10:37:16.925209 2522234 I Young Subphase: young.conc_promote_walk 0/0 0/0 0/0 0/0 ns
2026-09-15 10:37:16.925235 2522234 I Young Subphase: young.concurrent_relocate 0/0 0/0 0/0 0/0 ns
2026-09-15 10:37:16.925352 2522234 I Young Subphase: young.evac_finish 0/0 0/0 0/0 0/0 ns
2026-09-15 10:37:16.925379 2522234 I Young Subphase: young.evac_retire 0/0 0/0 0/0 0/0 ns
2026-09-15 10:37:16.925406 2522234 I Young Subphase: young.flush_alloc 0/0 0/0 0/0 0/0 ns
2026-09-15 10:37:16.925432 2522234 I Young Subphase: young.mark_closure 0/0 0/0 0/0 0/0 ns
2026-09-15 10:37:16.925458 2522234 I Young Subphase: young.mark_follow 0/0 0/0 0/0 0/0 ns
2026-09-15 10:37:16.925484 2522234 I Young Subphase: young.mark_from_remset 0/0 0/0 0/0 0/0 ns
2026-09-15 10:37:16.925511 2522234 I Young Subphase: young.pinned_scan 0/0 0/0 0/0 0/0 ns
2026-09-15 10:37:16.925537 2522234 I Young Subphase: young.post_evac_finish 0/0 0/0 0/0 0/0 ns
2026-09-15 10:37:16.925563 2522234 I Young Subphase: young.pre_evac_clear 0/0 0/0 0/0 0/0 ns
2026-09-15 10:37:16.925589 2522234 I Young Subphase: young.prepare_candidates 0/0 0/0 0/0 0/0 ns
2026-09-15 10:37:16.925615 2522234 I Young Subphase: young.ref_fix 0/0 0/0 0/0 0/0 ns
2026-09-15 10:37:16.925641 2522234 I Young Subphase: young.ref_fix_bulk 0/0 0/0 0/0 0/0 ns
2026-09-15 10:37:16.925668 2522234 I Young Subphase: young.ref_fix_prepare 0/0 0/0 0/0 0/0 ns
2026-09-15 10:37:16.925694 2522234 I Young Subphase: young.ref_fix_root_pass1 0/0 0/0 0/0 0/0 ns
2026-09-15 10:37:16.925720 2522234 I Young Subphase: young.remset_drain 0/0 0/0 0/0 0/0 ns
2026-09-15 10:37:16.925746 2522234 I Young Subphase: young.remset_rescan 0/0 0/0 0/0 0/0 ns
2026-09-15 10:37:16.925772 2522234 I Young Subphase: young.root_enum 0/0 0/0 0/0 0/0 ns
2026-09-15 10:37:16.935174 2522148 D 	total pages mapped: 0, slot_size: 16
2026-09-15 10:37:16.935277 2522148 D 	total pages mapped: 0, slot_size: 104
2026-09-15 10:37:16.936229 2522148 I Cangjie runtime shutdown.
GC_UNIT_OTHER_VM_OKIDOKI TLABUsage.AllocationCycleResizesNextRefill
[GCV2][markwater] atexit armed=0 turned=0
2026-09-15 10:37:16.936325 2522148 E [GCV2][markterm] atexit pauses=2 flushedInPause=0 ncontinue=0
[  PASS  ] TLABUsage.AllocationCycleResizesNextRefill
[========] 1 tests: 1 passed, 0 failed
[  RUN   ] SharedSmallPage.AtomicBoundsPreserveTop
[  RUN   ] SharedSmallPage.AtomicBoundsPreserveTop
2026-09-15 10:37:16.910976 2522192 E [FWDTABLE] armed base=0x719504916000 size=24576 unit=4096 entries=6
GC_UNIT_OTHER_VM_OKIDOKI SharedSmallPage.AtomicBoundsPreserveTop
[  PASS  ] SharedSmallPage.AtomicBoundsPreserveTop
[========] 1 tests: 1 passed, 0 failed
[  RUN   ] SharedSmallPage.AtomicReservationsDoNotOverlap
[  RUN   ] SharedSmallPage.AtomicReservationsDoNotOverlap
2026-09-15 10:37:16.911914 2522201 E [FWDTABLE] armed base=0x777936f5a000 size=24576 unit=4096 entries=6
GC_UNIT_OTHER_VM_OKIDOKI SharedSmallPage.AtomicReservationsDoNotOverlap
[  PASS  ] SharedSmallPage.AtomicReservationsDoNotOverlap
[========] 1 tests: 1 passed, 0 failed
[  RUN   ] SharedSmallPage.AgeRefillAndRetirement
[  RUN   ] SharedSmallPage.AgeRefillAndRetirement
2026-09-15 10:37:16.916371 2522204 E [FWDTABLE] armed base=0x758cec7c0000 size=262144 unit=4096 entries=64
GC_UNIT_OTHER_VM_OKIDOKI SharedSmallPage.AgeRefillAndRetirement
[  PASS  ] SharedSmallPage.AgeRefillAndRetirement
[========] 1 tests: 1 passed, 0 failed
[  RUN   ] SharedSmallPage.TLABAccountingOnlySmallEden
[  RUN   ] SharedSmallPage.TLABAccountingOnlySmallEden
2026-09-15 10:37:16.914873 2522207 E [FWDTABLE] armed base=0x7071c8dc0000 size=262144 unit=4096 entries=64
GC_UNIT_OTHER_VM_OKIDOKI SharedSmallPage.TLABAccountingOnlySmallEden
[  PASS  ] SharedSmallPage.TLABAccountingOnlySmallEden
[========] 1 tests: 1 passed, 0 failed
[  RUN   ] SharedSmallPage.MigrationUsesCurrentCPU
[  RUN   ] SharedSmallPage.MigrationUsesCurrentCPU
2026-09-15 10:37:16.917896 2522224 E [FWDTABLE] armed base=0x77bae22a5000 size=262144 unit=4096 entries=64
GC_UNIT_OTHER_VM_OKIDOKI SharedSmallPage.MigrationUsesCurrentCPU
[  PASS  ] SharedSmallPage.MigrationUsesCurrentCPU
[========] 1 tests: 1 passed, 0 failed
[  RUN   ] YoungWeakClosure.SingleWorkerKeepsYoungReferentStrong
[  RUN   ] YoungWeakClosure.SingleWorkerKeepsYoungReferentStrong
2026-09-15 10:37:16.913576 2522223 E [FWDTABLE] armed base=0x7eb6d5c81000 size=24576 unit=4096 entries=6
2026-09-15 10:37:16.913852 2522223 E [ZCOLOR2][mark-mask-flip] generation=young count=1 g_cjMarkBadMask=0x9e000000000000 g_cjStoreBadMask=0x19e000000000000
2026-09-15 10:37:16.913952 2522223 E [GCV2][epoch-handshake] source=pre-minor-stack epoch=1 requested=0 acked=0 acked_twice=0 self=0 gc_assisted=0 starting=0 running=0 parked=0 exiting=0 deferred_create=0 born_clean=0 exit_transition=0 destroy_deferred=0 stw_calls=0 stack_scanned=0 stack_fallback=0 stack_frames=0 wlock_us=0 timeout_ms=0 epoch_handshake=required stack_scan=required
2026-09-15 10:37:16.914058 2522264 E [GCV2][stack-scan-fallback] epoch=1 concurrent_done=0 stw_fallback=0 stack_scan=required
2026-09-15 10:37:16.914213 2522223 E [GhostRetention] retained_regions=0 retained_bytes=0
TARGET_YOUNG_STRONG_CLOSURE workers=1 root=1 weak=1 referent=1 child=1
GC_UNIT_OTHER_VM_OKIDOKI YoungWeakClosure.SingleWorkerKeepsYoungReferentStrong
[GCV2][markwater] atexit armed=0 turned=0
2026-09-15 10:37:16.914517 2522223 E [GCV2][markterm] atexit pauses=1 flushedInPause=0 ncontinue=0
[  PASS  ] YoungWeakClosure.SingleWorkerKeepsYoungReferentStrong
[========] 1 tests: 1 passed, 0 failed
[  RUN   ] YoungWeakClosure.StripedKeepsYoungReferentStrong
[  RUN   ] YoungWeakClosure.StripedKeepsYoungReferentStrong
2026-09-15 10:37:16.913842 2522228 E [FWDTABLE] armed base=0x79e0e2cbf000 size=24576 unit=4096 entries=6
2026-09-15 10:37:16.914186 2522228 E [ZCOLOR2][mark-mask-flip] generation=young count=1 g_cjMarkBadMask=0x9e000000000000 g_cjStoreBadMask=0x19e000000000000
2026-09-15 10:37:16.914274 2522228 E [GCV2][epoch-handshake] source=pre-minor-stack epoch=1 requested=0 acked=0 acked_twice=0 self=0 gc_assisted=0 starting=0 running=0 parked=0 exiting=0 deferred_create=0 born_clean=0 exit_transition=0 destroy_deferred=0 stw_calls=0 stack_scanned=0 stack_fallback=0 stack_frames=0 wlock_us=0 timeout_ms=0 epoch_handshake=required stack_scan=required
2026-09-15 10:37:16.914415 2522280 E [GCV2][stack-scan-fallback] epoch=1 concurrent_done=0 stw_fallback=0 stack_scan=required
2026-09-15 10:37:16.914588 2522228 E [GhostRetention] retained_regions=0 retained_bytes=0
TARGET_YOUNG_STRONG_CLOSURE workers=2 root=1 weak=1 referent=1 child=1
GC_UNIT_OTHER_VM_OKIDOKI YoungWeakClosure.StripedKeepsYoungReferentStrong
[GCV2][markwater] atexit armed=0 turned=0
2026-09-15 10:37:16.914936 2522228 E [GCV2][markterm] atexit pauses=1 flushedInPause=0 ncontinue=0
[  PASS  ] YoungWeakClosure.StripedKeepsYoungReferentStrong
[========] 1 tests: 1 passed, 0 failed
[  RUN   ] YoungWeakClosure.OldWeakSlotKeepsYoungReferentStrong
[  RUN   ] YoungWeakClosure.OldWeakSlotKeepsYoungReferentStrong
2026-09-15 10:37:16.915590 2522243 E [FWDTABLE] armed base=0x72f1848bf000 size=24576 unit=4096 entries=6
2026-09-15 10:37:16.915930 2522243 E [ZCOLOR2][mark-mask-flip] generation=young count=1 g_cjMarkBadMask=0x9e000000000000 g_cjStoreBadMask=0x19e000000000000
2026-09-15 10:37:16.916018 2522243 E [GCV2][epoch-handshake] source=pre-minor-stack epoch=1 requested=0 acked=0 acked_twice=0 self=0 gc_assisted=0 starting=0 running=0 parked=0 exiting=0 deferred_create=0 born_clean=0 exit_transition=0 destroy_deferred=0 stw_calls=0 stack_scanned=0 stack_fallback=0 stack_frames=0 wlock_us=0 timeout_ms=0 epoch_handshake=required stack_scan=required
2026-09-15 10:37:16.916122 2522305 E [GCV2][stack-scan-fallback] epoch=1 concurrent_done=0 stw_fallback=0 stack_scan=required
2026-09-15 10:37:16.916315 2522243 E [GhostRetention] retained_regions=0 retained_bytes=0
2026-09-15 10:37:16.916382 2522305 E [COLOURWHO] armed first sc=0
DETAIL young_weak_remset slot=0x72f1848bf088 recorded_before_minor=1 referent_mark=1
GC_UNIT_OTHER_VM_OKIDOKI YoungWeakClosure.OldWeakSlotKeepsYoungReferentStrong
[GCV2][markwater] atexit armed=0 turned=0
2026-09-15 10:37:16.916668 2522243 E [GCV2][markterm] atexit pauses=1 flushedInPause=0 ncontinue=0
[  PASS  ] YoungWeakClosure.OldWeakSlotKeepsYoungReferentStrong
[========] 1 tests: 1 passed, 0 failed
[  RUN   ] YoungWeakClosure.CommonMajorRootUsesWeakDiscoveryPolicy
[  RUN   ] YoungWeakClosure.CommonMajorRootUsesWeakDiscoveryPolicy
2026-09-15 10:37:16.916065 2522262 E [FWDTABLE] armed base=0x761dfd414000 size=24576 unit=4096 entries=6
2026-09-15 10:37:16.916356 2522262 E [ZCOLOR2][mark-mask-flip] generation=young count=1 g_cjMarkBadMask=0x9e000000000000 g_cjStoreBadMask=0x19e000000000000
2026-09-15 10:37:16.916475 2522262 E [ZCOLOR2][mark-mask-flip] generation=old count=1 g_cjMarkBadMask=0x5e000000000000
2026-09-15 10:37:16.916523 2522262 E [GCV2][epoch-handshake] source=pre-minor-stack epoch=1 requested=0 acked=0 acked_twice=0 self=0 gc_assisted=0 starting=0 running=0 parked=0 exiting=0 deferred_create=0 born_clean=0 exit_transition=0 destroy_deferred=0 stw_calls=0 stack_scanned=0 stack_fallback=0 stack_frames=0 wlock_us=0 timeout_ms=0 epoch_handshake=required stack_scan=required
2026-09-15 10:37:16.916628 2522316 E [GCV2][stack-scan-fallback] epoch=1 concurrent_done=0 stw_fallback=0 stack_scan=required
2026-09-15 10:37:16.916758 2522262 E [GhostRetention] retained_regions=0 retained_bytes=0
2026-09-15 10:37:16.916865 2522262 E [GCV2][epoch-handshake] source=pre-major-stack epoch=2 requested=0 acked=0 acked_twice=0 self=0 gc_assisted=0 starting=0 running=0 parked=0 exiting=0 deferred_create=0 born_clean=0 exit_transition=0 destroy_deferred=0 stw_calls=0 stack_scanned=0 stack_fallback=0 stack_frames=0 wlock_us=0 timeout_ms=0 epoch_handshake=required stack_scan=required
2026-09-15 10:37:16.916931 2522314 E [TRACECOV] slow_enter=1
2026-09-15 10:37:16.917039 2522314 E [COLOURWHO] armed first sc=0
2026-09-15 10:37:16.917111 2522314 E [TRACECOV] healed=1
DETAIL major_weak family=common discovered=1 strong_mark=1 weak_mark=1 referent_mark=0 child_mark=0 referent_cleared=1
GC_UNIT_OTHER_VM_OKIDOKI YoungWeakClosure.CommonMajorRootUsesWeakDiscoveryPolicy
[GCV2][markwater] atexit armed=0 turned=0
2026-09-15 10:37:16.917375 2522262 E [GCV2][markterm] atexit pauses=2 flushedInPause=0 ncontinue=0
[  PASS  ] YoungWeakClosure.CommonMajorRootUsesWeakDiscoveryPolicy
[========] 1 tests: 1 passed, 0 failed
[  RUN   ] YoungWeakClosure.ExportMajorRootUsesWeakDiscoveryPolicy
[  RUN   ] YoungWeakClosure.ExportMajorRootUsesWeakDiscoveryPolicy
2026-09-15 10:37:16.916677 2522275 E [FWDTABLE] armed base=0x7b8f77deb000 size=24576 unit=4096 entries=6
2026-09-15 10:37:16.916986 2522275 E [ZCOLOR2][mark-mask-flip] generation=young count=1 g_cjMarkBadMask=0x9e000000000000 g_cjStoreBadMask=0x19e000000000000
2026-09-15 10:37:16.917093 2522275 E [ZCOLOR2][mark-mask-flip] generation=old count=1 g_cjMarkBadMask=0x5e000000000000
2026-09-15 10:37:16.917137 2522275 E [GCV2][epoch-handshake] source=pre-minor-stack epoch=1 requested=0 acked=0 acked_twice=0 self=0 gc_assisted=0 starting=0 running=0 parked=0 exiting=0 deferred_create=0 born_clean=0 exit_transition=0 destroy_deferred=0 stw_calls=0 stack_scanned=0 stack_fallback=0 stack_frames=0 wlock_us=0 timeout_ms=0 epoch_handshake=required stack_scan=required
2026-09-15 10:37:16.917254 2522325 E [GCV2][stack-scan-fallback] epoch=1 concurrent_done=0 stw_fallback=0 stack_scan=required
2026-09-15 10:37:16.917386 2522275 E [GhostRetention] retained_regions=0 retained_bytes=0
2026-09-15 10:37:16.917570 2522275 E [GCV2][epoch-handshake] source=pre-major-stack epoch=2 requested=0 acked=0 acked_twice=0 self=0 gc_assisted=0 starting=0 running=0 parked=0 exiting=0 deferred_create=0 born_clean=0 exit_transition=0 destroy_deferred=0 stw_calls=0 stack_scanned=0 stack_fallback=0 stack_frames=0 wlock_us=0 timeout_ms=0 epoch_handshake=required stack_scan=required
2026-09-15 10:37:16.917704 2522323 E [TRACECOV] slow_enter=1
2026-09-15 10:37:16.917803 2522323 E [COLOURWHO] armed first sc=0
2026-09-15 10:37:16.917851 2522275 E [TRACECOV] slow_enter=2
2026-09-15 10:37:16.917947 2522323 E [TRACECOV] healed=1
DETAIL major_weak family=export discovered=1 strong_mark=1 weak_mark=1 referent_mark=0 child_mark=0 referent_cleared=1
GC_UNIT_OTHER_VM_OKIDOKI YoungWeakClosure.ExportMajorRootUsesWeakDiscoveryPolicy
[GCV2][markwater] atexit armed=0 turned=0
2026-09-15 10:37:16.918220 2522275 E [GCV2][markterm] atexit pauses=2 flushedInPause=0 ncontinue=0
[  PASS  ] YoungWeakClosure.ExportMajorRootUsesWeakDiscoveryPolicy
[========] 1 tests: 1 passed, 0 failed
[  RUN   ] MarkingStacksProduct.MarkEndChecksPrivateStacksByGeneration
[  RUN   ] MarkingStacksProduct.MarkEndChecksPrivateStacksByGeneration
[  RUN   ] MarkingStacksProduct.MarkEndChecksPrivateStacksByGeneration
2026-09-15 10:37:16.919305 2522356 F Check failed: stacks == nullptr || stacks->IsEmpty()
2026-09-15 10:37:16.919514 2522356 F Thread marking stack is not empty: thread=0x7570007debc0 generation=1
2026-09-15 10:37:16.991613 2522972 F Check failed: stacks == nullptr || stacks->IsEmpty()
2026-09-15 10:37:16.991823 2522972 F Thread marking stack is not empty: thread=0x7570007debc0 generation=0
GC_UNIT_OTHER_VM_OKIDOKI MarkingStacksProduct.MarkEndChecksPrivateStacksByGeneration
GC_UNIT_OTHER_VM_OKIDOKI MarkingStacksProduct.MarkEndChecksPrivateStacksByGeneration
[  PASS  ] MarkingStacksProduct.MarkEndChecksPrivateStacksByGeneration
[========] 1 tests: 1 passed, 0 failed
[  RUN   ] MarkingStacksProduct.MajorSerialEntersFromDoGarbageCollection
[  RUN   ] MarkingStacksProduct.MajorSerialEntersFromDoGarbageCollection
2026-09-15 10:37:16.917028 2522295 E [FWDTABLE] armed base=0x71d69a75a000 size=24576 unit=4096 entries=6
2026-09-15 10:37:16.917336 2522295 E [ZCOLOR2][mark-mask-flip] generation=young count=1 g_cjMarkBadMask=0x9e000000000000 g_cjStoreBadMask=0x19e000000000000
2026-09-15 10:37:16.917418 2522295 E [ZCOLOR2][mark-mask-flip] generation=old count=1 g_cjMarkBadMask=0x5e000000000000
2026-09-15 10:37:16.917459 2522295 E [GCV2][epoch-handshake] source=pre-minor-stack epoch=1 requested=0 acked=0 acked_twice=0 self=0 gc_assisted=0 starting=0 running=0 parked=0 exiting=0 deferred_create=0 born_clean=0 exit_transition=0 destroy_deferred=0 stw_calls=0 stack_scanned=0 stack_fallback=0 stack_frames=0 wlock_us=0 timeout_ms=0 epoch_handshake=required stack_scan=required
2026-09-15 10:37:16.917557 2522333 E [GCV2][stack-scan-fallback] epoch=1 concurrent_done=0 stw_fallback=0 stack_scan=required
2026-09-15 10:37:16.917676 2522295 E [GhostRetention] retained_regions=0 retained_bytes=0
2026-09-15 10:37:16.917785 2522295 E [GCV2][epoch-handshake] source=pre-major-stack epoch=2 requested=0 acked=0 acked_twice=0 self=0 gc_assisted=0 starting=0 running=0 parked=0 exiting=0 deferred_create=0 born_clean=0 exit_transition=0 destroy_deferred=0 stw_calls=0 stack_scanned=0 stack_fallback=0 stack_frames=0 wlock_us=0 timeout_ms=0 epoch_handshake=required stack_scan=required
2026-09-15 10:37:16.917844 2522331 E [TRACECOV] slow_enter=1
2026-09-15 10:37:16.917942 2522331 E [COLOURWHO] armed first sc=0
2026-09-15 10:37:16.918011 2522331 E [TRACECOV] healed=1
2026-09-15 10:37:16.918083 2522295 E [GhostRetention] retained_regions=0 retained_bytes=0
DETAIL major_weak family=common discovered=1 strong_mark=1 weak_mark=1 referent_mark=0 child_mark=0 referent_cleared=1
GC_UNIT_OTHER_VM_OKIDOKI MarkingStacksProduct.MajorSerialEntersFromDoGarbageCollection
[GCV2][markwater] atexit armed=0 turned=0
2026-09-15 10:37:16.918427 2522295 E [GCV2][markterm] atexit pauses=2 flushedInPause=0 ncontinue=0
[  PASS  ] MarkingStacksProduct.MajorSerialEntersFromDoGarbageCollection
[========] 1 tests: 1 passed, 0 failed
[  RUN   ] MarkingStacksProduct.MajorParallelEntersFromDoGarbageCollection
[  RUN   ] MarkingStacksProduct.MajorParallelEntersFromDoGarbageCollection
2026-09-15 10:37:16.918423 2522311 E [FWDTABLE] armed base=0x7e54cb4cb000 size=24576 unit=4096 entries=6
2026-09-15 10:37:16.918789 2522311 E [ZCOLOR2][mark-mask-flip] generation=young count=1 g_cjMarkBadMask=0x9e000000000000 g_cjStoreBadMask=0x19e000000000000
2026-09-15 10:37:16.918910 2522311 E [ZCOLOR2][mark-mask-flip] generation=old count=1 g_cjMarkBadMask=0x5e000000000000
2026-09-15 10:37:16.918959 2522311 E [GCV2][epoch-handshake] source=pre-minor-stack epoch=1 requested=0 acked=0 acked_twice=0 self=0 gc_assisted=0 starting=0 running=0 parked=0 exiting=0 deferred_create=0 born_clean=0 exit_transition=0 destroy_deferred=0 stw_calls=0 stack_scanned=0 stack_fallback=0 stack_frames=0 wlock_us=0 timeout_ms=0 epoch_handshake=required stack_scan=required
2026-09-15 10:37:16.919078 2522348 E [GCV2][stack-scan-fallback] epoch=1 concurrent_done=0 stw_fallback=0 stack_scan=required
2026-09-15 10:37:16.919210 2522311 E [GhostRetention] retained_regions=0 retained_bytes=0
2026-09-15 10:37:16.919433 2522311 E [GCV2][epoch-handshake] source=pre-major-stack epoch=2 requested=0 acked=0 acked_twice=0 self=0 gc_assisted=0 starting=0 running=0 parked=0 exiting=0 deferred_create=0 born_clean=0 exit_transition=0 destroy_deferred=0 stw_calls=0 stack_scanned=0 stack_fallback=0 stack_frames=0 wlock_us=0 timeout_ms=0 epoch_handshake=required stack_scan=required
2026-09-15 10:37:16.919546 2522346 E [TRACECOV] slow_enter=1
2026-09-15 10:37:16.919654 2522346 E [COLOURWHO] armed first sc=0
2026-09-15 10:37:16.919704 2522346 E [TRACECOV] slow_enter=2
2026-09-15 10:37:16.919733 2522346 E [TRACECOV] slow_enter=4
2026-09-15 10:37:16.919761 2522346 E [TRACECOV] slow_enter=8
2026-09-15 10:37:16.919792 2522346 E [TRACECOV] slow_enter=16
2026-09-15 10:37:16.919821 2522346 E [TRACECOV] slow_enter=32
2026-09-15 10:37:16.919849 2522346 E [TRACECOV] slow_enter=64
2026-09-15 10:37:16.919882 2522346 E [TRACECOV] slow_enter=128
2026-09-15 10:37:16.919918 2522346 E [TRACECOV] slow_enter=256
2026-09-15 10:37:16.919962 2522346 E [TRACECOV] slow_enter=512
2026-09-15 10:37:16.920024 2522346 E [TRACECOV] slow_enter=1024
2026-09-15 10:37:16.920129 2522344 E [TRACECOV] healed=1
2026-09-15 10:37:16.920614 2522311 E [GhostRetention] retained_regions=0 retained_bytes=0
DETAIL major_weak family=common discovered=1 strong_mark=1 weak_mark=1 referent_mark=0 child_mark=0 referent_cleared=1
GC_UNIT_OTHER_VM_OKIDOKI MarkingStacksProduct.MajorParallelEntersFromDoGarbageCollection
[GCV2][markwater] atexit armed=0 turned=0
2026-09-15 10:37:16.921061 2522311 E [GCV2][markterm] atexit pauses=2 flushedInPause=0 ncontinue=0
[  PASS  ] MarkingStacksProduct.MajorParallelEntersFromDoGarbageCollection
[========] 1 tests: 1 passed, 0 failed
[  RUN   ] MarkingStacksProduct.MajorForeignEntersFromDoGarbageCollection
[  RUN   ] MarkingStacksProduct.MajorForeignEntersFromDoGarbageCollection
2026-09-15 10:37:16.918971 2522321 E [FWDTABLE] armed base=0x767ba895e000 size=24576 unit=4096 entries=6
2026-09-15 10:37:16.919268 2522321 E [ZCOLOR2][mark-mask-flip] generation=young count=1 g_cjMarkBadMask=0x9e000000000000 g_cjStoreBadMask=0x19e000000000000
2026-09-15 10:37:16.919356 2522321 E [ZCOLOR2][mark-mask-flip] generation=old count=1 g_cjMarkBadMask=0x5e000000000000
2026-09-15 10:37:16.919396 2522321 E [GCV2][epoch-handshake] source=pre-minor-stack epoch=1 requested=0 acked=0 acked_twice=0 self=0 gc_assisted=0 starting=0 running=0 parked=0 exiting=0 deferred_create=0 born_clean=0 exit_transition=0 destroy_deferred=0 stw_calls=0 stack_scanned=0 stack_fallback=0 stack_frames=0 wlock_us=0 timeout_ms=0 epoch_handshake=required stack_scan=required
2026-09-15 10:37:16.919474 2522357 E [GCV2][stack-scan-fallback] epoch=1 concurrent_done=0 stw_fallback=0 stack_scan=required
2026-09-15 10:37:16.919601 2522321 E [GhostRetention] retained_regions=0 retained_bytes=0
2026-09-15 10:37:16.919704 2522321 E [GCV2][epoch-handshake] source=pre-major-stack epoch=2 requested=0 acked=0 acked_twice=0 self=0 gc_assisted=0 starting=0 running=0 parked=0 exiting=0 deferred_create=0 born_clean=0 exit_transition=0 destroy_deferred=0 stw_calls=0 stack_scanned=0 stack_fallback=0 stack_frames=0 wlock_us=0 timeout_ms=0 epoch_handshake=required stack_scan=required
2026-09-15 10:37:16.919765 2522321 E [TRACECOV] slow_enter=1
2026-09-15 10:37:16.919794 2522321 E [COLOURWHO] armed first sc=0
2026-09-15 10:37:16.919851 2522355 E [TRACECOV] healed=1
2026-09-15 10:37:16.919979 2522321 E [GhostRetention] retained_regions=0 retained_bytes=0
DETAIL major_weak family=export discovered=1 strong_mark=1 weak_mark=1 referent_mark=0 child_mark=0 referent_cleared=1
GC_UNIT_OTHER_VM_OKIDOKI MarkingStacksProduct.MajorForeignEntersFromDoGarbageCollection
[GCV2][markwater] atexit armed=0 turned=0
2026-09-15 10:37:16.920739 2522321 E [GCV2][markterm] atexit pauses=2 flushedInPause=0 ncontinue=0
[  PASS  ] MarkingStacksProduct.MajorForeignEntersFromDoGarbageCollection
[========] 1 tests: 1 passed, 0 failed
[  RUN   ] YoungWeakClosure.ExportOnlyMajorRootOwnsItsClosure
[  RUN   ] YoungWeakClosure.ExportOnlyMajorRootOwnsItsClosure
2026-09-15 10:37:16.919629 2522329 E [FWDTABLE] armed base=0x7c9a4ea91000 size=24576 unit=4096 entries=6
2026-09-15 10:37:16.919937 2522329 E [ZCOLOR2][mark-mask-flip] generation=young count=1 g_cjMarkBadMask=0x9e000000000000 g_cjStoreBadMask=0x19e000000000000
2026-09-15 10:37:16.920056 2522329 E [ZCOLOR2][mark-mask-flip] generation=old count=1 g_cjMarkBadMask=0x5e000000000000
2026-09-15 10:37:16.920102 2522329 E [GCV2][epoch-handshake] source=pre-minor-stack epoch=1 requested=0 acked=0 acked_twice=0 self=0 gc_assisted=0 starting=0 running=0 parked=0 exiting=0 deferred_create=0 born_clean=0 exit_transition=0 destroy_deferred=0 stw_calls=0 stack_scanned=0 stack_fallback=0 stack_frames=0 wlock_us=0 timeout_ms=0 epoch_handshake=required stack_scan=required
2026-09-15 10:37:16.920180 2522367 E [GCV2][stack-scan-fallback] epoch=1 concurrent_done=0 stw_fallback=0 stack_scan=required
2026-09-15 10:37:16.920313 2522329 E [GhostRetention] retained_regions=0 retained_bytes=0
2026-09-15 10:37:16.920500 2522329 E [GCV2][epoch-handshake] source=pre-major-stack epoch=2 requested=0 acked=0 acked_twice=0 self=0 gc_assisted=0 starting=0 running=0 parked=0 exiting=0 deferred_create=0 born_clean=0 exit_transition=0 destroy_deferred=0 stw_calls=0 stack_scanned=0 stack_fallback=0 stack_frames=0 wlock_us=0 timeout_ms=0 epoch_handshake=required stack_scan=required
2026-09-15 10:37:16.920638 2522329 E [TRACECOV] slow_enter=1
2026-09-15 10:37:16.920674 2522329 E [COLOURWHO] armed first sc=0
2026-09-15 10:37:16.920732 2522368 E [TRACECOV] healed=1
DETAIL export_only common_roots=0 foreign_roots=1 root_mark=1 child_mark=1
GC_UNIT_OTHER_VM_OKIDOKI YoungWeakClosure.ExportOnlyMajorRootOwnsItsClosure
[GCV2][markwater] atexit armed=0 turned=0
2026-09-15 10:37:16.921100 2522329 E [GCV2][markterm] atexit pauses=2 flushedInPause=0 ncontinue=0
[  PASS  ] YoungWeakClosure.ExportOnlyMajorRootOwnsItsClosure
[========] 1 tests: 1 passed, 0 failed
[  RUN   ] ValueRootCurrentization.MinorRuntimeDispatchMarksCurrentAndWritesBack
[  RUN   ] ValueRootCurrentization.MinorRuntimeDispatchMarksCurrentAndWritesBack
2026-09-15 10:37:16.920298 2522337 E [FWDTABLE] armed base=0x768e00d3b000 size=24576 unit=4096 entries=6
2026-09-15 10:37:16.920601 2522337 E [ZCOLOR2][mark-mask-flip] generation=young count=1 g_cjMarkBadMask=0x9e000000000000 g_cjStoreBadMask=0x19e000000000000
2026-09-15 10:37:16.920684 2522337 E [GCV2][epoch-handshake] source=pre-minor-stack epoch=1 requested=0 acked=0 acked_twice=0 self=0 gc_assisted=0 starting=0 running=0 parked=0 exiting=0 deferred_create=0 born_clean=0 exit_transition=0 destroy_deferred=0 stw_calls=0 stack_scanned=0 stack_fallback=0 stack_frames=0 wlock_us=0 timeout_ms=0 epoch_handshake=required stack_scan=required
2026-09-15 10:37:16.920775 2522375 E [GCV2][stack-scan-fallback] epoch=1 concurrent_done=0 stw_fallback=0 stack_scan=required
2026-09-15 10:37:16.920956 2522337 E [GhostRetention] retained_regions=0 retained_bytes=0
VALUE_ROOT_RUNTIME_ASSERT minor current_marked=1 carrier_current=1 after_coverage=1 lookup=0
GC_UNIT_OTHER_VM_OKIDOKI ValueRootCurrentization.MinorRuntimeDispatchMarksCurrentAndWritesBack
[GCV2][markwater] atexit armed=0 turned=0
2026-09-15 10:37:16.921277 2522337 E [GCV2][markterm] atexit pauses=1 flushedInPause=0 ncontinue=0
[  PASS  ] ValueRootCurrentization.MinorRuntimeDispatchMarksCurrentAndWritesBack
[========] 1 tests: 1 passed, 0 failed
[  RUN   ] ValueRootCurrentization.MajorProducerConsumerCurrentizesBeforeMark
[  RUN   ] ValueRootCurrentization.MajorProducerConsumerCurrentizesBeforeMark
2026-09-15 10:37:16.921142 2522342 E [FWDTABLE] armed base=0x7f0b1813a000 size=24576 unit=4096 entries=6
2026-09-15 10:37:16.921452 2522342 E [ZCOLOR2][mark-mask-flip] generation=young count=1 g_cjMarkBadMask=0x9e000000000000 g_cjStoreBadMask=0x19e000000000000
2026-09-15 10:37:16.921526 2522342 E [ZCOLOR2][mark-mask-flip] generation=old count=1 g_cjMarkBadMask=0x5e000000000000
2026-09-15 10:37:16.921566 2522342 E [GCV2][epoch-handshake] source=pre-minor-stack epoch=1 requested=0 acked=0 acked_twice=0 self=0 gc_assisted=0 starting=0 running=0 parked=0 exiting=0 deferred_create=0 born_clean=0 exit_transition=0 destroy_deferred=0 stw_calls=0 stack_scanned=0 stack_fallback=0 stack_frames=0 wlock_us=0 timeout_ms=0 epoch_handshake=required stack_scan=required
2026-09-15 10:37:16.921648 2522385 E [GCV2][stack-scan-fallback] epoch=1 concurrent_done=0 stw_fallback=0 stack_scan=required
2026-09-15 10:37:16.921773 2522342 E [GhostRetention] retained_regions=0 retained_bytes=0
2026-09-15 10:37:16.921869 2522342 E [GCV2][epoch-handshake] source=pre-major-stack epoch=2 requested=0 acked=0 acked_twice=0 self=0 gc_assisted=0 starting=0 running=0 parked=0 exiting=0 deferred_create=0 born_clean=0 exit_transition=0 destroy_deferred=0 stw_calls=0 stack_scanned=0 stack_fallback=0 stack_frames=0 wlock_us=0 timeout_ms=0 epoch_handshake=required stack_scan=required
2026-09-15 10:37:16.921954 2522342 E [TRACECOV] slow_enter=1
2026-09-15 10:37:16.921983 2522342 E [COLOURWHO] armed first sc=0
2026-09-15 10:37:16.922032 2522388 E [TRACECOV] healed=1
2026-09-15 10:37:16.922124 2522342 E [GhostRetention] retained_regions=0 retained_bytes=0
EXPORT_OWNER_DRIVER full=0 completed=0 before=0 after=0 owners=1
VALUE_ROOT_RUNTIME_ASSERT major producer_carrier=1 root_marked=1 consumer_marked=1 handoff_current=1
GC_UNIT_OTHER_VM_OKIDOKI ValueRootCurrentization.MajorProducerConsumerCurrentizesBeforeMark
[GCV2][markwater] atexit armed=0 turned=0
2026-09-15 10:37:16.922320 2522342 E [GCV2][markterm] atexit pauses=2 flushedInPause=0 ncontinue=0
[  PASS  ] ValueRootCurrentization.MajorProducerConsumerCurrentizesBeforeMark
[========] 1 tests: 1 passed, 0 failed
[  RUN   ] ValueRootCurrentization.MajorExportOwnersSharePremarkedCycle
[  RUN   ] ValueRootCurrentization.MajorExportOwnersSharePremarkedCycle
2026-09-15 10:37:16.921422 2522352 E [FWDTABLE] armed base=0x75cc4796b000 size=24576 unit=4096 entries=6
2026-09-15 10:37:16.921736 2522352 E [ZCOLOR2][mark-mask-flip] generation=young count=1 g_cjMarkBadMask=0x9e000000000000 g_cjStoreBadMask=0x19e000000000000
2026-09-15 10:37:16.921841 2522352 E [ZCOLOR2][mark-mask-flip] generation=old count=1 g_cjMarkBadMask=0x5e000000000000
2026-09-15 10:37:16.921886 2522352 E [GCV2][epoch-handshake] source=pre-minor-stack epoch=1 requested=0 acked=0 acked_twice=0 self=0 gc_assisted=0 starting=0 running=0 parked=0 exiting=0 deferred_create=0 born_clean=0 exit_transition=0 destroy_deferred=0 stw_calls=0 stack_scanned=0 stack_fallback=0 stack_frames=0 wlock_us=0 timeout_ms=0 epoch_handshake=required stack_scan=required
2026-09-15 10:37:16.921961 2522392 E [GCV2][stack-scan-fallback] epoch=1 concurrent_done=0 stw_fallback=0 stack_scan=required
2026-09-15 10:37:16.922088 2522352 E [GhostRetention] retained_regions=0 retained_bytes=0
2026-09-15 10:37:16.922175 2522352 E [GCV2][epoch-handshake] source=pre-major-stack epoch=2 requested=0 acked=0 acked_twice=0 self=0 gc_assisted=0 starting=0 running=0 parked=0 exiting=0 deferred_create=0 born_clean=0 exit_transition=0 destroy_deferred=0 stw_calls=0 stack_scanned=0 stack_fallback=0 stack_frames=0 wlock_us=0 timeout_ms=0 epoch_handshake=required stack_scan=required
2026-09-15 10:37:16.922248 2522352 E [TRACECOV] slow_enter=1
2026-09-15 10:37:16.922277 2522352 E [COLOURWHO] armed first sc=0
2026-09-15 10:37:16.922305 2522352 E [TRACECOV] slow_enter=2
2026-09-15 10:37:16.922355 2522394 E [TRACECOV] healed=1
2026-09-15 10:37:16.922435 2522394 E [TRACECOV] healed=2
2026-09-15 10:37:16.922515 2522352 E [GhostRetention] retained_regions=0 retained_bytes=0
EXPORT_OWNER_DRIVER full=0 completed=0 before=0 after=0 owners=2
VALUE_ROOT_RUNTIME_ASSERT major producer_carrier=1 root_marked=1 consumer_marked=1 handoff_current=1
GC_UNIT_OTHER_VM_OKIDOKI ValueRootCurrentization.MajorExportOwnersSharePremarkedCycle
[GCV2][markwater] atexit armed=0 turned=0
2026-09-15 10:37:16.922736 2522352 E [GCV2][markterm] atexit pauses=2 flushedInPause=0 ncontinue=0
[  PASS  ] ValueRootCurrentization.MajorExportOwnersSharePremarkedCycle
[========] 1 tests: 1 passed, 0 failed
[  RUN   ] ValueRootCurrentization.MajorDriverPairsExportOwnersBeforeHandoff
[  RUN   ] ValueRootCurrentization.MajorDriverPairsExportOwnersBeforeHandoff
2026-09-15 10:37:16.922305 2522365 E [FWDTABLE] armed base=0x7ca4b51c4000 size=24576 unit=4096 entries=6
2026-09-15 10:37:16.922623 2522365 E [ZCOLOR2][mark-mask-flip] generation=young count=1 g_cjMarkBadMask=0x9e000000000000 g_cjStoreBadMask=0x19e000000000000
2026-09-15 10:37:16.922711 2522365 E [ZCOLOR2][mark-mask-flip] generation=old count=1 g_cjMarkBadMask=0x5e000000000000
2026-09-15 10:37:16.922765 2522365 E [GCV2][epoch-handshake] source=pre-minor-stack epoch=1 requested=0 acked=0 acked_twice=0 self=0 gc_assisted=0 starting=0 running=0 parked=0 exiting=0 deferred_create=0 born_clean=0 exit_transition=0 destroy_deferred=0 stw_calls=0 stack_scanned=0 stack_fallback=0 stack_frames=0 wlock_us=0 timeout_ms=0 epoch_handshake=required stack_scan=required
2026-09-15 10:37:16.922853 2522404 E [GCV2][stack-scan-fallback] epoch=1 concurrent_done=0 stw_fallback=0 stack_scan=required
2026-09-15 10:37:16.922980 2522365 E [GhostRetention] retained_regions=0 retained_bytes=0
2026-09-15 10:37:16.923113 2522365 E [GCV2][epoch-handshake] source=pre-major-stack epoch=2 requested=0 acked=0 acked_twice=0 self=0 gc_assisted=0 starting=0 running=0 parked=0 exiting=0 deferred_create=0 born_clean=0 exit_transition=0 destroy_deferred=0 stw_calls=0 stack_scanned=0 stack_fallback=0 stack_frames=0 wlock_us=0 timeout_ms=0 epoch_handshake=required stack_scan=required
2026-09-15 10:37:16.923190 2522365 E [TRACECOV] slow_enter=1
2026-09-15 10:37:16.923219 2522365 E [COLOURWHO] armed first sc=0
2026-09-15 10:37:16.923246 2522365 E [TRACECOV] slow_enter=2
2026-09-15 10:37:16.923292 2522406 E [TRACECOV] healed=1
2026-09-15 10:37:16.923374 2522406 E [TRACECOV] healed=2
EXPORT_OWNER_TARGET before producer_carrier=1 root_marked=1 consumer_marked=1
EXPORT_OWNER_TARGET after handoff_current=1
2026-09-15 10:37:16.923454 2522365 E [GhostRetention] retained_regions=0 retained_bytes=0
EXPORT_OWNER_DRIVER full=1 completed=1 before=1 after=1 owners=2
VALUE_ROOT_RUNTIME_ASSERT major producer_carrier=1 root_marked=1 consumer_marked=1 handoff_current=1
GC_UNIT_OTHER_VM_OKIDOKI ValueRootCurrentization.MajorDriverPairsExportOwnersBeforeHandoff
[GCV2][markwater] atexit armed=0 turned=0
2026-09-15 10:37:16.923772 2522365 E [GCV2][markterm] atexit pauses=2 flushedInPause=0 ncontinue=0
[  PASS  ] ValueRootCurrentization.MajorDriverPairsExportOwnersBeforeHandoff
[========] 1 tests: 1 passed, 0 failed
[  RUN   ] HeapIterator.StrongAndWeakInclusiveGraphs
[  RUN   ] HeapIterator.StrongAndWeakInclusiveGraphs
2026-09-15 10:37:16.922846 2522374 E [FWDTABLE] armed base=0x7654f2f2f000 size=24576 unit=4096 entries=6
GC_UNIT_OTHER_VM_OKIDOKI HeapIterator.StrongAndWeakInclusiveGraphs
[  PASS  ] HeapIterator.StrongAndWeakInclusiveGraphs
[========] 1 tests: 1 passed, 0 failed
[  RUN   ] HeapIterator.WeakRootIsIncludedOnlyInWeakInclusiveMode
[  RUN   ] HeapIterator.WeakRootIsIncludedOnlyInWeakInclusiveMode
2026-09-15 10:37:16.923636 2522381 E [FWDTABLE] armed base=0x7611ab45f000 size=24576 unit=4096 entries=6
GC_UNIT_OTHER_VM_OKIDOKI HeapIterator.WeakRootIsIncludedOnlyInWeakInclusiveMode
[  PASS  ] HeapIterator.WeakRootIsIncludedOnlyInWeakInclusiveMode
[========] 1 tests: 1 passed, 0 failed
[  RUN   ] NativeRootCurrent.MinorPublication
[  RUN   ] NativeRootCurrent.MinorPublication
NATIVE_ROOT_MAPS 747aa6000000-747aa6071000 r--p 00000000 103:05 9449196                   /root/sym_cangjie_runtime_596_implement_r5673746875-base/testable/build/runtime-staging/lib/x86_64_Release/libcangjie-runtime.so
NATIVE_ROOT_MAPS 747aa6071000-747aa6172000 r-xp 00071000 103:05 9449196                   /root/sym_cangjie_runtime_596_implement_r5673746875-base/testable/build/runtime-staging/lib/x86_64_Release/libcangjie-runtime.so
NATIVE_ROOT_MAPS 747aa6172000-747aa61ba000 r--p 00172000 103:05 9449196                   /root/sym_cangjie_runtime_596_implement_r5673746875-base/testable/build/runtime-staging/lib/x86_64_Release/libcangjie-runtime.so
NATIVE_ROOT_MAPS 747aa61ba000-747aa61bd000 r--p 001b9000 103:05 9449196                   /root/sym_cangjie_runtime_596_implement_r5673746875-base/testable/build/runtime-staging/lib/x86_64_Release/libcangjie-runtime.so
NATIVE_ROOT_MAPS 747aa61bd000-747aa61c0000 rw-p 001bc000 103:05 9449196                   /root/sym_cangjie_runtime_596_implement_r5673746875-base/testable/build/runtime-staging/lib/x86_64_Release/libcangjie-runtime.so
NATIVE_ROOT_MAPS 747aa63f1000-747aa63f3000 r--p 00000000 103:05 9454381                   /root/sym_cangjie_runtime_596_implement_r5673746875-base/testable/build/runtime-staging/lib/x86_64_Release/libboundscheck.so
NATIVE_ROOT_MAPS 747aa63f3000-747aa63ff000 r-xp 00002000 103:05 9454381                   /root/sym_cangjie_runtime_596_implement_r5673746875-base/testable/build/runtime-staging/lib/x86_64_Release/libboundscheck.so
NATIVE_ROOT_MAPS 747aa63ff000-747aa6402000 r--p 0000e000 103:05 9454381                   /root/sym_cangjie_runtime_596_implement_r5673746875-base/testable/build/runtime-staging/lib/x86_64_Release/libboundscheck.so
NATIVE_ROOT_MAPS 747aa6402000-747aa6403000 r--p 00010000 103:05 9454381                   /root/sym_cangjie_runtime_596_implement_r5673746875-base/testable/build/runtime-staging/lib/x86_64_Release/libboundscheck.so
NATIVE_ROOT_MAPS 747aa6403000-747aa6404000 rw-p 00011000 103:05 9454381                   /root/sym_cangjie_runtime_596_implement_r5673746875-base/testable/build/runtime-staging/lib/x86_64_Release/libboundscheck.so
2026-09-15 10:37:16.924203 2522393 E [FWDTABLE] armed base=0x747aa63e9000 size=24576 unit=4096 entries=6
NATIVE_ROOT_ORACLE before=0x151747aa63e9010 from=0x747aa63e9010 to=0x747aa63e9000 slot=0x151747aa63e9010 young=0
2026-09-15 10:37:16.924536 2522393 E [ZCOLOR2][mark-mask-flip] generation=young count=1 g_cjMarkBadMask=0x9d000000000000 g_cjStoreBadMask=0x19d000000000000
2026-09-15 10:37:16.924652 2522393 E [ZCOLOR2][mark-mask-flip] generation=old count=1 g_cjMarkBadMask=0x5d000000000000
2026-09-15 10:37:16.924722 2522393 E [GCV2][epoch-handshake] source=pre-minor-stack epoch=1 requested=0 acked=0 acked_twice=0 self=0 gc_assisted=0 starting=0 running=0 parked=0 exiting=0 deferred_create=0 born_clean=0 exit_transition=0 destroy_deferred=0 stw_calls=0 stack_scanned=0 stack_fallback=0 stack_frames=0 wlock_us=0 timeout_ms=0 epoch_handshake=required stack_scan=required
2026-09-15 10:37:16.924808 2522427 E [GCV2][stack-scan-fallback] epoch=1 concurrent_done=0 stw_fallback=0 stack_scan=required
2026-09-15 10:37:16.924930 2522393 E [GhostRetention] retained_regions=0 retained_bytes=0
native_root_marker_current executed=1 entry=minor current=0 stale=0 expected=0x747aa63e9000 result=1
native_root_healed_current executed=1 before=0x151747aa63e9010 after=0x361747aa63e9000 expected=0x747aa63e9000 result=1
2026-09-15 10:37:16.925063 2522393 E [GCV2][epoch-handshake] source=pre-major-stack epoch=2 requested=0 acked=0 acked_twice=0 self=0 gc_assisted=0 starting=0 running=0 parked=0 exiting=0 deferred_create=0 born_clean=0 exit_transition=0 destroy_deferred=0 stw_calls=0 stack_scanned=0 stack_fallback=0 stack_frames=0 wlock_us=0 timeout_ms=0 epoch_handshake=required stack_scan=required
2026-09-15 10:37:16.925131 2522428 E [TRACECOV] slow_enter=1
2026-09-15 10:37:16.925230 2522428 E [COLOURWHO] armed first sc=0
native_root_after_reset executed=1 enumerated=1 slot=0x2a1747aa63e9000 expected=0x747aa63e9000
GC_UNIT_OTHER_VM_OKIDOKI NativeRootCurrent.MinorPublication
[GCV2][markwater] atexit armed=0 turned=0
2026-09-15 10:37:16.925478 2522393 E [GCV2][markterm] atexit pauses=2 flushedInPause=0 ncontinue=0
[  PASS  ] NativeRootCurrent.MinorPublication
[========] 1 tests: 1 passed, 0 failed
[  RUN   ] NativeRootCurrent.MajorSeed
[  RUN   ] NativeRootCurrent.MajorSeed
NATIVE_ROOT_MAPS 737a2a200000-737a2a271000 r--p 00000000 103:05 9449196                   /root/sym_cangjie_runtime_596_implement_r5673746875-base/testable/build/runtime-staging/lib/x86_64_Release/libcangjie-runtime.so
NATIVE_ROOT_MAPS 737a2a271000-737a2a372000 r-xp 00071000 103:05 9449196                   /root/sym_cangjie_runtime_596_implement_r5673746875-base/testable/build/runtime-staging/lib/x86_64_Release/libcangjie-runtime.so
NATIVE_ROOT_MAPS 737a2a372000-737a2a3ba000 r--p 00172000 103:05 9449196                   /root/sym_cangjie_runtime_596_implement_r5673746875-base/testable/build/runtime-staging/lib/x86_64_Release/libcangjie-runtime.so
NATIVE_ROOT_MAPS 737a2a3ba000-737a2a3bd000 r--p 001b9000 103:05 9449196                   /root/sym_cangjie_runtime_596_implement_r5673746875-base/testable/build/runtime-staging/lib/x86_64_Release/libcangjie-runtime.so
NATIVE_ROOT_MAPS 737a2a3bd000-737a2a3c0000 rw-p 001bc000 103:05 9449196                   /root/sym_cangjie_runtime_596_implement_r5673746875-base/testable/build/runtime-staging/lib/x86_64_Release/libcangjie-runtime.so
NATIVE_ROOT_MAPS 737a2a4d0000-737a2a4d2000 r--p 00000000 103:05 9454381                   /root/sym_cangjie_runtime_596_implement_r5673746875-base/testable/build/runtime-staging/lib/x86_64_Release/libboundscheck.so
NATIVE_ROOT_MAPS 737a2a4d2000-737a2a4de000 r-xp 00002000 103:05 9454381                   /root/sym_cangjie_runtime_596_implement_r5673746875-base/testable/build/runtime-staging/lib/x86_64_Release/libboundscheck.so
NATIVE_ROOT_MAPS 737a2a4de000-737a2a4e1000 r--p 0000e000 103:05 9454381                   /root/sym_cangjie_runtime_596_implement_r5673746875-base/testable/build/runtime-staging/lib/x86_64_Release/libboundscheck.so
NATIVE_ROOT_MAPS 737a2a4e1000-737a2a4e2000 r--p 00010000 103:05 9454381                   /root/sym_cangjie_runtime_596_implement_r5673746875-base/testable/build/runtime-staging/lib/x86_64_Release/libboundscheck.so
NATIVE_ROOT_MAPS 737a2a4e2000-737a2a4e3000 rw-p 00011000 103:05 9454381                   /root/sym_cangjie_runtime_596_implement_r5673746875-base/testable/build/runtime-staging/lib/x86_64_Release/libboundscheck.so
2026-09-15 10:37:16.924706 2522399 E [FWDTABLE] armed base=0x737a2a4c8000 size=24576 unit=4096 entries=6
NATIVE_ROOT_ORACLE before=0x151737a2a4c8010 from=0x737a2a4c8010 to=0x737a2a4c8000 slot=0x151737a2a4c8010 young=0
2026-09-15 10:37:16.925048 2522399 E [GCV2][epoch-handshake] source=pre-major-stack epoch=1 requested=0 acked=0 acked_twice=0 self=0 gc_assisted=0 starting=0 running=0 parked=0 exiting=0 deferred_create=0 born_clean=0 exit_transition=0 destroy_deferred=0 stw_calls=0 stack_scanned=0 stack_fallback=0 stack_frames=0 wlock_us=0 timeout_ms=0 epoch_handshake=required stack_scan=required
2026-09-15 10:37:16.925199 2522435 E [TRACECOV] slow_enter=1
2026-09-15 10:37:16.925287 2522435 E [COLOURWHO] armed first sc=0
2026-09-15 10:37:16.925324 2522435 E [TRACECOV] slow_enter=2
native_root_marker_current executed=1 entry=major current=1 stale=0 expected=0x737a2a4c8000 result=1
native_root_healed_current executed=1 before=0x151737a2a4c8010 after=0x152737a2a4c8000 expected=0x737a2a4c8000 result=1
2026-09-15 10:37:16.925408 2522399 E [GCV2][epoch-handshake] source=pre-major-stack epoch=2 requested=0 acked=0 acked_twice=0 self=0 gc_assisted=0 starting=0 running=0 parked=0 exiting=0 deferred_create=0 born_clean=0 exit_transition=0 destroy_deferred=0 stw_calls=0 stack_scanned=0 stack_fallback=0 stack_frames=0 wlock_us=0 timeout_ms=0 epoch_handshake=required stack_scan=required
native_root_after_reset executed=1 enumerated=1 slot=0x152737a2a4c8000 expected=0x737a2a4c8000
GC_UNIT_OTHER_VM_OKIDOKI NativeRootCurrent.MajorSeed
2026-09-15 10:37:16.925644 2522399 E [GCV2][markterm] atexit pauses=2 flushedInPause=0 ncontinue=0
[  PASS  ] NativeRootCurrent.MajorSeed
[========] 1 tests: 1 passed, 0 failed
[  RUN   ] NativeRootCurrent.PlainMinorRejected
[  RUN   ] NativeRootCurrent.PlainMinorRejected
NATIVE_ROOT_MAPS 715456e00000-715456e71000 r--p 00000000 103:05 9449196                   /root/sym_cangjie_runtime_596_implement_r5673746875-base/testable/build/runtime-staging/lib/x86_64_Release/libcangjie-runtime.so
NATIVE_ROOT_MAPS 715456e71000-715456f72000 r-xp 00071000 103:05 9449196                   /root/sym_cangjie_runtime_596_implement_r5673746875-base/testable/build/runtime-staging/lib/x86_64_Release/libcangjie-runtime.so
NATIVE_ROOT_MAPS 715456f72000-715456fba000 r--p 00172000 103:05 9449196                   /root/sym_cangjie_runtime_596_implement_r5673746875-base/testable/build/runtime-staging/lib/x86_64_Release/libcangjie-runtime.so
NATIVE_ROOT_MAPS 715456fba000-715456fbd000 r--p 001b9000 103:05 9449196                   /root/sym_cangjie_runtime_596_implement_r5673746875-base/testable/build/runtime-staging/lib/x86_64_Release/libcangjie-runtime.so
NATIVE_ROOT_MAPS 715456fbd000-715456fc0000 rw-p 001bc000 103:05 9449196                   /root/sym_cangjie_runtime_596_implement_r5673746875-base/testable/build/runtime-staging/lib/x86_64_Release/libcangjie-runtime.so
NATIVE_ROOT_MAPS 71545716c000-71545716e000 r--p 00000000 103:05 9454381                   /root/sym_cangjie_runtime_596_implement_r5673746875-base/testable/build/runtime-staging/lib/x86_64_Release/libboundscheck.so
NATIVE_ROOT_MAPS 71545716e000-71545717a000 r-xp 00002000 103:05 9454381                   /root/sym_cangjie_runtime_596_implement_r5673746875-base/testable/build/runtime-staging/lib/x86_64_Release/libboundscheck.so
NATIVE_ROOT_MAPS 71545717a000-71545717d000 r--p 0000e000 103:05 9454381                   /root/sym_cangjie_runtime_596_implement_r5673746875-base/testable/build/runtime-staging/lib/x86_64_Release/libboundscheck.so
NATIVE_ROOT_MAPS 71545717d000-71545717e000 r--p 00010000 103:05 9454381                   /root/sym_cangjie_runtime_596_implement_r5673746875-base/testable/build/runtime-staging/lib/x86_64_Release/libboundscheck.so
NATIVE_ROOT_MAPS 71545717e000-71545717f000 rw-p 00011000 103:05 9454381                   /root/sym_cangjie_runtime_596_implement_r5673746875-base/testable/build/runtime-staging/lib/x86_64_Release/libboundscheck.so
2026-09-15 10:37:16.925517 2522430 E [FWDTABLE] armed base=0x715457164000 size=24576 unit=4096 entries=6
NATIVE_ROOT_ORACLE before=0x715457164010 from=0x715457164010 to=0x715457164000 slot=0x715457164010 young=0
2026-09-15 10:37:16.925901 2522430 E [ZCOLOR2][mark-mask-flip] generation=young count=1 g_cjMarkBadMask=0x9d000000000000 g_cjStoreBadMask=0x19d000000000000
2026-09-15 10:37:16.926123 2522430 E [ZCOLOR2][mark-mask-flip] generation=old count=1 g_cjMarkBadMask=0x5d000000000000
2026-09-15 10:37:16.926174 2522430 E [GCV2][epoch-handshake] source=pre-minor-stack epoch=1 requested=0 acked=0 acked_twice=0 self=0 gc_assisted=0 starting=0 running=0 parked=0 exiting=0 deferred_create=0 born_clean=0 exit_transition=0 destroy_deferred=0 stw_calls=0 stack_scanned=0 stack_fallback=0 stack_frames=0 wlock_us=0 timeout_ms=0 epoch_handshake=required stack_scan=required
2026-09-15 10:37:16.926260 2522445 F Check failed: payload == nullptr || (raw(observed) & (REMAP_COLOUR_MASK | MARKED_YOUNG_MASK | MARKED_OLD_MASK)) != 0
2026-09-15 10:37:16.926360 2522445 F NativeSlot requires colored value at MarkYoungGoodBarrier slot=0x7ffd88e47fa8 word=0x715457164010
native_root_encoding_rejected executed=1 entry=minor status=134 result=1
GC_UNIT_OTHER_VM_OKIDOKI NativeRootCurrent.PlainMinorRejected
[  PASS  ] NativeRootCurrent.PlainMinorRejected
[========] 1 tests: 1 passed, 0 failed
[  RUN   ] NativeRootCurrent.PlainMajorRejected
[  RUN   ] NativeRootCurrent.PlainMajorRejected
NATIVE_ROOT_MAPS 722da93ed000-722da93ef000 r--p 00000000 103:05 9454381                   /root/sym_cangjie_runtime_596_implement_r5673746875-base/testable/build/runtime-staging/lib/x86_64_Release/libboundscheck.so
NATIVE_ROOT_MAPS 722da93ef000-722da93fb000 r-xp 00002000 103:05 9454381                   /root/sym_cangjie_runtime_596_implement_r5673746875-base/testable/build/runtime-staging/lib/x86_64_Release/libboundscheck.so
NATIVE_ROOT_MAPS 722da93fb000-722da93fe000 r--p 0000e000 103:05 9454381                   /root/sym_cangjie_runtime_596_implement_r5673746875-base/testable/build/runtime-staging/lib/x86_64_Release/libboundscheck.so
NATIVE_ROOT_MAPS 722da93fe000-722da93ff000 r--p 00010000 103:05 9454381                   /root/sym_cangjie_runtime_596_implement_r5673746875-base/testable/build/runtime-staging/lib/x86_64_Release/libboundscheck.so
NATIVE_ROOT_MAPS 722da93ff000-722da9400000 rw-p 00011000 103:05 9454381                   /root/sym_cangjie_runtime_596_implement_r5673746875-base/testable/build/runtime-staging/lib/x86_64_Release/libboundscheck.so
NATIVE_ROOT_MAPS 722da9400000-722da9471000 r--p 00000000 103:05 9449196                   /root/sym_cangjie_runtime_596_implement_r5673746875-base/testable/build/runtime-staging/lib/x86_64_Release/libcangjie-runtime.so
NATIVE_ROOT_MAPS 722da9471000-722da9572000 r-xp 00071000 103:05 9449196                   /root/sym_cangjie_runtime_596_implement_r5673746875-base/testable/build/runtime-staging/lib/x86_64_Release/libcangjie-runtime.so
NATIVE_ROOT_MAPS 722da9572000-722da95ba000 r--p 00172000 103:05 9449196                   /root/sym_cangjie_runtime_596_implement_r5673746875-base/testable/build/runtime-staging/lib/x86_64_Release/libcangjie-runtime.so
NATIVE_ROOT_MAPS 722da95ba000-722da95bd000 r--p 001b9000 103:05 9449196                   /root/sym_cangjie_runtime_596_implement_r5673746875-base/testable/build/runtime-staging/lib/x86_64_Release/libcangjie-runtime.so
NATIVE_ROOT_MAPS 722da95bd000-722da95c0000 rw-p 001bc000 103:05 9449196                   /root/sym_cangjie_runtime_596_implement_r5673746875-base/testable/build/runtime-staging/lib/x86_64_Release/libcangjie-runtime.so
2026-09-15 10:37:16.925906 2522438 E [FWDTABLE] armed base=0x722da93e6000 size=24576 unit=4096 entries=6
NATIVE_ROOT_ORACLE before=0x722da93e6010 from=0x722da93e6010 to=0x722da93e6000 slot=0x722da93e6010 young=0
2026-09-15 10:37:16.926251 2522438 E [GCV2][epoch-handshake] source=pre-major-stack epoch=1 requested=0 acked=0 acked_twice=0 self=0 gc_assisted=0 starting=0 running=0 parked=0 exiting=0 deferred_create=0 born_clean=0 exit_transition=0 destroy_deferred=0 stw_calls=0 stack_scanned=0 stack_fallback=0 stack_frames=0 wlock_us=0 timeout_ms=0 epoch_handshake=required stack_scan=required
2026-09-15 10:37:16.926398 2522452 F Check failed: !Heap::IsHeapAddress(to_object(oldField.GetTargetObject())) || (raw(oldField.GetFieldValue()) & (REMAP_COLOUR_MASK | MARKED_YOUNG_MASK | MARKED_OLD_MASK)) != 0
2026-09-15 10:37:16.926494 2522452 F NativeSlot requires colored value at EnumRefFieldRoot slot=0x7fff62efb448 word=0x722da93e6010
native_root_encoding_rejected executed=1 entry=major status=134 result=1
GC_UNIT_OTHER_VM_OKIDOKI NativeRootCurrent.PlainMajorRejected
[  PASS  ] NativeRootCurrent.PlainMajorRejected
[========] 1 tests: 1 passed, 0 failed
[  RUN   ] NativeRootCurrent.ReadOnlyNonHeapBoundary
[  RUN   ] NativeRootCurrent.ReadOnlyNonHeapBoundary
NATIVE_ROOT_MAPS 7c9fbde00000-7c9fbde71000 r--p 00000000 103:05 9449196                   /root/sym_cangjie_runtime_596_implement_r5673746875-base/testable/build/runtime-staging/lib/x86_64_Release/libcangjie-runtime.so
NATIVE_ROOT_MAPS 7c9fbde71000-7c9fbdf72000 r-xp 00071000 103:05 9449196                   /root/sym_cangjie_runtime_596_implement_r5673746875-base/testable/build/runtime-staging/lib/x86_64_Release/libcangjie-runtime.so
NATIVE_ROOT_MAPS 7c9fbdf72000-7c9fbdfba000 r--p 00172000 103:05 9449196                   /root/sym_cangjie_runtime_596_implement_r5673746875-base/testable/build/runtime-staging/lib/x86_64_Release/libcangjie-runtime.so
NATIVE_ROOT_MAPS 7c9fbdfba000-7c9fbdfbd000 r--p 001b9000 103:05 9449196                   /root/sym_cangjie_runtime_596_implement_r5673746875-base/testable/build/runtime-staging/lib/x86_64_Release/libcangjie-runtime.so
NATIVE_ROOT_MAPS 7c9fbdfbd000-7c9fbdfc0000 rw-p 001bc000 103:05 9449196                   /root/sym_cangjie_runtime_596_implement_r5673746875-base/testable/build/runtime-staging/lib/x86_64_Release/libcangjie-runtime.so
NATIVE_ROOT_MAPS 7c9fbe165000-7c9fbe167000 r--p 00000000 103:05 9454381                   /root/sym_cangjie_runtime_596_implement_r5673746875-base/testable/build/runtime-staging/lib/x86_64_Release/libboundscheck.so
NATIVE_ROOT_MAPS 7c9fbe167000-7c9fbe173000 r-xp 00002000 103:05 9454381                   /root/sym_cangjie_runtime_596_implement_r5673746875-base/testable/build/runtime-staging/lib/x86_64_Release/libboundscheck.so
NATIVE_ROOT_MAPS 7c9fbe173000-7c9fbe176000 r--p 0000e000 103:05 9454381                   /root/sym_cangjie_runtime_596_implement_r5673746875-base/testable/build/runtime-staging/lib/x86_64_Release/libboundscheck.so
NATIVE_ROOT_MAPS 7c9fbe176000-7c9fbe177000 r--p 00010000 103:05 9454381                   /root/sym_cangjie_runtime_596_implement_r5673746875-base/testable/build/runtime-staging/lib/x86_64_Release/libboundscheck.so
NATIVE_ROOT_MAPS 7c9fbe177000-7c9fbe178000 rw-p 00011000 103:05 9454381                   /root/sym_cangjie_runtime_596_implement_r5673746875-base/testable/build/runtime-staging/lib/x86_64_Release/libboundscheck.so
2026-09-15 10:37:16.927580 2522417 E [FWDTABLE] armed base=0x7c9fbe15d000 size=24576 unit=4096 entries=6
2026-09-15 10:37:16.927856 2522417 E [GCV2][epoch-handshake] source=pre-major-stack epoch=1 requested=0 acked=0 acked_twice=0 self=0 gc_assisted=0 starting=0 running=0 parked=0 exiting=0 deferred_create=0 born_clean=0 exit_transition=0 destroy_deferred=0 stw_calls=0 stack_scanned=0 stack_fallback=0 stack_frames=0 wlock_us=0 timeout_ms=0 epoch_handshake=required stack_scan=required
native_root_readonly_boundary executed=1 read=1 enum=1 heap=1 literal=0 unchanged=1
GC_UNIT_OTHER_VM_OKIDOKI NativeRootCurrent.ReadOnlyNonHeapBoundary
2026-09-15 10:37:16.928206 2522417 E [GCV2][markterm] atexit pauses=1 flushedInPause=0 ncontinue=0
[  PASS  ] NativeRootCurrent.ReadOnlyNonHeapBoundary
[========] 1 tests: 1 passed, 0 failed
[  RUN   ] NativeRootCurrent.ColoredAndNullBoundary
[  RUN   ] NativeRootCurrent.ColoredAndNullBoundary
NATIVE_ROOT_MAPS 7d8125200000-7d8125271000 r--p 00000000 103:05 9449196                   /root/sym_cangjie_runtime_596_implement_r5673746875-base/testable/build/runtime-staging/lib/x86_64_Release/libcangjie-runtime.so
NATIVE_ROOT_MAPS 7d8125271000-7d8125372000 r-xp 00071000 103:05 9449196                   /root/sym_cangjie_runtime_596_implement_r5673746875-base/testable/build/runtime-staging/lib/x86_64_Release/libcangjie-runtime.so
NATIVE_ROOT_MAPS 7d8125372000-7d81253ba000 r--p 00172000 103:05 9449196                   /root/sym_cangjie_runtime_596_implement_r5673746875-base/testable/build/runtime-staging/lib/x86_64_Release/libcangjie-runtime.so
NATIVE_ROOT_MAPS 7d81253ba000-7d81253bd000 r--p 001b9000 103:05 9449196                   /root/sym_cangjie_runtime_596_implement_r5673746875-base/testable/build/runtime-staging/lib/x86_64_Release/libcangjie-runtime.so
NATIVE_ROOT_MAPS 7d81253bd000-7d81253c0000 rw-p 001bc000 103:05 9449196                   /root/sym_cangjie_runtime_596_implement_r5673746875-base/testable/build/runtime-staging/lib/x86_64_Release/libcangjie-runtime.so
NATIVE_ROOT_MAPS 7d81255e8000-7d81255ea000 r--p 00000000 103:05 9454381                   /root/sym_cangjie_runtime_596_implement_r5673746875-base/testable/build/runtime-staging/lib/x86_64_Release/libboundscheck.so
NATIVE_ROOT_MAPS 7d81255ea000-7d81255f6000 r-xp 00002000 103:05 9454381                   /root/sym_cangjie_runtime_596_implement_r5673746875-base/testable/build/runtime-staging/lib/x86_64_Release/libboundscheck.so
NATIVE_ROOT_MAPS 7d81255f6000-7d81255f9000 r--p 0000e000 103:05 9454381                   /root/sym_cangjie_runtime_596_implement_r5673746875-base/testable/build/runtime-staging/lib/x86_64_Release/libboundscheck.so
NATIVE_ROOT_MAPS 7d81255f9000-7d81255fa000 r--p 00010000 103:05 9454381                   /root/sym_cangjie_runtime_596_implement_r5673746875-base/testable/build/runtime-staging/lib/x86_64_Release/libboundscheck.so
NATIVE_ROOT_MAPS 7d81255fa000-7d81255fb000 rw-p 00011000 103:05 9454381                   /root/sym_cangjie_runtime_596_implement_r5673746875-base/testable/build/runtime-staging/lib/x86_64_Release/libboundscheck.so
2026-09-15 10:37:16.926740 2522425 E [FWDTABLE] armed base=0x7d81255e0000 size=24576 unit=4096 entries=6
native_root_boundary executed=1 colored=1 null=1
GC_UNIT_OTHER_VM_OKIDOKI NativeRootCurrent.ColoredAndNullBoundary
[  PASS  ] NativeRootCurrent.ColoredAndNullBoundary
[========] 1 tests: 1 passed, 0 failed
[  RUN   ] NativeRootCurrent.YoungGoodMarksBeforeHealingAndSkipsRepeat
[  RUN   ] NativeRootCurrent.YoungGoodMarksBeforeHealingAndSkipsRepeat
2026-09-15 10:37:16.927460 2522432 E [FWDTABLE] armed base=0x7feae83cd000 size=24576 unit=4096 entries=6
B19_YOUNG_MARK_BEFORE_HEAL executed=1 marked=1 before=0 after=1 word=0x3917feae83cd040
GC_UNIT_OTHER_VM_OKIDOKI NativeRootCurrent.YoungGoodMarksBeforeHealingAndSkipsRepeat
[  PASS  ] NativeRootCurrent.YoungGoodMarksBeforeHealingAndSkipsRepeat
[========] 1 tests: 1 passed, 0 failed
[  RUN   ] ThreadRootCurrent.C1StackFieldHistoricalColor
[  RUN   ] ThreadRootCurrent.C1StackFieldHistoricalColor
NATIVE_ROOT_MAPS 7167e2bed000-7167e2bef000 r--p 00000000 103:05 9454381                   /root/sym_cangjie_runtime_596_implement_r5673746875-base/testable/build/runtime-staging/lib/x86_64_Release/libboundscheck.so
NATIVE_ROOT_MAPS 7167e2bef000-7167e2bfb000 r-xp 00002000 103:05 9454381                   /root/sym_cangjie_runtime_596_implement_r5673746875-base/testable/build/runtime-staging/lib/x86_64_Release/libboundscheck.so
NATIVE_ROOT_MAPS 7167e2bfb000-7167e2bfe000 r--p 0000e000 103:05 9454381                   /root/sym_cangjie_runtime_596_implement_r5673746875-base/testable/build/runtime-staging/lib/x86_64_Release/libboundscheck.so
NATIVE_ROOT_MAPS 7167e2bfe000-7167e2bff000 r--p 00010000 103:05 9454381                   /root/sym_cangjie_runtime_596_implement_r5673746875-base/testable/build/runtime-staging/lib/x86_64_Release/libboundscheck.so
NATIVE_ROOT_MAPS 7167e2bff000-7167e2c00000 rw-p 00011000 103:05 9454381                   /root/sym_cangjie_runtime_596_implement_r5673746875-base/testable/build/runtime-staging/lib/x86_64_Release/libboundscheck.so
NATIVE_ROOT_MAPS 7167e2c00000-7167e2c71000 r--p 00000000 103:05 9449196                   /root/sym_cangjie_runtime_596_implement_r5673746875-base/testable/build/runtime-staging/lib/x86_64_Release/libcangjie-runtime.so
NATIVE_ROOT_MAPS 7167e2c71000-7167e2d72000 r-xp 00071000 103:05 9449196                   /root/sym_cangjie_runtime_596_implement_r5673746875-base/testable/build/runtime-staging/lib/x86_64_Release/libcangjie-runtime.so
NATIVE_ROOT_MAPS 7167e2d72000-7167e2dba000 r--p 00172000 103:05 9449196                   /root/sym_cangjie_runtime_596_implement_r5673746875-base/testable/build/runtime-staging/lib/x86_64_Release/libcangjie-runtime.so
NATIVE_ROOT_MAPS 7167e2dba000-7167e2dbd000 r--p 001b9000 103:05 9449196                   /root/sym_cangjie_runtime_596_implement_r5673746875-base/testable/build/runtime-staging/lib/x86_64_Release/libcangjie-runtime.so
NATIVE_ROOT_MAPS 7167e2dbd000-7167e2dc0000 rw-p 001bc000 103:05 9449196                   /root/sym_cangjie_runtime_596_implement_r5673746875-base/testable/build/runtime-staging/lib/x86_64_Release/libcangjie-runtime.so
2026-09-15 10:37:16.927628 2522439 E [FWDTABLE] armed base=0x7167e2be7000 size=24576 unit=4096 entries=6
NATIVE_ROOT_ORACLE before=0x1517167e2be7010 from=0x7167e2be7010 to=0x7167e2be7000 slot=0x1517167e2be7010 young=0
2026-09-15 10:37:16.928089 2522439 E [GCV2][epoch-handshake] source=pre-major-stack epoch=1 requested=1 acked=1 acked_twice=0 self=1 gc_assisted=0 starting=0 running=1 parked=0 exiting=0 deferred_create=0 born_clean=0 exit_transition=0 destroy_deferred=0 stw_calls=0 stack_scanned=1 stack_fallback=0 stack_frames=0 wlock_us=0 timeout_ms=0 epoch_handshake=required stack_scan=required
A2_THREAD_ROOT_TARGET kind=C1 from=0x7167e2be7010 to=0x7167e2be7000 slot=0x1517167e2be7010 current_marked=0 stale_marked=1 healed=0
native_root_marker_current executed=1 entry=major current=0 stale=1 expected=0x7167e2be7000 result=0
native_root_healed_current executed=1 before=0x1517167e2be7010 after=0x1517167e2be7010 expected=0x7167e2be7000 result=0
[  FAIL  ] ThreadRootCurrent.C1StackFieldHistoricalColor
  sym_cangjie_runtime_596_implement_r5673746875-base/testable/runtime/tests/gc_unit/test_native_root_current.cpp:196: EXPECT failed: native_root_marker_current
2026-09-15 10:37:16.928507 2522439 E [GCV2][markterm] atexit pauses=1 flushedInPause=0 ncontinue=0
[  FAIL  ] ThreadRootCurrent.C1StackFieldHistoricalColor
  other-vm child did not exit cleanly with sentinel for ThreadRootCurrent.C1StackFieldHistoricalColor
[========] 1 tests: 0 passed, 1 failed
[  RUN   ] ThreadRootCurrent.C2ObjectRefHistoricalColor
[  RUN   ] ThreadRootCurrent.C2ObjectRefHistoricalColor
NATIVE_ROOT_MAPS 767b3be00000-767b3be71000 r--p 00000000 103:05 9449196                   /root/sym_cangjie_runtime_596_implement_r5673746875-base/testable/build/runtime-staging/lib/x86_64_Release/libcangjie-runtime.so
NATIVE_ROOT_MAPS 767b3be71000-767b3bf72000 r-xp 00071000 103:05 9449196                   /root/sym_cangjie_runtime_596_implement_r5673746875-base/testable/build/runtime-staging/lib/x86_64_Release/libcangjie-runtime.so
NATIVE_ROOT_MAPS 767b3bf72000-767b3bfba000 r--p 00172000 103:05 9449196                   /root/sym_cangjie_runtime_596_implement_r5673746875-base/testable/build/runtime-staging/lib/x86_64_Release/libcangjie-runtime.so
NATIVE_ROOT_MAPS 767b3bfba000-767b3bfbd000 r--p 001b9000 103:05 9449196                   /root/sym_cangjie_runtime_596_implement_r5673746875-base/testable/build/runtime-staging/lib/x86_64_Release/libcangjie-runtime.so
NATIVE_ROOT_MAPS 767b3bfbd000-767b3bfc0000 rw-p 001bc000 103:05 9449196                   /root/sym_cangjie_runtime_596_implement_r5673746875-base/testable/build/runtime-staging/lib/x86_64_Release/libcangjie-runtime.so
NATIVE_ROOT_MAPS 767b3c1d3000-767b3c1d5000 r--p 00000000 103:05 9454381                   /root/sym_cangjie_runtime_596_implement_r5673746875-base/testable/build/runtime-staging/lib/x86_64_Release/libboundscheck.so
NATIVE_ROOT_MAPS 767b3c1d5000-767b3c1e1000 r-xp 00002000 103:05 9454381                   /root/sym_cangjie_runtime_596_implement_r5673746875-base/testable/build/runtime-staging/lib/x86_64_Release/libboundscheck.so
NATIVE_ROOT_MAPS 767b3c1e1000-767b3c1e4000 r--p 0000e000 103:05 9454381                   /root/sym_cangjie_runtime_596_implement_r5673746875-base/testable/build/runtime-staging/lib/x86_64_Release/libboundscheck.so
NATIVE_ROOT_MAPS 767b3c1e4000-767b3c1e5000 r--p 00010000 103:05 9454381                   /root/sym_cangjie_runtime_596_implement_r5673746875-base/testable/build/runtime-staging/lib/x86_64_Release/libboundscheck.so
NATIVE_ROOT_MAPS 767b3c1e5000-767b3c1e6000 rw-p 00011000 103:05 9454381                   /root/sym_cangjie_runtime_596_implement_r5673746875-base/testable/build/runtime-staging/lib/x86_64_Release/libboundscheck.so
2026-09-15 10:37:16.928135 2522442 E [FWDTABLE] armed base=0x767b3c1cb000 size=24576 unit=4096 entries=6
NATIVE_ROOT_ORACLE before=0x151767b3c1cb010 from=0x767b3c1cb010 to=0x767b3c1cb000 slot=0x151767b3c1cb010 young=0
2026-09-15 10:37:16.928597 2522442 E [GCV2][epoch-handshake] source=pre-major-stack epoch=1 requested=1 acked=1 acked_twice=0 self=1 gc_assisted=0 starting=0 running=1 parked=0 exiting=0 deferred_create=0 born_clean=0 exit_transition=0 destroy_deferred=0 stw_calls=0 stack_scanned=1 stack_fallback=0 stack_frames=0 wlock_us=0 timeout_ms=0 epoch_handshake=required stack_scan=required
A2_THREAD_ROOT_TARGET kind=C2 from=0x767b3c1cb010 to=0x767b3c1cb000 slot=0x767b3c1cb010 current_marked=0 stale_marked=1 healed=0
native_root_marker_current executed=1 entry=major current=0 stale=1 expected=0x767b3c1cb000 result=0
native_root_healed_current executed=1 before=0x151767b3c1cb010 after=0x151767b3c1cb010 expected=0x767b3c1cb000 result=0
[  FAIL  ] ThreadRootCurrent.C2ObjectRefHistoricalColor
  sym_cangjie_runtime_596_implement_r5673746875-base/testable/runtime/tests/gc_unit/test_native_root_current.cpp:196: EXPECT failed: native_root_marker_current
2026-09-15 10:37:16.928962 2522442 E [GCV2][markterm] atexit pauses=1 flushedInPause=0 ncontinue=0
[  FAIL  ] ThreadRootCurrent.C2ObjectRefHistoricalColor
  other-vm child did not exit cleanly with sentinel for ThreadRootCurrent.C2ObjectRefHistoricalColor
[========] 1 tests: 0 passed, 1 failed
[  RUN   ] ThreadRootCurrent.C3InvisibleHistoricalColor
[  RUN   ] ThreadRootCurrent.C3InvisibleHistoricalColor
NATIVE_ROOT_MAPS 78d9f4e00000-78d9f4e71000 r--p 00000000 103:05 9449196                   /root/sym_cangjie_runtime_596_implement_r5673746875-base/testable/build/runtime-staging/lib/x86_64_Release/libcangjie-runtime.so
NATIVE_ROOT_MAPS 78d9f4e71000-78d9f4f72000 r-xp 00071000 103:05 9449196                   /root/sym_cangjie_runtime_596_implement_r5673746875-base/testable/build/runtime-staging/lib/x86_64_Release/libcangjie-runtime.so
NATIVE_ROOT_MAPS 78d9f4f72000-78d9f4fba000 r--p 00172000 103:05 9449196                   /root/sym_cangjie_runtime_596_implement_r5673746875-base/testable/build/runtime-staging/lib/x86_64_Release/libcangjie-runtime.so
NATIVE_ROOT_MAPS 78d9f4fba000-78d9f4fbd000 r--p 001b9000 103:05 9449196                   /root/sym_cangjie_runtime_596_implement_r5673746875-base/testable/build/runtime-staging/lib/x86_64_Release/libcangjie-runtime.so
NATIVE_ROOT_MAPS 78d9f4fbd000-78d9f4fc0000 rw-p 001bc000 103:05 9449196                   /root/sym_cangjie_runtime_596_implement_r5673746875-base/testable/build/runtime-staging/lib/x86_64_Release/libcangjie-runtime.so
NATIVE_ROOT_MAPS 78d9f5237000-78d9f5239000 r--p 00000000 103:05 9454381                   /root/sym_cangjie_runtime_596_implement_r5673746875-base/testable/build/runtime-staging/lib/x86_64_Release/libboundscheck.so
NATIVE_ROOT_MAPS 78d9f5239000-78d9f5245000 r-xp 00002000 103:05 9454381                   /root/sym_cangjie_runtime_596_implement_r5673746875-base/testable/build/runtime-staging/lib/x86_64_Release/libboundscheck.so
NATIVE_ROOT_MAPS 78d9f5245000-78d9f5248000 r--p 0000e000 103:05 9454381                   /root/sym_cangjie_runtime_596_implement_r5673746875-base/testable/build/runtime-staging/lib/x86_64_Release/libboundscheck.so
NATIVE_ROOT_MAPS 78d9f5248000-78d9f5249000 r--p 00010000 103:05 9454381                   /root/sym_cangjie_runtime_596_implement_r5673746875-base/testable/build/runtime-staging/lib/x86_64_Release/libboundscheck.so
NATIVE_ROOT_MAPS 78d9f5249000-78d9f524a000 rw-p 00011000 103:05 9454381                   /root/sym_cangjie_runtime_596_implement_r5673746875-base/testable/build/runtime-staging/lib/x86_64_Release/libboundscheck.so
2026-09-15 10:37:16.928938 2522453 E [FWDTABLE] armed base=0x78d9f522f000 size=24576 unit=4096 entries=6
NATIVE_ROOT_ORACLE before=0x15178d9f522f010 from=0x78d9f522f010 to=0x78d9f522f000 slot=0x15178d9f522f010 young=0
2026-09-15 10:37:16.929421 2522453 E [GCV2][epoch-handshake] source=pre-major-stack epoch=1 requested=1 acked=1 acked_twice=0 self=1 gc_assisted=0 starting=0 running=1 parked=0 exiting=0 deferred_create=0 born_clean=0 exit_transition=0 destroy_deferred=0 stw_calls=0 stack_scanned=1 stack_fallback=0 stack_frames=0 wlock_us=0 timeout_ms=0 epoch_handshake=required stack_scan=required
A2_THREAD_ROOT_TARGET kind=C3 from=0x78d9f522f010 to=0x78d9f522f000 slot=0x78d9f522f010 current_marked=0 stale_marked=1 healed=0
native_root_marker_current executed=1 entry=major current=0 stale=1 expected=0x78d9f522f000 result=0
native_root_healed_current executed=1 before=0x15178d9f522f010 after=0x15178d9f522f010 expected=0x78d9f522f000 result=0
[  FAIL  ] ThreadRootCurrent.C3InvisibleHistoricalColor
  sym_cangjie_runtime_596_implement_r5673746875-base/testable/runtime/tests/gc_unit/test_native_root_current.cpp:196: EXPECT failed: native_root_marker_current
2026-09-15 10:37:16.929818 2522453 E [GCV2][markterm] atexit pauses=1 flushedInPause=0 ncontinue=0
[  FAIL  ] ThreadRootCurrent.C3InvisibleHistoricalColor
  other-vm child did not exit cleanly with sentinel for ThreadRootCurrent.C3InvisibleHistoricalColor
[========] 1 tests: 0 passed, 1 failed
[  RUN   ] ThreadRootCurrent.C4HeaderlessHistoricalColor
[  RUN   ] ThreadRootCurrent.C4HeaderlessHistoricalColor
NATIVE_ROOT_MAPS 70bec5000000-70bec5071000 r--p 00000000 103:05 9449196                   /root/sym_cangjie_runtime_596_implement_r5673746875-base/testable/build/runtime-staging/lib/x86_64_Release/libcangjie-runtime.so
NATIVE_ROOT_MAPS 70bec5071000-70bec5172000 r-xp 00071000 103:05 9449196                   /root/sym_cangjie_runtime_596_implement_r5673746875-base/testable/build/runtime-staging/lib/x86_64_Release/libcangjie-runtime.so
NATIVE_ROOT_MAPS 70bec5172000-70bec51ba000 r--p 00172000 103:05 9449196                   /root/sym_cangjie_runtime_596_implement_r5673746875-base/testable/build/runtime-staging/lib/x86_64_Release/libcangjie-runtime.so
NATIVE_ROOT_MAPS 70bec51ba000-70bec51bd000 r--p 001b9000 103:05 9449196                   /root/sym_cangjie_runtime_596_implement_r5673746875-base/testable/build/runtime-staging/lib/x86_64_Release/libcangjie-runtime.so
NATIVE_ROOT_MAPS 70bec51bd000-70bec51c0000 rw-p 001bc000 103:05 9449196                   /root/sym_cangjie_runtime_596_implement_r5673746875-base/testable/build/runtime-staging/lib/x86_64_Release/libcangjie-runtime.so
NATIVE_ROOT_MAPS 70bec53a6000-70bec53a8000 r--p 00000000 103:05 9454381                   /root/sym_cangjie_runtime_596_implement_r5673746875-base/testable/build/runtime-staging/lib/x86_64_Release/libboundscheck.so
NATIVE_ROOT_MAPS 70bec53a8000-70bec53b4000 r-xp 00002000 103:05 9454381                   /root/sym_cangjie_runtime_596_implement_r5673746875-base/testable/build/runtime-staging/lib/x86_64_Release/libboundscheck.so
NATIVE_ROOT_MAPS 70bec53b4000-70bec53b7000 r--p 0000e000 103:05 9454381                   /root/sym_cangjie_runtime_596_implement_r5673746875-base/testable/build/runtime-staging/lib/x86_64_Release/libboundscheck.so
NATIVE_ROOT_MAPS 70bec53b7000-70bec53b8000 r--p 00010000 103:05 9454381                   /root/sym_cangjie_runtime_596_implement_r5673746875-base/testable/build/runtime-staging/lib/x86_64_Release/libboundscheck.so
NATIVE_ROOT_MAPS 70bec53b8000-70bec53b9000 rw-p 00011000 103:05 9454381                   /root/sym_cangjie_runtime_596_implement_r5673746875-base/testable/build/runtime-staging/lib/x86_64_Release/libboundscheck.so
2026-09-15 10:37:16.929229 2522457 E [FWDTABLE] armed base=0x70bec539e000 size=24576 unit=4096 entries=6
NATIVE_ROOT_ORACLE before=0x15170bec539e010 from=0x70bec539e010 to=0x70bec539e000 slot=0x15170bec539e010 young=0
2026-09-15 10:37:16.929696 2522457 E [GCV2][epoch-handshake] source=pre-major-stack epoch=1 requested=1 acked=1 acked_twice=0 self=1 gc_assisted=0 starting=0 running=1 parked=0 exiting=0 deferred_create=0 born_clean=0 exit_transition=0 destroy_deferred=0 stw_calls=0 stack_scanned=1 stack_fallback=0 stack_frames=0 wlock_us=0 timeout_ms=0 epoch_handshake=required stack_scan=required
A2_THREAD_ROOT_TARGET kind=C4 from=0x70bec539e010 to=0x70bec539e000 slot=0x15170bec539e010 current_marked=0 stale_marked=1 healed=0
native_root_marker_current executed=1 entry=major current=0 stale=1 expected=0x70bec539e000 result=0
native_root_healed_current executed=1 before=0x15170bec539e010 after=0x15170bec539e010 expected=0x70bec539e000 result=0
[  FAIL  ] ThreadRootCurrent.C4HeaderlessHistoricalColor
  sym_cangjie_runtime_596_implement_r5673746875-base/testable/runtime/tests/gc_unit/test_native_root_current.cpp:196: EXPECT failed: native_root_marker_current
2026-09-15 10:37:16.930137 2522457 E [GCV2][markterm] atexit pauses=1 flushedInPause=0 ncontinue=0
[  FAIL  ] ThreadRootCurrent.C4HeaderlessHistoricalColor
  other-vm child did not exit cleanly with sentinel for ThreadRootCurrent.C4HeaderlessHistoricalColor
[========] 1 tests: 0 passed, 1 failed
[  RUN   ] RelocationSetSelector.EmptySet
[  PASS  ] RelocationSetSelector.EmptySet
[========] 1 tests: 1 passed, 0 failed
[  RUN   ] RelocationSetSelector.AllSparseSelected
[  PASS  ] RelocationSetSelector.AllSparseSelected
[========] 1 tests: 1 passed, 0 failed
[  RUN   ] RelocationSetSelector.FragmentationLimitStopsPrefix
[  PASS  ] RelocationSetSelector.FragmentationLimitStopsPrefix
[========] 1 tests: 1 passed, 0 failed
[  RUN   ] RelocationSetSelector.EqualLiveBytesStableOrder
[  PASS  ] RelocationSetSelector.EqualLiveBytesStableOrder
[========] 1 tests: 1 passed, 0 failed
[  RUN   ] RelocationSetSelector.LargeRegionsNeverSelected
[  PASS  ] RelocationSetSelector.LargeRegionsNeverSelected
[========] 1 tests: 1 passed, 0 failed
[  RUN   ] RelocationSetSelector.PreFilterDropsLowGarbage
[  PASS  ] RelocationSetSelector.PreFilterDropsLowGarbage
[========] 1 tests: 1 passed, 0 failed
[  RUN   ] RelocationSetSelector.AllocatingPagesNeverSelected
[  PASS  ] RelocationSetSelector.AllocatingPagesNeverSelected
[========] 1 tests: 1 passed, 0 failed
[  RUN   ] RelocationSetSelector.SemiSortUsesPartitionFingers
[  PASS  ] RelocationSetSelector.SemiSortUsesPartitionFingers
[========] 1 tests: 1 passed, 0 failed
[  RUN   ] RelocationSetSelector.PartitionUsesEachPageCapacity
[  PASS  ] RelocationSetSelector.PartitionUsesEachPageCapacity
[========] 1 tests: 1 passed, 0 failed
[  RUN   ] RelocationSetSelector.SelectionContinuesPastUnprofitablePrefix
[  PASS  ] RelocationSetSelector.SelectionContinuesPastUnprofitablePrefix
[========] 1 tests: 1 passed, 0 failed
[  RUN   ] StoreBuf.EntryCarriesPairedPrevAndInstallColour
2026-09-15 10:37:16.935008 2522504 E [FWDTABLE] armed base=0x703306698000 size=24576 unit=4096 entries=6
[  PASS  ] StoreBuf.EntryCarriesPairedPrevAndInstallColour
[========] 1 tests: 1 passed, 0 failed
[  RUN   ] StoreBuf.ProductWriteCarriesOldValueOnlyInPrevArm
2026-09-15 10:37:16.933967 2522506 E [FWDTABLE] armed base=0x7b5ad9615000 size=24576 unit=4096 entries=6
[  PASS  ] StoreBuf.ProductWriteCarriesOldValueOnlyInPrevArm
[========] 1 tests: 1 passed, 0 failed
[  RUN   ] StoreBuf.ProductPhaseFlushHandsPairedPrevToMark
2026-09-15 10:37:16.935730 2522509 E [FWDTABLE] armed base=0x746282ddb000 size=24576 unit=4096 entries=6
[  PASS  ] StoreBuf.ProductPhaseFlushHandsPairedPrevToMark
[========] 1 tests: 1 passed, 0 failed
[  RUN   ] StoreBuf.ProductNullHolderBypassesPendingRelocationEntry
2026-09-15 10:37:16.936334 2522516 E [FWDTABLE] armed base=0x78bb27749000 size=24576 unit=4096 entries=6
TARGET_HOLDER_MARK_AND_REMEMBER_EXECUTED
[  PASS  ] StoreBuf.ProductNullHolderBypassesPendingRelocationEntry
[========] 1 tests: 1 passed, 0 failed
[  RUN   ] StoreBuf.ProductNonHeapHolderBypassesPendingRelocationEntry
2026-09-15 10:37:16.935851 2522513 E [FWDTABLE] armed base=0x76a77bce8000 size=24576 unit=4096 entries=6
TARGET_HOLDER_MARK_AND_REMEMBER_EXECUTED
[  PASS  ] StoreBuf.ProductNonHeapHolderBypassesPendingRelocationEntry
[========] 1 tests: 1 passed, 0 failed
[  RUN   ] StoreBuf.CompilerStoreBadOverwriteHandsObservedOldToMark
2026-09-15 10:37:16.936351 2522515 E [FWDTABLE] armed base=0x70864e36f000 size=24576 unit=4096 entries=6
DETAIL arm=compiler_store_bad_overwrite compiler_hit=0 observed_prev=0x19170864e36f100 installed=0x15170864e370040 pending=1 old_receipts=1 new_receipts=0 field_target=0x70864e370040
[  PASS  ] StoreBuf.CompilerStoreBadOverwriteHandsObservedOldToMark
[========] 1 tests: 1 passed, 0 failed
[  RUN   ] StoreBuf.GcAssistedPhaseFlushDefersStoreBuffer
2026-09-15 10:37:16.936728 2522518 E [FWDTABLE] armed base=0x764681da1000 size=24576 unit=4096 entries=6
[  PASS  ] StoreBuf.GcAssistedPhaseFlushDefersStoreBuffer
[========] 1 tests: 1 passed, 0 failed
[  RUN   ] StoreBuf.NonNullPrevPublishesMarkBeforeRememberingSlot
2026-09-15 10:37:16.938168 2522527 E [FWDTABLE] armed base=0x7815d915b000 size=24576 unit=4096 entries=6
[  PASS  ] StoreBuf.NonNullPrevPublishesMarkBeforeRememberingSlot
[========] 1 tests: 1 passed, 0 failed
[  RUN   ] StoreBuf.NullPrevOnlyRemembersSlot
2026-09-15 10:37:16.938645 2522532 E [FWDTABLE] armed base=0x7c86e39e3000 size=24576 unit=4096 entries=6
[  PASS  ] StoreBuf.NullPrevOnlyRemembersSlot
[========] 1 tests: 1 passed, 0 failed
[  RUN   ] StoreBuf.NullAndPreMarkPreviousAreNormalSkips
2026-09-15 10:37:16.939124 2522539 E [FWDTABLE] armed base=0x7fbf98a9a000 size=24576 unit=4096 entries=6
[  PASS  ] StoreBuf.NullAndPreMarkPreviousAreNormalSkips
[========] 1 tests: 1 passed, 0 failed
[  RUN   ] StoreBuf.ResolvedInvalidPreviousIsClassifiedAndCleared
2026-09-15 10:37:16.939450 2522542 E [FWDTABLE] armed base=0x7b010b784000 size=24576 unit=4096 entries=6
DETAIL arm=resolved_invalid prev=0x1517ffeb11ac450 installed_phase=10 installed_store_good=0x151000000000000 retired_receipts=0 current=32 slot_remembered=1
[  PASS  ] StoreBuf.ResolvedInvalidPreviousIsClassifiedAndCleared
[========] 1 tests: 1 passed, 0 failed
[  RUN   ] StoreBuf.YoungSlotExcludedFromOldPhaseSnapshot
2026-09-15 10:37:16.939910 2522551 E [FWDTABLE] armed base=0x79684ec28000 size=24576 unit=4096 entries=6
[  PASS  ] StoreBuf.YoungSlotExcludedFromOldPhaseSnapshot
[========] 1 tests: 1 passed, 0 failed
[  RUN   ] StoreBuf.YoungHolderRetiresPrevWithoutRememberingSlot
2026-09-15 10:37:16.940302 2522554 E [FWDTABLE] armed base=0x758be9402000 size=24576 unit=4096 entries=6
[  PASS  ] StoreBuf.YoungHolderRetiresPrevWithoutRememberingSlot
[========] 1 tests: 1 passed, 0 failed
[  RUN   ] StoreBuf.AddConsumesPreviousPhaseBeforeCurrentEntry
2026-09-15 10:37:16.940851 2522557 E [FWDTABLE] armed base=0x711479458000 size=24576 unit=4096 entries=6
[  PASS  ] StoreBuf.AddConsumesPreviousPhaseBeforeCurrentEntry
[========] 1 tests: 1 passed, 0 failed
[  RUN   ] StoreBuf.PendingEntryFromOldEpochIsRejectedAfterOldMarkFlip
2026-09-15 10:37:16.941227 2522560 E [FWDTABLE] armed base=0x798451f7d000 size=24576 unit=4096 entries=6
[  PASS  ] StoreBuf.PendingEntryFromOldEpochIsRejectedAfterOldMarkFlip
[========] 1 tests: 1 passed, 0 failed
[  RUN   ] StoreBuf.PendingOldMarkEntrySurvivesYoungMarkFlip
2026-09-15 10:37:16.941757 2522565 E [FWDTABLE] armed base=0x7b4fdc20b000 size=24576 unit=4096 entries=6
[  PASS  ] StoreBuf.PendingOldMarkEntrySurvivesYoungMarkFlip
[========] 1 tests: 1 passed, 0 failed
[  RUN   ] StoreBuf.PhaseFlipLeavesOnePreviousAndOneCurrentSlot
2026-09-15 10:37:16.942466 2522572 E [FWDTABLE] armed base=0x75ab4f98f000 size=24576 unit=4096 entries=6
[  PASS  ] StoreBuf.PhaseFlipLeavesOnePreviousAndOneCurrentSlot
[========] 1 tests: 1 passed, 0 failed
[  RUN   ] StoreBuf.FullAutoFlushKeepsEveryEntry
2026-09-15 10:37:16.942679 2522577 E [FWDTABLE] armed base=0x7dedce7db000 size=24576 unit=4096 entries=6
[  PASS  ] StoreBuf.FullAutoFlushKeepsEveryEntry
[========] 1 tests: 1 passed, 0 failed
[  RUN   ] StoreBuf.UnflushedPendingInvisibleToDrain
2026-09-15 10:37:16.943187 2522582 E [FWDTABLE] armed base=0x79ef43155000 size=24576 unit=4096 entries=6
[  PASS  ] StoreBuf.UnflushedPendingInvisibleToDrain
[========] 1 tests: 1 passed, 0 failed
[  RUN   ] StoreBuf.FlushBeforeRelocateSnapshotPublishesPending
2026-09-15 10:37:16.943548 2522586 E [FWDTABLE] armed base=0x787cac5fa000 size=24576 unit=4096 entries=6
[  PASS  ] StoreBuf.FlushBeforeRelocateSnapshotPublishesPending
[========] 1 tests: 1 passed, 0 failed
[  RUN   ] StoreBuf.MarkEndSnapshotLeavesCurrentForNextMinor
2026-09-15 10:37:16.944190 2522591 E [FWDTABLE] armed base=0x7033e259c000 size=24576 unit=4096 entries=6
[  PASS  ] StoreBuf.MarkEndSnapshotLeavesCurrentForNextMinor
[========] 1 tests: 1 passed, 0 failed
[  RUN   ] StoreBuf.FlushBeforeMinorDoesNotLoseEdges
2026-09-15 10:37:16.944396 2522596 E [FWDTABLE] armed base=0x7ce47e337000 size=24576 unit=4096 entries=6
[  PASS  ] StoreBuf.FlushBeforeMinorDoesNotLoseEdges
[========] 1 tests: 1 passed, 0 failed
[  RUN   ] StoreBuf.ThreadExitFlushRedeems
2026-09-15 10:37:16.944847 2522600 E [FWDTABLE] armed base=0x7a53b9886000 size=24576 unit=4096 entries=6
[  PASS  ] StoreBuf.ThreadExitFlushRedeems
[========] 1 tests: 1 passed, 0 failed
[  RUN   ] StoreBuf.ReRememberDoesNotFightBuffer
2026-09-15 10:37:16.945267 2522602 E [FWDTABLE] armed base=0x7fd4e41fa000 size=24576 unit=4096 entries=6
[  PASS  ] StoreBuf.ReRememberDoesNotFightBuffer
[========] 1 tests: 1 passed, 0 failed
[  RUN   ] StoreBarrierBuffer.DetachPublishesBothGenerationsWithoutAllocator
[  RUN   ] StoreBarrierBuffer.DetachPublishesBothGenerationsWithoutAllocator
2026-09-15 10:37:16.948669 2522642 E [FWDTABLE] armed base=0x74b39edd9000 size=24576 unit=4096 entries=6
GC_UNIT_OTHER_VM_OKIDOKI StoreBarrierBuffer.DetachPublishesBothGenerationsWithoutAllocator
[  PASS  ] StoreBarrierBuffer.DetachPublishesBothGenerationsWithoutAllocator
[========] 1 tests: 1 passed, 0 failed
[  RUN   ] StoreBuf.WeakRawNullStoreRetainsRememberedSlot
2026-09-15 10:37:16.946915 2522619 E [FWDTABLE] armed base=0x741790597000 size=24576 unit=4096 entries=6
[  PASS  ] StoreBuf.WeakRawNullStoreRetainsRememberedSlot
[========] 1 tests: 1 passed, 0 failed
[  RUN   ] StoreBuf.NativeAtomicUsesColoredHealingAndCompareValue
2026-09-15 10:37:16.947347 2522624 E [FWDTABLE] armed base=0x75ceb8825000 size=24576 unit=4096 entries=6
[  PASS  ] StoreBuf.NativeAtomicUsesColoredHealingAndCompareValue
[========] 1 tests: 1 passed, 0 failed
[  RUN   ] StoreBuf.BulkPreservesSourceStorageProtocol
2026-09-15 10:37:16.947753 2522629 E [FWDTABLE] armed base=0x7453bddf1000 size=24576 unit=4096 entries=6
[  PASS  ] StoreBuf.BulkPreservesSourceStorageProtocol
[========] 1 tests: 1 passed, 0 failed
[  RUN   ] StoreBuf.ThreadRootVisitorIncludesExecuteClosure
2026-09-15 10:37:16.948379 2522634 E [FWDTABLE] armed base=0x7610ab881000 size=24576 unit=4096 entries=6
[  PASS  ] StoreBuf.ThreadRootVisitorIncludesExecuteClosure
[========] 1 tests: 1 passed, 0 failed
[  RUN   ] StoreBuf.CompilerStoreGoodOverwriteSkipsMarkAndBuffer
2026-09-15 10:37:16.948647 2522639 E [FWDTABLE] armed base=0x7bd27f663000 size=24576 unit=4096 entries=6
[  PASS  ] StoreBuf.CompilerStoreGoodOverwriteSkipsMarkAndBuffer
[========] 1 tests: 1 passed, 0 failed
[  RUN   ] BarrierOldAtomic.NoAllocBufferOverwriteRetiresOldValue
2026-09-15 10:37:16.949467 2522643 E [FWDTABLE] armed base=0x7a34047b1000 size=24576 unit=4096 entries=6
DETAIL arm=no_alloc old_receipt=1 new_receipt=0 remset=1 final_target=0x7a34047b2040
[  PASS  ] BarrierOldAtomic.NoAllocBufferOverwriteRetiresOldValue
[========] 1 tests: 1 passed, 0 failed
[  RUN   ] BarrierOldAtomic.AllocBufferOverwriteRetiresOldValueControl
2026-09-15 10:37:16.950598 2522648 E [FWDTABLE] armed base=0x760bd3422000 size=24576 unit=4096 entries=6
DETAIL arm=with_alloc pending=1 old_receipt=1 new_receipt=0 remset=1 final_target=0x760bd3423040
[  PASS  ] BarrierOldAtomic.AllocBufferOverwriteRetiresOldValueControl
[========] 1 tests: 1 passed, 0 failed
[  RUN   ] BarrierOldAtomic.AtomicColourOnlyHealsRealSlot
2026-09-15 10:37:16.951320 2522649 E [FWDTABLE] armed base=0x7fb3689fa000 size=24576 unit=4096 entries=6
DETAIL arm=atomic_colour before=0x1527fb3689fa040 after=0x3517fb3689fa040 returned=0x7fb3689fa040 target=0x7fb3689fa040 load_good=1
[  PASS  ] BarrierOldAtomic.AtomicColourOnlyHealsRealSlot
[========] 1 tests: 1 passed, 0 failed
[  RUN   ] BarrierOldAtomic.AtomicFromToHealsRealSlot
2026-09-15 10:37:16.950550 2522653 E [FWDTABLE] armed base=0x7b6c9a768000 size=24576 unit=4096 entries=6
DETAIL arm=atomic_from_to before=0x1527b6c9a768040 after=0x3517b6c9a768100 returned=0x7b6c9a768100 target=0x7b6c9a768100 load_good=1
[  PASS  ] BarrierOldAtomic.AtomicFromToHealsRealSlot
[========] 1 tests: 1 passed, 0 failed
[  RUN   ] BarrierOldAtomic.AtomicCasLostPreservesConcurrentWinner
2026-09-15 10:37:16.951662 2522656 E [FWDTABLE] armed base=0x7bc925a1b000 size=24576 unit=4096 entries=6
DETAIL arm=atomic_cas_lost forced_failures=8 winner_store_good=1 winner=0x7bc925a1b100
[  PASS  ] BarrierOldAtomic.AtomicCasLostPreservesConcurrentWinner
[========] 1 tests: 1 passed, 0 failed
[  RUN   ] BarrierOldAtomic.NativeBulkLoadBadSourceResolvesBeforeHeapPublication
2026-09-15 10:37:16.951419 2522659 E [FWDTABLE] armed base=0x79ef26faf000 size=24576 unit=4096 entries=6
[  PASS  ] BarrierOldAtomic.NativeBulkLoadBadSourceResolvesBeforeHeapPublication
[========] 1 tests: 1 passed, 0 failed
[  RUN   ] BarrierOldAtomic.ReflectionStaticAggregateStoreRetiresNativeOldValue
2026-09-15 10:37:16.951803 2522666 E [FWDTABLE] armed base=0x70a524fe7000 size=24576 unit=4096 entries=6
[  PASS  ] BarrierOldAtomic.ReflectionStaticAggregateStoreRetiresNativeOldValue
[========] 1 tests: 1 passed, 0 failed
[  RUN   ] PageAgeRangeTest.test
[  PASS  ] PageAgeRangeTest.test
[========] 1 tests: 1 passed, 0 failed
[  RUN   ] PageAge.UntypeRoundTrip
[  PASS  ] PageAge.UntypeRoundTrip
[========] 1 tests: 1 passed, 0 failed
[  RUN   ] TenuringThreshold.PromoteAllIsZero
[  PASS  ] TenuringThreshold.PromoteAllIsZero
[========] 1 tests: 1 passed, 0 failed
[  RUN   ] TenuringThreshold.EmptyYoungIsZero
[  PASS  ] TenuringThreshold.EmptyYoungIsZero
[========] 1 tests: 1 passed, 0 failed
[  RUN   ] TenuringThreshold.GenerationalRaisesThreshold
[  PASS  ] TenuringThreshold.GenerationalRaisesThreshold
[========] 1 tests: 1 passed, 0 failed
[  RUN   ] TenuringThreshold.PressureLowersThreshold
[  PASS  ] TenuringThreshold.PressureLowersThreshold
[========] 1 tests: 1 passed, 0 failed
[  RUN   ] TenuringThreshold.DistributionFlipBothDirections
[  PASS  ] TenuringThreshold.DistributionFlipBothDirections
[========] 1 tests: 1 passed, 0 failed
[  RUN   ] TenuringThreshold.ComputeToAge
[  PASS  ] TenuringThreshold.ComputeToAge
[========] 1 tests: 1 passed, 0 failed
[  RUN   ] RangeValue.SplitGrowAndPartitionPreserveEveryByte
[  PASS  ] RangeValue.SplitGrowAndPartitionPreserveEveryByte
[========] 1 tests: 1 passed, 0 failed
[  RUN   ] RangeRegistryMerge.AdjacentInsertMergesBothNeighbours
[  PASS  ] RangeRegistryMerge.AdjacentInsertMergesBothNeighbours
[========] 1 tests: 1 passed, 0 failed
[  RUN   ] RangeRegistryMerge.HandOutAndBackCallbacksKeepTheLedgerReversible
[  PASS  ] RangeRegistryMerge.HandOutAndBackCallbacksKeepTheLedgerReversible
[========] 1 tests: 1 passed, 0 failed
[  RUN   ] RangeRegistryDirection.LowAndHighClaimsUseOppositeAddressEnds
[  PASS  ] RangeRegistryDirection.LowAndHighClaimsUseOppositeAddressEnds
[========] 1 tests: 1 passed, 0 failed
[  RUN   ] RangeRegistryFailure.LowNoFitReturnsNullAndPreservesLedger
[  PASS  ] RangeRegistryFailure.LowNoFitReturnsNullAndPreservesLedger
[========] 1 tests: 1 passed, 0 failed
[  RUN   ] RangeRegistryFailure.HighNoFitReturnsNullAndPreservesLedger
[  PASS  ] RangeRegistryFailure.HighNoFitReturnsNullAndPreservesLedger
[========] 1 tests: 1 passed, 0 failed
[  RUN   ] RangeRegistryFailure.ZeroSizeReturnsNullAndPreservesLedger
[  PASS  ] RangeRegistryFailure.ZeroSizeReturnsNullAndPreservesLedger
[========] 1 tests: 1 passed, 0 failed
[  RUN   ] RangeRegistryDirection.FixedRandomSequenceMatchesIndependentByteModel
[  PASS  ] RangeRegistryDirection.FixedRandomSequenceMatchesIndependentByteModel
[========] 1 tests: 1 passed, 0 failed
[  RUN   ] MappedCache.CoalesceAndRemoveWhole
[  PASS  ] MappedCache.CoalesceAndRemoveWhole
[========] 1 tests: 1 passed, 0 failed
[  RUN   ] MappedCache.SmallPagesUseLowestAddress
[  PASS  ] MappedCache.SmallPagesUseLowestAddress
[========] 1 tests: 1 passed, 0 failed
[  RUN   ] MappedCache.EqualCapacityContiguousAndFragmented
[  PASS  ] MappedCache.EqualCapacityContiguousAndFragmented
[========] 1 tests: 1 passed, 0 failed
[  RUN   ] MappedCache.UncommitUsesHighestAddress
[  PASS  ] MappedCache.UncommitUsesHighestAddress
[========] 1 tests: 1 passed, 0 failed
[  RUN   ] MappedCache.NativeBackingSurvivesVirtualShuffle
[  PASS  ] MappedCache.NativeBackingSurvivesVirtualShuffle
[========] 1 tests: 1 passed, 0 failed
[  RUN   ] MappedCache.ProductHarvestRemapsAndCommitsOnlySuffix
[  RUN   ] MappedCache.ProductHarvestRemapsAndCommitsOnlySuffix
2026-09-15 10:37:16.964479 2522771 E [FWDTABLE] armed base=0x7b816457c000 size=32768 unit=4096 entries=8
GC_UNIT_OTHER_VM_OKIDOKI MappedCache.ProductHarvestRemapsAndCommitsOnlySuffix
[  PASS  ] MappedCache.ProductHarvestRemapsAndCommitsOnlySuffix
[========] 1 tests: 1 passed, 0 failed
[  RUN   ] MappedCache.ProductFailedVirtualClaimRestoresOwners
[  RUN   ] MappedCache.ProductFailedVirtualClaimRestoresOwners
2026-09-15 10:37:16.965193 2522776 E [FWDTABLE] armed base=0x7e615622d000 size=32768 unit=4096 entries=8
GC_UNIT_OTHER_VM_OKIDOKI MappedCache.ProductFailedVirtualClaimRestoresOwners
[  PASS  ] MappedCache.ProductFailedVirtualClaimRestoresOwners
[========] 1 tests: 1 passed, 0 failed
[  RUN   ] MappedCache.ProductPartialGrowthHarvestsOnlyRemainder
[  RUN   ] MappedCache.ProductPartialGrowthHarvestsOnlyRemainder
2026-09-15 10:37:16.965178 2522777 E [FWDTABLE] armed base=0x7c57a1386000 size=49152 unit=4096 entries=12
GC_UNIT_OTHER_VM_OKIDOKI MappedCache.ProductPartialGrowthHarvestsOnlyRemainder
[  PASS  ] MappedCache.ProductPartialGrowthHarvestsOnlyRemainder
[========] 1 tests: 1 passed, 0 failed
[  RUN   ] MappedCache.ProductPartialGrowthFailureReturnsBothOwners
[  RUN   ] MappedCache.ProductPartialGrowthFailureReturnsBothOwners
2026-09-15 10:37:16.965755 2522781 E [FWDTABLE] armed base=0x7dd6104a1000 size=49152 unit=4096 entries=12
GC_UNIT_OTHER_VM_OKIDOKI MappedCache.ProductPartialGrowthFailureReturnsBothOwners
[  PASS  ] MappedCache.ProductPartialGrowthFailureReturnsBothOwners
[========] 1 tests: 1 passed, 0 failed
[  RUN   ] StayYoung.PolicySwitchIsWiredToTheDecision
[  PASS  ] StayYoung.PolicySwitchIsWiredToTheDecision
[========] 1 tests: 1 passed, 0 failed
[  RUN   ] StayYoung.BelowThresholdDoesNotPromote
[  PASS  ] StayYoung.BelowThresholdDoesNotPromote
[========] 1 tests: 1 passed, 0 failed
[  RUN   ] StayYoung.OldGenerationCannotRelocateYoungRegion
[  PASS  ] StayYoung.OldGenerationCannotRelocateYoungRegion
[========] 1 tests: 1 passed, 0 failed
[  RUN   ] StayYoung.BumpAgesAndKeepsYoung
2026-09-15 10:37:16.965555 2522775 E [FWDTABLE] armed base=0x717e623da000 size=24576 unit=4096 entries=6
[  PASS  ] StayYoung.BumpAgesAndKeepsYoung
[========] 1 tests: 1 passed, 0 failed
[  RUN   ] StayYoung.AgeClampsAtSurvivor14
2026-09-15 10:37:16.965788 2522780 E [FWDTABLE] armed base=0x726fa3e71000 size=24576 unit=4096 entries=6
[  PASS  ] StayYoung.AgeClampsAtSurvivor14
[========] 1 tests: 1 passed, 0 failed
[  RUN   ] StayYoung.EnlistTypeMustNotStayLoneFrom
[  PASS  ] StayYoung.EnlistTypeMustNotStayLoneFrom
[========] 1 tests: 1 passed, 0 failed
[  RUN   ] StayYoung.GarbageTypeSurvivesGhostAndAgeCas
2026-09-15 10:37:16.966872 2522786 E [FWDTABLE] armed base=0x729e7896b000 size=24576 unit=4096 entries=6
[  PASS  ] StayYoung.GarbageTypeSurvivesGhostAndAgeCas
[========] 1 tests: 1 passed, 0 failed
[  RUN   ] StayYoung.InitRegionClearsGhostSuccessor
2026-09-15 10:37:16.967261 2522789 E [FWDTABLE] armed base=0x75bfb5bc6000 size=24576 unit=4096 entries=6
[  PASS  ] StayYoung.InitRegionClearsGhostSuccessor
[========] 1 tests: 1 passed, 0 failed
[  RUN   ] TruncatedSeq.EmptyIsZero
[  PASS  ] TruncatedSeq.EmptyIsZero
[========] 1 tests: 1 passed, 0 failed
[  RUN   ] TruncatedSeq.OneSamplePredictsItself
[  PASS  ] TruncatedSeq.OneSamplePredictsItself
[========] 1 tests: 1 passed, 0 failed
[  RUN   ] TruncatedSeq.ConstantWindowHasZeroSd
[  PASS  ] TruncatedSeq.ConstantWindowHasZeroSd
[========] 1 tests: 1 passed, 0 failed
[  RUN   ] TruncatedSeq.WindowDropsOldest
[  PASS  ] TruncatedSeq.WindowDropsOldest
[========] 1 tests: 1 passed, 0 failed
[  RUN   ] GcTrigger.StaticRateZeroDoesNotFireAllocRate
[  PASS  ] GcTrigger.StaticRateZeroDoesNotFireAllocRate
[========] 1 tests: 1 passed, 0 failed
[  RUN   ] GcTrigger.ConstantRateFiresWhenFreeCannotCoverGc
[  PASS  ] GcTrigger.ConstantRateFiresWhenFreeCannotCoverGc
[========] 1 tests: 1 passed, 0 failed
[  RUN   ] GcTrigger.ConstantRateHoldsWhenFreeCoversGc
[  PASS  ] GcTrigger.ConstantRateHoldsWhenFreeCoversGc
[========] 1 tests: 1 passed, 0 failed
[  RUN   ] GcTrigger.RateSpikeFiresViaSigma
[  PASS  ] GcTrigger.RateSpikeFiresViaSigma
[========] 1 tests: 1 passed, 0 failed
[  RUN   ] GcTrigger.RemainingCannotCoverOneGc
[  PASS  ] GcTrigger.RemainingCannotCoverOneGc
[========] 1 tests: 1 passed, 0 failed
[  RUN   ] GcTrigger.WarmupAtTenPercent
[  PASS  ] GcTrigger.WarmupAtTenPercent
[========] 1 tests: 1 passed, 0 failed
[  RUN   ] GcTrigger.WarmupBelowTenPercentSilent
[  PASS  ] GcTrigger.WarmupBelowTenPercentSilent
[========] 1 tests: 1 passed, 0 failed
[  RUN   ] GcTrigger.TwoRulesTimerBeatsAllocRate
[  PASS  ] GcTrigger.TwoRulesTimerBeatsAllocRate
[========] 1 tests: 1 passed, 0 failed
[  RUN   ] GcTrigger.TwoRulesAllocRateBeatsHighUsage
[  PASS  ] GcTrigger.TwoRulesAllocRateBeatsHighUsage
[========] 1 tests: 1 passed, 0 failed
[  RUN   ] GcTrigger.HighUsageAlone
[  PASS  ] GcTrigger.HighUsageAlone
[========] 1 tests: 1 passed, 0 failed
[  RUN   ] GcTrigger.NotTrustableDisablesAllocRate
[  PASS  ] GcTrigger.NotTrustableDisablesAllocRate
[========] 1 tests: 1 passed, 0 failed
[  RUN   ] GcTrigger.SoftMaxIsFreeDenominator
[  PASS  ] GcTrigger.SoftMaxIsFreeDenominator
[========] 1 tests: 1 passed, 0 failed
[  RUN   ] GcTrigger.MajorAllocRateAmortizesExtraYoungTime
[  PASS  ] GcTrigger.MajorAllocRateAmortizesExtraYoungTime
[========] 1 tests: 1 passed, 0 failed
[  RUN   ] GcTrigger.MajorAllocRateOldGarbageCheaper
[  PASS  ] GcTrigger.MajorAllocRateOldGarbageCheaper
[========] 1 tests: 1 passed, 0 failed
[  RUN   ] GcTrigger.MajorAllocRateUrgentWhenYoungSmallAndHighUsage
[  PASS  ] GcTrigger.MajorAllocRateUrgentWhenYoungSmallAndHighUsage
[========] 1 tests: 1 passed, 0 failed
[  RUN   ] GcTrigger.MajorAllocRateDisabledWhenNotTrustable
[  PASS  ] GcTrigger.MajorAllocRateDisabledWhenNotTrustable
[========] 1 tests: 1 passed, 0 failed
[  RUN   ] GcTrigger.MinorUpgradesToMajorAllocRate
[  PASS  ] GcTrigger.MinorUpgradesToMajorAllocRate
[========] 1 tests: 1 passed, 0 failed
[  RUN   ] GcTrigger.ProactiveFiresAfterAcceptableInterval
[  PASS  ] GcTrigger.ProactiveFiresAfterAcceptableInterval
[========] 1 tests: 1 passed, 0 failed
[  RUN   ] GcTrigger.ProactiveHoldsWithoutGrowthOrTime
[  PASS  ] GcTrigger.ProactiveHoldsWithoutGrowthOrTime
[========] 1 tests: 1 passed, 0 failed
[  RUN   ] GcTrigger.ProactiveDisabledWhenCold
[  PASS  ] GcTrigger.ProactiveDisabledWhenCold
[========] 1 tests: 1 passed, 0 failed
[  RUN   ] GcTrigger.DynamicWorkersUseMeasuredSerialAndParallelTime
[  PASS  ] GcTrigger.DynamicWorkersUseMeasuredSerialAndParallelTime
[========] 1 tests: 1 passed, 0 failed
[  RUN   ] GcDirector.FixedOriginSurvivesProcessingTime
[  PASS  ] GcDirector.FixedOriginSurvivesProcessingTime
[========] 1 tests: 1 passed, 0 failed
[  RUN   ] GcDirector.MissedTicksDoNotAccumulateCatchup
[  PASS  ] GcDirector.MissedTicksDoNotAccumulateCatchup
[========] 1 tests: 1 passed, 0 failed
[  RUN   ] GcDirector.CompletionWakeDoesNotMoveDeadline
[  PASS  ] GcDirector.CompletionWakeDoesNotMoveDeadline
[========] 1 tests: 1 passed, 0 failed
[  RUN   ] GcDirector.TimerWithoutAllocations
[  PASS  ] GcDirector.TimerWithoutAllocations
[========] 1 tests: 1 passed, 0 failed
[  RUN   ] GcDirector.ContinuousRequestsDoNotReplaceTicks
[  PASS  ] GcDirector.ContinuousRequestsDoNotReplaceTicks
[========] 1 tests: 1 passed, 0 failed
[  RUN   ] GcDirector.HeadroomChangesHighUsageAndDeadline
[  PASS  ] GcDirector.HeadroomChangesHighUsageAndDeadline
[========] 1 tests: 1 passed, 0 failed
[  RUN   ] GcDirector.SmallHeapWorkerBudgetStaysBounded
[  PASS  ] GcDirector.SmallHeapWorkerBudgetStaysBounded
[========] 1 tests: 1 passed, 0 failed
[  RUN   ] GcDirector.ActiveMarkPressureRequestsMoreWorkers
[  PASS  ] GcDirector.ActiveMarkPressureRequestsMoreWorkers
[========] 1 tests: 1 passed, 0 failed
[  RUN   ] GcDirector.CycleUsesWorkerAccountingAndControlledClock
[  PASS  ] GcDirector.CycleUsesWorkerAccountingAndControlledClock
[========] 1 tests: 1 passed, 0 failed
[  RUN   ] GcDirector.WarmupCountsOnlyWarmupRequests
[  PASS  ] GcDirector.WarmupCountsOnlyWarmupRequests
[========] 1 tests: 1 passed, 0 failed
[  RUN   ] GcDirector.StandaloneMinorDoesNotReserveInactiveOldBudget
[  PASS  ] GcDirector.StandaloneMinorDoesNotReserveInactiveOldBudget
[========] 1 tests: 1 passed, 0 failed
[  RUN   ] GcDirector.AllocationStallSnapshotUsesOutstandingRequests
[  PASS  ] GcDirector.AllocationStallSnapshotUsesOutstandingRequests
[========] 1 tests: 1 passed, 0 failed
[  RUN   ] GcDirector.StallingBoostsAndRetainsActiveWorkerBudgets
[  PASS  ] GcDirector.StallingBoostsAndRetainsActiveWorkerBudgets
[========] 1 tests: 1 passed, 0 failed
[  RUN   ] GcDirector.CollectionCountsFollowYoungMarkStarts
[  PASS  ] GcDirector.CollectionCountsFollowYoungMarkStarts
[========] 1 tests: 1 passed, 0 failed
[  RUN   ] GcDirector.MajorRateLookaheadStartsAfterCombinedPause
[  PASS  ] GcDirector.MajorRateLookaheadStartsAfterCombinedPause
[========] 1 tests: 1 passed, 0 failed
[  RUN   ] GcDirector.MajorRateLookaheadUsesUnsignedCollectionDistance
[  PASS  ] GcDirector.MajorRateLookaheadUsesUnsignedCollectionDistance
[========] 1 tests: 1 passed, 0 failed
[  RUN   ] GenerationState.IndependentPhaseSequenceAndWorkers
[  PASS  ] GenerationState.IndependentPhaseSequenceAndWorkers
[========] 1 tests: 1 passed, 0 failed
[  RUN   ] GenerationState.FullPrecleanPromotesAllAndRootsComputeThreshold
[  PASS  ] GenerationState.FullPrecleanPromotesAllAndRootsComputeThreshold
[========] 1 tests: 1 passed, 0 failed
[  RUN   ] GcRequestSync.CompilerSyncEntryWaitsForOwnCompletion
[  PASS  ] GcRequestSync.CompilerSyncEntryWaitsForOwnCompletion
[========] 1 tests: 1 passed, 0 failed
[  RUN   ] GcRequestSync.GenerationPortsDoNotCoalesceAcrossDrivers
[  PASS  ] GcRequestSync.GenerationPortsDoNotCoalesceAcrossDrivers
[========] 1 tests: 1 passed, 0 failed
[  RUN   ] GcRequestSync.DriverPortSyncSequenceAcknowledges
[  PASS  ] GcRequestSync.DriverPortSyncSequenceAcknowledges
[========] 1 tests: 1 passed, 0 failed
[  RUN   ] GcRequestSync.PendingReceiptProcessesCurrentThreadHandshake
TARGET_WAIT_HANDSHAKE calls=1 same_thread=1 completed=0
[  PASS  ] GcRequestSync.PendingReceiptProcessesCurrentThreadHandshake
[========] 1 tests: 1 passed, 0 failed
[  RUN   ] GcRequestSync.DriverAbortIsCooperativeAndResettable
[  PASS  ] GcRequestSync.DriverAbortIsCooperativeAndResettable
[========] 1 tests: 1 passed, 0 failed
[  RUN   ] GcRequestSync.StoppedPortWakesSynchronousWaiter
[  PASS  ] GcRequestSync.StoppedPortWakesSynchronousWaiter
[========] 1 tests: 1 passed, 0 failed
[  RUN   ] GcRequestSync.DriverReceiptNormalCompletesExactlyOnce
DETAIL receipt_normal execute=1 ack=1
[  PASS  ] GcRequestSync.DriverReceiptNormalCompletesExactlyOnce
[========] 1 tests: 1 passed, 0 failed
[  RUN   ] GcRequestSync.DriverReceiptStopBeforeDequeueIsFalse
DETAIL receipt_stop_before_dequeue execute=0 ack=0
[  PASS  ] GcRequestSync.DriverReceiptStopBeforeDequeueIsFalse
[========] 1 tests: 1 passed, 0 failed
[  RUN   ] GcRequestSync.DriverReceiptEnqueueAfterStopIsFalse
DETAIL receipt_enqueue_after_stop execute=0 ack=0
[  PASS  ] GcRequestSync.DriverReceiptEnqueueAfterStopIsFalse
[========] 1 tests: 1 passed, 0 failed
[  RUN   ] GcRequestSync.DriverReceiptAbortAfterDequeueIsFalse
DETAIL receipt_abort_after_dequeue execute=0 ack=0
[  PASS  ] GcRequestSync.DriverReceiptAbortAfterDequeueIsFalse
[========] 1 tests: 1 passed, 0 failed
[  RUN   ] GcRequestSync.DriverReceiptWaitIgnoresWrappedHighWater
DETAIL receipt_wrap boundary_seq=18446744073709551614 boundary_ack=1 wrapped_seq=2 waiter_blocked=1 returned_before=0 wrapped_ack=1 ordinary_seq=2 ordinary_ack=1
[  PASS  ] GcRequestSync.DriverReceiptWaitIgnoresWrappedHighWater
[========] 1 tests: 1 passed, 0 failed
[  RUN   ] GcRequestSync.HistoricalTaskQueueWrapRulerDoesNotTouchDriverWrap
DETAIL historical_wrap_ruler legacy_task_seq=18446744073709551613 driver_seq=2 dequeued=1 ack=1
[  PASS  ] GcRequestSync.HistoricalTaskQueueWrapRulerDoesNotTouchDriverWrap
[========] 1 tests: 1 passed, 0 failed
[  RUN   ] GcRequestSync.MajorPublishesOneCompletionAfterOld
DETAIL major_completion gap=1 runs_at_gap=2 completion_at_gap=0 receipt_at_gap=0 executed=1 runs_after=3 completion_after=1 receipt_after=1
[  PASS  ] GcRequestSync.MajorPublishesOneCompletionAfterOld
[========] 1 tests: 1 passed, 0 failed
[  RUN   ] GcRequestSync.MinorPublishesOneCompletionControl
DETAIL minor_completion executed=1 runs=1 completion=1 receipt=1
[  PASS  ] GcRequestSync.MinorPublishesOneCompletionControl
[========] 1 tests: 1 passed, 0 failed
[  RUN   ] GcRequestSync.InvalidReasonsFailClosedBeforeLookup
2026-09-15 10:37:16.994620 2522995 F Check failed: reason < GC_REASON_MAX
2026-09-15 10:37:17.073156 2524952 F Check failed: reason < GC_REASON_MAX
DETAIL invalid_reason max_rc=6 invalid_rc=6
[  PASS  ] GcRequestSync.InvalidReasonsFailClosedBeforeLookup
[========] 1 tests: 1 passed, 0 failed
[  RUN   ] GcRequestSync.MajorAbortpointSkipsOldAfterYoungPrelude
[  PASS  ] GcRequestSync.MajorAbortpointSkipsOldAfterYoungPrelude
[========] 1 tests: 1 passed, 0 failed
[  RUN   ] GcRequestSync.AbortDuringOldReturnsCancelledAfterCollectionJoins
[  PASS  ] GcRequestSync.AbortDuringOldReturnsCancelledAfterCollectionJoins
[========] 1 tests: 1 passed, 0 failed
[  RUN   ] GcRequestSync.DriverWaitReceivesDirectorRequest
[  PASS  ] GcRequestSync.DriverWaitReceivesDirectorRequest
[========] 1 tests: 1 passed, 0 failed
[  RUN   ] GcRequestSync.YoungPreludeAndMinorShareDriverLock
[  PASS  ] GcRequestSync.YoungPreludeAndMinorShareDriverLock
[========] 1 tests: 1 passed, 0 failed
[  RUN   ] GcRequestSync.YoungSyncReturnsAfterEpochAndIdle
[  PASS  ] GcRequestSync.YoungSyncReturnsAfterEpochAndIdle
[========] 1 tests: 1 passed, 0 failed
[  RUN   ] GcRequestSync.ForceFullEntryWaitsForOwnCompletion
[  PASS  ] GcRequestSync.ForceFullEntryWaitsForOwnCompletion
[========] 1 tests: 1 passed, 0 failed
[  RUN   ] GcRequestSync.OomAndForceRemainSynchronous
[  PASS  ] GcRequestSync.OomAndForceRemainSynchronous
[========] 1 tests: 1 passed, 0 failed
[  RUN   ] GcRequestSync.LegacyIgnorePolicyCannotSuppressSyncRequest
[  PASS  ] GcRequestSync.LegacyIgnorePolicyCannotSuppressSyncRequest
[========] 1 tests: 1 passed, 0 failed
[  RUN   ] GcRequestSync.SynchronousRequestsWaitForOwnCompletionAcrossReceiptWrap
[  PASS  ] GcRequestSync.SynchronousRequestsWaitForOwnCompletionAcrossReceiptWrap
[========] 1 tests: 1 passed, 0 failed
[  RUN   ] GcRequestSync.AcceptedStaticSyncReasonRejectsAsyncPort
2026-09-15 10:37:17.000005 2523051 F Check failed: !g_gcRequests[reason].IsSyncGC()
[  PASS  ] GcRequestSync.AcceptedStaticSyncReasonRejectsAsyncPort
[========] 1 tests: 1 passed, 0 failed
[  RUN   ] GcRequestSync.CompilerAsyncEntryReturnsAndMergesPendingRequest
ASYNC_MERGE_ASSERT pending=0 runs=3 completed=1
[  PASS  ] GcRequestSync.CompilerAsyncEntryReturnsAndMergesPendingRequest
[========] 1 tests: 1 passed, 0 failed
[  RUN   ] GcRequestSync.ActiveAsyncPairRunsOneCycle
ASYNC_PAIR_ASSERT pending=0 runs=1 completed=1
[  PASS  ] GcRequestSync.ActiveAsyncPairRunsOneCycle
[========] 1 tests: 1 passed, 0 failed
[  RUN   ] GcRequestSync.DriverRequestOwnsDirectorQuota
[  PASS  ] GcRequestSync.DriverRequestOwnsDirectorQuota
[========] 1 tests: 1 passed, 0 failed
[  RUN   ] GcRequestSync.MajorFullPrecleanThenCombinedRoots
[  PASS  ] GcRequestSync.MajorFullPrecleanThenCombinedRoots
[========] 1 tests: 1 passed, 0 failed
[  RUN   ] GcRequestSync.MajorPartialRootsWithoutPreclean
[  PASS  ] GcRequestSync.MajorPartialRootsWithoutPreclean
[========] 1 tests: 1 passed, 0 failed
[  RUN   ] StringDedup.SameLengthKeepsDistinctBacking
2026-09-15 10:37:17.002271 2523053 E [FWDTABLE] armed base=0x75b3553e7000 size=24576 unit=4096 entries=6
[  PASS  ] StringDedup.SameLengthKeepsDistinctBacking
[========] 1 tests: 1 passed, 0 failed
[  RUN   ] StringDedup.ExplicitEqualStringBackingFindsEntry
2026-09-15 10:37:17.002814 2523057 E [FWDTABLE] armed base=0x7a91704f3000 size=24576 unit=4096 entries=6
[  PASS  ] StringDedup.ExplicitEqualStringBackingFindsEntry
[========] 1 tests: 1 passed, 0 failed
[  RUN   ] StringDedup.CleanDeadTableAndRequest
2026-09-15 10:37:17.003192 2523066 E [FWDTABLE] armed base=0x75514fe3d000 size=24576 unit=4096 entries=6
[  PASS  ] StringDedup.CleanDeadTableAndRequest
[========] 1 tests: 1 passed, 0 failed
[  RUN   ] StringDedup.RejectOrdinaryObject
2026-09-15 10:37:17.003600 2523071 E [FWDTABLE] armed base=0x7ace64efa000 size=24576 unit=4096 entries=6
[  PASS  ] StringDedup.RejectOrdinaryObject
[========] 1 tests: 1 passed, 0 failed
[  RUN   ] StringDedup.HalfSipHashByteArrayReference
2026-09-15 10:37:17.004436 2523074 E [FWDTABLE] armed base=0x79292d8d2000 size=24576 unit=4096 entries=6
[  PASS  ] StringDedup.HalfSipHashByteArrayReference
[========] 1 tests: 1 passed, 0 failed
[  RUN   ] ConcurrentGCBreakpoints.SimpleCycle
[  RUN   ] ConcurrentGCBreakpoints.SimpleCycle
2026-09-15 10:37:17.011060 2523097 E [FWDTABLE] armed base=0x769a1ae00000 size=268435456 unit=4096 entries=65536
2026-09-15 10:37:17.022697 2523872 E [ZCOLOR2][mark-mask-flip] generation=young count=1 g_cjMarkBadMask=0x9e000000000000 g_cjStoreBadMask=0x19e000000000000
2026-09-15 10:37:17.022813 2523872 E [GCV2][epoch-handshake] source=pre-minor-stack epoch=1 requested=1 acked=1 acked_twice=0 self=0 gc_assisted=1 starting=0 running=1 parked=0 exiting=0 deferred_create=0 born_clean=0 exit_transition=0 destroy_deferred=0 stw_calls=0 stack_scanned=1 stack_fallback=0 stack_frames=0 wlock_us=0 timeout_ms=0 epoch_handshake=required stack_scan=required
2026-09-15 10:37:17.022967 2523611 E [GCV2][stack-scan-fallback] epoch=1 concurrent_done=1 stw_fallback=0 stack_scan=required
2026-09-15 10:37:17.023225 2523872 E [GhostRetention] retained_regions=0 retained_bytes=0
2026-09-15 10:37:17.023768 2523872 E [ZCOLOR2][mark-mask-flip] generation=old count=1 g_cjMarkBadMask=0x6d000000000000
2026-09-15 10:37:17.023832 2523872 E [GCV2][epoch-handshake] source=pre-minor-stack epoch=2 requested=1 acked=1 acked_twice=0 self=0 gc_assisted=1 starting=0 running=1 parked=0 exiting=0 deferred_create=0 born_clean=0 exit_transition=0 destroy_deferred=0 stw_calls=0 stack_scanned=1 stack_fallback=0 stack_frames=0 wlock_us=0 timeout_ms=0 epoch_handshake=required stack_scan=required
2026-09-15 10:37:17.023949 2523597 E [GCV2][stack-scan-fallback] epoch=2 concurrent_done=1 stw_fallback=0 stack_scan=required
2026-09-15 10:37:17.024118 2523872 E [GhostRetention] retained_regions=0 retained_bytes=0
2026-09-15 10:37:17.024601 2523872 E [GCV2][epoch-handshake] source=pre-major-stack epoch=3 requested=1 acked=1 acked_twice=0 self=0 gc_assisted=1 starting=0 running=1 parked=0 exiting=0 deferred_create=0 born_clean=0 exit_transition=0 destroy_deferred=0 stw_calls=0 stack_scanned=1 stack_fallback=0 stack_frames=0 wlock_us=0 timeout_ms=0 epoch_handshake=required stack_scan=required
2026-09-15 10:37:17.025694 2523872 E [GhostRetention] retained_regions=0 retained_bytes=0
2026-09-15 10:37:17.026645 2523872 E [GCV2][epoch-handshake] source=pre-minor-stack epoch=4 requested=1 acked=1 acked_twice=0 self=0 gc_assisted=1 starting=0 running=1 parked=0 exiting=0 deferred_create=0 born_clean=0 exit_transition=0 destroy_deferred=0 stw_calls=0 stack_scanned=1 stack_fallback=0 stack_frames=0 wlock_us=0 timeout_ms=0 epoch_handshake=required stack_scan=required
2026-09-15 10:37:17.026765 2523507 E [GCV2][stack-scan-fallback] epoch=4 concurrent_done=1 stw_fallback=1 stack_scan=required
2026-09-15 10:37:17.026899 2523872 E [GhostRetention] retained_regions=0 retained_bytes=0
2026-09-15 10:37:17.027430 2523872 E [GCV2][epoch-handshake] source=pre-minor-stack epoch=5 requested=2 acked=2 acked_twice=0 self=0 gc_assisted=2 starting=0 running=2 parked=0 exiting=0 deferred_create=0 born_clean=0 exit_transition=0 destroy_deferred=0 stw_calls=0 stack_scanned=1 stack_fallback=1 stack_frames=0 wlock_us=0 timeout_ms=0 epoch_handshake=required stack_scan=required
2026-09-15 10:37:17.027624 2523526 E [GCV2][stack-scan-fallback] epoch=5 concurrent_done=1 stw_fallback=1 stack_scan=required
2026-09-15 10:37:17.027791 2523872 E [GhostRetention] retained_regions=0 retained_bytes=0
2026-09-15 10:37:17.029600 2523872 E [GCV2][epoch-handshake] source=pre-major-stack epoch=6 requested=2 acked=2 acked_twice=0 self=0 gc_assisted=2 starting=0 running=2 parked=0 exiting=0 deferred_create=0 born_clean=0 exit_transition=0 destroy_deferred=0 stw_calls=0 stack_scanned=1 stack_fallback=1 stack_frames=0 wlock_us=0 timeout_ms=0 epoch_handshake=required stack_scan=required
2026-09-15 10:37:17.029836 2523872 E [GhostRetention] retained_regions=0 retained_bytes=0
GC_UNIT_OTHER_VM_OKIDOKI ConcurrentGCBreakpoints.SimpleCycle
[GCV2][markwater] atexit armed=0 turned=0
2026-09-15 10:37:17.030961 2523097 E [GCV2][markterm] atexit pauses=6 flushedInPause=0 ncontinue=0
[  PASS  ] ConcurrentGCBreakpoints.SimpleCycle
[========] 1 tests: 1 passed, 0 failed
[  RUN   ] ConcurrentGCBreakpoints.EndBeforeBreakpoint
[  RUN   ] ConcurrentGCBreakpoints.EndBeforeBreakpoint
2026-09-15 10:37:17.011350 2523099 E [FWDTABLE] armed base=0x713aa9800000 size=268435456 unit=4096 entries=65536
2026-09-15 10:37:17.023316 2523956 E [ZCOLOR2][mark-mask-flip] generation=young count=1 g_cjMarkBadMask=0x9e000000000000 g_cjStoreBadMask=0x19e000000000000
2026-09-15 10:37:17.023450 2523956 E [GCV2][epoch-handshake] source=pre-minor-stack epoch=1 requested=1 acked=1 acked_twice=0 self=0 gc_assisted=1 starting=0 running=1 parked=0 exiting=0 deferred_create=0 born_clean=0 exit_transition=0 destroy_deferred=0 stw_calls=0 stack_scanned=1 stack_fallback=0 stack_frames=0 wlock_us=0 timeout_ms=0 epoch_handshake=required stack_scan=required
2026-09-15 10:37:17.023621 2523706 E [GCV2][stack-scan-fallback] epoch=1 concurrent_done=1 stw_fallback=0 stack_scan=required
2026-09-15 10:37:17.023855 2523956 E [GhostRetention] retained_regions=0 retained_bytes=0
2026-09-15 10:37:17.024432 2523956 E [ZCOLOR2][mark-mask-flip] generation=old count=1 g_cjMarkBadMask=0x6d000000000000
2026-09-15 10:37:17.024519 2523956 E [GCV2][epoch-handshake] source=pre-minor-stack epoch=2 requested=1 acked=1 acked_twice=0 self=0 gc_assisted=1 starting=0 running=1 parked=0 exiting=0 deferred_create=0 born_clean=0 exit_transition=0 destroy_deferred=0 stw_calls=0 stack_scanned=1 stack_fallback=0 stack_frames=0 wlock_us=0 timeout_ms=0 epoch_handshake=required stack_scan=required
2026-09-15 10:37:17.024637 2523563 E [GCV2][stack-scan-fallback] epoch=2 concurrent_done=1 stw_fallback=0 stack_scan=required
2026-09-15 10:37:17.024813 2523956 E [GhostRetention] retained_regions=0 retained_bytes=0
2026-09-15 10:37:17.025352 2523956 E [GCV2][epoch-handshake] source=pre-major-stack epoch=3 requested=1 acked=1 acked_twice=0 self=0 gc_assisted=1 starting=0 running=1 parked=0 exiting=0 deferred_create=0 born_clean=0 exit_transition=0 destroy_deferred=0 stw_calls=0 stack_scanned=1 stack_fallback=0 stack_frames=0 wlock_us=0 timeout_ms=0 epoch_handshake=required stack_scan=required
2026-09-15 10:37:17.026870 2523956 E [GhostRetention] retained_regions=0 retained_bytes=0
GC_UNIT_OTHER_VM_OKIDOKI ConcurrentGCBreakpoints.EndBeforeBreakpoint
[GCV2][markwater] atexit armed=0 turned=0
2026-09-15 10:37:17.027417 2523099 E [GCV2][markterm] atexit pauses=3 flushedInPause=0 ncontinue=0
[  PASS  ] ConcurrentGCBreakpoints.EndBeforeBreakpoint
[========] 1 tests: 1 passed, 0 failed
[  RUN   ] ConcurrentGCBreakpoints.UnknownBreakpoint
[  RUN   ] ConcurrentGCBreakpoints.UnknownBreakpoint
2026-09-15 10:37:17.011788 2523103 E [FWDTABLE] armed base=0x704294000000 size=268435456 unit=4096 entries=65536
2026-09-15 10:37:17.024873 2524109 E [ZCOLOR2][mark-mask-flip] generation=young count=1 g_cjMarkBadMask=0x9e000000000000 g_cjStoreBadMask=0x19e000000000000
2026-09-15 10:37:17.025009 2524109 E [GCV2][epoch-handshake] source=pre-minor-stack epoch=1 requested=1 acked=1 acked_twice=0 self=0 gc_assisted=1 starting=0 running=1 parked=0 exiting=0 deferred_create=0 born_clean=0 exit_transition=0 destroy_deferred=0 stw_calls=0 stack_scanned=1 stack_fallback=0 stack_frames=0 wlock_us=0 timeout_ms=0 epoch_handshake=required stack_scan=required
2026-09-15 10:37:17.025198 2523936 E [GCV2][stack-scan-fallback] epoch=1 concurrent_done=1 stw_fallback=0 stack_scan=required
2026-09-15 10:37:17.025452 2524109 E [GhostRetention] retained_regions=0 retained_bytes=0
2026-09-15 10:37:17.026732 2524109 E [ZCOLOR2][mark-mask-flip] generation=old count=1 g_cjMarkBadMask=0x6d000000000000
2026-09-15 10:37:17.026836 2524109 E [GCV2][epoch-handshake] source=pre-minor-stack epoch=2 requested=1 acked=1 acked_twice=0 self=0 gc_assisted=1 starting=0 running=1 parked=0 exiting=0 deferred_create=0 born_clean=0 exit_transition=0 destroy_deferred=0 stw_calls=0 stack_scanned=1 stack_fallback=0 stack_frames=0 wlock_us=0 timeout_ms=0 epoch_handshake=required stack_scan=required
2026-09-15 10:37:17.026952 2523821 E [GCV2][stack-scan-fallback] epoch=2 concurrent_done=1 stw_fallback=0 stack_scan=required
2026-09-15 10:37:17.027129 2524109 E [GhostRetention] retained_regions=0 retained_bytes=0
2026-09-15 10:37:17.027652 2524109 E [GCV2][epoch-handshake] source=pre-major-stack epoch=3 requested=1 acked=1 acked_twice=0 self=0 gc_assisted=1 starting=0 running=1 parked=0 exiting=0 deferred_create=0 born_clean=0 exit_transition=0 destroy_deferred=0 stw_calls=0 stack_scanned=1 stack_fallback=0 stack_frames=0 wlock_us=0 timeout_ms=0 epoch_handshake=required stack_scan=required
2026-09-15 10:37:17.029162 2524109 E [GhostRetention] retained_regions=0 retained_bytes=0
GC_UNIT_OTHER_VM_OKIDOKI ConcurrentGCBreakpoints.UnknownBreakpoint
[GCV2][markwater] atexit armed=0 turned=0
2026-09-15 10:37:17.029752 2523103 E [GCV2][markterm] atexit pauses=3 flushedInPause=0 ncontinue=0
[  PASS  ] ConcurrentGCBreakpoints.UnknownBreakpoint
[========] 1 tests: 1 passed, 0 failed
[  RUN   ] Uncommitter.ParseDelayDefaultAndOff
[  PASS  ] Uncommitter.ParseDelayDefaultAndOff
[========] 1 tests: 1 passed, 0 failed
[  RUN   ] Uncommitter.MinCapacityIsLivePlusYoungReserve
[  PASS  ] Uncommitter.MinCapacityIsLivePlusYoungReserve
[========] 1 tests: 1 passed, 0 failed
[  RUN   ] Uncommitter.TestNoUncommitAtCapacityFloor
[  RUN   ] Uncommitter.TestNoUncommitAtCapacityFloor
GC_UNIT_OTHER_VM_OKIDOKI Uncommitter.TestNoUncommitAtCapacityFloor
[  PASS  ] Uncommitter.TestNoUncommitAtCapacityFloor
[========] 1 tests: 1 passed, 0 failed
[  RUN   ] Uncommitter.StopWakesDelayedWorker
[  RUN   ] Uncommitter.StopWakesDelayedWorker
GC_UNIT_OTHER_VM_OKIDOKI Uncommitter.StopWakesDelayedWorker
[  PASS  ] Uncommitter.StopWakesDelayedWorker
[========] 1 tests: 1 passed, 0 failed
[  RUN   ] Uncommitter.StartStopRestartPartitionWorker
[  RUN   ] Uncommitter.StartStopRestartPartitionWorker
2026-09-15 10:37:17.013411 2523122 E [FWDTABLE] armed base=0x798775c00000 size=268435456 unit=4096 entries=65536
GC_UNIT_OTHER_VM_OKIDOKI Uncommitter.StartStopRestartPartitionWorker
[  PASS  ] Uncommitter.StartStopRestartPartitionWorker
[========] 1 tests: 1 passed, 0 failed
[  RUN   ] Uncommitter.PartitionWorkerParticipatesInSafepoints
[  RUN   ] Uncommitter.PartitionWorkerParticipatesInSafepoints
2026-09-15 10:37:17.014791 2523125 E [FWDTABLE] armed base=0x7b81f0200000 size=268435456 unit=4096 entries=65536
GC_UNIT_OTHER_VM_OKIDOKI Uncommitter.PartitionWorkerParticipatesInSafepoints
[  PASS  ] Uncommitter.PartitionWorkerParticipatesInSafepoints
[========] 1 tests: 1 passed, 0 failed
[  RUN   ] Uncommitter.ChunkLimitAtLeastPageAndAtMost256M
[  PASS  ] Uncommitter.ChunkLimitAtLeastPageAndAtMost256M
[========] 1 tests: 1 passed, 0 failed
[  RUN   ] Uncommitter.IdleTreeHonorsVirtualClockAndChunkOwnership
[  PASS  ] Uncommitter.IdleTreeHonorsVirtualClockAndChunkOwnership
[========] 1 tests: 1 passed, 0 failed
[  RUN   ] Uncommitter.CycleCancelStopsUncommit
[  PASS  ] Uncommitter.CycleCancelStopsUncommit
[========] 1 tests: 1 passed, 0 failed
[  RUN   ] Uncommitter.PartialPrefixIsRetainedNotRounded
[  PASS  ] Uncommitter.PartialPrefixIsRetainedNotRounded
[========] 1 tests: 1 passed, 0 failed
[  RUN   ] Uncommitter.AllocationTakeBumpsIdleClock
[  PASS  ] Uncommitter.AllocationTakeBumpsIdleClock
[========] 1 tests: 1 passed, 0 failed
[  RUN   ] Uncommitter.UncommitIdleUnitsReleasesPhysical
[  RUN   ] Uncommitter.UncommitIdleUnitsReleasesPhysical
DETAIL probe n=16384 meta=2621440 total=69730304
DETAIL probe mapped base=0x7e357bb80000 heapStart=0x7e357be00000
DETAIL probe initialized
DETAIL probe tree ready
DETAIL probe releasedCount=1
DETAIL backendReleased=4096 cancelFirst=0 unit=4096
TARGET_UNCOMMIT_RELEASE_ASSERT bytes=4096
GC_UNIT_OTHER_VM_OKIDOKI Uncommitter.UncommitIdleUnitsReleasesPhysical
[  PASS  ] Uncommitter.UncommitIdleUnitsReleasesPhysical
[========] 1 tests: 1 passed, 0 failed
[  RUN   ] Uncommitter.TestUncommitIndependentPartitionThread
[  RUN   ] Uncommitter.TestUncommitIndependentPartitionThread
2026-09-15 10:37:17.021004 2523159 E [FWDTABLE] armed base=0x7381f7c00000 size=268435456 unit=4096 entries=65536
DETAIL partition-worker enabled=1 committed-before=67108864 committed-after=65011712 elapsed=10866371
GC_UNIT_OTHER_VM_OKIDOKI Uncommitter.TestUncommitIndependentPartitionThread
[  PASS  ] Uncommitter.TestUncommitIndependentPartitionThread
[========] 1 tests: 1 passed, 0 failed
[  RUN   ] Uncommitter.TestNoUncommitDisabledPartitionThread
[  RUN   ] Uncommitter.TestNoUncommitDisabledPartitionThread
2026-09-15 10:37:17.023073 2523150 E [FWDTABLE] armed base=0x745ab1600000 size=268435456 unit=4096 entries=65536
DETAIL partition-worker enabled=0 committed-before=67108864 committed-after=67108864 elapsed=50632540
GC_UNIT_OTHER_VM_OKIDOKI Uncommitter.TestNoUncommitDisabledPartitionThread
[  PASS  ] Uncommitter.TestNoUncommitDisabledPartitionThread
[========] 1 tests: 1 passed, 0 failed
[  RUN   ] Uncommitter.CancelDelaysActivation
[  RUN   ] Uncommitter.CancelDelaysActivation
GC_UNIT_OTHER_VM_OKIDOKI Uncommitter.CancelDelaysActivation
[  PASS  ] Uncommitter.CancelDelaysActivation
[========] 1 tests: 1 passed, 0 failed
[  RUN   ] Uncommitter.PeriodicUncommitStopsAfterCancel
[  RUN   ] Uncommitter.PeriodicUncommitStopsAfterCancel
DETAIL probe n=16384 meta=2621440 total=69730304
DETAIL probe mapped base=0x715fe8180000 heapStart=0x715fe8400000
DETAIL probe initialized
DETAIL probe tree ready
DETAIL probe releasedCount=1
DETAIL backendReleased=0 cancelFirst=1 unit=4096
GC_UNIT_OTHER_VM_OKIDOKI Uncommitter.PeriodicUncommitStopsAfterCancel
[  PASS  ] Uncommitter.PeriodicUncommitStopsAfterCancel
[========] 1 tests: 1 passed, 0 failed
[  RUN   ] RelocationPageQueue.WaitPreservesMutatorAndHandshakeContext
[  RUN   ] RelocationPageQueue.WaitPreservesMutatorAndHandshakeContext
2026-09-15 10:37:17.015571 2523161 E [FWDTABLE] armed base=0x7acb05730000 size=24576 unit=4096 entries=6
GC_UNIT_OTHER_VM_OKIDOKI RelocationPageQueue.WaitPreservesMutatorAndHandshakeContext
[  PASS  ] RelocationPageQueue.WaitPreservesMutatorAndHandshakeContext
[========] 1 tests: 1 passed, 0 failed
[  RUN   ] RelocationPageQueue.TwoObjectsShareOnePageClaim
2026-09-15 10:37:17.013782 2523143 E [FWDTABLE] armed base=0x79c3ca3a0000 size=24576 unit=4096 entries=6
[  PASS  ] RelocationPageQueue.TwoObjectsShareOnePageClaim
[========] 1 tests: 1 passed, 0 failed
[  RUN   ] RelocationPageQueue.EntryPublicationDoesNotCompleteThePage
2026-09-15 10:37:17.014388 2523147 E [FWDTABLE] armed base=0x7239751cc000 size=24576 unit=4096 entries=6
[  PASS  ] RelocationPageQueue.EntryPublicationDoesNotCompleteThePage
[========] 1 tests: 1 passed, 0 failed
[  RUN   ] RelocationPageQueue.ReleasedPageStillHasItsImmutableEntry
2026-09-15 10:37:17.015301 2523151 E [FWDTABLE] armed base=0x7037df57f000 size=24576 unit=4096 entries=6
[  PASS  ] RelocationPageQueue.ReleasedPageStillHasItsImmutableEntry
[========] 1 tests: 1 passed, 0 failed
[  RUN   ] RelocationPageQueue.DoneBeforeEnqueueNeedsNoWorker
2026-09-15 10:37:17.015531 2523155 E [FWDTABLE] armed base=0x781c8fb51000 size=24576 unit=4096 entries=6
[  PASS  ] RelocationPageQueue.DoneBeforeEnqueueNeedsNoWorker
[========] 1 tests: 1 passed, 0 failed
[  RUN   ] RelocationPageQueue.ClosedGenerationRejectsUnownedWork
2026-09-15 10:37:17.016713 2523162 E [FWDTABLE] armed base=0x77233716e000 size=24576 unit=4096 entries=6
[  PASS  ] RelocationPageQueue.ClosedGenerationRejectsUnownedWork
[========] 1 tests: 1 passed, 0 failed
[  RUN   ] RelocationPageQueue.EnqueueWakesSynchronizedWorker
2026-09-15 10:37:17.016745 2523166 E [FWDTABLE] armed base=0x76065f464000 size=24576 unit=4096 entries=6
[  PASS  ] RelocationPageQueue.EnqueueWakesSynchronizedWorker
[========] 1 tests: 1 passed, 0 failed
[  RUN   ] RuntimeWorkers.FixedParticipantsCompleteEachBorrowedTask
[  PASS  ] RuntimeWorkers.FixedParticipantsCompleteEachBorrowedTask
[========] 1 tests: 1 passed, 0 failed
[  RUN   ] RuntimeWorkers.RuntimeYoungAndOldOwnDistinctThreads
[  PASS  ] RuntimeWorkers.RuntimeYoungAndOldOwnDistinctThreads
[========] 1 tests: 1 passed, 0 failed
[  RUN   ] RuntimeWorkers.RelocationRequestHasOneCompletionOwnerBeforeRunReturns
2026-09-15 10:37:17.018989 2523177 E [FWDTABLE] armed base=0x7097f47d1000 size=24576 unit=4096 entries=6
[  PASS  ] RuntimeWorkers.RelocationRequestHasOneCompletionOwnerBeforeRunReturns
[========] 1 tests: 1 passed, 0 failed
[  RUN   ] RuntimeWorkers.ActualForwardTaskPreservesExternalClaimant
2026-09-15 10:37:17.019364 2523180 E [FWDTABLE] armed base=0x78b9acbf9000 size=24576 unit=4096 entries=6
[  PASS  ] RuntimeWorkers.ActualForwardTaskPreservesExternalClaimant
[========] 1 tests: 1 passed, 0 failed
[  RUN   ] RuntimeWorkers.ClaimLoserWaitsForPageCompletionAndFindsEntry
2026-09-15 10:37:17.019738 2523196 E [FWDTABLE] armed base=0x704f624af000 size=24576 unit=4096 entries=6
[  PASS  ] RuntimeWorkers.ClaimLoserWaitsForPageCompletionAndFindsEntry
[========] 1 tests: 1 passed, 0 failed
[  RUN   ] RuntimeWorkers.ProductParallelEntryRegistersWorkersAndClosesGeneration
[  PASS  ] RuntimeWorkers.ProductParallelEntryRegistersWorkersAndClosesGeneration
[========] 1 tests: 1 passed, 0 failed
[  RUN   ] RuntimeWorkers.ProductSerialEntryRegistersWorkerAndClosesGeneration
[  PASS  ] RuntimeWorkers.ProductSerialEntryRegistersWorkerAndClosesGeneration
[========] 1 tests: 1 passed, 0 failed
[  RUN   ] RuntimeWorkers.ProductYoungRuntimeEntryClosesRelocationRequestGeneration
[  PASS  ] RuntimeWorkers.ProductYoungRuntimeEntryClosesRelocationRequestGeneration
[========] 1 tests: 1 passed, 0 failed
[  RUN   ] RuntimeWorkers.ActualForwardTaskCompletesClaimedOwnerAtRegionExit
[  PASS  ] RuntimeWorkers.ActualForwardTaskCompletesClaimedOwnerAtRegionExit
[========] 1 tests: 1 passed, 0 failed
[  RUN   ] ExemptLife.InPlaceCopyMustNotPaintNormalBeforeUnlock
2026-09-15 10:37:17.021592 2523351 E [FWDTABLE] armed base=0x7c48e115f000 size=24576 unit=4096 entries=6
[  PASS  ] ExemptLife.InPlaceCopyMustNotPaintNormalBeforeUnlock
[========] 1 tests: 1 passed, 0 failed
[  RUN   ] ExemptLife.PartialOverlapCopyPreservesLockedSource
[  RUN   ] ExemptLife.PartialOverlapCopyPreservesLockedSource
2026-09-15 10:37:17.024396 2523740 E [FWDTABLE] armed base=0x7da8bebe7000 size=24576 unit=4096 entries=6
SDOVL_FROM_TYPEINFO before=140721681102592 after=0
GC_UNIT_OTHER_VM_OKIDOKI ExemptLife.PartialOverlapCopyPreservesLockedSource
[  PASS  ] ExemptLife.PartialOverlapCopyPreservesLockedSource
[========] 1 tests: 1 passed, 0 failed
[  RUN   ] ExemptLife.NonOverlapCopyBeforeSourceRemainsGreen
[  RUN   ] ExemptLife.NonOverlapCopyBeforeSourceRemainsGreen
2026-09-15 10:37:17.025368 2523922 E [FWDTABLE] armed base=0x7945f7e7a000 size=24576 unit=4096 entries=6
GC_UNIT_OTHER_VM_OKIDOKI ExemptLife.NonOverlapCopyBeforeSourceRemainsGreen
[  PASS  ] ExemptLife.NonOverlapCopyBeforeSourceRemainsGreen
[========] 1 tests: 1 passed, 0 failed
[  RUN   ] ExemptLife.NonOverlapCopyFarBeforeSourceRemainsGreen
[  RUN   ] ExemptLife.NonOverlapCopyFarBeforeSourceRemainsGreen
2026-09-15 10:37:17.026121 2523999 E [FWDTABLE] armed base=0x7093c53e7000 size=24576 unit=4096 entries=6
GC_UNIT_OTHER_VM_OKIDOKI ExemptLife.NonOverlapCopyFarBeforeSourceRemainsGreen
[  PASS  ] ExemptLife.NonOverlapCopyFarBeforeSourceRemainsGreen
[========] 1 tests: 1 passed, 0 failed
[  RUN   ] ExemptLife.PrepareInstallStripsForwardedResidual
2026-09-15 10:37:17.023865 2523584 E [FWDTABLE] armed base=0x766db34a7000 size=24576 unit=4096 entries=6
[  PASS  ] ExemptLife.PrepareInstallStripsForwardedResidual
[========] 1 tests: 1 passed, 0 failed
[  RUN   ] ExemptLife.PrepareInstallLeavesLockedAlone
2026-09-15 10:37:17.024134 2523651 E [FWDTABLE] armed base=0x720047ae7000 size=24576 unit=4096 entries=6
[  PASS  ] ExemptLife.PrepareInstallLeavesLockedAlone
[========] 1 tests: 1 passed, 0 failed
[  RUN   ] IsFromReg.TryDeleteFromFailsAfterPinRetype
2026-09-15 10:37:17.025165 2523751 E [FWDTABLE] armed base=0x7cd88f1b8000 size=24576 unit=4096 entries=6
[  PASS  ] IsFromReg.TryDeleteFromFailsAfterPinRetype
[========] 1 tests: 1 passed, 0 failed
[  RUN   ] IsFromReg.UnlistedGarbageClaimIsRefusedUntilPrepend
2026-09-15 10:37:17.025378 2523851 E [FWDTABLE] armed base=0x75521dc84000 size=24576 unit=4096 entries=6
[  PASS  ] IsFromReg.UnlistedGarbageClaimIsRefusedUntilPrepend
[========] 1 tests: 1 passed, 0 failed
[  RUN   ] IsFromReg.TakeGarbageSkipsRawPointerHold
2026-09-15 10:37:17.025612 2523888 E [FWDTABLE] armed base=0x7739b5391000 size=24576 unit=4096 entries=6
[  PASS  ] IsFromReg.TakeGarbageSkipsRawPointerHold
[========] 1 tests: 1 passed, 0 failed
[  RUN   ] TypeFence.SizeIsOneWord
[  PASS  ] TypeFence.SizeIsOneWord
[========] 1 tests: 1 passed, 0 failed
[  RUN   ] TypeFence.NullDefault
[  PASS  ] TypeFence.NullDefault
[========] 1 tests: 1 passed, 0 failed
[  RUN   ] TypeFence.FromResolvedRoundTrip
[  PASS  ] TypeFence.FromResolvedRoundTrip
[========] 1 tests: 1 passed, 0 failed
[  RUN   ] TypeFence.CopyPreservesBits
[  PASS  ] TypeFence.CopyPreservesBits
[========] 1 tests: 1 passed, 0 failed
[  RUN   ] TypeFence.MaybeFromIsNotConstructible
[  PASS  ] TypeFence.MaybeFromIsNotConstructible
[========] 1 tests: 1 passed, 0 failed
[  RUN   ] FillerObj.EnabledWalkCrossesFilledGap
2026-09-15 10:37:17.028987 2524150 E [FWDTABLE] armed base=0x754ce5745000 size=24576 unit=4096 entries=6
[  PASS  ] FillerObj.EnabledWalkCrossesFilledGap
[========] 1 tests: 1 passed, 0 failed
[  RUN   ] FillerObj.RouteReserveGapWalkableWhenEnabled
2026-09-15 10:37:17.031341 2524174 E [FWDTABLE] armed base=0x7ef3d83e9000 size=24576 unit=4096 entries=6
[  PASS  ] FillerObj.RouteReserveGapWalkableWhenEnabled
[========] 1 tests: 1 passed, 0 failed
[  RUN   ] I2ReadRef.LoadBadForwardedFromResolvesAndHealsTo
2026-09-15 10:37:17.030622 2524177 E [FWDTABLE] armed base=0x7ee4d77fa000 size=24576 unit=4096 entries=6
[  PASS  ] I2ReadRef.LoadBadForwardedFromResolvesAndHealsTo
[========] 1 tests: 1 passed, 0 failed
[  RUN   ] I2ReadRef.LoadGoodColourSelectsFastPath
2026-09-15 10:37:17.030014 2524198 E [FWDTABLE] armed base=0x703b3c80b000 size=24576 unit=4096 entries=6
[  PASS  ] I2ReadRef.LoadGoodColourSelectsFastPath
[========] 1 tests: 1 passed, 0 failed
[  RUN   ] I2ReadRef.LoadBadHeapSlotIsHealedToCurrentColour
2026-09-15 10:37:17.030422 2524218 E [FWDTABLE] armed base=0x755401210000 size=24576 unit=4096 entries=6
[  PASS  ] I2ReadRef.LoadBadHeapSlotIsHealedToCurrentColour
[========] 1 tests: 1 passed, 0 failed
[  RUN   ] LoadFc.OrdinaryReadHealthyTargetReturnsNormally
2026-09-15 10:37:17.030772 2524242 E [FWDTABLE] armed base=0x7154f109a000 size=24576 unit=4096 entries=6
[  PASS  ] LoadFc.OrdinaryReadHealthyTargetReturnsNormally
[========] 1 tests: 1 passed, 0 failed
[  RUN   ] LoadFc.WeakReadHealthyTargetReturnsNormally
2026-09-15 10:37:17.032262 2524253 E [FWDTABLE] armed base=0x793dec09a000 size=24576 unit=4096 entries=6
[  PASS  ] LoadFc.WeakReadHealthyTargetReturnsNormally
[========] 1 tests: 1 passed, 0 failed
[  RUN   ] LoadFc.StaticReadHealthyTargetReturnsNormally
2026-09-15 10:37:17.033393 2524271 E [FWDTABLE] armed base=0x7e126c036000 size=24576 unit=4096 entries=6
[  PASS  ] LoadFc.StaticReadHealthyTargetReturnsNormally
[========] 1 tests: 1 passed, 0 failed
[  RUN   ] LoadFc.AtomicReadHealthyTargetReturnsNormally
2026-09-15 10:37:17.033132 2524272 E [FWDTABLE] armed base=0x7887ac2eb000 size=24576 unit=4096 entries=6
[  PASS  ] LoadFc.AtomicReadHealthyTargetReturnsNormally
[========] 1 tests: 1 passed, 0 failed
[  RUN   ] LoadFc.SwapOldValueHealthyTargetReturnsNormally
2026-09-15 10:37:17.033920 2524282 E [FWDTABLE] armed base=0x74504549a000 size=24576 unit=4096 entries=6
[  PASS  ] LoadFc.SwapOldValueHealthyTargetReturnsNormally
[========] 1 tests: 1 passed, 0 failed
[  RUN   ] LoadFc.BulkCopyHealthySourceReturnsNormally
2026-09-15 10:37:17.035796 2524321 E [FWDTABLE] armed base=0x7f4b594ff000 size=24576 unit=4096 entries=6
[  PASS  ] LoadFc.BulkCopyHealthySourceReturnsNormally
[========] 1 tests: 1 passed, 0 failed
[  RUN   ] GhostRegionLookup.GhostFromUnmovableRegionAnswersTrue
2026-09-15 10:37:17.036802 2524501 E [FWDTABLE] armed base=0x7929f6689000 size=24576 unit=4096 entries=6
[  PASS  ] GhostRegionLookup.GhostFromUnmovableRegionAnswersTrue
[========] 1 tests: 1 passed, 0 failed
[  RUN   ] GhostRegionLookup.RetirementBetweenMembershipAndFetchKeepsCapturedOwner
2026-09-15 10:37:17.038008 2524571 E [FWDTABLE] armed base=0x7ae3765b8000 size=24576 unit=4096 entries=6
[  PASS  ] GhostRegionLookup.RetirementBetweenMembershipAndFetchKeepsCapturedOwner
[========] 1 tests: 1 passed, 0 failed
[  RUN   ] FnlzRoots.RegistrationTransferPreservesSlotAndYoungEpoch
[  RUN   ] FnlzRoots.RegistrationTransferPreservesSlotAndYoungEpoch
B19_REGISTRATION_EPOCH_ASSERT observed=0x1517fff41ba4ff0 expected=0x1517fff41ba4ff0
GC_UNIT_OTHER_VM_OKIDOKI FnlzRoots.RegistrationTransferPreservesSlotAndYoungEpoch
[  PASS  ] FnlzRoots.RegistrationTransferPreservesSlotAndYoungEpoch
[========] 1 tests: 1 passed, 0 failed
[  RUN   ] FnlzRoots.RegisteredFinalizerIsRawPointerButNotStrongRoot
[  PASS  ] FnlzRoots.RegisteredFinalizerIsRawPointerButNotStrongRoot
[========] 1 tests: 1 passed, 0 failed
[  RUN   ] FnlzRoots.VisitFinalizersCountMatchesRegister
[  PASS  ] FnlzRoots.VisitFinalizersCountMatchesRegister
[========] 1 tests: 1 passed, 0 failed
[  RUN   ] FnlzRoots.RegistryMissDoesNotCountAsFinalEnqueue
[  RUN   ] FnlzRoots.RegistryMissDoesNotCountAsFinalEnqueue
2026-09-15 10:37:17.042289 2524625 E [FWDTABLE] armed base=0x713a7fffd000 size=24576 unit=4096 entries=6
GC_UNIT_OTHER_VM_OKIDOKI FnlzRoots.RegistryMissDoesNotCountAsFinalEnqueue
[  PASS  ] FnlzRoots.RegistryMissDoesNotCountAsFinalEnqueue
[========] 1 tests: 1 passed, 0 failed
[  RUN   ] FnlzRoots.RegisteredFinalizerMovesAndCountsExactlyOnce
[  RUN   ] FnlzRoots.RegisteredFinalizerMovesAndCountsExactlyOnce
2026-09-15 10:37:17.042399 2524628 E [FWDTABLE] armed base=0x730c7ede2000 size=24576 unit=4096 entries=6
GC_UNIT_OTHER_VM_OKIDOKI FnlzRoots.RegisteredFinalizerMovesAndCountsExactlyOnce
[  PASS  ] FnlzRoots.RegisteredFinalizerMovesAndCountsExactlyOnce
[========] 1 tests: 1 passed, 0 failed
[  RUN   ] FnlzRoots.EnqueueBetweenIdleCheckAndCommitKeepsJobVisible
[  PASS  ] FnlzRoots.EnqueueBetweenIdleCheckAndCommitKeepsJobVisible
[========] 1 tests: 1 passed, 0 failed
[  RUN   ] ReferenceProcessor.UnsupportedKindsFailClosed
[  PASS  ] ReferenceProcessor.UnsupportedKindsFailClosed
[========] 1 tests: 1 passed, 0 failed
[  RUN   ] ReferenceProcessor.FinalDiscoveryProcessEnqueue
2026-09-15 10:37:17.041734 2524620 E [FWDTABLE] armed base=0x760c860f2000 size=24576 unit=4096 entries=6
[  PASS  ] ReferenceProcessor.FinalDiscoveryProcessEnqueue
[========] 1 tests: 1 passed, 0 failed
[  RUN   ] ReferenceProcessor.StrongUpgradeDropsFinalReference
2026-09-15 10:37:17.042587 2524624 E [FWDTABLE] armed base=0x710dfcbfa000 size=24576 unit=4096 entries=6
[  PASS  ] ReferenceProcessor.StrongUpgradeDropsFinalReference
[========] 1 tests: 1 passed, 0 failed
[  RUN   ] ReferenceProcessor.StrongWeakReferentIsNotCleared
2026-09-15 10:37:17.042805 2524626 E [FWDTABLE] armed base=0x7e89bcc84000 size=24576 unit=4096 entries=6
[  PASS  ] ReferenceProcessor.StrongWeakReferentIsNotCleared
[========] 1 tests: 1 passed, 0 failed
[  RUN   ] ReferenceProcessor.DeadWeakReferentIsCleanedByCas
2026-09-15 10:37:17.043282 2524630 E [FWDTABLE] armed base=0x73d642ac7000 size=24576 unit=4096 entries=6
[  PASS  ] ReferenceProcessor.DeadWeakReferentIsCleanedByCas
[========] 1 tests: 1 passed, 0 failed
[  RUN   ] ReferenceProcessor.ProcessConsumerReloadsWinningWeakCasValue
2026-09-15 10:37:17.044253 2524636 E [FWDTABLE] armed base=0x7b7b69816000 size=24576 unit=4096 entries=6
[  PASS  ] ReferenceProcessor.ProcessConsumerReloadsWinningWeakCasValue
[========] 1 tests: 1 passed, 0 failed
[  RUN   ] ReferenceProcessor.DuplicateWeakPendingAcceptedOnce
2026-09-15 10:37:17.044656 2524639 E [FWDTABLE] armed base=0x77e63b864000 size=24576 unit=4096 entries=6
[  PASS  ] ReferenceProcessor.DuplicateWeakPendingAcceptedOnce
[========] 1 tests: 1 passed, 0 failed
[  RUN   ] ReferenceProcessor.ConcurrentWorkersPublishOnePendingList
2026-09-15 10:37:17.045025 2524642 E [FWDTABLE] armed base=0x7270c9e8a000 size=24576 unit=4096 entries=6
[  PASS  ] ReferenceProcessor.ConcurrentWorkersPublishOnePendingList
[========] 1 tests: 1 passed, 0 failed
[  RUN   ] MarkStackEntry.ObjectPoliciesAreIndependent
[  PASS  ] MarkStackEntry.ObjectPoliciesAreIndependent
[========] 1 tests: 1 passed, 0 failed
[  RUN   ] MarkStackEntry.PartialArrayIsASeparateKind
[  PASS  ] MarkStackEntry.PartialArrayIsASeparateKind
[========] 1 tests: 1 passed, 0 failed
[  RUN   ] MarkStackEntry.StackSplitPreservesPolicy
[  PASS  ] MarkStackEntry.StackSplitPreservesPolicy
[========] 1 tests: 1 passed, 0 failed
[  RUN   ] MarkStackClear.Empty
MARK_STACK_CLEAR_ENTER entries=0 buffers=0
MARK_STACK_CLEAR_RESULT empty=1
MARK_STACK_CLEAR_STATUS entries=0 status=0
[  PASS  ] MarkStackClear.Empty
[========] 1 tests: 1 passed, 0 failed
[  RUN   ] MarkStackClear.SingleBuffer
MARK_STACK_CLEAR_ENTER entries=1 buffers=1
MARK_STACK_CLEAR_RESULT empty=1
MARK_STACK_CLEAR_STATUS entries=1 status=0
[  PASS  ] MarkStackClear.SingleBuffer
[========] 1 tests: 1 passed, 0 failed
[  RUN   ] MarkStackClear.MultipleBuffers
MARK_STACK_CLEAR_ENTER entries=129 buffers=3
MARK_STACK_CLEAR_RESULT empty=1
MARK_STACK_CLEAR_STATUS entries=129 status=0
[  PASS  ] MarkStackClear.MultipleBuffers
[========] 1 tests: 1 passed, 0 failed
[  RUN   ] MarkStackClear.DestructorAfterMultipleBuffers
MARK_STACK_DTOR_ENTER buffers=3
MARK_STACK_DTOR_RESULT empty=1
MARK_STACK_DTOR_STATUS status=0
[  PASS  ] MarkStackClear.DestructorAfterMultipleBuffers
[========] 1 tests: 1 passed, 0 failed
[  RUN   ] MarkStripe.NoSmrPositiveControlCorruptsHead
[  PASS  ] MarkStripe.NoSmrPositiveControlCorruptsHead
[========] 1 tests: 1 passed, 0 failed
[  RUN   ] MarkStripe.SmrHazardPreventsAbaReuse
[  PASS  ] MarkStripe.SmrHazardPreventsAbaReuse
[========] 1 tests: 1 passed, 0 failed
[  RUN   ] MarkStripe.ConcurrentGlobalStealIsLiveAndLossless
MARK_STRIPE_DRAIN remaining=0 invalid=0 steals=29 ready=8
[  PASS  ] MarkStripe.ConcurrentGlobalStealIsLiveAndLossless
[========] 1 tests: 1 passed, 0 failed
[  RUN   ] MarkStripe.GlobalStealReportsEmptyAfterDrain
[  PASS  ] MarkStripe.GlobalStealReportsEmptyAfterDrain
[========] 1 tests: 1 passed, 0 failed
[  RUN   ] MarkPort203Storage.FirstAndRegularCapacityPreserveValidPrefix
[  PASS  ] MarkPort203Storage.FirstAndRegularCapacityPreserveValidPrefix
[========] 1 tests: 1 passed, 0 failed
[  RUN   ] MarkPort203Storage.FullFirstPublishesThenUsesRegularSegment
[  PASS  ] MarkPort203Storage.FullFirstPublishesThenUsesRegularSegment
[========] 1 tests: 1 passed, 0 failed
[  RUN   ] MarkPort203Storage.BothPublicationListsDrainMultipleStripesAndSegments
[  PASS  ] MarkPort203Storage.BothPublicationListsDrainMultipleStripesAndSegments
[========] 1 tests: 1 passed, 0 failed
[  RUN   ] MarkPort203Storage.TransferredSegmentOutlivesItsSource
[  PASS  ] MarkPort203Storage.TransferredSegmentOutlivesItsSource
[========] 1 tests: 1 passed, 0 failed
[  RUN   ] MarkPort203Storage.EmptySingleAndMultiplePrivateSegmentsAreReturned
STORAGE_EVENT stack=632dfb6b33f0 data=632dfb6b3400 capacity=128 allocated=1
STORAGE_EVENT stack=632dfb6b33f0 data=632dfb6b3400 capacity=128 allocated=0
STORAGE_EVENT stack=632dfb6b35d0 data=632dfb6b35e0 capacity=128 allocated=1
STORAGE_EVENT stack=632dfb6b3a80 data=632dfb6b3a90 capacity=128 allocated=1
STORAGE_EVENT stack=632dfb6b3ea0 data=632dfb6b3eb0 capacity=128 allocated=1
STORAGE_EVENT stack=632dfb6b42c0 data=632dfb6b42d0 capacity=128 allocated=1
STORAGE_EVENT stack=632dfb6b35d0 data=632dfb6b35e0 capacity=128 allocated=0
STORAGE_EVENT stack=632dfb6b3a80 data=632dfb6b3a90 capacity=128 allocated=0
STORAGE_EVENT stack=632dfb6b3ea0 data=632dfb6b3eb0 capacity=128 allocated=0
STORAGE_EVENT stack=632dfb6b42c0 data=632dfb6b42d0 capacity=128 allocated=0
STORAGE_RESULT allocations=5 outstanding=0
[  PASS  ] MarkPort203Storage.EmptySingleAndMultiplePrivateSegmentsAreReturned
[========] 1 tests: 1 passed, 0 failed
[  RUN   ] MarkPort203Storage.YoungCollectionReturnsActualSegments
[  RUN   ] MarkPort203Storage.YoungCollectionReturnsActualSegments
2026-09-15 10:37:17.057208 2524721 E [FWDTABLE] armed base=0x70e8cf9ab000 size=24576 unit=4096 entries=6
2026-09-15 10:37:17.057595 2524721 E [ZCOLOR2][mark-mask-flip] generation=young count=1 g_cjMarkBadMask=0x9e000000000000 g_cjStoreBadMask=0x19e000000000000
2026-09-15 10:37:17.057693 2524721 E [GCV2][epoch-handshake] source=pre-minor-stack epoch=1 requested=0 acked=0 acked_twice=0 self=0 gc_assisted=0 starting=0 running=0 parked=0 exiting=0 deferred_create=0 born_clean=0 exit_transition=0 destroy_deferred=0 stw_calls=0 stack_scanned=0 stack_fallback=0 stack_frames=0 wlock_us=0 timeout_ms=0 epoch_handshake=required stack_scan=required
2026-09-15 10:37:17.057801 2524743 E [GCV2][stack-scan-fallback] epoch=1 concurrent_done=0 stw_fallback=0 stack_scan=required
2026-09-15 10:37:17.057973 2524721 E [GhostRetention] retained_regions=0 retained_bytes=0
TARGET_YOUNG_STRONG_CLOSURE workers=2 root=1 weak=1 referent=1 child=1
STORAGE_EVENT stack=70e8c8001200 data=70e8c8001210 capacity=128 allocated=1
STORAGE_EVENT stack=70e8c8001200 data=70e8c8001210 capacity=128 allocated=0
STORAGE_EVENT stack=70e8c8001710 data=70e8c8001720 capacity=128 allocated=1
STORAGE_EVENT stack=70e8c8001710 data=70e8c8001720 capacity=128 allocated=0
STORAGE_EVENT stack=70e8c8001710 data=70e8c8001720 capacity=128 allocated=1
STORAGE_EVENT stack=70e8c8001710 data=70e8c8001720 capacity=128 allocated=0
STORAGE_EVENT stack=70e8c8001710 data=70e8c8001720 capacity=128 allocated=1
STORAGE_EVENT stack=70e8c8001710 data=70e8c8001720 capacity=128 allocated=0
STORAGE_RESULT allocations=4 outstanding=0
GC_UNIT_OTHER_VM_OKIDOKI MarkPort203Storage.YoungCollectionReturnsActualSegments
[GCV2][markwater] atexit armed=0 turned=0
2026-09-15 10:37:17.058229 2524721 E [GCV2][markterm] atexit pauses=1 flushedInPause=0 ncontinue=0
[  PASS  ] MarkPort203Storage.YoungCollectionReturnsActualSegments
[========] 1 tests: 1 passed, 0 failed
[  RUN   ] MarkPort203Entries.FirstLiveIsAccountedAfterCacheFlush
2026-09-15 10:37:17.053628 2524707 E [FWDTABLE] armed base=0x7c9ff13fd000 size=24576 unit=4096 entries=6
M2_LIVE_RESULT finalizable=0 repeat=0 bytes=16 expected=16 strong=1
[  PASS  ] MarkPort203Entries.FirstLiveIsAccountedAfterCacheFlush
[========] 1 tests: 1 passed, 0 failed
[  RUN   ] MarkPort203Entries.RepeatedStrongClaimDoesNotAccountTwice
2026-09-15 10:37:17.054164 2524710 E [FWDTABLE] armed base=0x7c62c8da0000 size=24576 unit=4096 entries=6
M2_LIVE_RESULT finalizable=0 repeat=1 bytes=16 expected=16 strong=1
[  PASS  ] MarkPort203Entries.RepeatedStrongClaimDoesNotAccountTwice
[========] 1 tests: 1 passed, 0 failed
[  RUN   ] MarkPort203Entries.FinalizableUpgradeDoesNotAccountTwice
2026-09-15 10:37:17.057717 2524713 E [FWDTABLE] armed base=0x727b9d099000 size=24576 unit=4096 entries=6
M2_LIVE_RESULT finalizable=1 repeat=0 bytes=16 expected=16 strong=1
[  PASS  ] MarkPort203Entries.FinalizableUpgradeDoesNotAccountTwice
[========] 1 tests: 1 passed, 0 failed
[  RUN   ] MarkPort203Entries.LargeFirstLiveIsAccountedAfterCacheFlush
2026-09-15 10:37:17.055165 2524716 E [FWDTABLE] armed base=0x7b57fad81000 size=24576 unit=4096 entries=6
M2_LIVE_RESULT finalizable=0 repeat=0 bytes=16 expected=16 strong=1
[  PASS  ] MarkPort203Entries.LargeFirstLiveIsAccountedAfterCacheFlush
[========] 1 tests: 1 passed, 0 failed
[  RUN   ] MarkPort203Entries.LargeRepeatedStrongClaimDoesNotAccountTwice
2026-09-15 10:37:17.059702 2524719 E [FWDTABLE] armed base=0x70120d9dc000 size=24576 unit=4096 entries=6
M2_LIVE_RESULT finalizable=0 repeat=1 bytes=16 expected=16 strong=1
[  PASS  ] MarkPort203Entries.LargeRepeatedStrongClaimDoesNotAccountTwice
[========] 1 tests: 1 passed, 0 failed
[  RUN   ] MarkPort203Entries.LargeFinalizableUpgradeDoesNotAccountTwice
2026-09-15 10:37:17.055980 2524722 E [FWDTABLE] armed base=0x7499ea719000 size=24576 unit=4096 entries=6
M2_LIVE_RESULT finalizable=1 repeat=0 bytes=16 expected=16 strong=1
[  PASS  ] MarkPort203Entries.LargeFinalizableUpgradeDoesNotAccountTwice
[========] 1 tests: 1 passed, 0 failed
[  RUN   ] MarkPort203Entries.CacheCollisionAndExitWriteBothPageCounts
2026-09-15 10:37:17.056604 2524724 E [FWDTABLE] armed base=0x7065903ef000 size=24576 unit=4096 entries=6
M2_CACHE_RESULT collision_objects=1 collision_bytes=16 exit_objects=1 exit_bytes=16
[  PASS  ] MarkPort203Entries.CacheCollisionAndExitWriteBothPageCounts
[========] 1 tests: 1 passed, 0 failed
[  RUN   ] MarkPort203Entries.SerialCollectionConsumesArrayTails
[  RUN   ] MarkPort203Entries.SerialCollectionConsumesArrayTails
2026-09-15 10:37:17.059548 2524735 E [FWDTABLE] armed base=0x7cdbf9b3a000 size=24576 unit=4096 entries=6
2026-09-15 10:37:17.059863 2524735 E [ZCOLOR2][mark-mask-flip] generation=young count=1 g_cjMarkBadMask=0x9e000000000000 g_cjStoreBadMask=0x19e000000000000
2026-09-15 10:37:17.059933 2524735 E [GCV2][epoch-handshake] source=pre-minor-stack epoch=1 requested=0 acked=0 acked_twice=0 self=0 gc_assisted=0 starting=0 running=0 parked=0 exiting=0 deferred_create=0 born_clean=0 exit_transition=0 destroy_deferred=0 stw_calls=0 stack_scanned=0 stack_fallback=0 stack_frames=0 wlock_us=0 timeout_ms=0 epoch_handshake=required stack_scan=required
2026-09-15 10:37:17.060039 2524762 E [GCV2][stack-scan-fallback] epoch=1 concurrent_done=0 stw_fallback=0 stack_scan=required
2026-09-15 10:37:17.060351 2524735 E [GhostRetention] retained_regions=0 retained_bytes=0
M2_ARRAY_RESULT variant=serial array=1 children=160 objects=161 bytes=15000 expected_bytes=15000
M2_LIVE_ASSERT objects_ok=1 bytes_ok=1 root_order=0
GC_UNIT_OTHER_VM_OKIDOKI MarkPort203Entries.SerialCollectionConsumesArrayTails
[GCV2][markwater] atexit armed=0 turned=0
2026-09-15 10:37:17.060653 2524735 E [GCV2][markterm] atexit pauses=1 flushedInPause=0 ncontinue=0
[  PASS  ] MarkPort203Entries.SerialCollectionConsumesArrayTails
[========] 1 tests: 1 passed, 0 failed
[  RUN   ] MarkPort203Entries.LegacyParallelCollectionConsumesArrayTails
[  RUN   ] MarkPort203Entries.LegacyParallelCollectionConsumesArrayTails
2026-09-15 10:37:17.059761 2524739 E [FWDTABLE] armed base=0x735a8df0f000 size=24576 unit=4096 entries=6
2026-09-15 10:37:17.060164 2524739 E [ZCOLOR2][mark-mask-flip] generation=young count=1 g_cjMarkBadMask=0x9e000000000000 g_cjStoreBadMask=0x19e000000000000
2026-09-15 10:37:17.060245 2524739 E [GCV2][epoch-handshake] source=pre-minor-stack epoch=1 requested=0 acked=0 acked_twice=0 self=0 gc_assisted=0 starting=0 running=0 parked=0 exiting=0 deferred_create=0 born_clean=0 exit_transition=0 destroy_deferred=0 stw_calls=0 stack_scanned=0 stack_fallback=0 stack_frames=0 wlock_us=0 timeout_ms=0 epoch_handshake=required stack_scan=required
2026-09-15 10:37:17.060346 2524768 E [GCV2][stack-scan-fallback] epoch=1 concurrent_done=0 stw_fallback=0 stack_scan=required
2026-09-15 10:37:17.060645 2524739 E [GhostRetention] retained_regions=0 retained_bytes=0
M2_ARRAY_RESULT variant=legacy-parallel array=1 children=160 objects=161 bytes=15000 expected_bytes=15000
M2_LIVE_ASSERT objects_ok=1 bytes_ok=1 root_order=0
GC_UNIT_OTHER_VM_OKIDOKI MarkPort203Entries.LegacyParallelCollectionConsumesArrayTails
[GCV2][markwater] atexit armed=0 turned=0
2026-09-15 10:37:17.061066 2524739 E [GCV2][markterm] atexit pauses=1 flushedInPause=0 ncontinue=0
[  PASS  ] MarkPort203Entries.LegacyParallelCollectionConsumesArrayTails
[========] 1 tests: 1 passed, 0 failed
[  RUN   ] MarkPort203Entries.StripedCollectionConsumesArrayTails
[  RUN   ] MarkPort203Entries.StripedCollectionConsumesArrayTails
2026-09-15 10:37:17.060384 2524749 E [FWDTABLE] armed base=0x736cdac82000 size=24576 unit=4096 entries=6
2026-09-15 10:37:17.060793 2524749 E [ZCOLOR2][mark-mask-flip] generation=young count=1 g_cjMarkBadMask=0x9e000000000000 g_cjStoreBadMask=0x19e000000000000
2026-09-15 10:37:17.060894 2524749 E [GCV2][epoch-handshake] source=pre-minor-stack epoch=1 requested=0 acked=0 acked_twice=0 self=0 gc_assisted=0 starting=0 running=0 parked=0 exiting=0 deferred_create=0 born_clean=0 exit_transition=0 destroy_deferred=0 stw_calls=0 stack_scanned=0 stack_fallback=0 stack_frames=0 wlock_us=0 timeout_ms=0 epoch_handshake=required stack_scan=required
2026-09-15 10:37:17.061006 2524780 E [GCV2][stack-scan-fallback] epoch=1 concurrent_done=0 stw_fallback=0 stack_scan=required
2026-09-15 10:37:17.061334 2524749 E [GhostRetention] retained_regions=0 retained_bytes=0
M2_ARRAY_RESULT variant=striped array=1 children=160 objects=161 bytes=15000 expected_bytes=15000
M2_LIVE_ASSERT objects_ok=1 bytes_ok=1 root_order=0
GC_UNIT_OTHER_VM_OKIDOKI MarkPort203Entries.StripedCollectionConsumesArrayTails
[GCV2][markwater] atexit armed=0 turned=0
2026-09-15 10:37:17.061641 2524749 E [GCV2][markterm] atexit pauses=1 flushedInPause=0 ncontinue=0
[  PASS  ] MarkPort203Entries.StripedCollectionConsumesArrayTails
[========] 1 tests: 1 passed, 0 failed
[  RUN   ] MarkPort203Entries.MajorSerialCollectionConsumesArrayTails
[  RUN   ] MarkPort203Entries.MajorSerialCollectionConsumesArrayTails
2026-09-15 10:37:17.063119 2524771 E [FWDTABLE] armed base=0x786c2e913000 size=24576 unit=4096 entries=6
2026-09-15 10:37:17.063435 2524771 E [GCV2][epoch-handshake] source=pre-major-stack epoch=1 requested=0 acked=0 acked_twice=0 self=0 gc_assisted=0 starting=0 running=0 parked=0 exiting=0 deferred_create=0 born_clean=0 exit_transition=0 destroy_deferred=0 stw_calls=0 stack_scanned=0 stack_fallback=0 stack_frames=0 wlock_us=0 timeout_ms=0 epoch_handshake=required stack_scan=required
2026-09-15 10:37:17.063696 2524771 E [GhostRetention] retained_regions=0 retained_bytes=0
M2_ARRAY_RESULT variant=major-common array=1 children=160 objects=161 bytes=15000 expected_bytes=15000
M2_LIVE_ASSERT objects_ok=1 bytes_ok=1 root_order=0
GC_UNIT_OTHER_VM_OKIDOKI MarkPort203Entries.MajorSerialCollectionConsumesArrayTails
[GCV2][markwater] atexit armed=0 turned=0
2026-09-15 10:37:17.063940 2524771 E [GCV2][markterm] atexit pauses=1 flushedInPause=0 ncontinue=0
[  PASS  ] MarkPort203Entries.MajorSerialCollectionConsumesArrayTails
[========] 1 tests: 1 passed, 0 failed
[  RUN   ] MarkPort203Entries.MajorParallelCollectionConsumesArrayTails
[  RUN   ] MarkPort203Entries.MajorParallelCollectionConsumesArrayTails
2026-09-15 10:37:17.062842 2524772 E [FWDTABLE] armed base=0x7c2fa8cfb000 size=24576 unit=4096 entries=6
2026-09-15 10:37:17.063282 2524772 E [GCV2][epoch-handshake] source=pre-major-stack epoch=1 requested=0 acked=0 acked_twice=0 self=0 gc_assisted=0 starting=0 running=0 parked=0 exiting=0 deferred_create=0 born_clean=0 exit_transition=0 destroy_deferred=0 stw_calls=0 stack_scanned=0 stack_fallback=0 stack_frames=0 wlock_us=0 timeout_ms=0 epoch_handshake=required stack_scan=required
2026-09-15 10:37:17.063916 2524772 E [GhostRetention] retained_regions=0 retained_bytes=0
M2_ARRAY_RESULT variant=major-common array=1 children=160 objects=161 bytes=15000 expected_bytes=15000
M2_LIVE_ASSERT objects_ok=1 bytes_ok=1 root_order=0
GC_UNIT_OTHER_VM_OKIDOKI MarkPort203Entries.MajorParallelCollectionConsumesArrayTails
[GCV2][markwater] atexit armed=0 turned=0
2026-09-15 10:37:17.064283 2524772 E [GCV2][markterm] atexit pauses=1 flushedInPause=0 ncontinue=0
[  PASS  ] MarkPort203Entries.MajorParallelCollectionConsumesArrayTails
[========] 1 tests: 1 passed, 0 failed
[  RUN   ] MarkPort203Entries.MajorExportCollectionConsumesArrayTails
[  RUN   ] MarkPort203Entries.MajorExportCollectionConsumesArrayTails
2026-09-15 10:37:17.063287 2524779 E [FWDTABLE] armed base=0x718ae60e1000 size=24576 unit=4096 entries=6
2026-09-15 10:37:17.063709 2524779 E [GCV2][epoch-handshake] source=pre-major-stack epoch=1 requested=0 acked=0 acked_twice=0 self=0 gc_assisted=0 starting=0 running=0 parked=0 exiting=0 deferred_create=0 born_clean=0 exit_transition=0 destroy_deferred=0 stw_calls=0 stack_scanned=0 stack_fallback=0 stack_frames=0 wlock_us=0 timeout_ms=0 epoch_handshake=required stack_scan=required
2026-09-15 10:37:17.064044 2524779 E [GhostRetention] retained_regions=0 retained_bytes=0
M2_ARRAY_RESULT variant=major-export array=1 children=160 objects=161 bytes=15000 expected_bytes=15000
M2_LIVE_ASSERT objects_ok=1 bytes_ok=1 root_order=0
GC_UNIT_OTHER_VM_OKIDOKI MarkPort203Entries.MajorExportCollectionConsumesArrayTails
[GCV2][markwater] atexit armed=0 turned=0
2026-09-15 10:37:17.064589 2524779 E [GCV2][markterm] atexit pauses=1 flushedInPause=0 ncontinue=0
[  PASS  ] MarkPort203Entries.MajorExportCollectionConsumesArrayTails
[========] 1 tests: 1 passed, 0 failed
[  RUN   ] MarkPort203Entries.SerialInvisibleRootIsLiveWithoutFollowingFields
[  RUN   ] MarkPort203Entries.SerialInvisibleRootIsLiveWithoutFollowingFields
2026-09-15 10:37:17.064126 2524787 E [FWDTABLE] armed base=0x7c191649d000 size=24576 unit=4096 entries=6
2026-09-15 10:37:17.064482 2524787 E [ZCOLOR2][mark-mask-flip] generation=young count=1 g_cjMarkBadMask=0x9e000000000000 g_cjStoreBadMask=0x19e000000000000
2026-09-15 10:37:17.064568 2524787 E [GCV2][epoch-handshake] source=pre-minor-stack epoch=1 requested=0 acked=0 acked_twice=0 self=0 gc_assisted=0 starting=0 running=0 parked=0 exiting=0 deferred_create=0 born_clean=0 exit_transition=0 destroy_deferred=0 stw_calls=0 stack_scanned=0 stack_fallback=0 stack_frames=0 wlock_us=0 timeout_ms=0 epoch_handshake=required stack_scan=required
2026-09-15 10:37:17.064658 2524829 E [GCV2][stack-scan-fallback] epoch=1 concurrent_done=0 stw_fallback=0 stack_scan=required
2026-09-15 10:37:17.064893 2524787 E [GhostRetention] retained_regions=0 retained_bytes=0
M2_ARRAY_RESULT variant=serial array=1 children=0 objects=1 bytes=12440 expected_bytes=12440
M2_LIVE_ASSERT objects_ok=1 bytes_ok=1 root_order=0
GC_UNIT_OTHER_VM_OKIDOKI MarkPort203Entries.SerialInvisibleRootIsLiveWithoutFollowingFields
[GCV2][markwater] atexit armed=0 turned=0
2026-09-15 10:37:17.065149 2524787 E [GCV2][markterm] atexit pauses=1 flushedInPause=0 ncontinue=0
[  PASS  ] MarkPort203Entries.SerialInvisibleRootIsLiveWithoutFollowingFields
[========] 1 tests: 1 passed, 0 failed
[  RUN   ] MarkPort203Entries.StripedInvisibleRootIsLiveWithoutFollowingFields
[  RUN   ] MarkPort203Entries.StripedInvisibleRootIsLiveWithoutFollowingFields
2026-09-15 10:37:17.064795 2524794 E [FWDTABLE] armed base=0x7086fc78c000 size=24576 unit=4096 entries=6
2026-09-15 10:37:17.065216 2524794 E [ZCOLOR2][mark-mask-flip] generation=young count=1 g_cjMarkBadMask=0x9e000000000000 g_cjStoreBadMask=0x19e000000000000
2026-09-15 10:37:17.065302 2524794 E [GCV2][epoch-handshake] source=pre-minor-stack epoch=1 requested=0 acked=0 acked_twice=0 self=0 gc_assisted=0 starting=0 running=0 parked=0 exiting=0 deferred_create=0 born_clean=0 exit_transition=0 destroy_deferred=0 stw_calls=0 stack_scanned=0 stack_fallback=0 stack_frames=0 wlock_us=0 timeout_ms=0 epoch_handshake=required stack_scan=required
2026-09-15 10:37:17.065384 2524839 E [GCV2][stack-scan-fallback] epoch=1 concurrent_done=0 stw_fallback=0 stack_scan=required
2026-09-15 10:37:17.065639 2524794 E [GhostRetention] retained_regions=0 retained_bytes=0
M2_ARRAY_RESULT variant=striped array=1 children=0 objects=1 bytes=12440 expected_bytes=12440
M2_LIVE_ASSERT objects_ok=1 bytes_ok=1 root_order=0
GC_UNIT_OTHER_VM_OKIDOKI MarkPort203Entries.StripedInvisibleRootIsLiveWithoutFollowingFields
[GCV2][markwater] atexit armed=0 turned=0
2026-09-15 10:37:17.065909 2524794 E [GCV2][markterm] atexit pauses=1 flushedInPause=0 ncontinue=0
[  PASS  ] MarkPort203Entries.StripedInvisibleRootIsLiveWithoutFollowingFields
[========] 1 tests: 1 passed, 0 failed
[  RUN   ] MarkPort203Entries.FinalizableArrayClosureAccountsWithoutStrongUpgrade
[  RUN   ] MarkPort203Entries.FinalizableArrayClosureAccountsWithoutStrongUpgrade
2026-09-15 10:37:17.065923 2524813 E [FWDTABLE] armed base=0x7c7549514000 size=24576 unit=4096 entries=6
2026-09-15 10:37:17.066368 2524813 E [GCV2][epoch-handshake] source=pre-major-stack epoch=1 requested=0 acked=0 acked_twice=0 self=0 gc_assisted=0 starting=0 running=0 parked=0 exiting=0 deferred_create=0 born_clean=0 exit_transition=0 destroy_deferred=0 stw_calls=0 stack_scanned=0 stack_fallback=0 stack_frames=0 wlock_us=0 timeout_ms=0 epoch_handshake=required stack_scan=required
2026-09-15 10:37:17.066701 2524813 E [GhostRetention] retained_regions=0 retained_bytes=0
M2_ARRAY_RESULT variant=major-finalizable array=1 children=160 objects=162 bytes=15016 expected_bytes=15016
M2_LIVE_ASSERT objects_ok=1 bytes_ok=1 root_order=0
GC_UNIT_OTHER_VM_OKIDOKI MarkPort203Entries.FinalizableArrayClosureAccountsWithoutStrongUpgrade
[GCV2][markwater] atexit armed=0 turned=0
2026-09-15 10:37:17.066923 2524813 E [GCV2][markterm] atexit pauses=1 flushedInPause=0 ncontinue=0
[  PASS  ] MarkPort203Entries.FinalizableArrayClosureAccountsWithoutStrongUpgrade
[========] 1 tests: 1 passed, 0 failed
[  RUN   ] MarkPort203Entries.SerialCollectionHandlesExactArrayThreshold
[  RUN   ] MarkPort203Entries.SerialCollectionHandlesExactArrayThreshold
2026-09-15 10:37:17.065799 2524807 E [FWDTABLE] armed base=0x7c943c5f8000 size=24576 unit=4096 entries=6
2026-09-15 10:37:17.066103 2524807 E [ZCOLOR2][mark-mask-flip] generation=young count=1 g_cjMarkBadMask=0x9e000000000000 g_cjStoreBadMask=0x19e000000000000
2026-09-15 10:37:17.066182 2524807 E [GCV2][epoch-handshake] source=pre-minor-stack epoch=1 requested=0 acked=0 acked_twice=0 self=0 gc_assisted=0 starting=0 running=0 parked=0 exiting=0 deferred_create=0 born_clean=0 exit_transition=0 destroy_deferred=0 stw_calls=0 stack_scanned=0 stack_fallback=0 stack_frames=0 wlock_us=0 timeout_ms=0 epoch_handshake=required stack_scan=required
2026-09-15 10:37:17.066272 2524853 E [GCV2][stack-scan-fallback] epoch=1 concurrent_done=0 stw_fallback=0 stack_scan=required
2026-09-15 10:37:17.066534 2524807 E [GhostRetention] retained_regions=0 retained_bytes=0
M2_ARRAY_RESULT variant=serial array=1 children=160 objects=161 bytes=6672 expected_bytes=6672
M2_LIVE_ASSERT objects_ok=1 bytes_ok=1 root_order=0
GC_UNIT_OTHER_VM_OKIDOKI MarkPort203Entries.SerialCollectionHandlesExactArrayThreshold
[GCV2][markwater] atexit armed=0 turned=0
2026-09-15 10:37:17.066750 2524807 E [GCV2][markterm] atexit pauses=1 flushedInPause=0 ncontinue=0
[  PASS  ] MarkPort203Entries.SerialCollectionHandlesExactArrayThreshold
[========] 1 tests: 1 passed, 0 failed
[  RUN   ] MarkPort203Entries.SerialCollectionHandlesOnePastArrayThreshold
[  RUN   ] MarkPort203Entries.SerialCollectionHandlesOnePastArrayThreshold
2026-09-15 10:37:17.066519 2524824 E [FWDTABLE] armed base=0x72304e229000 size=24576 unit=4096 entries=6
2026-09-15 10:37:17.066815 2524824 E [ZCOLOR2][mark-mask-flip] generation=young count=1 g_cjMarkBadMask=0x9e000000000000 g_cjStoreBadMask=0x19e000000000000
2026-09-15 10:37:17.066904 2524824 E [GCV2][epoch-handshake] source=pre-minor-stack epoch=1 requested=0 acked=0 acked_twice=0 self=0 gc_assisted=0 starting=0 running=0 parked=0 exiting=0 deferred_create=0 born_clean=0 exit_transition=0 destroy_deferred=0 stw_calls=0 stack_scanned=0 stack_fallback=0 stack_frames=0 wlock_us=0 timeout_ms=0 epoch_handshake=required stack_scan=required
2026-09-15 10:37:17.066992 2524868 E [GCV2][stack-scan-fallback] epoch=1 concurrent_done=0 stw_fallback=0 stack_scan=required
2026-09-15 10:37:17.067287 2524824 E [GhostRetention] retained_regions=0 retained_bytes=0
M2_ARRAY_RESULT variant=serial array=1 children=160 objects=161 bytes=6680 expected_bytes=6680
M2_LIVE_ASSERT objects_ok=1 bytes_ok=1 root_order=0
GC_UNIT_OTHER_VM_OKIDOKI MarkPort203Entries.SerialCollectionHandlesOnePastArrayThreshold
[GCV2][markwater] atexit armed=0 turned=0
2026-09-15 10:37:17.067525 2524824 E [GCV2][markterm] atexit pauses=1 flushedInPause=0 ncontinue=0
[  PASS  ] MarkPort203Entries.SerialCollectionHandlesOnePastArrayThreshold
[========] 1 tests: 1 passed, 0 failed
[  RUN   ] MarkPort203Entries.StructArrayCollectionVisitsBothFields
[  RUN   ] MarkPort203Entries.StructArrayCollectionVisitsBothFields
2026-09-15 10:37:17.066907 2524827 E [FWDTABLE] armed base=0x7c522e6a9000 size=24576 unit=4096 entries=6
2026-09-15 10:37:17.067349 2524827 E [ZCOLOR2][mark-mask-flip] generation=young count=1 g_cjMarkBadMask=0x9e000000000000 g_cjStoreBadMask=0x19e000000000000
2026-09-15 10:37:17.067421 2524827 E [GCV2][epoch-handshake] source=pre-minor-stack epoch=1 requested=0 acked=0 acked_twice=0 self=0 gc_assisted=0 starting=0 running=0 parked=0 exiting=0 deferred_create=0 born_clean=0 exit_transition=0 destroy_deferred=0 stw_calls=0 stack_scanned=0 stack_fallback=0 stack_frames=0 wlock_us=0 timeout_ms=0 epoch_handshake=required stack_scan=required
2026-09-15 10:37:17.067524 2524877 E [GCV2][stack-scan-fallback] epoch=1 concurrent_done=0 stw_fallback=0 stack_scan=required
2026-09-15 10:37:17.067797 2524827 E [GhostRetention] retained_regions=0 retained_bytes=0
M2_ARRAY_RESULT variant=striped array=1 children=160 objects=161 bytes=10784 expected_bytes=10784
M2_LIVE_ASSERT objects_ok=1 bytes_ok=1 root_order=0
GC_UNIT_OTHER_VM_OKIDOKI MarkPort203Entries.StructArrayCollectionVisitsBothFields
[GCV2][markwater] atexit armed=0 turned=0
2026-09-15 10:37:17.068057 2524827 E [GCV2][markterm] atexit pauses=1 flushedInPause=0 ncontinue=0
[  PASS  ] MarkPort203Entries.StructArrayCollectionVisitsBothFields
[========] 1 tests: 1 passed, 0 failed
[  RUN   ] MarkPort203Entries.SerialInvisibleThenNormalAccountsOnce
[  RUN   ] MarkPort203Entries.SerialInvisibleThenNormalAccountsOnce
2026-09-15 10:37:17.067294 2524833 E [FWDTABLE] armed base=0x76c1941c0000 size=24576 unit=4096 entries=6
2026-09-15 10:37:17.067629 2524833 E [ZCOLOR2][mark-mask-flip] generation=young count=1 g_cjMarkBadMask=0x9e000000000000 g_cjStoreBadMask=0x19e000000000000
2026-09-15 10:37:17.067695 2524833 E [GCV2][epoch-handshake] source=pre-minor-stack epoch=1 requested=0 acked=0 acked_twice=0 self=0 gc_assisted=0 starting=0 running=0 parked=0 exiting=0 deferred_create=0 born_clean=0 exit_transition=0 destroy_deferred=0 stw_calls=0 stack_scanned=0 stack_fallback=0 stack_frames=0 wlock_us=0 timeout_ms=0 epoch_handshake=required stack_scan=required
2026-09-15 10:37:17.067775 2524883 E [GCV2][stack-scan-fallback] epoch=1 concurrent_done=0 stw_fallback=0 stack_scan=required
2026-09-15 10:37:17.068024 2524833 E [GhostRetention] retained_regions=0 retained_bytes=0
M2_ARRAY_RESULT variant=serial array=1 children=160 objects=161 bytes=15000 expected_bytes=15000
M2_LIVE_ASSERT objects_ok=1 bytes_ok=1 root_order=1
GC_UNIT_OTHER_VM_OKIDOKI MarkPort203Entries.SerialInvisibleThenNormalAccountsOnce
[GCV2][markwater] atexit armed=0 turned=0
2026-09-15 10:37:17.068278 2524833 E [GCV2][markterm] atexit pauses=1 flushedInPause=0 ncontinue=0
[  PASS  ] MarkPort203Entries.SerialInvisibleThenNormalAccountsOnce
[========] 1 tests: 1 passed, 0 failed
[  RUN   ] MarkPort203Entries.SerialNormalThenInvisibleAccountsOnce
[  RUN   ] MarkPort203Entries.SerialNormalThenInvisibleAccountsOnce
2026-09-15 10:37:17.067729 2524843 E [FWDTABLE] armed base=0x754de19a9000 size=24576 unit=4096 entries=6
2026-09-15 10:37:17.068094 2524843 E [ZCOLOR2][mark-mask-flip] generation=young count=1 g_cjMarkBadMask=0x9e000000000000 g_cjStoreBadMask=0x19e000000000000
2026-09-15 10:37:17.068197 2524843 E [GCV2][epoch-handshake] source=pre-minor-stack epoch=1 requested=0 acked=0 acked_twice=0 self=0 gc_assisted=0 starting=0 running=0 parked=0 exiting=0 deferred_create=0 born_clean=0 exit_transition=0 destroy_deferred=0 stw_calls=0 stack_scanned=0 stack_fallback=0 stack_frames=0 wlock_us=0 timeout_ms=0 epoch_handshake=required stack_scan=required
2026-09-15 10:37:17.068296 2524891 E [GCV2][stack-scan-fallback] epoch=1 concurrent_done=0 stw_fallback=0 stack_scan=required
2026-09-15 10:37:17.068596 2524843 E [GhostRetention] retained_regions=0 retained_bytes=0
M2_ARRAY_RESULT variant=serial array=1 children=160 objects=161 bytes=15000 expected_bytes=15000
M2_LIVE_ASSERT objects_ok=1 bytes_ok=1 root_order=-1
GC_UNIT_OTHER_VM_OKIDOKI MarkPort203Entries.SerialNormalThenInvisibleAccountsOnce
[GCV2][markwater] atexit armed=0 turned=0
2026-09-15 10:37:17.068928 2524843 E [GCV2][markterm] atexit pauses=1 flushedInPause=0 ncontinue=0
[  PASS  ] MarkPort203Entries.SerialNormalThenInvisibleAccountsOnce
[========] 1 tests: 1 passed, 0 failed
[  RUN   ] MarkPort203Entries.ParallelInvisibleThenNormalAccountsOnce
[  RUN   ] MarkPort203Entries.ParallelInvisibleThenNormalAccountsOnce
2026-09-15 10:37:17.068450 2524850 E [FWDTABLE] armed base=0x7bfd9bfc1000 size=24576 unit=4096 entries=6
2026-09-15 10:37:17.068861 2524850 E [ZCOLOR2][mark-mask-flip] generation=young count=1 g_cjMarkBadMask=0x9e000000000000 g_cjStoreBadMask=0x19e000000000000
2026-09-15 10:37:17.068938 2524850 E [GCV2][epoch-handshake] source=pre-minor-stack epoch=1 requested=0 acked=0 acked_twice=0 self=0 gc_assisted=0 starting=0 running=0 parked=0 exiting=0 deferred_create=0 born_clean=0 exit_transition=0 destroy_deferred=0 stw_calls=0 stack_scanned=0 stack_fallback=0 stack_frames=0 wlock_us=0 timeout_ms=0 epoch_handshake=required stack_scan=required
2026-09-15 10:37:17.069030 2524900 E [GCV2][stack-scan-fallback] epoch=1 concurrent_done=0 stw_fallback=0 stack_scan=required
2026-09-15 10:37:17.069352 2524850 E [GhostRetention] retained_regions=0 retained_bytes=0
M2_ARRAY_RESULT variant=legacy-parallel array=1 children=160 objects=161 bytes=15000 expected_bytes=15000
M2_LIVE_ASSERT objects_ok=1 bytes_ok=1 root_order=1
GC_UNIT_OTHER_VM_OKIDOKI MarkPort203Entries.ParallelInvisibleThenNormalAccountsOnce
[GCV2][markwater] atexit armed=0 turned=0
2026-09-15 10:37:17.069629 2524850 E [GCV2][markterm] atexit pauses=1 flushedInPause=0 ncontinue=0
[  PASS  ] MarkPort203Entries.ParallelInvisibleThenNormalAccountsOnce
[========] 1 tests: 1 passed, 0 failed
[  RUN   ] MarkPort203Entries.ParallelNormalThenInvisibleAccountsOnce
[  RUN   ] MarkPort203Entries.ParallelNormalThenInvisibleAccountsOnce
2026-09-15 10:37:17.068704 2524858 E [FWDTABLE] armed base=0x77ac387c6000 size=24576 unit=4096 entries=6
2026-09-15 10:37:17.069119 2524858 E [ZCOLOR2][mark-mask-flip] generation=young count=1 g_cjMarkBadMask=0x9e000000000000 g_cjStoreBadMask=0x19e000000000000
2026-09-15 10:37:17.069220 2524858 E [GCV2][epoch-handshake] source=pre-minor-stack epoch=1 requested=0 acked=0 acked_twice=0 self=0 gc_assisted=0 starting=0 running=0 parked=0 exiting=0 deferred_create=0 born_clean=0 exit_transition=0 destroy_deferred=0 stw_calls=0 stack_scanned=0 stack_fallback=0 stack_frames=0 wlock_us=0 timeout_ms=0 epoch_handshake=required stack_scan=required
2026-09-15 10:37:17.069322 2524907 E [GCV2][stack-scan-fallback] epoch=1 concurrent_done=0 stw_fallback=0 stack_scan=required
2026-09-15 10:37:17.069601 2524858 E [GhostRetention] retained_regions=0 retained_bytes=0
M2_ARRAY_RESULT variant=legacy-parallel array=1 children=160 objects=161 bytes=15000 expected_bytes=15000
M2_LIVE_ASSERT objects_ok=1 bytes_ok=1 root_order=-1
GC_UNIT_OTHER_VM_OKIDOKI MarkPort203Entries.ParallelNormalThenInvisibleAccountsOnce
[GCV2][markwater] atexit armed=0 turned=0
2026-09-15 10:37:17.069941 2524858 E [GCV2][markterm] atexit pauses=1 flushedInPause=0 ncontinue=0
[  PASS  ] MarkPort203Entries.ParallelNormalThenInvisibleAccountsOnce
[========] 1 tests: 1 passed, 0 failed
[  RUN   ] MarkPort203Entries.StripedInvisibleThenNormalAccountsOnce
[  RUN   ] MarkPort203Entries.StripedInvisibleThenNormalAccountsOnce
2026-09-15 10:37:17.069416 2524870 E [FWDTABLE] armed base=0x796a1c56c000 size=24576 unit=4096 entries=6
2026-09-15 10:37:17.069853 2524870 E [ZCOLOR2][mark-mask-flip] generation=young count=1 g_cjMarkBadMask=0x9e000000000000 g_cjStoreBadMask=0x19e000000000000
2026-09-15 10:37:17.069953 2524870 E [GCV2][epoch-handshake] source=pre-minor-stack epoch=1 requested=0 acked=0 acked_twice=0 self=0 gc_assisted=0 starting=0 running=0 parked=0 exiting=0 deferred_create=0 born_clean=0 exit_transition=0 destroy_deferred=0 stw_calls=0 stack_scanned=0 stack_fallback=0 stack_frames=0 wlock_us=0 timeout_ms=0 epoch_handshake=required stack_scan=required
2026-09-15 10:37:17.070042 2524918 E [GCV2][stack-scan-fallback] epoch=1 concurrent_done=0 stw_fallback=0 stack_scan=required
2026-09-15 10:37:17.070367 2524870 E [GhostRetention] retained_regions=0 retained_bytes=0
M2_ARRAY_RESULT variant=striped array=1 children=160 objects=161 bytes=15000 expected_bytes=15000
M2_LIVE_ASSERT objects_ok=1 bytes_ok=1 root_order=1
GC_UNIT_OTHER_VM_OKIDOKI MarkPort203Entries.StripedInvisibleThenNormalAccountsOnce
[GCV2][markwater] atexit armed=0 turned=0
2026-09-15 10:37:17.070663 2524870 E [GCV2][markterm] atexit pauses=1 flushedInPause=0 ncontinue=0
[  PASS  ] MarkPort203Entries.StripedInvisibleThenNormalAccountsOnce
[========] 1 tests: 1 passed, 0 failed
[  RUN   ] MarkPort203Entries.StripedNormalThenInvisibleAccountsOnce
[  RUN   ] MarkPort203Entries.StripedNormalThenInvisibleAccountsOnce
2026-09-15 10:37:17.069776 2524873 E [FWDTABLE] armed base=0x7f0d28929000 size=24576 unit=4096 entries=6
2026-09-15 10:37:17.070210 2524873 E [ZCOLOR2][mark-mask-flip] generation=young count=1 g_cjMarkBadMask=0x9e000000000000 g_cjStoreBadMask=0x19e000000000000
2026-09-15 10:37:17.070277 2524873 E [GCV2][epoch-handshake] source=pre-minor-stack epoch=1 requested=0 acked=0 acked_twice=0 self=0 gc_assisted=0 starting=0 running=0 parked=0 exiting=0 deferred_create=0 born_clean=0 exit_transition=0 destroy_deferred=0 stw_calls=0 stack_scanned=0 stack_fallback=0 stack_frames=0 wlock_us=0 timeout_ms=0 epoch_handshake=required stack_scan=required
2026-09-15 10:37:17.070368 2524926 E [GCV2][stack-scan-fallback] epoch=1 concurrent_done=0 stw_fallback=0 stack_scan=required
2026-09-15 10:37:17.070694 2524873 E [GhostRetention] retained_regions=0 retained_bytes=0
M2_ARRAY_RESULT variant=striped array=1 children=160 objects=161 bytes=15000 expected_bytes=15000
M2_LIVE_ASSERT objects_ok=1 bytes_ok=1 root_order=-1
GC_UNIT_OTHER_VM_OKIDOKI MarkPort203Entries.StripedNormalThenInvisibleAccountsOnce
[GCV2][markwater] atexit armed=0 turned=0
2026-09-15 10:37:17.071004 2524873 E [GCV2][markterm] atexit pauses=1 flushedInPause=0 ncontinue=0
[  PASS  ] MarkPort203Entries.StripedNormalThenInvisibleAccountsOnce
[========] 1 tests: 1 passed, 0 failed
[  RUN   ] MarkPort203Engine.SingleAndTwoWorkersDrainSamePublishedSet
[  PASS  ] MarkPort203Engine.SingleAndTwoWorkersDrainSamePublishedSet
[========] 1 tests: 1 passed, 0 failed
[  RUN   ] MarkPort203Engine.StealLocalBeforeGlobal
[  PASS  ] MarkPort203Engine.StealLocalBeforeGlobal
[========] 1 tests: 1 passed, 0 failed
[  RUN   ] MarkPort203Engine.OverflowPreferredOverPublished
[  PASS  ] MarkPort203Engine.OverflowPreferredOverPublished
[========] 1 tests: 1 passed, 0 failed
[  RUN   ] MarkPort203Engine.ShrinkingNStripesStillSeesHighSlotWork
[  PASS  ] MarkPort203Engine.ShrinkingNStripesStillSeesHighSlotWork
[========] 1 tests: 1 passed, 0 failed
[  RUN   ] MarkPort203Engine.PartialReturnsBeforeTerminate
[  PASS  ] MarkPort203Engine.PartialReturnsBeforeTerminate
[========] 1 tests: 1 passed, 0 failed
[  RUN   ] MarkPort203Engine.PublishWakesWaitingWorker
[  PASS  ] MarkPort203Engine.PublishWakesWaitingWorker
[========] 1 tests: 1 passed, 0 failed
[  RUN   ] MarkPort203Engine.LeaveUnblocksTryTerminateWaiter
[  PASS  ] MarkPort203Engine.LeaveUnblocksTryTerminateWaiter
[========] 1 tests: 1 passed, 0 failed
[  RUN   ] MarkPort203Engine.TrySetNStripesIsAtomicSnapshot
[  PASS  ] MarkPort203Engine.TrySetNStripesIsAtomicSnapshot
[========] 1 tests: 1 passed, 0 failed
[  RUN   ] MarkPort203Engine.DomainPrepareResizeKeepsCapacity
[  PASS  ] MarkPort203Engine.DomainPrepareResizeKeepsCapacity
[========] 1 tests: 1 passed, 0 failed
[  RUN   ] MarkPort203Engine.CrowdedRestoresNStripes
[  PASS  ] MarkPort203Engine.CrowdedRestoresNStripes
[========] 1 tests: 1 passed, 0 failed
[  RUN   ] MarkPort203Engine.AbortAndResizeRequestsStopFollowWork
[  PASS  ] MarkPort203Engine.AbortAndResizeRequestsStopFollowWork
[========] 1 tests: 1 passed, 0 failed
[  RUN   ] MarkPort203Engine.AbortReturnsWithRemainingMarkWorkOwned
[  PASS  ] MarkPort203Engine.AbortReturnsWithRemainingMarkWorkOwned
[========] 1 tests: 1 passed, 0 failed
[  RUN   ] PartialArray.EncodeDecodeRoundtrip
2026-09-15 10:37:17.073515 2524932 E [FWDTABLE] armed base=0x78c731004000 size=24576 unit=4096 entries=6
[  PASS  ] PartialArray.EncodeDecodeRoundtrip
[========] 1 tests: 1 passed, 0 failed
[  RUN   ] PartialArray.HeapStartRequiresMinSizeAlignment
2026-09-15 10:37:17.073721 2524958 F Check failed: (startAddr & (MarkPartialArray::MIN_SIZE - 1)) == 0
2026-09-15 10:37:17.073926 2524958 F heap start address must be aligned to partial-array minimum size: start=0x1001 alignment=4096
[  PASS  ] PartialArray.HeapStartRequiresMinSizeAlignment
[========] 1 tests: 1 passed, 0 failed
[  RUN   ] PartialArray.PageOffsetChunkRoundtrips
2026-09-15 10:37:17.074153 2524939 E [FWDTABLE] armed base=0x77be13f1a000 size=24576 unit=4096 entries=6
[  PASS  ] PartialArray.PageOffsetChunkRoundtrips
[========] 1 tests: 1 passed, 0 failed
[  RUN   ] PartialArray.EncodableRejectsAbsoluteOnlyAlignment
2026-09-15 10:37:17.076985 2524942 E [FWDTABLE] armed base=0x7bb41734d000 size=24576 unit=4096 entries=6
[  PASS  ] PartialArray.EncodableRejectsAbsoluteOnlyAlignment
[========] 1 tests: 1 passed, 0 failed
[  RUN   ] PartialArray.RelativeBaseRoundtrips
[  RUN   ] PartialArray.RelativeBaseRoundtrips
2026-09-15 10:37:17.077271 2524968 E [FWDTABLE] armed base=0x789210275000 size=24576 unit=4096 entries=6
2026-09-15 10:37:17.077435 2524968 E [COLOURWHO] armed first sc=0
GC_UNIT_OTHER_VM_OKIDOKI PartialArray.RelativeBaseRoundtrips
[  PASS  ] PartialArray.RelativeBaseRoundtrips
[========] 1 tests: 1 passed, 0 failed
[  RUN   ] PartialArray.EmptyAndSingle
2026-09-15 10:37:17.075597 2524950 E [FWDTABLE] armed base=0x768190f56000 size=24576 unit=4096 entries=6
[  PASS  ] PartialArray.EmptyAndSingle
[========] 1 tests: 1 passed, 0 failed
[  RUN   ] PartialArray.ThresholdExact
2026-09-15 10:37:17.076436 2524954 E [FWDTABLE] armed base=0x7f4605f54000 size=24576 unit=4096 entries=6
[  PASS  ] PartialArray.ThresholdExact
[========] 1 tests: 1 passed, 0 failed
[  RUN   ] PartialArray.ThresholdMinusOne
2026-09-15 10:37:17.076687 2524959 E [FWDTABLE] armed base=0x7afd55677000 size=24576 unit=4096 entries=6
[  PASS  ] PartialArray.ThresholdMinusOne
[========] 1 tests: 1 passed, 0 failed
[  RUN   ] PartialArray.ThresholdPlusOne
2026-09-15 10:37:17.077041 2524963 E [FWDTABLE] armed base=0x768498a5a000 size=24576 unit=4096 entries=6
[  PASS  ] PartialArray.ThresholdPlusOne
[========] 1 tests: 1 passed, 0 failed
[  RUN   ] PartialArray.MultiChunk
2026-09-15 10:37:17.077536 2524966 E [FWDTABLE] armed base=0x7b5ecbd26000 size=24576 unit=4096 entries=6
[  PASS  ] PartialArray.MultiChunk
[========] 1 tests: 1 passed, 0 failed
[  RUN   ] PartialArray.BoundaryRefs
[  RUN   ] PartialArray.BoundaryRefs
2026-09-15 10:37:17.080085 2524988 E [FWDTABLE] armed base=0x7ed06f4ff000 size=24576 unit=4096 entries=6
GC_UNIT_OTHER_VM_OKIDOKI PartialArray.BoundaryRefs
[  PASS  ] PartialArray.BoundaryRefs
[========] 1 tests: 1 passed, 0 failed
[  RUN   ] PartialArray.UnalignedStart
2026-09-15 10:37:17.078476 2524973 E [FWDTABLE] armed base=0x7c0724adf000 size=24576 unit=4096 entries=6
[  PASS  ] PartialArray.UnalignedStart
[========] 1 tests: 1 passed, 0 failed
[  RUN   ] MarkAllocation.LargeHolderAndNewTargetAreImplicitlyLive
[  RUN   ] MarkAllocation.LargeHolderAndNewTargetAreImplicitlyLive
2026-09-15 10:37:17.082250 2525018 E [FWDTABLE] armed base=0x7078be000000 size=33554432 unit=4096 entries=8192
2026-09-15 10:37:17.085079 2525109 E [ZCOLOR2][mark-mask-flip] generation=young count=1 g_cjMarkBadMask=0x9e000000000000 g_cjStoreBadMask=0x19e000000000000
2026-09-15 10:37:17.085316 2525109 E [GCV2][epoch-handshake] source=pre-minor-stack epoch=1 requested=2 acked=2 acked_twice=0 self=0 gc_assisted=2 starting=0 running=2 parked=0 exiting=0 deferred_create=0 born_clean=0 exit_transition=0 destroy_deferred=0 stw_calls=0 stack_scanned=2 stack_fallback=0 stack_frames=0 wlock_us=0 timeout_ms=0 epoch_handshake=required stack_scan=required
2026-09-15 10:37:17.085447 2525075 E [GCV2][stack-scan-fallback] epoch=1 concurrent_done=2 stw_fallback=0 stack_scan=required
MARK_ALLOC_TARGET_ASSERT_EXECUTED existing=0 phase=10 young=1 large=1 implicit=1 live=1 target_live=1 excluded=1
MARK_ALLOC_MARK_END_ASSERT_EXECUTED sequence=1 phase=10 live=1
2026-09-15 10:37:17.086020 2525109 E [GhostRetention] retained_regions=0 retained_bytes=0
2026-09-15 10:37:17.086355 2525109 E [GCV2][epoch-handshake] source=pre-minor-stack epoch=2 requested=2 acked=2 acked_twice=0 self=0 gc_assisted=2 starting=0 running=2 parked=0 exiting=0 deferred_create=0 born_clean=0 exit_transition=0 destroy_deferred=0 stw_calls=0 stack_scanned=2 stack_fallback=0 stack_frames=0 wlock_us=0 timeout_ms=0 epoch_handshake=required stack_scan=required
2026-09-15 10:37:17.086469 2525064 E [GCV2][stack-scan-fallback] epoch=2 concurrent_done=2 stw_fallback=0 stack_scan=required
2026-09-15 10:37:17.086851 2525109 E [GhostRetention] retained_regions=0 retained_bytes=0
MARK_ALLOC_COMPLETED_VALUE_ASSERT_EXECUTED length_valid=1
MARK_ALLOC_NEXT_CYCLE_ASSERT_EXECUTED before=1 after=2 resampled=1
MARK_ALLOC_ASSERT_RESULT status=0 bits=implicit:1,live:2,target_live:4,excluded:8,next_cycle:16,resampled:32,window:64,mark_end_live:128,completed_value:256
2026-09-15 10:37:17.084465 2525119 D 	total pages mapped: 1, slot_size: 16
2026-09-15 10:37:17.084471 2525122 I FinalizerProcessor thread started
2026-09-15 10:37:17.084549 2525119 D 	total pages mapped: 1, slot_size: 104
2026-09-15 10:37:17.084771 2525018 I Uncommit: Enabled delay=300s
2026-09-15 10:37:17.084881 2525018 I Cangjie runtime started.
2026-09-15 10:37:17.085277 2525109 I young prepare stw time 216 us
2026-09-15 10:37:17.085364 2525109 I young collection stw time 17 us
2026-09-15 10:37:17.086088 2525109 I young mark terminate stw time 90 us
2026-09-15 10:37:17.086192 2525109 I young post-relocate stw time 31 us
2026-09-15 10:37:17.086252 2525109 I young retire forwarding stw time 3 us
2026-09-15 10:37:17.086320 2525109 I young prepare stw time 8 us
2026-09-15 10:37:17.086398 2525109 I young collection stw time 12 us
2026-09-15 10:37:17.086958 2525109 I young mark terminate stw time 130 us
2026-09-15 10:37:17.087150 2525109 I young post-relocate stw time 28 us
2026-09-15 10:37:17.087223 2525109 I young retire forwarding stw time 4 us
2026-09-15 10:37:17.087337 2525122 I FinalizerProcessor thread stopped
2026-09-15 10:37:17.087763 2525048 I GC Statistics: Last 10s / Last 10m / Last 10h / Total (average / maximum)
2026-09-15 10:37:17.087836 2525048 I Critical: Finalizer 0/0 0/0 0/0 0/0 ops/s
2026-09-15 10:37:17.087868 2525048 I Critical: Finalizer 0/0 0/0 0/0 0/0 ns
2026-09-15 10:37:17.087895 2525048 I Critical: ReclaimGarbageRegions 0/0 0/0 0/0 0/0 ops/s
2026-09-15 10:37:17.087922 2525048 I Critical: ReclaimGarbageRegions 0/0 0/0 0/0 0/0 ns
2026-09-15 10:37:17.087949 2525048 I Critical: finalizerProcessor waitting time 0/0 0/0 0/0 0/0 ops/s
2026-09-15 10:37:17.087975 2525048 I Critical: finalizerProcessor waitting time 0/0 0/0 0/0 0/0 ns
2026-09-15 10:37:17.088001 2525048 I Major Collection: Major Collection 0/0 0/0 0/0 0/0 ns
2026-09-15 10:37:17.088028 2525048 I Memory: Allocation Rate 0/0 0/0 0/0 0/0 B/s
2026-09-15 10:37:17.088061 2525048 I Minor Collection: Minor Collection 0/0 0/0 0/0 0/0 ns
2026-09-15 10:37:17.088088 2525048 I Old Generation: Old Generation 0/0 0/0 0/0 0/0 ns
2026-09-15 10:37:17.088114 2525048 I Old Generation: Reclaimed 0/0 0/0 0/0 0/0 B
2026-09-15 10:37:17.088141 2525048 I Old Pause: old.relocate_start 0/0 0/0 0/0 0/0 ns
2026-09-15 10:37:17.088167 2525048 I Old Subphase: Collect large garbage 0/0 0/0 0/0 0/0 ns
2026-09-15 10:37:17.088193 2525048 I Old Subphase: CollectFromSpaceGarbage 0/0 0/0 0/0 0/0 ns
2026-09-15 10:37:17.088220 2525048 I Old Subphase: Concurrent marking 0/0 0/0 0/0 0/0 ns
2026-09-15 10:37:17.088246 2525048 I Old Subphase: Concurrent re-marking 0/0 0/0 0/0 0/0 ns
2026-09-15 10:37:17.088272 2525048 I Old Subphase: DoTracing 0/0 0/0 0/0 0/0 ns
2026-09-15 10:37:17.088299 2525048 I Old Subphase: ExemptFromRegions 0/0 0/0 0/0 0/0 ns
2026-09-15 10:37:17.088325 2525048 I Old Subphase: ForwardFromRegions 0/0 0/0 0/0 0/0 ns
2026-09-15 10:37:17.088351 2525048 I Old Subphase: PostTrace 0/0 0/0 0/0 0/0 ns
2026-09-15 10:37:17.088377 2525048 I Old Subphase: Preforward 0/0 0/0 0/0 0/0 ns
2026-09-15 10:37:17.088404 2525048 I Old Subphase: RemapYoungRoots 0/0 0/0 0/0 0/0 ns
2026-09-15 10:37:17.088430 2525048 I Old Subphase: concurrent resurrection 0/0 0/0 0/0 0/0 ns
2026-09-15 10:37:17.088456 2525048 I Old Subphase: enum roots & update old pointers within 0/0 0/0 0/0 0/0 ns
2026-09-15 10:37:17.088483 2525048 I Old Subphase: identify useless extern ref 0/0 0/0 0/0 0/0 ns
2026-09-15 10:37:17.088512 2525048 I Old Subphase: trace live objects & update old pointers in ref-fields 0/0 0/0 0/0 0/0 ns
2026-09-15 10:37:17.088563 2525048 I Test: Unobserved 0/0 0/0 0/0 0/0 ns
2026-09-15 10:37:17.088614 2525048 I Young Generation: Reclaimed 0/0 0/0 0/0 0/0 B
2026-09-15 10:37:17.088676 2525048 I Young Generation: Young Generation 0/0 0/0 0/0 0/0 ns
2026-09-15 10:37:17.088705 2525048 I Young Subphase: ForwardFromRegions 0/0 0/0 0/0 0/0 ns
2026-09-15 10:37:17.088745 2525048 I Young Subphase: young.conc_promote_walk 0/0 0/0 0/0 0/0 ns
2026-09-15 10:37:17.088776 2525048 I Young Subphase: young.concurrentGC_UNIT_OTHER_VM_OKIDOKI MarkAllocation.LargeHolderAndNewTargetAreImplicitlyLive
[  PASS  ] MarkAllocation.LargeHolderAndNewTargetAreImplicitlyLive
[========] 1 tests: 1 passed, 0 failed
[  RUN   ] MarkAllocation.LargeHolderKeepsRootedExistingTargetLive
[  RUN   ] MarkAllocation.LargeHolderKeepsRootedExistingTargetLive
2026-09-15 10:37:17.082683 2525024 E [FWDTABLE] armed base=0x7925be000000 size=33554432 unit=4096 entries=8192
2026-09-15 10:37:17.085612 2525153 E [ZCOLOR2][mark-mask-flip] generation=young count=1 g_cjMarkBadMask=0x9e000000000000 g_cjStoreBadMask=0x19e000000000000
2026-09-15 10:37:17.085905 2525153 E [GCV2][epoch-handshake] source=pre-minor-stack epoch=1 requested=2 acked=2 acked_twice=0 self=0 gc_assisted=2 starting=0 running=2 parked=0 exiting=0 deferred_create=0 born_clean=0 exit_transition=0 destroy_deferred=0 stw_calls=0 stack_scanned=2 stack_fallback=0 stack_frames=0 wlock_us=0 timeout_ms=0 epoch_handshake=required stack_scan=required
2026-09-15 10:37:17.086078 2525096 E [GCV2][stack-scan-fallback] epoch=1 concurrent_done=2 stw_fallback=0 stack_scan=required
MARK_ALLOC_TARGET_ASSERT_EXECUTED existing=1 phase=10 young=1 large=1 implicit=1 live=1 target_live=1 excluded=1
MARK_ALLOC_MARK_END_ASSERT_EXECUTED sequence=1 phase=10 live=1
2026-09-15 10:37:17.086609 2525153 E [GhostRetention] retained_regions=0 retained_bytes=0
2026-09-15 10:37:17.087007 2525153 E [GCV2][epoch-handshake] source=pre-minor-stack epoch=2 requested=2 acked=2 acked_twice=0 self=0 gc_assisted=2 starting=0 running=2 parked=0 exiting=0 deferred_create=0 born_clean=0 exit_transition=0 destroy_deferred=0 stw_calls=0 stack_scanned=2 stack_fallback=0 stack_frames=0 wlock_us=0 timeout_ms=0 epoch_handshake=required stack_scan=required
2026-09-15 10:37:17.087100 2525098 E [GCV2][stack-scan-fallback] epoch=2 concurrent_done=2 stw_fallback=0 stack_scan=required
2026-09-15 10:37:17.087472 2525153 E [GhostRetention] retained_regions=0 retained_bytes=0
MARK_ALLOC_COMPLETED_VALUE_ASSERT_EXECUTED length_valid=1
MARK_ALLOC_NEXT_CYCLE_ASSERT_EXECUTED before=1 after=2 resampled=1
MARK_ALLOC_ASSERT_RESULT status=0 bits=implicit:1,live:2,target_live:4,excluded:8,next_cycle:16,resampled:32,window:64,mark_end_live:128,completed_value:256
2026-09-15 10:37:17.085006 2525160 D 	total pages mapped: 1, slot_size: 16
2026-09-15 10:37:17.084991 2525163 I FinalizerProcessor thread started
2026-09-15 10:37:17.085141 2525160 D 	total pages mapped: 1, slot_size: 104
2026-09-15 10:37:17.085240 2525024 I Uncommit: Enabled delay=300s
2026-09-15 10:37:17.085348 2525024 I Cangjie runtime started.
2026-09-15 10:37:17.085859 2525153 I young prepare stw time 264 us
2026-09-15 10:37:17.085961 2525153 I young collection stw time 24 us
2026-09-15 10:37:17.086674 2525153 I young mark terminate stw time 93 us
2026-09-15 10:37:17.086861 2525153 I young post-relocate stw time 28 us
2026-09-15 10:37:17.086910 2525153 I young retire forwarding stw time 3 us
2026-09-15 10:37:17.086976 2525153 I young prepare stw time 10 us
2026-09-15 10:37:17.087056 2525153 I young collection stw time 12 us
2026-09-15 10:37:17.087508 2525153 I young mark terminate stw time 46 us
2026-09-15 10:37:17.087665 2525153 I young post-relocate stw time 30 us
2026-09-15 10:37:17.088332 2525153 I young retire forwarding stw time 8 us
2026-09-15 10:37:17.088513 2525163 I FinalizerProcessor thread stopped
2026-09-15 10:37:17.088899 2525063 I GC Statistics: Last 10s / Last 10m / Last 10h / Total (average / maximum)
2026-09-15 10:37:17.088992 2525063 I Critical: Finalizer 0/0 0/0 0/0 0/0 ops/s
2026-09-15 10:37:17.089026 2525063 I Critical: Finalizer 0/0 0/0 0/0 0/0 ns
2026-09-15 10:37:17.089060 2525063 I Critical: ReclaimGarbageRegions 0/0 0/0 0/0 0/0 ops/s
2026-09-15 10:37:17.089086 2525063 I Critical: ReclaimGarbageRegions 0/0 0/0 0/0 0/0 ns
2026-09-15 10:37:17.089112 2525063 I Critical: finalizerProcessor waitting time 0/0 0/0 0/0 0/0 ops/s
2026-09-15 10:37:17.089138 2525063 I Critical: finalizerProcessor waitting time 0/0 0/0 0/0 0/0 ns
2026-09-15 10:37:17.089165 2525063 I Major Collection: Major Collection 0/0 0/0 0/0 0/0 ns
2026-09-15 10:37:17.089191 2525063 I Memory: Allocation Rate 0/0 0/0 0/0 0/0 B/s
2026-09-15 10:37:17.089217 2525063 I Minor Collection: Minor Collection 0/0 0/0 0/0 0/0 ns
2026-09-15 10:37:17.089243 2525063 I Old Generation: Old Generation 0/0 0/0 0/0 0/0 ns
2026-09-15 10:37:17.089269 2525063 I Old Generation: Reclaimed 0/0 0/0 0/0 0/0 B
2026-09-15 10:37:17.089295 2525063 I Old Pause: old.relocate_start 0/0 0/0 0/0 0/0 ns
2026-09-15 10:37:17.089321 2525063 I Old Subphase: Collect large garbage 0/0 0/0 0/0 0/0 ns
2026-09-15 10:37:17.089347 2525063 I Old Subphase: CollectFromSpaceGarbage 0/0 0/0 0/0 0/0 ns
2026-09-15 10:37:17.089373 2525063 I Old Subphase: Concurrent marking 0/0 0/0 0/0 0/0 ns
2026-09-15 10:37:17.089399 2525063 I Old Subphase: Concurrent re-marking 0/0 0/0 0/0 0/0 ns
2026-09-15 10:37:17.089425 2525063 I Old Subphase: DoTracing 0/0 0/0 0/0 0/0 ns
2026-09-15 10:37:17.089451 2525063 I Old Subphase: ExemptFromRegions 0/0 0/0 0/0 0/0 ns
2026-09-15 10:37:17.089477 2525063 I Old Subphase: ForwardFromRegions 0/0 0/0 0/0 0/0 ns
2026-09-15 10:37:17.089503 2525063 I Old Subphase: PostTrace 0/0 0/0 0/0 0/0 ns
2026-09-15 10:37:17.089529 2525063 I Old Subphase: Preforward 0/0 0/0 0/0 0/0 ns
2026-09-15 10:37:17.089555 2525063 I Old Subphase: RemapYoungRoots 0/0 0/0 0/0 0/0 ns
2026-09-15 10:37:17.089580 2525063 I Old Subphase: concurrent resurrection 0/0 0/0 0/0 0/0 ns
2026-09-15 10:37:17.089606 2525063 I Old Subphase: enum roots & update old pointers within 0/0 0/0 0/0 0/0 ns
2026-09-15 10:37:17.089632 2525063 I Old Subphase: identify useless extern ref 0/0 0/0 0/0 0/0 ns
2026-09-15 10:37:17.089658 2525063 I Old Subphase: trace live objects & update old pointers in ref-fields 0/0 0/0 0/0 0/0 ns
2026-09-15 10:37:17.089684 2525063 I Test: Unobserved 0/0 0/0 0/0 0/0 ns
2026-09-15 10:37:17.089714 2525063 I Young Generation: Reclaimed 0/0 0/0 0/0 0/0 B
2026-09-15 10:37:17.089740 2525063 I Young Generation: Young Generation 0/0 0/0 0/0 0/0 ns
2026-09-15 10:37:17.089766 2525063 I Young Subphase: ForwardFromRegions 0/0 0/0 0/0 0/0 ns
2026-09-15 10:37:17.089792 2525063 I Young Subphase: young.conc_promote_walk 0/0 0/0 0/0 0/0 ns
2026-09-15 10:37:17.089818 2525063 I Young Subphase: young.concurrentGC_UNIT_OTHER_VM_OKIDOKI MarkAllocation.LargeHolderKeepsRootedExistingTargetLive
[  PASS  ] MarkAllocation.LargeHolderKeepsRootedExistingTargetLive
[========] 1 tests: 1 passed, 0 failed
[  RUN   ] LargePageGeneration.ArrayRootKeepsYoungTargetLive
[  RUN   ] LargePageGeneration.ArrayRootKeepsYoungTargetLive
2026-09-15 10:37:17.083111 2525030 E [FWDTABLE] armed base=0x760d00000000 size=33554432 unit=4096 entries=8192
2026-09-15 10:37:17.086132 2525173 E [ZCOLOR2][mark-mask-flip] generation=young count=1 g_cjMarkBadMask=0x9e000000000000 g_cjStoreBadMask=0x19e000000000000
2026-09-15 10:37:17.086397 2525173 E [GCV2][epoch-handshake] source=pre-minor-stack epoch=1 requested=2 acked=2 acked_twice=0 self=0 gc_assisted=2 starting=0 running=2 parked=0 exiting=0 deferred_create=0 born_clean=0 exit_transition=0 destroy_deferred=0 stw_calls=0 stack_scanned=2 stack_fallback=0 stack_frames=0 wlock_us=0 timeout_ms=0 epoch_handshake=required stack_scan=required
2026-09-15 10:37:17.086590 2525154 E [GCV2][stack-scan-fallback] epoch=1 concurrent_done=2 stw_fallback=0 stack_scan=required
2026-09-15 10:37:17.086963 2525173 E [GhostRetention] retained_regions=0 retained_bytes=0
LARGE_YOUNG_TARGET_LIVE_ASSERT_EXECUTED holder_young=1 observations=2 live=1 followed=1
2026-09-15 10:37:17.085322 2525180 D 	total pages mapped: 1, slot_size: 16
2026-09-15 10:37:17.085431 2525180 D 	total pages mapped: 1, slot_size: 104
2026-09-15 10:37:17.085329 2525181 I FinalizerProcessor thread started
2026-09-15 10:37:17.085692 2525030 I Uncommit: Enabled delay=300s
2026-09-15 10:37:17.085791 2525030 I Cangjie runtime started.
2026-09-15 10:37:17.086353 2525173 I young prepare stw time 236 us
2026-09-15 10:37:17.086444 2525173 I young collection stw time 15 us
2026-09-15 10:37:17.087077 2525173 I young mark terminate stw time 137 us
2026-09-15 10:37:17.087249 2525173 I young post-relocate stw time 32 us
2026-09-15 10:37:17.087363 2525173 I young retire forwarding stw time 5 us
2026-09-15 10:37:17.087520 2525181 I FinalizerProcessor thread stopped
2026-09-15 10:37:17.087926 2525094 I GC Statistics: Last 10s / Last 10m / Last 10h / Total (average / maximum)
2026-09-15 10:37:17.088012 2525094 I Critical: Finalizer 0/0 0/0 0/0 0/0 ops/s
2026-09-15 10:37:17.088054 2525094 I Critical: Finalizer 0/0 0/0 0/0 0/0 ns
2026-09-15 10:37:17.088082 2525094 I Critical: ReclaimGarbageRegions 0/0 0/0 0/0 0/0 ops/s
2026-09-15 10:37:17.088109 2525094 I Critical: ReclaimGarbageRegions 0/0 0/0 0/0 0/0 ns
2026-09-15 10:37:17.088135 2525094 I Critical: finalizerProcessor waitting time 0/0 0/0 0/0 0/0 ops/s
2026-09-15 10:37:17.088161 2525094 I Critical: finalizerProcessor waitting time 0/0 0/0 0/0 0/0 ns
2026-09-15 10:37:17.088188 2525094 I Major Collection: Major Collection 0/0 0/0 0/0 0/0 ns
2026-09-15 10:37:17.088215 2525094 I Memory: Allocation Rate 0/0 0/0 0/0 0/0 B/s
2026-09-15 10:37:17.088241 2525094 I Minor Collection: Minor Collection 0/0 0/0 0/0 0/0 ns
2026-09-15 10:37:17.088267 2525094 I Old Generation: Old Generation 0/0 0/0 0/0 0/0 ns
2026-09-15 10:37:17.088294 2525094 I Old Generation: Reclaimed 0/0 0/0 0/0 0/0 B
2026-09-15 10:37:17.088320 2525094 I Old Pause: old.relocate_start 0/0 0/0 0/0 0/0 ns
2026-09-15 10:37:17.088347 2525094 I Old Subphase: Collect large garbage 0/0 0/0 0/0 0/0 ns
2026-09-15 10:37:17.088373 2525094 I Old Subphase: CollectFromSpaceGarbage 0/0 0/0 0/0 0/0 ns
2026-09-15 10:37:17.088399 2525094 I Old Subphase: Concurrent marking 0/0 0/0 0/0 0/0 ns
2026-09-15 10:37:17.088426 2525094 I Old Subphase: Concurrent re-marking 0/0 0/0 0/0 0/0 ns
2026-09-15 10:37:17.088452 2525094 I Old Subphase: DoTracing 0/0 0/0 0/0 0/0 ns
2026-09-15 10:37:17.088478 2525094 I Old Subphase: ExemptFromRegions 0/0 0/0 0/0 0/0 ns
2026-09-15 10:37:17.088504 2525094 I Old Subphase: ForwardFromRegions 0/0 0/0 0/0 0/0 ns
2026-09-15 10:37:17.088531 2525094 I Old Subphase: PostTrace 0/0 0/0 0/0 0/0 ns
2026-09-15 10:37:17.088557 2525094 I Old Subphase: Preforward 0/0 0/0 0/0 0/0 ns
2026-09-15 10:37:17.088583 2525094 I Old Subphase: RemapYoungRoots 0/0 0/0 0/0 0/0 ns
2026-09-15 10:37:17.088609 2525094 I Old Subphase: concurrent resurrection 0/0 0/0 0/0 0/0 ns
2026-09-15 10:37:17.088636 2525094 I Old Subphase: enum roots & update old pointers within 0/0 0/0 0/0 0/0 ns
2026-09-15 10:37:17.088662 2525094 I Old Subphase: identify useless extern ref 0/0 0/0 0/0 0/0 ns
2026-09-15 10:37:17.088688 2525094 I Old Subphase: trace live objects & update old pointers in ref-fields 0/0 0/0 0/0 0/0 ns
2026-09-15 10:37:17.088715 2525094 I Test: Unobserved 0/0 0/0 0/0 0/0 ns
2026-09-15 10:37:17.088741 2525094 I Young Generation: Reclaimed 0/0 0/0 0/0 0/0 B
2026-09-15 10:37:17.088768 2525094 I Young Generation: Young Generation 0/0 0/0 0/0 0/0 ns
2026-09-15 10:37:17.088794 2525094 I Young Subphase: ForwardFromRegions 0/0 0/0 0/0 0/0 ns
2026-09-15 10:37:17.088820 2525094 I Young Subphase: young.conc_promote_walk 0/0 0/0 0/0 0/0 ns
2026-09-15 10:37:17.088846 2525094 I Young Subphase: young.concurrent_relocate 0/0 0/0 0/0 0/0 ns
2026-09-15 10:37:17.088873 2525094 I Young Subphase: young.evac_finish 0/0 0/0 0/0 0/0 ns
2026-09-15 10:37:17.088899 2525094 I Young Subphase: young.evac_retire 0/0 0/0 0/0 0/0 ns
2026-09-15 10:37:17.088925 2525094 I Young Subphase: young.flush_alloc 0/0 0/0 0/0 0/0 ns
2026-09-15 10:37:17.088951 2525094 I Young Subphase: yoGC_UNIT_OTHER_VM_OKIDOKI LargePageGeneration.ArrayRootKeepsYoungTargetLive
[  PASS  ] LargePageGeneration.ArrayRootKeepsYoungTargetLive
[========] 1 tests: 1 passed, 0 failed
[  RUN   ] LargePageGeneration.ManagedAllocationPublishesYoungEden
[  RUN   ] LargePageGeneration.ManagedAllocationPublishesYoungEden
2026-09-15 10:37:17.084000 2525040 E [FWDTABLE] armed base=0x73c764000000 size=33554432 unit=4096 entries=8192
LARGE_PAGE_YOUNG_ASSERT_EXECUTED native=0 published_young=1 published_age=0 final_young=1 large=1
2026-09-15 10:37:17.086685 2525295 I FinalizerProcessor thread started
2026-09-15 10:37:17.086744 2525292 D 	total pages mapped: 1, slot_size: 16
2026-09-15 10:37:17.086871 2525040 I Uncommit: Enabled delay=300s
2026-09-15 10:37:17.086997 2525292 D 	total pages mapped: 1, slot_size: 104
2026-09-15 10:37:17.087030 2525040 I Cangjie runtime started.
2026-09-15 10:37:17.087523 2525295 I FinalizerProcessor thread stopped
2026-09-15 10:37:17.088314 2525183 I GC Statistics: Last 10s / Last 10m / Last 10h / Total (average / maximum)
2026-09-15 10:37:17.088411 2525183 I Critical: Finalizer 0/0 0/0 0/0 0/0 ops/s
2026-09-15 10:37:17.088447 2525183 I Critical: Finalizer 0/0 0/0 0/0 0/0 ns
2026-09-15 10:37:17.088474 2525183 I Critical: ReclaimGarbageRegions 0/0 0/0 0/0 0/0 ops/s
2026-09-15 10:37:17.088500 2525183 I Critical: ReclaimGarbageRegions 0/0 0/0 0/0 0/0 ns
2026-09-15 10:37:17.088526 2525183 I Critical: finalizerProcessor waitting time 0/0 0/0 0/0 0/0 ops/s
2026-09-15 10:37:17.088553 2525183 I Critical: finalizerProcessor waitting time 0/0 0/0 0/0 0/0 ns
2026-09-15 10:37:17.088579 2525183 I Major Collection: Major Collection 0/0 0/0 0/0 0/0 ns
2026-09-15 10:37:17.088605 2525183 I Memory: Allocation Rate 0/0 0/0 0/0 0/0 B/s
2026-09-15 10:37:17.088631 2525183 I Minor Collection: Minor Collection 0/0 0/0 0/0 0/0 ns
2026-09-15 10:37:17.088657 2525183 I Old Generation: Old Generation 0/0 0/0 0/0 0/0 ns
2026-09-15 10:37:17.088683 2525183 I Old Generation: Reclaimed 0/0 0/0 0/0 0/0 B
2026-09-15 10:37:17.088709 2525183 I Old Pause: old.relocate_start 0/0 0/0 0/0 0/0 ns
2026-09-15 10:37:17.088734 2525183 I Old Subphase: Collect large garbage 0/0 0/0 0/0 0/0 ns
2026-09-15 10:37:17.088760 2525183 I Old Subphase: CollectFromSpaceGarbage 0/0 0/0 0/0 0/0 ns
2026-09-15 10:37:17.088786 2525183 I Old Subphase: Concurrent marking 0/0 0/0 0/0 0/0 ns
2026-09-15 10:37:17.088812 2525183 I Old Subphase: Concurrent re-marking 0/0 0/0 0/0 0/0 ns
2026-09-15 10:37:17.088838 2525183 I Old Subphase: DoTracing 0/0 0/0 0/0 0/0 ns
2026-09-15 10:37:17.088864 2525183 I Old Subphase: ExemptFromRegions 0/0 0/0 0/0 0/0 ns
2026-09-15 10:37:17.088890 2525183 I Old Subphase: ForwardFromRegions 0/0 0/0 0/0 0/0 ns
2026-09-15 10:37:17.088915 2525183 I Old Subphase: PostTrace 0/0 0/0 0/0 0/0 ns
2026-09-15 10:37:17.088941 2525183 I Old Subphase: Preforward 0/0 0/0 0/0 0/0 ns
2026-09-15 10:37:17.088967 2525183 I Old Subphase: RemapYoungRoots 0/0 0/0 0/0 0/0 ns
2026-09-15 10:37:17.088993 2525183 I Old Subphase: concurrent resurrection 0/0 0/0 0/0 0/0 ns
2026-09-15 10:37:17.089019 2525183 I Old Subphase: enum roots & update old pointers within 0/0 0/0 0/0 0/0 ns
2026-09-15 10:37:17.089050 2525183 I Old Subphase: identify useless extern ref 0/0 0/0 0/0 0/0 ns
2026-09-15 10:37:17.089076 2525183 I Old Subphase: trace live objects & update old pointers in ref-fields 0/0 0/0 0/0 0/0 ns
2026-09-15 10:37:17.089103 2525183 I Test: Unobserved 0/0 0/0 0/0 0/0 ns
2026-09-15 10:37:17.089129 2525183 I Young Generation: Reclaimed 0/0 0/0 0/0 0/0 B
2026-09-15 10:37:17.089155 2525183 I Young Generation: Young Generation 0/0 0/0 0/0 0/0 ns
2026-09-15 10:37:17.089181 2525183 I Young Subphase: ForwardFromRegions 0/0 0/0 0/0 0/0 ns
2026-09-15 10:37:17.089207 2525183 I Young Subphase: young.conc_promote_walk 0/0 0/0 0/0 0/0 ns
2026-09-15 10:37:17.089233 2525183 I Young Subphase: young.concurrent_relocate 0/0 0/0 0/0 0/0 ns
2026-09-15 10:37:17.089259 2525183 I Young Subphase: young.evac_finish 0/0 0/0 0/0 0/0 ns
2026-09-15 10:37:17.089285 2525183 I Young Subphase: young.evac_retire 0/0 0/0 0/0 0/0 ns
2026-09-15 10:37:17.089310 2525183 I Young Subphase: young.flush_alloc 0/0 0/0 0/0 0/0 ns
2026-09-15 10:37:17.089336 2525183 I Young Subphase: young.mark_closure 0/0 0/0 0/0 0/0 ns
2026-09-15 10:37:17.089362 2525183 I Young Subphase: young.mark_follow 0/0 0/0 0/0 0/0 ns
2026-09-15 10:37:17.089388 2525183 I Young Subphase: young.mark_from_remset 0/0 0/0 0/0 0/0 ns
2026-09-15 10:37:17.089414 2525183 I Young Subphase: young.pinned_scan 0/0 0/0 0/0 0/0 ns
2026-09-15 10:37:17.089440 2525183 I Young SubGC_UNIT_OTHER_VM_OKIDOKI LargePageGeneration.ManagedAllocationPublishesYoungEden
[  PASS  ] LargePageGeneration.ManagedAllocationPublishesYoungEden
[========] 1 tests: 1 passed, 0 failed
[  RUN   ] LargePageGeneration.NativeAllocationPublishesYoungEden
[  RUN   ] LargePageGeneration.NativeAllocationPublishesYoungEden
2026-09-15 10:37:17.084560 2525042 E [FWDTABLE] armed base=0x764dbc000000 size=33554432 unit=4096 entries=8192
LARGE_PAGE_YOUNG_ASSERT_EXECUTED native=1 published_young=1 published_age=0 final_young=1 large=1
2026-09-15 10:37:17.087078 2525343 D 	total pages mapped: 1, slot_size: 16
2026-09-15 10:37:17.087076 2525350 I FinalizerProcessor thread started
2026-09-15 10:37:17.087228 2525343 D 	total pages mapped: 1, slot_size: 104
2026-09-15 10:37:17.087350 2525042 I Uncommit: Enabled delay=300s
2026-09-15 10:37:17.087517 2525042 I Cangjie runtime started.
2026-09-15 10:37:17.087897 2525350 I FinalizerProcessor thread stopped
2026-09-15 10:37:17.088528 2525201 I GC Statistics: Last 10s / Last 10m / Last 10h / Total (average / maximum)
2026-09-15 10:37:17.088561 2525201 I Critical: Finalizer 0/0 0/0 0/0 0/0 ops/s
2026-09-15 10:37:17.088588 2525201 I Critical: Finalizer 0/0 0/0 0/0 0/0 ns
2026-09-15 10:37:17.088615 2525201 I Critical: ReclaimGarbageRegions 0/0 0/0 0/0 0/0 ops/s
2026-09-15 10:37:17.088641 2525201 I Critical: ReclaimGarbageRegions 0/0 0/0 0/0 0/0 ns
2026-09-15 10:37:17.088667 2525201 I Critical: finalizerProcessor waitting time 0/0 0/0 0/0 0/0 ops/s
2026-09-15 10:37:17.088693 2525201 I Critical: finalizerProcessor waitting time 0/0 0/0 0/0 0/0 ns
2026-09-15 10:37:17.088719 2525201 I Major Collection: Major Collection 0/0 0/0 0/0 0/0 ns
2026-09-15 10:37:17.088745 2525201 I Memory: Allocation Rate 0/0 0/0 0/0 0/0 B/s
2026-09-15 10:37:17.088771 2525201 I Minor Collection: Minor Collection 0/0 0/0 0/0 0/0 ns
2026-09-15 10:37:17.088797 2525201 I Old Generation: Old Generation 0/0 0/0 0/0 0/0 ns
2026-09-15 10:37:17.088823 2525201 I Old Generation: Reclaimed 0/0 0/0 0/0 0/0 B
2026-09-15 10:37:17.088850 2525201 I Old Pause: old.relocate_start 0/0 0/0 0/0 0/0 ns
2026-09-15 10:37:17.088876 2525201 I Old Subphase: Collect large garbage 0/0 0/0 0/0 0/0 ns
2026-09-15 10:37:17.088901 2525201 I Old Subphase: CollectFromSpaceGarbage 0/0 0/0 0/0 0/0 ns
2026-09-15 10:37:17.088927 2525201 I Old Subphase: Concurrent marking 0/0 0/0 0/0 0/0 ns
2026-09-15 10:37:17.088953 2525201 I Old Subphase: Concurrent re-marking 0/0 0/0 0/0 0/0 ns
2026-09-15 10:37:17.088979 2525201 I Old Subphase: DoTracing 0/0 0/0 0/0 0/0 ns
2026-09-15 10:37:17.089005 2525201 I Old Subphase: ExemptFromRegions 0/0 0/0 0/0 0/0 ns
2026-09-15 10:37:17.089031 2525201 I Old Subphase: ForwardFromRegions 0/0 0/0 0/0 0/0 ns
2026-09-15 10:37:17.089064 2525201 I Old Subphase: PostTrace 0/0 0/0 0/0 0/0 ns
2026-09-15 10:37:17.089090 2525201 I Old Subphase: Preforward 0/0 0/0 0/0 0/0 ns
2026-09-15 10:37:17.089116 2525201 I Old Subphase: RemapYoungRoots 0/0 0/0 0/0 0/0 ns
2026-09-15 10:37:17.089142 2525201 I Old Subphase: concurrent resurrection 0/0 0/0 0/0 0/0 ns
2026-09-15 10:37:17.089168 2525201 I Old Subphase: enum roots & update old pointers within 0/0 0/0 0/0 0/0 ns
2026-09-15 10:37:17.089194 2525201 I Old Subphase: identify useless extern ref 0/0 0/0 0/0 0/0 ns
2026-09-15 10:37:17.089220 2525201 I Old Subphase: trace live objects & update old pointers in ref-fields 0/0 0/0 0/0 0/0 ns
2026-09-15 10:37:17.089246 2525201 I Test: Unobserved 0/0 0/0 0/0 0/0 ns
2026-09-15 10:37:17.089272 2525201 I Young Generation: Reclaimed 0/0 0/0 0/0 0/0 B
2026-09-15 10:37:17.089298 2525201 I Young Generation: Young Generation 0/0 0/0 0/0 0/0 ns
2026-09-15 10:37:17.089324 2525201 I Young Subphase: ForwardFromRegions 0/0 0/0 0/0 0/0 ns
2026-09-15 10:37:17.089350 2525201 I Young Subphase: young.conc_promote_walk 0/0 0/0 0/0 0/0 ns
2026-09-15 10:37:17.089376 2525201 I Young Subphase: young.concurrent_relocate 0/0 0/0 0/0 0/0 ns
2026-09-15 10:37:17.089402 2525201 I Young Subphase: young.evac_finish 0/0 0/0 0/0 0/0 ns
2026-09-15 10:37:17.089428 2525201 I Young Subphase: young.evac_retire 0/0 0/0 0/0 0/0 ns
2026-09-15 10:37:17.089454 2525201 I Young Subphase: young.flush_alloc 0/0 0/0 0/0 0/0 ns
2026-09-15 10:37:17.089480 2525201 I Young Subphase: young.mark_closure 0/0 0/0 0/0 0/0 ns
2026-09-15 10:37:17.089506 2525201 I Young Subphase: young.mark_follow 0/0 0/0 0/0 0/0 ns
2026-09-15 10:37:17.089532 2525201 I Young Subphase: young.mark_from_remset 0/0 0/0 0/0 0/0 ns
2026-09-15 10:37:17.089558 2525201 I Young Subphase: young.pinned_scan 0/0 0/0 0/0 0/0 ns
2026-09-15 10:37:17.089584 2525201 I Young SubGC_UNIT_OTHER_VM_OKIDOKI LargePageGeneration.NativeAllocationPublishesYoungEden
[  PASS  ] LargePageGeneration.NativeAllocationPublishesYoungEden
[========] 1 tests: 1 passed, 0 failed
[  RUN   ] SegmentedArrayInit.YieldKeepsInvisibleRootAndPublishesBoundary
[  RUN   ] SegmentedArrayInit.YieldKeepsInvisibleRootAndPublishesBoundary
2026-09-15 10:37:17.084746 2525046 E [FWDTABLE] armed base=0x7c0a7e000000 size=33554432 unit=4096 entries=8192
[SEGMENTED_ITERATOR_ASSERT] safe=0 safe_klass=0 basic=0 basic_klass=0 pass=1
[SEGMENTED_VISIBLE_ASSERT] fields=16385 full=16385 basic=16385 range=1 partial=6 safe=16385 safe_klass=16385 safe_basic=16385 safe_basic_klass=16385 invalid=0 pass=1
[SEGMENTED_ARRAY_CASE] mode=0 status=0 failures=0 dirty=1 dirty_addr=0x7c0a7e000000 array=0x7c0a7e000000 publish=1 yield=3 first=1 withdraw=1 requested_gc=0 context=native iterator_safe=0 iterator_safe_klass=0 young_before=0 young_after=0 old_before=0 old_after=0 moved=0 root_sites=0x80 phase_n=0 watermark_done=0 null=1
2026-09-15 10:37:17.087643 2525390 D 	total pages mapped: 1, slot_size: 16
2026-09-15 10:37:17.087635 2525394 I FinalizerProcessor thread started
2026-09-15 10:37:17.087802 2525390 D 	total pages mapped: 1, slot_size: 104
2026-09-15 10:37:17.087930 2525046 I Uncommit: Enabled delay=300s
2026-09-15 10:37:17.088025 2525046 I Cangjie runtime started.
2026-09-15 10:37:17.092186 2525394 I FinalizerProcessor thread stopped
2026-09-15 10:37:17.092732 2525219 I GC Statistics: Last 10s / Last 10m / Last 10h / Total (average / maximum)
2026-09-15 10:37:17.092827 2525219 I Critical: Finalizer 0/0 0/0 0/0 0/0 ops/s
2026-09-15 10:37:17.092865 2525219 I Critical: Finalizer 0/0 0/0 0/0 0/0 ns
2026-09-15 10:37:17.092893 2525219 I Critical: ReclaimGarbageRegions 0/0 0/0 0/0 0/0 ops/s
2026-09-15 10:37:17.092920 2525219 I Critical: ReclaimGarbageRegions 0/0 0/0 0/0 0/0 ns
2026-09-15 10:37:17.092946 2525219 I Critical: finalizerProcessor waitting time 0/0 0/0 0/0 0/0 ops/s
2026-09-15 10:37:17.092972 2525219 I Critical: finalizerProcessor waitting time 0/0 0/0 0/0 0/0 ns
2026-09-15 10:37:17.092998 2525219 I Major Collection: Major Collection 0/0 0/0 0/0 0/0 ns
2026-09-15 10:37:17.093025 2525219 I Memory: Allocation Rate 0/0 0/0 0/0 0/0 B/s
2026-09-15 10:37:17.093057 2525219 I Minor Collection: Minor Collection 0/0 0/0 0/0 0/0 ns
2026-09-15 10:37:17.093083 2525219 I Old Generation: Old Generation 0/0 0/0 0/0 0/0 ns
2026-09-15 10:37:17.093110 2525219 I Old Generation: Reclaimed 0/0 0/0 0/0 0/0 B
2026-09-15 10:37:17.093136 2525219 I Old Pause: old.relocate_start 0/0 0/0 0/0 0/0 ns
2026-09-15 10:37:17.093162 2525219 I Old Subphase: Collect large garbage 0/0 0/0 0/0 0/0 ns
2026-09-15 10:37:17.093188 2525219 I Old Subphase: CollectFromSpaceGarbage 0/0 0/0 0/0 0/0 ns
2026-09-15 10:37:17.093214 2525219 I Old Subphase: Concurrent marking 0/0 0/0 0/0 0/0 ns
2026-09-15 10:37:17.093240 2525219 I Old Subphase: Concurrent re-marking 0/0 0/0 0/0 0/0 ns
2026-09-15 10:37:17.093266 2525219 I Old Subphase: DoTracing 0/0 0/0 0/0 0/0 ns
2026-09-15 10:37:17.093302 2525219 I Old Subphase: ExemptFromRegions 0/0 0/0 0/0 0/0 ns
2026-09-15 10:37:17.093328 2525219 I Old Subphase: ForwardFromRegions 0/0 0/0 0/0 0/0 ns
2026-09-15 10:37:17.093354 2525219 I Old Subphase: PostTrace 0/0 0/0 0/0 0/0 ns
2026-09-15 10:37:17.093381 2525219 I Old Subphase: Preforward 0/0 0/0 0/0 0/0 ns
2026-09-15 10:37:17.093407 2525219 I Old Subphase: RemapYoungRoots 0/0 0/0 0/0 0/0 ns
2026-09-15 10:37:17.093433 2525219 I Old Subphase: concurrent resurrection 0/0 0/0 0/0 0/0 ns
2026-09-15 10:37:17.093459 2525219 I Old Subphase: enum roots & update old pointers within 0/0 0/0 0/0 0/0 ns
2026-09-15 10:37:17.093485 2525219 I Old Subphase: identify useless extern ref 0/0 0/0 0/0 0/0 ns
2026-09-15 10:37:17.093511 2525219 I Old Subphase: trace live objects & update old pointers in ref-fields 0/0 0/0 0/0 0/0 ns
2026-09-15 10:37:17.093537 2525219 I Test: Unobserved 0/0 0/0 0/0 0/0 ns
2026-09-15 10:37:17.093572 2525219 I Young Generation: Reclaimed 0/0 0/0 0/0 0/0 B
2026-09-15 10:37:17.093598 2525219 I Young Generation: Young Generation 0/0 0/0 0/0 0/0 ns
2026-09-15 10:37:17.093624 2525219 I Young Subphase: ForwardFromRegions 0/0 0/0 0/0 0/0 ns
2026-09-15 10:37:17.093650 2525219 I Young Subphase: young.conc_promote_walk 0/0 0/0 0/0 0/0 ns
2026-09-15 10:37:17.093676 2525219 I Young Subphase: young.concurrent_relocate 0/0 0/0 0/0 0/0 ns
2026-09-15 10:37:17.093702 2525219 I Young Subphase: young.evac_finish 0/0 0/0 0/0 0/0 ns
2026-09-15 10:37:17.093728 2525219 I Young Subphase: young.evac_retire 0/0 0/0 0/0 0/0 ns
2026-09-15 10:37:17.093754 2525219 I Young Subphase: young.flush_alloc 0/0 0/0 0/0 0/0 ns
2026-09-15 10:37:17.093785 2525219 I Young Subphase: young.mark_closure 0/0 0/0 0/0 0/0 ns
2026-09-15 10:37:17.093811 2525219 I Young Subphase: young.mark_follow 0/0 0/0 0/0 0/0 ns
2026-09-15 10:37:17.093837 2525219 I Young Subphase: young.mark_from_remset 0/0 0/0 0/0 0/0 ns
2026-09-15 10:37:17.093863 2525219 I Young Subphase: young.pinned_scan 0/0 0/0 0/0 0/0 ns
2026-09-15 10:37:17.093889 2525219 I Young SubGC_UNIT_OTHER_VM_OKIDOKI SegmentedArrayInit.YieldKeepsInvisibleRootAndPublishesBoundary
[  PASS  ] SegmentedArrayInit.YieldKeepsInvisibleRootAndPublishesBoundary
[========] 1 tests: 1 passed, 0 failed
[  RUN   ] SegmentedArrayInit.VisibleArrayGraphUsesRangeChunks
[  RUN   ] SegmentedArrayInit.VisibleArrayGraphUsesRangeChunks
2026-09-15 10:37:17.084836 2525065 E [FWDTABLE] armed base=0x7b1bb4000000 size=33554432 unit=4096 entries=8192
SEGMENTED_GRAPH_RANGE_ASSERT objects=1 fields=16385 invalid=0 pass=1
2026-09-15 10:37:17.087431 2525377 I FinalizerProcessor thread started
2026-09-15 10:37:17.087473 2525375 D 	total pages mapped: 1, slot_size: 16
2026-09-15 10:37:17.087573 2525065 I Uncommit: Enabled delay=300s
2026-09-15 10:37:17.087618 2525375 D 	total pages mapped: 1, slot_size: 104
2026-09-15 10:37:17.087709 2525065 I Cangjie runtime started.
2026-09-15 10:37:17.088891 2525051 I segmented-array range graph stw time 688 us
2026-09-15 10:37:17.089184 2525377 I FinalizerProcessor thread stopped
2026-09-15 10:37:17.089515 2525213 I GC Statistics: Last 10s / Last 10m / Last 10h / Total (average / maximum)
2026-09-15 10:37:17.089613 2525213 I Critical: Finalizer 0/0 0/0 0/0 0/0 ops/s
2026-09-15 10:37:17.089662 2525213 I Critical: Finalizer 0/0 0/0 0/0 0/0 ns
2026-09-15 10:37:17.089690 2525213 I Critical: ReclaimGarbageRegions 0/0 0/0 0/0 0/0 ops/s
2026-09-15 10:37:17.089716 2525213 I Critical: ReclaimGarbageRegions 0/0 0/0 0/0 0/0 ns
2026-09-15 10:37:17.089742 2525213 I Critical: finalizerProcessor waitting time 0/0 0/0 0/0 0/0 ops/s
2026-09-15 10:37:17.089769 2525213 I Critical: finalizerProcessor waitting time 0/0 0/0 0/0 0/0 ns
2026-09-15 10:37:17.089795 2525213 I Major Collection: Major Collection 0/0 0/0 0/0 0/0 ns
2026-09-15 10:37:17.089821 2525213 I Memory: Allocation Rate 0/0 0/0 0/0 0/0 B/s
2026-09-15 10:37:17.089847 2525213 I Minor Collection: Minor Collection 0/0 0/0 0/0 0/0 ns
2026-09-15 10:37:17.089873 2525213 I Old Generation: Old Generation 0/0 0/0 0/0 0/0 ns
2026-09-15 10:37:17.089899 2525213 I Old Generation: Reclaimed 0/0 0/0 0/0 0/0 B
2026-09-15 10:37:17.089925 2525213 I Old Pause: old.relocate_start 0/0 0/0 0/0 0/0 ns
2026-09-15 10:37:17.089951 2525213 I Old Subphase: Collect large garbage 0/0 0/0 0/0 0/0 ns
2026-09-15 10:37:17.089977 2525213 I Old Subphase: CollectFromSpaceGarbage 0/0 0/0 0/0 0/0 ns
2026-09-15 10:37:17.090003 2525213 I Old Subphase: Concurrent marking 0/0 0/0 0/0 0/0 ns
2026-09-15 10:37:17.090029 2525213 I Old Subphase: Concurrent re-marking 0/0 0/0 0/0 0/0 ns
2026-09-15 10:37:17.090059 2525213 I Old Subphase: DoTracing 0/0 0/0 0/0 0/0 ns
2026-09-15 10:37:17.090085 2525213 I Old Subphase: ExemptFromRegions 0/0 0/0 0/0 0/0 ns
2026-09-15 10:37:17.090111 2525213 I Old Subphase: ForwardFromRegions 0/0 0/0 0/0 0/0 ns
2026-09-15 10:37:17.090137 2525213 I Old Subphase: PostTrace 0/0 0/0 0/0 0/0 ns
2026-09-15 10:37:17.090163 2525213 I Old Subphase: Preforward 0/0 0/0 0/0 0/0 ns
2026-09-15 10:37:17.090189 2525213 I Old Subphase: RemapYoungRoots 0/0 0/0 0/0 0/0 ns
2026-09-15 10:37:17.090215 2525213 I Old Subphase: concurrent resurrection 0/0 0/0 0/0 0/0 ns
2026-09-15 10:37:17.090241 2525213 I Old Subphase: enum roots & update old pointers within 0/0 0/0 0/0 0/0 ns
2026-09-15 10:37:17.090267 2525213 I Old Subphase: identify useless extern ref 0/0 0/0 0/0 0/0 ns
2026-09-15 10:37:17.090293 2525213 I Old Subphase: trace live objects & update old pointers in ref-fields 0/0 0/0 0/0 0/0 ns
2026-09-15 10:37:17.090319 2525213 I Test: Unobserved 0/0 0/0 0/0 0/0 ns
2026-09-15 10:37:17.090345 2525213 I Young Generation: Reclaimed 0/0 0/0 0/0 0/0 B
2026-09-15 10:37:17.090371 2525213 I Young Generation: Young Generation 0/0 0/0 0/0 0/0 ns
2026-09-15 10:37:17.090397 2525213 I Young Subphase: ForwardFromRegions 0/0 0/0 0/0 0/0 ns
2026-09-15 10:37:17.090423 2525213 I Young Subphase: young.conc_promote_walk 0/0 0/0 0/0 0/0 ns
2026-09-15 10:37:17.090449 2525213 I Young Subphase: young.concurrent_relocate 0/0 0/0 0/0 0/0 ns
2026-09-15 10:37:17.090475 2525213 I Young Subphase: young.evac_finish 0/0 0/0 0/0 0/0 ns
2026-09-15 10:37:17.090501 2525213 I Young Subphase: young.evac_retire 0/0 0/0 0/0 0/0 ns
2026-09-15 10:37:17.090527 2525213 I Young Subphase: young.flush_alloc 0/0 0/0 0/0 0/0 ns
2026-09-15 10:37:17.090553 2525213 I Young Subphase: young.mark_closure 0/0 0/0 0/0 0/0 ns
2026-09-15 10:37:17.090579 2525213 I Young Subphase: young.mark_follow 0/0 0/0 0/0 0/0 ns
2026-09-15 10:37:17.090605 2525213 I Young Subphase: young.mark_from_remset 0/0 0/0 0/0 0/0 ns
2026-09-15 10:37:17.090631 2525213 I Young Subphase: yoGC_UNIT_OTHER_VM_OKIDOKI SegmentedArrayInit.VisibleArrayGraphUsesRangeChunks
[  PASS  ] SegmentedArrayInit.VisibleArrayGraphUsesRangeChunks
[========] 1 tests: 1 passed, 0 failed
[  RUN   ] SegmentedArrayInit.InvisibleRootIsExcludedFromHeapGraph
[  RUN   ] SegmentedArrayInit.InvisibleRootIsExcludedFromHeapGraph
2026-09-15 10:37:17.085367 2525106 E [FWDTABLE] armed base=0x725960000000 size=33554432 unit=4096 entries=8192
SEGMENTED_GRAPH_INVISIBLE_ASSERT checks=1 objects=0 pass=1
2026-09-15 10:37:17.088588 2525460 I FinalizerProcessor thread started
2026-09-15 10:37:17.088754 2525106 I Uncommit: Enabled delay=300s
2026-09-15 10:37:17.088767 2525456 D 	total pages mapped: 1, slot_size: 16
2026-09-15 10:37:17.088833 2525106 I Cangjie runtime started.
2026-09-15 10:37:17.088909 2525456 D 	total pages mapped: 1, slot_size: 104
2026-09-15 10:37:17.089374 2525086 I segmented-array invisible graph root stw time 28 us
2026-09-15 10:37:17.089522 2525460 I FinalizerProcessor thread stopped
2026-09-15 10:37:17.089943 2525298 I GC Statistics: Last 10s / Last 10m / Last 10h / Total (average / maximum)
2026-09-15 10:37:17.090051 2525298 I Critical: Finalizer 0/0 0/0 0/0 0/0 ops/s
2026-09-15 10:37:17.090089 2525298 I Critical: Finalizer 0/0 0/0 0/0 0/0 ns
2026-09-15 10:37:17.090117 2525298 I Critical: ReclaimGarbageRegions 0/0 0/0 0/0 0/0 ops/s
2026-09-15 10:37:17.090143 2525298 I Critical: ReclaimGarbageRegions 0/0 0/0 0/0 0/0 ns
2026-09-15 10:37:17.090170 2525298 I Critical: finalizerProcessor waitting time 0/0 0/0 0/0 0/0 ops/s
2026-09-15 10:37:17.090196 2525298 I Critical: finalizerProcessor waitting time 0/0 0/0 0/0 0/0 ns
2026-09-15 10:37:17.090223 2525298 I Major Collection: Major Collection 0/0 0/0 0/0 0/0 ns
2026-09-15 10:37:17.090249 2525298 I Memory: Allocation Rate 0/0 0/0 0/0 0/0 B/s
2026-09-15 10:37:17.090276 2525298 I Minor Collection: Minor Collection 0/0 0/0 0/0 0/0 ns
2026-09-15 10:37:17.090302 2525298 I Old Generation: Old Generation 0/0 0/0 0/0 0/0 ns
2026-09-15 10:37:17.090329 2525298 I Old Generation: Reclaimed 0/0 0/0 0/0 0/0 B
2026-09-15 10:37:17.090355 2525298 I Old Pause: old.relocate_start 0/0 0/0 0/0 0/0 ns
2026-09-15 10:37:17.090382 2525298 I Old Subphase: Collect large garbage 0/0 0/0 0/0 0/0 ns
2026-09-15 10:37:17.090408 2525298 I Old Subphase: CollectFromSpaceGarbage 0/0 0/0 0/0 0/0 ns
2026-09-15 10:37:17.090434 2525298 I Old Subphase: Concurrent marking 0/0 0/0 0/0 0/0 ns
2026-09-15 10:37:17.090460 2525298 I Old Subphase: Concurrent re-marking 0/0 0/0 0/0 0/0 ns
2026-09-15 10:37:17.090486 2525298 I Old Subphase: DoTracing 0/0 0/0 0/0 0/0 ns
2026-09-15 10:37:17.090512 2525298 I Old Subphase: ExemptFromRegions 0/0 0/0 0/0 0/0 ns
2026-09-15 10:37:17.090539 2525298 I Old Subphase: ForwardFromRegions 0/0 0/0 0/0 0/0 ns
2026-09-15 10:37:17.090565 2525298 I Old Subphase: PostTrace 0/0 0/0 0/0 0/0 ns
2026-09-15 10:37:17.090591 2525298 I Old Subphase: Preforward 0/0 0/0 0/0 0/0 ns
2026-09-15 10:37:17.090617 2525298 I Old Subphase: RemapYoungRoots 0/0 0/0 0/0 0/0 ns
2026-09-15 10:37:17.090643 2525298 I Old Subphase: concurrent resurrection 0/0 0/0 0/0 0/0 ns
2026-09-15 10:37:17.090670 2525298 I Old Subphase: enum roots & update old pointers within 0/0 0/0 0/0 0/0 ns
2026-09-15 10:37:17.090696 2525298 I Old Subphase: identify useless extern ref 0/0 0/0 0/0 0/0 ns
2026-09-15 10:37:17.090722 2525298 I Old Subphase: trace live objects & update old pointers in ref-fields 0/0 0/0 0/0 0/0 ns
2026-09-15 10:37:17.090749 2525298 I Test: Unobserved 0/0 0/0 0/0 0/0 ns
2026-09-15 10:37:17.090775 2525298 I Young Generation: Reclaimed 0/0 0/0 0/0 0/0 B
2026-09-15 10:37:17.090802 2525298 I Young Generation: Young Generation 0/0 0/0 0/0 0/0 ns
2026-09-15 10:37:17.090828 2525298 I Young Subphase: ForwardFromRegions 0/0 0/0 0/0 0/0 ns
2026-09-15 10:37:17.090854 2525298 I Young Subphase: young.conc_promote_walk 0/0 0/0 0/0 0/0 ns
2026-09-15 10:37:17.090881 2525298 I Young Subphase: young.concurrent_relocate 0/0 0/0 0/0 0/0 ns
2026-09-15 10:37:17.090907 2525298 I Young Subphase: young.evac_finish 0/0 0/0 0/0 0/0 ns
2026-09-15 10:37:17.090933 2525298 I Young Subphase: young.evac_retire 0/0 0/0 0/0 0/0 ns
2026-09-15 10:37:17.090960 2525298 I Young Subphase: young.flush_alloc 0/0 0/0 0/0 0/0 ns
2026-09-15 10:37:17.090986 2525298 I Young Subphase: young.mark_closure 0/0 0/0 0/0 0/0 ns
2026-09-15 10:37:17.091012 2525298 I Young Subphase: young.mark_follow 0/0 0/0 0/0 0/0 ns
2026-09-15 10:37:17.091056 2525298 I Young Subphase: young.mark_from_remset 0/0 0/0 0/0 0/0 ns
2026-09-15 10:37:17.091082 2525298 I Young SubpGC_UNIT_OTHER_VM_OKIDOKI SegmentedArrayInit.InvisibleRootIsExcludedFromHeapGraph
[  PASS  ] SegmentedArrayInit.InvisibleRootIsExcludedFromHeapGraph
[========] 1 tests: 1 passed, 0 failed
[  RUN   ] SegmentedArrayInit.ManagedFirstInactiveExtentUsesSegmentedInitializer
[  RUN   ] SegmentedArrayInit.ManagedFirstInactiveExtentUsesSegmentedInitializer
2026-09-15 10:37:17.085799 2525135 E [FWDTABLE] armed base=0x7e9b1a000000 size=33554432 unit=4096 entries=8192
[SEGMENTED_ITERATOR_ASSERT] safe=0 safe_klass=0 basic=0 basic_klass=0 pass=1
[SEGMENTED_VISIBLE_ASSERT] fields=16385 full=16385 basic=16385 range=1 partial=6 safe=16385 safe_klass=16385 safe_basic=16385 safe_basic_klass=16385 invalid=0 pass=1
[SEGMENTED_ARRAY_SOURCE] context=managed source=0 status=0 expected=0x7e9b1a000000 array=0x7e9b1a000000 publish=1 yield=3 withdraw=1 dirty=0 null=1
2026-09-15 10:37:17.088625 2525458 D 	total pages mapped: 1, slot_size: 16
2026-09-15 10:37:17.088621 2525462 I FinalizerProcessor thread started
2026-09-15 10:37:17.088770 2525458 D 	total pages mapped: 1, slot_size: 104
2026-09-15 10:37:17.088888 2525135 I Uncommit: Enabled delay=300s
2026-09-15 10:37:17.088975 2525135 I Cangjie runtime started.
2026-09-15 10:37:17.092881 2525462 I FinalizerProcessor thread stopped
2026-09-15 10:37:17.093249 2525331 I GC Statistics: Last 10s / Last 10m / Last 10h / Total (average / maximum)
2026-09-15 10:37:17.093327 2525331 I Critical: Finalizer 0/0 0/0 0/0 0/0 ops/s
2026-09-15 10:37:17.093359 2525331 I Critical: Finalizer 0/0 0/0 0/0 0/0 ns
2026-09-15 10:37:17.093386 2525331 I Critical: ReclaimGarbageRegions 0/0 0/0 0/0 0/0 ops/s
2026-09-15 10:37:17.093413 2525331 I Critical: ReclaimGarbageRegions 0/0 0/0 0/0 0/0 ns
2026-09-15 10:37:17.093439 2525331 I Critical: finalizerProcessor waitting time 0/0 0/0 0/0 0/0 ops/s
2026-09-15 10:37:17.093465 2525331 I Critical: finalizerProcessor waitting time 0/0 0/0 0/0 0/0 ns
2026-09-15 10:37:17.093491 2525331 I Major Collection: Major Collection 0/0 0/0 0/0 0/0 ns
2026-09-15 10:37:17.093517 2525331 I Memory: Allocation Rate 0/0 0/0 0/0 0/0 B/s
2026-09-15 10:37:17.093544 2525331 I Minor Collection: Minor Collection 0/0 0/0 0/0 0/0 ns
2026-09-15 10:37:17.093570 2525331 I Old Generation: Old Generation 0/0 0/0 0/0 0/0 ns
2026-09-15 10:37:17.093596 2525331 I Old Generation: Reclaimed 0/0 0/0 0/0 0/0 B
2026-09-15 10:37:17.093622 2525331 I Old Pause: old.relocate_start 0/0 0/0 0/0 0/0 ns
2026-09-15 10:37:17.093648 2525331 I Old Subphase: Collect large garbage 0/0 0/0 0/0 0/0 ns
2026-09-15 10:37:17.093674 2525331 I Old Subphase: CollectFromSpaceGarbage 0/0 0/0 0/0 0/0 ns
2026-09-15 10:37:17.093700 2525331 I Old Subphase: Concurrent marking 0/0 0/0 0/0 0/0 ns
2026-09-15 10:37:17.093726 2525331 I Old Subphase: Concurrent re-marking 0/0 0/0 0/0 0/0 ns
2026-09-15 10:37:17.093752 2525331 I Old Subphase: DoTracing 0/0 0/0 0/0 0/0 ns
2026-09-15 10:37:17.093778 2525331 I Old Subphase: ExemptFromRegions 0/0 0/0 0/0 0/0 ns
2026-09-15 10:37:17.093804 2525331 I Old Subphase: ForwardFromRegions 0/0 0/0 0/0 0/0 ns
2026-09-15 10:37:17.093839 2525331 I Old Subphase: PostTrace 0/0 0/0 0/0 0/0 ns
2026-09-15 10:37:17.093865 2525331 I Old Subphase: Preforward 0/0 0/0 0/0 0/0 ns
2026-09-15 10:37:17.093891 2525331 I Old Subphase: RemapYoungRoots 0/0 0/0 0/0 0/0 ns
2026-09-15 10:37:17.093917 2525331 I Old Subphase: concurrent resurrection 0/0 0/0 0/0 0/0 ns
2026-09-15 10:37:17.093943 2525331 I Old Subphase: enum roots & update old pointers within 0/0 0/0 0/0 0/0 ns
2026-09-15 10:37:17.093969 2525331 I Old Subphase: identify useless extern ref 0/0 0/0 0/0 0/0 ns
2026-09-15 10:37:17.093995 2525331 I Old Subphase: trace live objects & update old pointers in ref-fields 0/0 0/0 0/0 0/0 ns
2026-09-15 10:37:17.094041 2525331 I Test: Unobserved 0/0 0/0 0/0 0/0 ns
2026-09-15 10:37:17.094080 2525331 I Young Generation: Reclaimed 0/0 0/0 0/0 0/0 B
2026-09-15 10:37:17.094118 2525331 I Young Generation: Young Generation 0/0 0/0 0/0 0/0 ns
2026-09-15 10:37:17.094163 2525331 I Young Subphase: ForwardFromRegions 0/0 0/0 0/0 0/0 ns
2026-09-15 10:37:17.094195 2525331 I Young Subphase: young.conc_promote_walk 0/0 0/0 0/0 0/0 ns
2026-09-15 10:37:17.094221 2525331 I Young Subphase: young.concurrent_relocate 0/0 0/0 0/0 0/0 ns
2026-09-15 10:37:17.094247 2525331 I Young Subphase: young.evac_finish 0/0 0/0 0/0 0/0 ns
2026-09-15 10:37:17.094273 2525331 I Young Subphase: young.evac_retire 0/0 0/0 0/0 0/0 ns
2026-09-15 10:37:17.094299 2525331 I Young Subphase: young.flush_alloc 0/0 0/0 0/0 0/0 ns
2026-09-15 10:37:17.094325 2525331 I Young Subphase: young.mark_closure 0/0 0/0 0/0 0/0 ns
2026-09-15 10:37:17.094358 2525331 I Young Subphase: young.mark_follow 0/0 0/0 0/0 0/0 ns
2026-09-15 10:37:17.094396 2525331 I Young Subphase: young.mark_from_remset 0/0 0/0 0/0 0/0 ns
2026-09-15 10:37:17.094425 2525331 I Young Subphase: young.pinned_scan 0/0 0/0 0/0 0/0 ns
2026-09-15 10:37:17.094458 2525331 I Young SubGC_UNIT_OTHER_VM_OKIDOKI SegmentedArrayInit.ManagedFirstInactiveExtentUsesSegmentedInitializer
[  PASS  ] SegmentedArrayInit.ManagedFirstInactiveExtentUsesSegmentedInitializer
[========] 1 tests: 1 passed, 0 failed
[  RUN   ] SegmentedArrayInit.ManagedDirtyExtentUsesSegmentedInitializer
[  RUN   ] SegmentedArrayInit.ManagedDirtyExtentUsesSegmentedInitializer
2026-09-15 10:37:17.086502 2525179 E [FWDTABLE] armed base=0x7d76aa000000 size=33554432 unit=4096 entries=8192
[SEGMENTED_ITERATOR_ASSERT] safe=0 safe_klass=0 basic=0 basic_klass=0 pass=1
[SEGMENTED_VISIBLE_ASSERT] fields=16385 full=16385 basic=16385 range=1 partial=6 safe=16385 safe_klass=16385 safe_basic=16385 safe_basic_klass=16385 invalid=0 pass=1
[SEGMENTED_ARRAY_SOURCE] context=managed source=1 status=0 expected=0x7d76aa000000 array=0x7d76aa000000 publish=1 yield=3 withdraw=1 dirty=1 null=1
2026-09-15 10:37:17.089511 2525555 I FinalizerProcessor thread started
2026-09-15 10:37:17.089579 2525551 D 	total pages mapped: 1, slot_size: 16
2026-09-15 10:37:17.089699 2525179 I Uncommit: Enabled delay=300s
2026-09-15 10:37:17.089727 2525551 D 	total pages mapped: 1, slot_size: 104
2026-09-15 10:37:17.089825 2525179 I Cangjie runtime started.
2026-09-15 10:37:17.093946 2525555 I FinalizerProcessor thread stopped
2026-09-15 10:37:17.094377 2525417 I GC Statistics: Last 10s / Last 10m / Last 10h / Total (average / maximum)
2026-09-15 10:37:17.094485 2525417 I Critical: Finalizer 0/0 0/0 0/0 0/0 ops/s
2026-09-15 10:37:17.094534 2525417 I Critical: Finalizer 0/0 0/0 0/0 0/0 ns
2026-09-15 10:37:17.094563 2525417 I Critical: ReclaimGarbageRegions 0/0 0/0 0/0 0/0 ops/s
2026-09-15 10:37:17.094589 2525417 I Critical: ReclaimGarbageRegions 0/0 0/0 0/0 0/0 ns
2026-09-15 10:37:17.094616 2525417 I Critical: finalizerProcessor waitting time 0/0 0/0 0/0 0/0 ops/s
2026-09-15 10:37:17.094643 2525417 I Critical: finalizerProcessor waitting time 0/0 0/0 0/0 0/0 ns
2026-09-15 10:37:17.094669 2525417 I Major Collection: Major Collection 0/0 0/0 0/0 0/0 ns
2026-09-15 10:37:17.094696 2525417 I Memory: Allocation Rate 0/0 0/0 0/0 0/0 B/s
2026-09-15 10:37:17.094722 2525417 I Minor Collection: Minor Collection 0/0 0/0 0/0 0/0 ns
2026-09-15 10:37:17.094749 2525417 I Old Generation: Old Generation 0/0 0/0 0/0 0/0 ns
2026-09-15 10:37:17.094775 2525417 I Old Generation: Reclaimed 0/0 0/0 0/0 0/0 B
2026-09-15 10:37:17.094802 2525417 I Old Pause: old.relocate_start 0/0 0/0 0/0 0/0 ns
2026-09-15 10:37:17.094828 2525417 I Old Subphase: Collect large garbage 0/0 0/0 0/0 0/0 ns
2026-09-15 10:37:17.094855 2525417 I Old Subphase: CollectFromSpaceGarbage 0/0 0/0 0/0 0/0 ns
2026-09-15 10:37:17.094882 2525417 I Old Subphase: Concurrent marking 0/0 0/0 0/0 0/0 ns
2026-09-15 10:37:17.094908 2525417 I Old Subphase: Concurrent re-marking 0/0 0/0 0/0 0/0 ns
2026-09-15 10:37:17.094946 2525417 I Old Subphase: DoTracing 0/0 0/0 0/0 0/0 ns
2026-09-15 10:37:17.094987 2525417 I Old Subphase: ExemptFromRegions 0/0 0/0 0/0 0/0 ns
2026-09-15 10:37:17.095019 2525417 I Old Subphase: ForwardFromRegions 0/0 0/0 0/0 0/0 ns
2026-09-15 10:37:17.095053 2525417 I Old Subphase: PostTrace 0/0 0/0 0/0 0/0 ns
2026-09-15 10:37:17.095080 2525417 I Old Subphase: Preforward 0/0 0/0 0/0 0/0 ns
2026-09-15 10:37:17.095108 2525417 I Old Subphase: RemapYoungRoots 0/0 0/0 0/0 0/0 ns
2026-09-15 10:37:17.095134 2525417 I Old Subphase: concurrent resurrection 0/0 0/0 0/0 0/0 ns
2026-09-15 10:37:17.095161 2525417 I Old Subphase: enum roots & update old pointers within 0/0 0/0 0/0 0/0 ns
2026-09-15 10:37:17.095187 2525417 I Old Subphase: identify useless extern ref 0/0 0/0 0/0 0/0 ns
2026-09-15 10:37:17.095214 2525417 I Old Subphase: trace live objects & update old pointers in ref-fields 0/0 0/0 0/0 0/0 ns
2026-09-15 10:37:17.095240 2525417 I Test: Unobserved 0/0 0/0 0/0 0/0 ns
2026-09-15 10:37:17.095267 2525417 I Young Generation: Reclaimed 0/0 0/0 0/0 0/0 B
2026-09-15 10:37:17.095294 2525417 I Young Generation: Young Generation 0/0 0/0 0/0 0/0 ns
2026-09-15 10:37:17.095320 2525417 I Young Subphase: ForwardFromRegions 0/0 0/0 0/0 0/0 ns
2026-09-15 10:37:17.095346 2525417 I Young Subphase: young.conc_promote_walk 0/0 0/0 0/0 0/0 ns
2026-09-15 10:37:17.095373 2525417 I Young Subphase: young.concurrent_relocate 0/0 0/0 0/0 0/0 ns
2026-09-15 10:37:17.095399 2525417 I Young Subphase: young.evac_finish 0/0 0/0 0/0 0/0 ns
2026-09-15 10:37:17.095426 2525417 I Young Subphase: young.evac_retire 0/0 0/0 0/0 0/0 ns
2026-09-15 10:37:17.095452 2525417 I Young Subphase: young.flush_alloc 0/0 0/0 0/0 0/0 ns
2026-09-15 10:37:17.095479 2525417 I Young Subphase: young.mark_closure 0/0 0/0 0/0 0/0 ns
2026-09-15 10:37:17.095505 2525417 I Young Subphase: young.mark_follow 0/0 0/0 0/0 0/0 ns
2026-09-15 10:37:17.095532 2525417 I Young Subphase: young.mark_from_remset 0/0 0/0 0/0 0/0 ns
2026-09-15 10:37:17.095558 2525417 I Young Subphase: young.pinned_scan 0/0 0/0 0/0 0/0 ns
2026-09-15 10:37:17.095584 2525417 I Young SubGC_UNIT_OTHER_VM_OKIDOKI SegmentedArrayInit.ManagedDirtyExtentUsesSegmentedInitializer
[  PASS  ] SegmentedArrayInit.ManagedDirtyExtentUsesSegmentedInitializer
[========] 1 tests: 1 passed, 0 failed
[  RUN   ] SegmentedArrayInit.ManagedReleasedExtentUsesSegmentedInitializer
[  RUN   ] SegmentedArrayInit.ManagedReleasedExtentUsesSegmentedInitializer
2026-09-15 10:37:17.086764 2525192 E [FWDTABLE] armed base=0x7c06f2000000 size=33554432 unit=4096 entries=8192
[SEGMENTED_ITERATOR_ASSERT] safe=0 safe_klass=0 basic=0 basic_klass=0 pass=1
[SEGMENTED_VISIBLE_ASSERT] fields=16385 full=16385 basic=16385 range=1 partial=6 safe=16385 safe_klass=16385 safe_basic=16385 safe_basic_klass=16385 invalid=0 pass=1
[SEGMENTED_ARRAY_SOURCE] context=managed source=2 status=0 expected=0x7c06f2000000 array=0x7c06f2000000 publish=1 yield=3 withdraw=1 dirty=0 null=1
2026-09-15 10:37:17.089680 2525569 D 	total pages mapped: 1, slot_size: 16
2026-09-15 10:37:17.089678 2525572 I FinalizerProcessor thread started
2026-09-15 10:37:17.089828 2525569 D 	total pages mapped: 1, slot_size: 104
2026-09-15 10:37:17.089939 2525192 I Uncommit: Enabled delay=300s
2026-09-15 10:37:17.090074 2525192 I Cangjie runtime started.
2026-09-15 10:37:17.094163 2525572 I FinalizerProcessor thread stopped
2026-09-15 10:37:17.094555 2525413 I GC Statistics: Last 10s / Last 10m / Last 10h / Total (average / maximum)
2026-09-15 10:37:17.094646 2525413 I Critical: Finalizer 0/0 0/0 0/0 0/0 ops/s
2026-09-15 10:37:17.094681 2525413 I Critical: Finalizer 0/0 0/0 0/0 0/0 ns
2026-09-15 10:37:17.094709 2525413 I Critical: ReclaimGarbageRegions 0/0 0/0 0/0 0/0 ops/s
2026-09-15 10:37:17.094735 2525413 I Critical: ReclaimGarbageRegions 0/0 0/0 0/0 0/0 ns
2026-09-15 10:37:17.094762 2525413 I Critical: finalizerProcessor waitting time 0/0 0/0 0/0 0/0 ops/s
2026-09-15 10:37:17.094788 2525413 I Critical: finalizerProcessor waitting time 0/0 0/0 0/0 0/0 ns
2026-09-15 10:37:17.094815 2525413 I Major Collection: Major Collection 0/0 0/0 0/0 0/0 ns
2026-09-15 10:37:17.094841 2525413 I Memory: Allocation Rate 0/0 0/0 0/0 0/0 B/s
2026-09-15 10:37:17.094867 2525413 I Minor Collection: Minor Collection 0/0 0/0 0/0 0/0 ns
2026-09-15 10:37:17.094894 2525413 I Old Generation: Old Generation 0/0 0/0 0/0 0/0 ns
2026-09-15 10:37:17.094920 2525413 I Old Generation: Reclaimed 0/0 0/0 0/0 0/0 B
2026-09-15 10:37:17.094947 2525413 I Old Pause: old.relocate_start 0/0 0/0 0/0 0/0 ns
2026-09-15 10:37:17.094973 2525413 I Old Subphase: Collect large garbage 0/0 0/0 0/0 0/0 ns
2026-09-15 10:37:17.094999 2525413 I Old Subphase: CollectFromSpaceGarbage 0/0 0/0 0/0 0/0 ns
2026-09-15 10:37:17.095025 2525413 I Old Subphase: Concurrent marking 0/0 0/0 0/0 0/0 ns
2026-09-15 10:37:17.095058 2525413 I Old Subphase: Concurrent re-marking 0/0 0/0 0/0 0/0 ns
2026-09-15 10:37:17.095085 2525413 I Old Subphase: DoTracing 0/0 0/0 0/0 0/0 ns
2026-09-15 10:37:17.095111 2525413 I Old Subphase: ExemptFromRegions 0/0 0/0 0/0 0/0 ns
2026-09-15 10:37:17.095137 2525413 I Old Subphase: ForwardFromRegions 0/0 0/0 0/0 0/0 ns
2026-09-15 10:37:17.095163 2525413 I Old Subphase: PostTrace 0/0 0/0 0/0 0/0 ns
2026-09-15 10:37:17.095189 2525413 I Old Subphase: Preforward 0/0 0/0 0/0 0/0 ns
2026-09-15 10:37:17.095215 2525413 I Old Subphase: RemapYoungRoots 0/0 0/0 0/0 0/0 ns
2026-09-15 10:37:17.095242 2525413 I Old Subphase: concurrent resurrection 0/0 0/0 0/0 0/0 ns
2026-09-15 10:37:17.095268 2525413 I Old Subphase: enum roots & update old pointers within 0/0 0/0 0/0 0/0 ns
2026-09-15 10:37:17.095294 2525413 I Old Subphase: identify useless extern ref 0/0 0/0 0/0 0/0 ns
2026-09-15 10:37:17.095320 2525413 I Old Subphase: trace live objects & update old pointers in ref-fields 0/0 0/0 0/0 0/0 ns
2026-09-15 10:37:17.095346 2525413 I Test: Unobserved 0/0 0/0 0/0 0/0 ns
2026-09-15 10:37:17.095373 2525413 I Young Generation: Reclaimed 0/0 0/0 0/0 0/0 B
2026-09-15 10:37:17.095399 2525413 I Young Generation: Young Generation 0/0 0/0 0/0 0/0 ns
2026-09-15 10:37:17.095425 2525413 I Young Subphase: ForwardFromRegions 0/0 0/0 0/0 0/0 ns
2026-09-15 10:37:17.095452 2525413 I Young Subphase: young.conc_promote_walk 0/0 0/0 0/0 0/0 ns
2026-09-15 10:37:17.095478 2525413 I Young Subphase: young.concurrent_relocate 0/0 0/0 0/0 0/0 ns
2026-09-15 10:37:17.095504 2525413 I Young Subphase: young.evac_finish 0/0 0/0 0/0 0/0 ns
2026-09-15 10:37:17.095530 2525413 I Young Subphase: young.evac_retire 0/0 0/0 0/0 0/0 ns
2026-09-15 10:37:17.095556 2525413 I Young Subphase: young.flush_alloc 0/0 0/0 0/0 0/0 ns
2026-09-15 10:37:17.095582 2525413 I Young Subphase: young.mark_closure 0/0 0/0 0/0 0/0 ns
2026-09-15 10:37:17.095609 2525413 I Young Subphase: young.mark_follow 0/0 0/0 0/0 0/0 ns
2026-09-15 10:37:17.095635 2525413 I Young Subphase: young.mark_from_remset 0/0 0/0 0/0 0/0 ns
2026-09-15 10:37:17.095661 2525413 I Young Subphase: young.pinned_scan 0/0 0/0 0/0 0/0 ns
2026-09-15 10:37:17.095687 2525413 I Young SubGC_UNIT_OTHER_VM_OKIDOKI SegmentedArrayInit.ManagedReleasedExtentUsesSegmentedInitializer
[  PASS  ] SegmentedArrayInit.ManagedReleasedExtentUsesSegmentedInitializer
[========] 1 tests: 1 passed, 0 failed
[  RUN   ] SegmentedArrayInit.ManagedGarbageExtentUsesSegmentedInitializer
[  RUN   ] SegmentedArrayInit.ManagedGarbageExtentUsesSegmentedInitializer
2026-09-15 10:37:17.087384 2525241 E [FWDTABLE] armed base=0x7a575c000000 size=33554432 unit=4096 entries=8192
[SEGMENTED_ITERATOR_ASSERT] safe=0 safe_klass=0 basic=0 basic_klass=0 pass=1
[SEGMENTED_VISIBLE_ASSERT] fields=16385 full=16385 basic=16385 range=1 partial=6 safe=16385 safe_klass=16385 safe_basic=16385 safe_basic_klass=16385 invalid=0 pass=1
[SEGMENTED_ARRAY_SOURCE] context=managed source=3 status=0 expected=0x7a575c000000 array=0x7a575c000000 publish=1 yield=3 withdraw=1 dirty=1 null=1
2026-09-15 10:37:17.090191 2525627 D 	total pages mapped: 1, slot_size: 16
2026-09-15 10:37:17.090189 2525631 I FinalizerProcessor thread started
2026-09-15 10:37:17.090365 2525627 D 	total pages mapped: 1, slot_size: 104
2026-09-15 10:37:17.090504 2525241 I Uncommit: Enabled delay=300s
2026-09-15 10:37:17.090613 2525241 I Cangjie runtime started.
2026-09-15 10:37:17.094765 2525631 I FinalizerProcessor thread stopped
2026-09-15 10:37:17.095205 2525480 I GC Statistics: Last 10s / Last 10m / Last 10h / Total (average / maximum)
2026-09-15 10:37:17.095282 2525480 I Critical: Finalizer 0/0 0/0 0/0 0/0 ops/s
2026-09-15 10:37:17.095317 2525480 I Critical: Finalizer 0/0 0/0 0/0 0/0 ns
2026-09-15 10:37:17.095344 2525480 I Critical: ReclaimGarbageRegions 0/0 0/0 0/0 0/0 ops/s
2026-09-15 10:37:17.095371 2525480 I Critical: ReclaimGarbageRegions 0/0 0/0 0/0 0/0 ns
2026-09-15 10:37:17.095397 2525480 I Critical: finalizerProcessor waitting time 0/0 0/0 0/0 0/0 ops/s
2026-09-15 10:37:17.095424 2525480 I Critical: finalizerProcessor waitting time 0/0 0/0 0/0 0/0 ns
2026-09-15 10:37:17.095450 2525480 I Major Collection: Major Collection 0/0 0/0 0/0 0/0 ns
2026-09-15 10:37:17.095476 2525480 I Memory: Allocation Rate 0/0 0/0 0/0 0/0 B/s
2026-09-15 10:37:17.095503 2525480 I Minor Collection: Minor Collection 0/0 0/0 0/0 0/0 ns
2026-09-15 10:37:17.095529 2525480 I Old Generation: Old Generation 0/0 0/0 0/0 0/0 ns
2026-09-15 10:37:17.095555 2525480 I Old Generation: Reclaimed 0/0 0/0 0/0 0/0 B
2026-09-15 10:37:17.095582 2525480 I Old Pause: old.relocate_start 0/0 0/0 0/0 0/0 ns
2026-09-15 10:37:17.095608 2525480 I Old Subphase: Collect large garbage 0/0 0/0 0/0 0/0 ns
2026-09-15 10:37:17.095634 2525480 I Old Subphase: CollectFromSpaceGarbage 0/0 0/0 0/0 0/0 ns
2026-09-15 10:37:17.095660 2525480 I Old Subphase: Concurrent marking 0/0 0/0 0/0 0/0 ns
2026-09-15 10:37:17.095687 2525480 I Old Subphase: Concurrent re-marking 0/0 0/0 0/0 0/0 ns
2026-09-15 10:37:17.095713 2525480 I Old Subphase: DoTracing 0/0 0/0 0/0 0/0 ns
2026-09-15 10:37:17.095739 2525480 I Old Subphase: ExemptFromRegions 0/0 0/0 0/0 0/0 ns
2026-09-15 10:37:17.095765 2525480 I Old Subphase: ForwardFromRegions 0/0 0/0 0/0 0/0 ns
2026-09-15 10:37:17.095791 2525480 I Old Subphase: PostTrace 0/0 0/0 0/0 0/0 ns
2026-09-15 10:37:17.095818 2525480 I Old Subphase: Preforward 0/0 0/0 0/0 0/0 ns
2026-09-15 10:37:17.095844 2525480 I Old Subphase: RemapYoungRoots 0/0 0/0 0/0 0/0 ns
2026-09-15 10:37:17.095870 2525480 I Old Subphase: concurrent resurrection 0/0 0/0 0/0 0/0 ns
2026-09-15 10:37:17.095897 2525480 I Old Subphase: enum roots & update old pointers within 0/0 0/0 0/0 0/0 ns
2026-09-15 10:37:17.095923 2525480 I Old Subphase: identify useless extern ref 0/0 0/0 0/0 0/0 ns
2026-09-15 10:37:17.095949 2525480 I Old Subphase: trace live objects & update old pointers in ref-fields 0/0 0/0 0/0 0/0 ns
2026-09-15 10:37:17.095976 2525480 I Test: Unobserved 0/0 0/0 0/0 0/0 ns
2026-09-15 10:37:17.096002 2525480 I Young Generation: Reclaimed 0/0 0/0 0/0 0/0 B
2026-09-15 10:37:17.096029 2525480 I Young Generation: Young Generation 0/0 0/0 0/0 0/0 ns
2026-09-15 10:37:17.096063 2525480 I Young Subphase: ForwardFromRegions 0/0 0/0 0/0 0/0 ns
2026-09-15 10:37:17.096090 2525480 I Young Subphase: young.conc_promote_walk 0/0 0/0 0/0 0/0 ns
2026-09-15 10:37:17.096116 2525480 I Young Subphase: young.concurrent_relocate 0/0 0/0 0/0 0/0 ns
2026-09-15 10:37:17.096142 2525480 I Young Subphase: young.evac_finish 0/0 0/0 0/0 0/0 ns
2026-09-15 10:37:17.096169 2525480 I Young Subphase: young.evac_retire 0/0 0/0 0/0 0/0 ns
2026-09-15 10:37:17.096195 2525480 I Young Subphase: young.flush_alloc 0/0 0/0 0/0 0/0 ns
2026-09-15 10:37:17.096221 2525480 I Young Subphase: young.mark_closure 0/0 0/0 0/0 0/0 ns
2026-09-15 10:37:17.096247 2525480 I Young Subphase: young.mark_follow 0/0 0/0 0/0 0/0 ns
2026-09-15 10:37:17.096273 2525480 I Young Subphase: young.mark_from_remset 0/0 0/0 0/0 0/0 ns
2026-09-15 10:37:17.096300 2525480 I Young Subphase: young.pinned_scan 0/0 0/0 0/0 0/0 ns
2026-09-15 10:37:17.096326 2525480 I Young SubGC_UNIT_OTHER_VM_OKIDOKI SegmentedArrayInit.ManagedGarbageExtentUsesSegmentedInitializer
[  PASS  ] SegmentedArrayInit.ManagedGarbageExtentUsesSegmentedInitializer
[========] 1 tests: 1 passed, 0 failed
[  RUN   ] SegmentedArrayInit.NativeFirstInactiveExtentUsesSegmentedInitializer
[  RUN   ] SegmentedArrayInit.NativeFirstInactiveExtentUsesSegmentedInitializer
2026-09-15 10:37:17.088080 2525345 E [FWDTABLE] armed base=0x7693b0000000 size=33554432 unit=4096 entries=8192
[SEGMENTED_ITERATOR_ASSERT] safe=0 safe_klass=0 basic=0 basic_klass=0 pass=1
[SEGMENTED_VISIBLE_ASSERT] fields=16385 full=16385 basic=16385 range=1 partial=6 safe=16385 safe_klass=16385 safe_basic=16385 safe_basic_klass=16385 invalid=0 pass=1
[SEGMENTED_ARRAY_SOURCE] context=native source=0 status=0 expected=0x7693b0000000 array=0x7693b0000000 publish=1 yield=3 withdraw=1 dirty=0 null=1
2026-09-15 10:37:17.090430 2525657 I FinalizerProcessor thread started
2026-09-15 10:37:17.090433 2525654 D 	total pages mapped: 1, slot_size: 16
2026-09-15 10:37:17.090645 2525345 I Uncommit: Enabled delay=300s
2026-09-15 10:37:17.090663 2525654 D 	total pages mapped: 1, slot_size: 104
2026-09-15 10:37:17.090754 2525345 I Cangjie runtime started.
2026-09-15 10:37:17.094711 2525657 I FinalizerProcessor thread stopped
2026-09-15 10:37:17.095256 2525514 I GC Statistics: Last 10s / Last 10m / Last 10h / Total (average / maximum)
2026-09-15 10:37:17.095351 2525514 I Critical: Finalizer 0/0 0/0 0/0 0/0 ops/s
2026-09-15 10:37:17.095412 2525514 I Critical: Finalizer 0/0 0/0 0/0 0/0 ns
2026-09-15 10:37:17.095459 2525514 I Critical: ReclaimGarbageRegions 0/0 0/0 0/0 0/0 ops/s
2026-09-15 10:37:17.095493 2525514 I Critical: ReclaimGarbageRegions 0/0 0/0 0/0 0/0 ns
2026-09-15 10:37:17.095532 2525514 I Critical: finalizerProcessor waitting time 0/0 0/0 0/0 0/0 ops/s
2026-09-15 10:37:17.095575 2525514 I Critical: finalizerProcessor waitting time 0/0 0/0 0/0 0/0 ns
2026-09-15 10:37:17.095620 2525514 I Major Collection: Major Collection 0/0 0/0 0/0 0/0 ns
2026-09-15 10:37:17.095665 2525514 I Memory: Allocation Rate 0/0 0/0 0/0 0/0 B/s
2026-09-15 10:37:17.095709 2525514 I Minor Collection: Minor Collection 0/0 0/0 0/0 0/0 ns
2026-09-15 10:37:17.095752 2525514 I Old Generation: Old Generation 0/0 0/0 0/0 0/0 ns
2026-09-15 10:37:17.095797 2525514 I Old Generation: Reclaimed 0/0 0/0 0/0 0/0 B
2026-09-15 10:37:17.095844 2525514 I Old Pause: old.relocate_start 0/0 0/0 0/0 0/0 ns
2026-09-15 10:37:17.095890 2525514 I Old Subphase: Collect large garbage 0/0 0/0 0/0 0/0 ns
2026-09-15 10:37:17.095936 2525514 I Old Subphase: CollectFromSpaceGarbage 0/0 0/0 0/0 0/0 ns
2026-09-15 10:37:17.095982 2525514 I Old Subphase: Concurrent marking 0/0 0/0 0/0 0/0 ns
2026-09-15 10:37:17.096029 2525514 I Old Subphase: Concurrent re-marking 0/0 0/0 0/0 0/0 ns
2026-09-15 10:37:17.096080 2525514 I Old Subphase: DoTracing 0/0 0/0 0/0 0/0 ns
2026-09-15 10:37:17.096120 2525514 I Old Subphase: ExemptFromRegions 0/0 0/0 0/0 0/0 ns
2026-09-15 10:37:17.096146 2525514 I Old Subphase: ForwardFromRegions 0/0 0/0 0/0 0/0 ns
2026-09-15 10:37:17.096173 2525514 I Old Subphase: PostTrace 0/0 0/0 0/0 0/0 ns
2026-09-15 10:37:17.096199 2525514 I Old Subphase: Preforward 0/0 0/0 0/0 0/0 ns
2026-09-15 10:37:17.096225 2525514 I Old Subphase: RemapYoungRoots 0/0 0/0 0/0 0/0 ns
2026-09-15 10:37:17.096251 2525514 I Old Subphase: concurrent resurrection 0/0 0/0 0/0 0/0 ns
2026-09-15 10:37:17.096277 2525514 I Old Subphase: enum roots & update old pointers within 0/0 0/0 0/0 0/0 ns
2026-09-15 10:37:17.096304 2525514 I Old Subphase: identify useless extern ref 0/0 0/0 0/0 0/0 ns
2026-09-15 10:37:17.096330 2525514 I Old Subphase: trace live objects & update old pointers in ref-fields 0/0 0/0 0/0 0/0 ns
2026-09-15 10:37:17.096357 2525514 I Test: Unobserved 0/0 0/0 0/0 0/0 ns
2026-09-15 10:37:17.096383 2525514 I Young Generation: Reclaimed 0/0 0/0 0/0 0/0 B
2026-09-15 10:37:17.096410 2525514 I Young Generation: Young Generation 0/0 0/0 0/0 0/0 ns
2026-09-15 10:37:17.096436 2525514 I Young Subphase: ForwardFromRegions 0/0 0/0 0/0 0/0 ns
2026-09-15 10:37:17.096462 2525514 I Young Subphase: young.conc_promote_walk 0/0 0/0 0/0 0/0 ns
2026-09-15 10:37:17.096489 2525514 I Young Subphase: young.concurrent_relocate 0/0 0/0 0/0 0/0 ns
2026-09-15 10:37:17.096515 2525514 I Young Subphase: young.evac_finish 0/0 0/0 0/0 0/0 ns
2026-09-15 10:37:17.096553 2525514 I Young Subphase: young.evac_retire 0/0 0/0 0/0 0/0 ns
2026-09-15 10:37:17.096592 2525514 I Young Subphase: young.flush_alloc 0/0 0/0 0/0 0/0 ns
2026-09-15 10:37:17.096619 2525514 I Young Subphase: young.mark_closure 0/0 0/0 0/0 0/0 ns
2026-09-15 10:37:17.096645 2525514 I Young Subphase: young.mark_follow 0/0 0/0 0/0 0/0 ns
2026-09-15 10:37:17.096671 2525514 I Young Subphase: young.mark_from_remset 0/0 0/0 0/0 0/0 ns
2026-09-15 10:37:17.096698 2525514 I Young Subphase: young.pinned_scan 0/0 0/0 0/0 0/0 ns
2026-09-15 10:37:17.096733 2525514 I Young SubGC_UNIT_OTHER_VM_OKIDOKI SegmentedArrayInit.NativeFirstInactiveExtentUsesSegmentedInitializer
[  PASS  ] SegmentedArrayInit.NativeFirstInactiveExtentUsesSegmentedInitializer
[========] 1 tests: 1 passed, 0 failed
[  RUN   ] SegmentedArrayInit.NativeDirtyExtentUsesSegmentedInitializer
[  RUN   ] SegmentedArrayInit.NativeDirtyExtentUsesSegmentedInitializer
2026-09-15 10:37:17.088458 2525354 E [FWDTABLE] armed base=0x772c14000000 size=33554432 unit=4096 entries=8192
[SEGMENTED_ITERATOR_ASSERT] safe=0 safe_klass=0 basic=0 basic_klass=0 pass=1
[SEGMENTED_VISIBLE_ASSERT] fields=16385 full=16385 basic=16385 range=1 partial=6 safe=16385 safe_klass=16385 safe_basic=16385 safe_basic_klass=16385 invalid=0 pass=1
[SEGMENTED_ARRAY_SOURCE] context=native source=1 status=0 expected=0x772c14000000 array=0x772c14000000 publish=1 yield=3 withdraw=1 dirty=1 null=1
2026-09-15 10:37:17.090747 2525694 D 	total pages mapped: 1, slot_size: 16
2026-09-15 10:37:17.090755 2525697 I FinalizerProcessor thread started
2026-09-15 10:37:17.090854 2525694 D 	total pages mapped: 1, slot_size: 104
2026-09-15 10:37:17.091066 2525354 I Uncommit: Enabled delay=300s
2026-09-15 10:37:17.091146 2525354 I Cangjie runtime started.
2026-09-15 10:37:17.095305 2525697 I FinalizerProcessor thread stopped
2026-09-15 10:37:17.095700 2525566 I GC Statistics: Last 10s / Last 10m / Last 10h / Total (average / maximum)
2026-09-15 10:37:17.095795 2525566 I Critical: Finalizer 0/0 0/0 0/0 0/0 ops/s
2026-09-15 10:37:17.095848 2525566 I Critical: Finalizer 0/0 0/0 0/0 0/0 ns
2026-09-15 10:37:17.095896 2525566 I Critical: ReclaimGarbageRegions 0/0 0/0 0/0 0/0 ops/s
2026-09-15 10:37:17.095944 2525566 I Critical: ReclaimGarbageRegions 0/0 0/0 0/0 0/0 ns
2026-09-15 10:37:17.095991 2525566 I Critical: finalizerProcessor waitting time 0/0 0/0 0/0 0/0 ops/s
2026-09-15 10:37:17.096047 2525566 I Critical: finalizerProcessor waitting time 0/0 0/0 0/0 0/0 ns
2026-09-15 10:37:17.096093 2525566 I Major Collection: Major Collection 0/0 0/0 0/0 0/0 ns
2026-09-15 10:37:17.096138 2525566 I Memory: Allocation Rate 0/0 0/0 0/0 0/0 B/s
2026-09-15 10:37:17.096183 2525566 I Minor Collection: Minor Collection 0/0 0/0 0/0 0/0 ns
2026-09-15 10:37:17.096227 2525566 I Old Generation: Old Generation 0/0 0/0 0/0 0/0 ns
2026-09-15 10:37:17.096269 2525566 I Old Generation: Reclaimed 0/0 0/0 0/0 0/0 B
2026-09-15 10:37:17.096295 2525566 I Old Pause: old.relocate_start 0/0 0/0 0/0 0/0 ns
2026-09-15 10:37:17.096322 2525566 I Old Subphase: Collect large garbage 0/0 0/0 0/0 0/0 ns
2026-09-15 10:37:17.096348 2525566 I Old Subphase: CollectFromSpaceGarbage 0/0 0/0 0/0 0/0 ns
2026-09-15 10:37:17.096375 2525566 I Old Subphase: Concurrent marking 0/0 0/0 0/0 0/0 ns
2026-09-15 10:37:17.096401 2525566 I Old Subphase: Concurrent re-marking 0/0 0/0 0/0 0/0 ns
2026-09-15 10:37:17.096427 2525566 I Old Subphase: DoTracing 0/0 0/0 0/0 0/0 ns
2026-09-15 10:37:17.096454 2525566 I Old Subphase: ExemptFromRegions 0/0 0/0 0/0 0/0 ns
2026-09-15 10:37:17.096480 2525566 I Old Subphase: ForwardFromRegions 0/0 0/0 0/0 0/0 ns
2026-09-15 10:37:17.096506 2525566 I Old Subphase: PostTrace 0/0 0/0 0/0 0/0 ns
2026-09-15 10:37:17.096533 2525566 I Old Subphase: Preforward 0/0 0/0 0/0 0/0 ns
2026-09-15 10:37:17.096559 2525566 I Old Subphase: RemapYoungRoots 0/0 0/0 0/0 0/0 ns
2026-09-15 10:37:17.096585 2525566 I Old Subphase: concurrent resurrection 0/0 0/0 0/0 0/0 ns
2026-09-15 10:37:17.096611 2525566 I Old Subphase: enum roots & update old pointers within 0/0 0/0 0/0 0/0 ns
2026-09-15 10:37:17.096638 2525566 I Old Subphase: identify useless extern ref 0/0 0/0 0/0 0/0 ns
2026-09-15 10:37:17.096664 2525566 I Old Subphase: trace live objects & update old pointers in ref-fields 0/0 0/0 0/0 0/0 ns
2026-09-15 10:37:17.096691 2525566 I Test: Unobserved 0/0 0/0 0/0 0/0 ns
2026-09-15 10:37:17.096721 2525566 I Young Generation: Reclaimed 0/0 0/0 0/0 0/0 B
2026-09-15 10:37:17.096747 2525566 I Young Generation: Young Generation 0/0 0/0 0/0 0/0 ns
2026-09-15 10:37:17.096773 2525566 I Young Subphase: ForwardFromRegions 0/0 0/0 0/0 0/0 ns
2026-09-15 10:37:17.096800 2525566 I Young Subphase: young.conc_promote_walk 0/0 0/0 0/0 0/0 ns
2026-09-15 10:37:17.096826 2525566 I Young Subphase: young.concurrent_relocate 0/0 0/0 0/0 0/0 ns
2026-09-15 10:37:17.096852 2525566 I Young Subphase: young.evac_finish 0/0 0/0 0/0 0/0 ns
2026-09-15 10:37:17.096878 2525566 I Young Subphase: young.evac_retire 0/0 0/0 0/0 0/0 ns
2026-09-15 10:37:17.096905 2525566 I Young Subphase: young.flush_alloc 0/0 0/0 0/0 0/0 ns
2026-09-15 10:37:17.096931 2525566 I Young Subphase: young.mark_closure 0/0 0/0 0/0 0/0 ns
2026-09-15 10:37:17.096958 2525566 I Young Subphase: young.mark_follow 0/0 0/0 0/0 0/0 ns
2026-09-15 10:37:17.096984 2525566 I Young Subphase: young.mark_from_remset 0/0 0/0 0/0 0/0 ns
2026-09-15 10:37:17.097010 2525566 I Young Subphase: young.pinned_scan 0/0 0/0 0/0 0/0 ns
2026-09-15 10:37:17.097046 2525566 I Young SubGC_UNIT_OTHER_VM_OKIDOKI SegmentedArrayInit.NativeDirtyExtentUsesSegmentedInitializer
[  PASS  ] SegmentedArrayInit.NativeDirtyExtentUsesSegmentedInitializer
[========] 1 tests: 1 passed, 0 failed
[  RUN   ] SegmentedArrayInit.NativeReleasedExtentUsesSegmentedInitializer
[  RUN   ] SegmentedArrayInit.NativeReleasedExtentUsesSegmentedInitializer
2026-09-15 10:37:17.088824 2525401 E [FWDTABLE] armed base=0x72ace4000000 size=33554432 unit=4096 entries=8192
[SEGMENTED_ITERATOR_ASSERT] safe=0 safe_klass=0 basic=0 basic_klass=0 pass=1
[SEGMENTED_VISIBLE_ASSERT] fields=16385 full=16385 basic=16385 range=1 partial=6 safe=16385 safe_klass=16385 safe_basic=16385 safe_basic_klass=16385 invalid=0 pass=1
[SEGMENTED_ARRAY_SOURCE] context=native source=2 status=0 expected=0x72ace4000000 array=0x72ace4000000 publish=1 yield=3 withdraw=1 dirty=0 null=1
2026-09-15 10:37:17.091145 2525724 D 	total pages mapped: 1, slot_size: 16
2026-09-15 10:37:17.091153 2525726 I FinalizerProcessor thread started
2026-09-15 10:37:17.091252 2525724 D 	total pages mapped: 1, slot_size: 104
2026-09-15 10:37:17.091436 2525401 I Uncommit: Enabled delay=300s
2026-09-15 10:37:17.091543 2525401 I Cangjie runtime started.
2026-09-15 10:37:17.095689 2525726 I FinalizerProcessor thread stopped
2026-09-15 10:37:17.096081 2525603 I GC Statistics: Last 10s / Last 10m / Last 10h / Total (average / maximum)
2026-09-15 10:37:17.096197 2525603 I Critical: Finalizer 0/0 0/0 0/0 0/0 ops/s
2026-09-15 10:37:17.096248 2525603 I Critical: Finalizer 0/0 0/0 0/0 0/0 ns
2026-09-15 10:37:17.096291 2525603 I Critical: ReclaimGarbageRegions 0/0 0/0 0/0 0/0 ops/s
2026-09-15 10:37:17.096334 2525603 I Critical: ReclaimGarbageRegions 0/0 0/0 0/0 0/0 ns
2026-09-15 10:37:17.096376 2525603 I Critical: finalizerProcessor waitting time 0/0 0/0 0/0 0/0 ops/s
2026-09-15 10:37:17.096416 2525603 I Critical: finalizerProcessor waitting time 0/0 0/0 0/0 0/0 ns
2026-09-15 10:37:17.096461 2525603 I Major Collection: Major Collection 0/0 0/0 0/0 0/0 ns
2026-09-15 10:37:17.096494 2525603 I Memory: Allocation Rate 0/0 0/0 0/0 0/0 B/s
2026-09-15 10:37:17.096521 2525603 I Minor Collection: Minor Collection 0/0 0/0 0/0 0/0 ns
2026-09-15 10:37:17.096548 2525603 I Old Generation: Old Generation 0/0 0/0 0/0 0/0 ns
2026-09-15 10:37:17.096574 2525603 I Old Generation: Reclaimed 0/0 0/0 0/0 0/0 B
2026-09-15 10:37:17.096601 2525603 I Old Pause: old.relocate_start 0/0 0/0 0/0 0/0 ns
2026-09-15 10:37:17.096628 2525603 I Old Subphase: Collect large garbage 0/0 0/0 0/0 0/0 ns
2026-09-15 10:37:17.096655 2525603 I Old Subphase: CollectFromSpaceGarbage 0/0 0/0 0/0 0/0 ns
2026-09-15 10:37:17.096681 2525603 I Old Subphase: Concurrent marking 0/0 0/0 0/0 0/0 ns
2026-09-15 10:37:17.096708 2525603 I Old Subphase: Concurrent re-marking 0/0 0/0 0/0 0/0 ns
2026-09-15 10:37:17.096734 2525603 I Old Subphase: DoTracing 0/0 0/0 0/0 0/0 ns
2026-09-15 10:37:17.096761 2525603 I Old Subphase: ExemptFromRegions 0/0 0/0 0/0 0/0 ns
2026-09-15 10:37:17.096787 2525603 I Old Subphase: ForwardFromRegions 0/0 0/0 0/0 0/0 ns
2026-09-15 10:37:17.096814 2525603 I Old Subphase: PostTrace 0/0 0/0 0/0 0/0 ns
2026-09-15 10:37:17.096841 2525603 I Old Subphase: Preforward 0/0 0/0 0/0 0/0 ns
2026-09-15 10:37:17.096867 2525603 I Old Subphase: RemapYoungRoots 0/0 0/0 0/0 0/0 ns
2026-09-15 10:37:17.096894 2525603 I Old Subphase: concurrent resurrection 0/0 0/0 0/0 0/0 ns
2026-09-15 10:37:17.096921 2525603 I Old Subphase: enum roots & update old pointers within 0/0 0/0 0/0 0/0 ns
2026-09-15 10:37:17.096947 2525603 I Old Subphase: identify useless extern ref 0/0 0/0 0/0 0/0 ns
2026-09-15 10:37:17.096974 2525603 I Old Subphase: trace live objects & update old pointers in ref-fields 0/0 0/0 0/0 0/0 ns
2026-09-15 10:37:17.097000 2525603 I Test: Unobserved 0/0 0/0 0/0 0/0 ns
2026-09-15 10:37:17.097027 2525603 I Young Generation: Reclaimed 0/0 0/0 0/0 0/0 B
2026-09-15 10:37:17.097061 2525603 I Young Generation: Young Generation 0/0 0/0 0/0 0/0 ns
2026-09-15 10:37:17.097088 2525603 I Young Subphase: ForwardFromRegions 0/0 0/0 0/0 0/0 ns
2026-09-15 10:37:17.097114 2525603 I Young Subphase: young.conc_promote_walk 0/0 0/0 0/0 0/0 ns
2026-09-15 10:37:17.097141 2525603 I Young Subphase: young.concurrent_relocate 0/0 0/0 0/0 0/0 ns
2026-09-15 10:37:17.097168 2525603 I Young Subphase: young.evac_finish 0/0 0/0 0/0 0/0 ns
2026-09-15 10:37:17.097195 2525603 I Young Subphase: young.evac_retire 0/0 0/0 0/0 0/0 ns
2026-09-15 10:37:17.097221 2525603 I Young Subphase: young.flush_alloc 0/0 0/0 0/0 0/0 ns
2026-09-15 10:37:17.097248 2525603 I Young Subphase: young.mark_closure 0/0 0/0 0/0 0/0 ns
2026-09-15 10:37:17.097275 2525603 I Young Subphase: young.mark_follow 0/0 0/0 0/0 0/0 ns
2026-09-15 10:37:17.097301 2525603 I Young Subphase: young.mark_from_remset 0/0 0/0 0/0 0/0 ns
2026-09-15 10:37:17.097328 2525603 I Young Subphase: young.pinned_scan 0/0 0/0 0/0 0/0 ns
2026-09-15 10:37:17.097355 2525603 I Young SubGC_UNIT_OTHER_VM_OKIDOKI SegmentedArrayInit.NativeReleasedExtentUsesSegmentedInitializer
[  PASS  ] SegmentedArrayInit.NativeReleasedExtentUsesSegmentedInitializer
[========] 1 tests: 1 passed, 0 failed
[  RUN   ] SegmentedArrayInit.NativeGarbageExtentUsesSegmentedInitializer
[  RUN   ] SegmentedArrayInit.NativeGarbageExtentUsesSegmentedInitializer
2026-09-15 10:37:17.089129 2525425 E [FWDTABLE] armed base=0x7864ae000000 size=33554432 unit=4096 entries=8192
[SEGMENTED_ITERATOR_ASSERT] safe=0 safe_klass=0 basic=0 basic_klass=0 pass=1
[SEGMENTED_VISIBLE_ASSERT] fields=16385 full=16385 basic=16385 range=1 partial=6 safe=16385 safe_klass=16385 safe_basic=16385 safe_basic_klass=16385 invalid=0 pass=1
[SEGMENTED_ARRAY_SOURCE] context=native source=3 status=0 expected=0x7864ae000000 array=0x7864ae000000 publish=1 yield=3 withdraw=1 dirty=1 null=1
2026-09-15 10:37:17.091608 2525750 D 	total pages mapped: 1, slot_size: 16
2026-09-15 10:37:17.091597 2525752 I FinalizerProcessor thread started
2026-09-15 10:37:17.091742 2525750 D 	total pages mapped: 1, slot_size: 104
2026-09-15 10:37:17.091861 2525425 I Uncommit: Enabled delay=300s
2026-09-15 10:37:17.091938 2525425 I Cangjie runtime started.
2026-09-15 10:37:17.096110 2525752 I FinalizerProcessor thread stopped
2026-09-15 10:37:17.096539 2525651 I GC Statistics: Last 10s / Last 10m / Last 10h / Total (average / maximum)
2026-09-15 10:37:17.096639 2525651 I Critical: Finalizer 0/0 0/0 0/0 0/0 ops/s
2026-09-15 10:37:17.096689 2525651 I Critical: Finalizer 0/0 0/0 0/0 0/0 ns
2026-09-15 10:37:17.096717 2525651 I Critical: ReclaimGarbageRegions 0/0 0/0 0/0 0/0 ops/s
2026-09-15 10:37:17.096743 2525651 I Critical: ReclaimGarbageRegions 0/0 0/0 0/0 0/0 ns
2026-09-15 10:37:17.096770 2525651 I Critical: finalizerProcessor waitting time 0/0 0/0 0/0 0/0 ops/s
2026-09-15 10:37:17.096796 2525651 I Critical: finalizerProcessor waitting time 0/0 0/0 0/0 0/0 ns
2026-09-15 10:37:17.096823 2525651 I Major Collection: Major Collection 0/0 0/0 0/0 0/0 ns
2026-09-15 10:37:17.096850 2525651 I Memory: Allocation Rate 0/0 0/0 0/0 0/0 B/s
2026-09-15 10:37:17.096877 2525651 I Minor Collection: Minor Collection 0/0 0/0 0/0 0/0 ns
2026-09-15 10:37:17.096903 2525651 I Old Generation: Old Generation 0/0 0/0 0/0 0/0 ns
2026-09-15 10:37:17.096930 2525651 I Old Generation: Reclaimed 0/0 0/0 0/0 0/0 B
2026-09-15 10:37:17.096956 2525651 I Old Pause: old.relocate_start 0/0 0/0 0/0 0/0 ns
2026-09-15 10:37:17.096983 2525651 I Old Subphase: Collect large garbage 0/0 0/0 0/0 0/0 ns
2026-09-15 10:37:17.097009 2525651 I Old Subphase: CollectFromSpaceGarbage 0/0 0/0 0/0 0/0 ns
2026-09-15 10:37:17.097043 2525651 I Old Subphase: Concurrent marking 0/0 0/0 0/0 0/0 ns
2026-09-15 10:37:17.097069 2525651 I Old Subphase: Concurrent re-marking 0/0 0/0 0/0 0/0 ns
2026-09-15 10:37:17.097095 2525651 I Old Subphase: DoTracing 0/0 0/0 0/0 0/0 ns
2026-09-15 10:37:17.097122 2525651 I Old Subphase: ExemptFromRegions 0/0 0/0 0/0 0/0 ns
2026-09-15 10:37:17.097148 2525651 I Old Subphase: ForwardFromRegions 0/0 0/0 0/0 0/0 ns
2026-09-15 10:37:17.097175 2525651 I Old Subphase: PostTrace 0/0 0/0 0/0 0/0 ns
2026-09-15 10:37:17.097201 2525651 I Old Subphase: Preforward 0/0 0/0 0/0 0/0 ns
2026-09-15 10:37:17.097227 2525651 I Old Subphase: RemapYoungRoots 0/0 0/0 0/0 0/0 ns
2026-09-15 10:37:17.097254 2525651 I Old Subphase: concurrent resurrection 0/0 0/0 0/0 0/0 ns
2026-09-15 10:37:17.097280 2525651 I Old Subphase: enum roots & update old pointers within 0/0 0/0 0/0 0/0 ns
2026-09-15 10:37:17.097306 2525651 I Old Subphase: identify useless extern ref 0/0 0/0 0/0 0/0 ns
2026-09-15 10:37:17.097333 2525651 I Old Subphase: trace live objects & update old pointers in ref-fields 0/0 0/0 0/0 0/0 ns
2026-09-15 10:37:17.097359 2525651 I Test: Unobserved 0/0 0/0 0/0 0/0 ns
2026-09-15 10:37:17.097386 2525651 I Young Generation: Reclaimed 0/0 0/0 0/0 0/0 B
2026-09-15 10:37:17.097412 2525651 I Young Generation: Young Generation 0/0 0/0 0/0 0/0 ns
2026-09-15 10:37:17.097439 2525651 I Young Subphase: ForwardFromRegions 0/0 0/0 0/0 0/0 ns
2026-09-15 10:37:17.097465 2525651 I Young Subphase: young.conc_promote_walk 0/0 0/0 0/0 0/0 ns
2026-09-15 10:37:17.097491 2525651 I Young Subphase: young.concurrent_relocate 0/0 0/0 0/0 0/0 ns
2026-09-15 10:37:17.097518 2525651 I Young Subphase: young.evac_finish 0/0 0/0 0/0 0/0 ns
2026-09-15 10:37:17.097544 2525651 I Young Subphase: young.evac_retire 0/0 0/0 0/0 0/0 ns
2026-09-15 10:37:17.097571 2525651 I Young Subphase: young.flush_alloc 0/0 0/0 0/0 0/0 ns
2026-09-15 10:37:17.097597 2525651 I Young Subphase: young.mark_closure 0/0 0/0 0/0 0/0 ns
2026-09-15 10:37:17.097623 2525651 I Young Subphase: young.mark_follow 0/0 0/0 0/0 0/0 ns
2026-09-15 10:37:17.097649 2525651 I Young Subphase: young.mark_from_remset 0/0 0/0 0/0 0/0 ns
2026-09-15 10:37:17.097676 2525651 I Young Subphase: young.pinned_scan 0/0 0/0 0/0 0/0 ns
2026-09-15 10:37:17.097702 2525651 I Young SubGC_UNIT_OTHER_VM_OKIDOKI SegmentedArrayInit.NativeGarbageExtentUsesSegmentedInitializer
[  PASS  ] SegmentedArrayInit.NativeGarbageExtentUsesSegmentedInitializer
[========] 1 tests: 1 passed, 0 failed
[  RUN   ] SegmentedArrayInit.EpochFlipRestartsAndRewritesPublishedBlock
[  RUN   ] SegmentedArrayInit.EpochFlipRestartsAndRewritesPublishedBlock
2026-09-15 10:37:17.090382 2525531 E [FWDTABLE] armed base=0x7cf9fa000000 size=33554432 unit=4096 entries=8192
[SEGMENTED_ITERATOR_ASSERT] safe=0 safe_klass=0 basic=0 basic_klass=0 pass=1
2026-09-15 10:37:17.093442 2525830 E [ZCOLOR2][mark-mask-flip] generation=young count=1 g_cjMarkBadMask=0x9e000000000000 g_cjStoreBadMask=0x19e000000000000
2026-09-15 10:37:17.093728 2525830 E [GCV2][epoch-handshake] source=pre-minor-stack epoch=1 requested=2 acked=2 acked_twice=0 self=0 gc_assisted=2 starting=0 running=2 parked=0 exiting=0 deferred_create=0 born_clean=0 exit_transition=0 destroy_deferred=0 stw_calls=0 stack_scanned=2 stack_fallback=0 stack_frames=0 wlock_us=0 timeout_ms=0 epoch_handshake=required stack_scan=required
2026-09-15 10:37:17.093867 2525787 E [GCV2][stack-scan-fallback] epoch=1 concurrent_done=2 stw_fallback=0 stack_scan=required
2026-09-15 10:37:17.094229 2525830 E [GhostRetention] retained_regions=0 retained_bytes=0
2026-09-15 10:37:17.094528 2525830 E [ZCOLOR2][mark-mask-flip] generation=old count=1 g_cjMarkBadMask=0x6d000000000000
2026-09-15 10:37:17.094601 2525830 E [GCV2][epoch-handshake] source=pre-minor-stack epoch=2 requested=2 acked=2 acked_twice=0 self=0 gc_assisted=2 starting=0 running=2 parked=0 exiting=0 deferred_create=0 born_clean=0 exit_transition=0 destroy_deferred=0 stw_calls=0 stack_scanned=2 stack_fallback=0 stack_frames=0 wlock_us=0 timeout_ms=0 epoch_handshake=required stack_scan=required
2026-09-15 10:37:17.094690 2525783 E [GCV2][stack-scan-fallback] epoch=2 concurrent_done=2 stw_fallback=0 stack_scan=required
2026-09-15 10:37:17.094847 2525830 E [GhostRetention] retained_regions=0 retained_bytes=0
2026-09-15 10:37:17.095130 2525830 E [GCV2][epoch-handshake] source=pre-major-stack epoch=3 requested=2 acked=2 acked_twice=0 self=0 gc_assisted=2 starting=0 running=2 parked=0 exiting=0 deferred_create=0 born_clean=0 exit_transition=0 destroy_deferred=0 stw_calls=0 stack_scanned=2 stack_fallback=0 stack_frames=0 wlock_us=0 timeout_ms=0 epoch_handshake=required stack_scan=required
2026-09-15 10:37:17.095552 2525830 E [GhostRetention] retained_regions=0 retained_bytes=0
[SEGMENTED_ITERATOR_ASSERT] safe=0 safe_klass=0 basic=0 basic_klass=0 pass=1
[SEGMENTED_VISIBLE_ASSERT] fields=16385 full=16385 basic=16385 range=1 partial=6 safe=16385 safe_klass=16385 safe_basic=16385 safe_basic_klass=16385 invalid=0 pass=1
[SEGMENTED_ROOT_ASSERT] required=0x84 actual=0x84 pass=1
[SEGMENTED_ARRAY_CASE] mode=2 status=0 failures=0 dirty=1 dirty_addr=0x7cf9fa000000 array=0x7cf9fa000000 publish=1 yield=4 first=2 withdraw=1 requested_gc=1 context=native iterator_safe=0 iterator_safe_klass=0 young_before=0 young_after=2 old_before=0 old_after=1 moved=0 root_sites=0x84 phase_n=1 watermark_done=1 null=1
2026-09-15 10:37:17.092623 2525836 I FinalizerProcessor thread started
2026-09-15 10:37:17.092675 2525834 D 	total pages mapped: 1, slot_size: 16
2026-09-15 10:37:17.092771 2525531 I Uncommit: Enabled delay=300s
2026-09-15 10:37:17.092811 2525834 D 	total pages mapped: 1, slot_size: 104
2026-09-15 10:37:17.092908 2525531 I Cangjie runtime started.
2026-09-15 10:37:17.093680 2525830 I young prepare stw time 249 us
2026-09-15 10:37:17.093774 2525830 I young collection stw time 14 us
2026-09-15 10:37:17.094304 2525830 I young mark terminate stw time 86 us
2026-09-15 10:37:17.094409 2525830 I young post-relocate stw time 30 us
2026-09-15 10:37:17.094471 2525830 I young retire forwarding stw time 4 us
2026-09-15 10:37:17.094567 2525830 I young prepare stw time 50 us
2026-09-15 10:37:17.094647 2525830 I young collection stw time 16 us
2026-09-15 10:37:17.094883 2525830 I young mark terminate stw time 44 us
2026-09-15 10:37:17.094997 2525830 I young post-relocate stw time 36 us
2026-09-15 10:37:17.095060 2525830 I young retire forwarding stw time 4 us
2026-09-15 10:37:17.095099 2525830 I major stack scan prepare stw time 2 us
2026-09-15 10:37:17.095164 2525830 I major stack scan close stw time 3 us
2026-09-15 10:37:17.095511 2525830 I old mark end stw time 3 us
2026-09-15 10:37:17.095586 2525830 I Preforward light sync time 2 us
2026-09-15 10:37:17.095745 2525830 I GC for force: sync: collected objects: 0->0B, 100.00% utilization (135168->132KiB/135168->132KiB), total GC time: 608431->608us
2026-09-15 10:37:17.099490 2525836 I FinalizerProcessor thread stopped
2026-09-15 10:37:17.099945 2525745 I GC Statistics: Last 10s / Last 10m / Last 10h / Total (average / maximum)
2026-09-15 10:37:17.100061 2525745 I Critical: Finalizer 0/0 0/0 0/0 0/0 ops/s
2026-09-15 10:37:17.100099 2525745 I Critical: Finalizer 0/0 0/0 0/0 0/0 ns
2026-09-15 10:37:17.100127 2525745 I Critical: ReclaimGarbageRegions 0/0 0/0 0/0 0/0 ops/s
2026-09-15 10:37:17.100154 2525745 I Critical: ReclaimGarbageRegions 0/0 0/0 0/0 0/0 ns
2026-09-15 10:37:17.100182 2525745 I Critical: finalizerProcessor waitting time 0/0 0/0 0/0 0/0 ops/s
2026-09-15 10:37:17.100209 2525745 I Critical: finalizerProcessor waitting time 0/0 0/0 0/0 0/0 ns
2026-09-15 10:37:17.100237 2525745 I Major Collection: Major Collection 0/0 0/0 0/0 0/0 ns
2026-09-15 10:37:17.100264 2525745 I Memory: Allocation Rate 0/0 0/0 0/0 0/0 B/s
2026-09-15 10:37:17.100291 2525745 I Minor Collection: Minor Collection 0/0 0/0 0/0 0/0 ns
2026-09-15 10:37:17.100317 2525745 I Old Generation: Old Generation 0/0 0/0 0/0 0/0 ns
2026-09-15 10:37:17.100344 2525745 I Old Generation: Reclaimed 0/0 0/0 0/0 0/0 B
2026-09-15 10:37:17.100371 2525745 I Old Pause: old.relocate_start 0/0 0/0 0/0 0/0 ns
2026-09-15 10:37:17.100398 2525745 I Old Subphase: Collect large garbage 0/0 0/0 0/0 0/0 ns
2026-09-15 10:37:17.100425 2525745 I Old Subphase: CollectFromSpaceGarbage 0/0 0/0 0/0 0/0 ns
2026-09-15 10:37:17.100451 2525745 I Old Subphase: Concurrent marking 0/0 0/0 0/0 0/0 ns
2026-09-15 10:37:17.100478 2525745 I Old Subphase: Concurrent re-marking 0/0 0/0 0/0 0/0 ns
2026-09-15 10:37:17.100505 2525745 I Old Subphase: DoTracing 0/0 0/0 0/0 0/0 ns
2026-09-15 10:37:17.100531 2525745 I Old Subphase: ExemptFromRegions 0/0 0/0 0/0 0/0 ns
2026-09-15 10:37:17.100558 2525745 I Old Subphase: ForwardFromRegions 0/0 0/0 0/0 0/0 ns
2026-09-15 10:37:17.100584 2525745 I Old Subphase: PostTrace 0/0 0/0 0/0 0/0 ns
2026-09-15 10:37:17.100611 2525745 I Old Subphase: Preforward 0/0 0/0 0/0 0/0 ns
2026-09-15 10:37:17.100638 2525745 I Old Subphase: RemapYoungRoots 0/0 0/0 0/0 0/0 ns
2026-09-15 10:37:17.100664 2525745 I Old Subphase: concurrent resurrection 0/0 0/0 0/0 0/0 ns
2026-09-15 10:37:17.100691 2525745 I Old Subphase: enum roots & update old pointers within 0/0 0/0 0/0 0/0 ns
2026-09-15 10:37:17.100717 2525745 I Old Subphase: identify useless extern ref 0/0 0/0 0/0 0/0 ns
2026-09-15 10:37:17.100744 2525745 I Old Subphase: trace live objects & update old pointers in ref-fields 0/0 0/0 0/0 0/0 ns
2026-09-15 10:37:17.100771 2525745 I Test: Unobserved 0GC_UNIT_OTHER_VM_OKIDOKI SegmentedArrayInit.EpochFlipRestartsAndRewritesPublishedBlock
[  PASS  ] SegmentedArrayInit.EpochFlipRestartsAndRewritesPublishedBlock
[========] 1 tests: 1 passed, 0 failed
[  RUN   ] SegmentedArrayInit.EpochFlipRestartsAndRewritesPublishedBlockParallel
[  RUN   ] SegmentedArrayInit.EpochFlipRestartsAndRewritesPublishedBlockParallel
2026-09-15 10:37:17.090448 2525538 E [FWDTABLE] armed base=0x77dbdc000000 size=33554432 unit=4096 entries=8192
[SEGMENTED_ITERATOR_ASSERT] safe=0 safe_klass=0 basic=0 basic_klass=0 pass=1
2026-09-15 10:37:17.093985 2525837 E [ZCOLOR2][mark-mask-flip] generation=young count=1 g_cjMarkBadMask=0x9e000000000000 g_cjStoreBadMask=0x19e000000000000
2026-09-15 10:37:17.094327 2525837 E [GCV2][epoch-handshake] source=pre-minor-stack epoch=1 requested=2 acked=2 acked_twice=0 self=0 gc_assisted=2 starting=0 running=2 parked=0 exiting=0 deferred_create=0 born_clean=0 exit_transition=0 destroy_deferred=0 stw_calls=0 stack_scanned=2 stack_fallback=0 stack_frames=0 wlock_us=0 timeout_ms=0 epoch_handshake=required stack_scan=required
2026-09-15 10:37:17.094476 2525806 E [GCV2][stack-scan-fallback] epoch=1 concurrent_done=2 stw_fallback=0 stack_scan=required
2026-09-15 10:37:17.094810 2525837 E [GhostRetention] retained_regions=0 retained_bytes=0
2026-09-15 10:37:17.095279 2525837 E [ZCOLOR2][mark-mask-flip] generation=old count=1 g_cjMarkBadMask=0x6d000000000000
2026-09-15 10:37:17.095356 2525837 E [GCV2][epoch-handshake] source=pre-minor-stack epoch=2 requested=2 acked=2 acked_twice=0 self=0 gc_assisted=2 starting=0 running=2 parked=0 exiting=0 deferred_create=0 born_clean=0 exit_transition=0 destroy_deferred=0 stw_calls=0 stack_scanned=2 stack_fallback=0 stack_frames=0 wlock_us=0 timeout_ms=0 epoch_handshake=required stack_scan=required
2026-09-15 10:37:17.095461 2525800 E [GCV2][stack-scan-fallback] epoch=2 concurrent_done=2 stw_fallback=0 stack_scan=required
2026-09-15 10:37:17.095666 2525837 E [GhostRetention] retained_regions=0 retained_bytes=0
2026-09-15 10:37:17.096025 2525837 E [GCV2][epoch-handshake] source=pre-major-stack epoch=3 requested=2 acked=2 acked_twice=0 self=0 gc_assisted=2 starting=0 running=2 parked=0 exiting=0 deferred_create=0 born_clean=0 exit_transition=0 destroy_deferred=0 stw_calls=0 stack_scanned=2 stack_fallback=0 stack_frames=0 wlock_us=0 timeout_ms=0 epoch_handshake=required stack_scan=required
2026-09-15 10:37:17.096457 2525837 E [GhostRetention] retained_regions=0 retained_bytes=0
[SEGMENTED_ITERATOR_ASSERT] safe=0 safe_klass=0 basic=0 basic_klass=0 pass=1
[SEGMENTED_VISIBLE_ASSERT] fields=16385 full=16385 basic=16385 range=1 partial=6 safe=16385 safe_klass=16385 safe_basic=16385 safe_basic_klass=16385 invalid=0 pass=1
[SEGMENTED_ROOT_ASSERT] required=0x84 actual=0x84 pass=1
[SEGMENTED_ARRAY_CASE] mode=2 status=0 failures=0 dirty=1 dirty_addr=0x77dbdc000000 array=0x77dbdc000000 publish=1 yield=4 first=2 withdraw=1 requested_gc=1 context=native iterator_safe=0 iterator_safe_klass=0 young_before=0 young_after=2 old_before=0 old_after=1 moved=0 root_sites=0x84 phase_n=1 watermark_done=1 null=1
2026-09-15 10:37:17.093106 2525854 D 	total pages mapped: 1, slot_size: 16
2026-09-15 10:37:17.093104 2525857 I FinalizerProcessor thread started
2026-09-15 10:37:17.093225 2525854 D 	total pages mapped: 1, slot_size: 104
2026-09-15 10:37:17.093329 2525538 I Uncommit: Enabled delay=300s
2026-09-15 10:37:17.093411 2525538 I Cangjie runtime started.
2026-09-15 10:37:17.094272 2525837 I young prepare stw time 299 us
2026-09-15 10:37:17.094379 2525837 I young collection stw time 19 us
2026-09-15 10:37:17.094908 2525837 I young mark terminate stw time 109 us
2026-09-15 10:37:17.095064 2525837 I young post-relocate stw time 61 us
2026-09-15 10:37:17.095203 2525837 I young retire forwarding stw time 5 us
2026-09-15 10:37:17.095321 2525837 I young prepare stw time 55 us
2026-09-15 10:37:17.095405 2525837 I young collection stw time 18 us
2026-09-15 10:37:17.095775 2525837 I young mark terminate stw time 118 us
2026-09-15 10:37:17.095884 2525837 I young post-relocate stw time 29 us
2026-09-15 10:37:17.095955 2525837 I young retire forwarding stw time 5 us
2026-09-15 10:37:17.095992 2525837 I major stack scan prepare stw time 2 us
2026-09-15 10:37:17.096065 2525837 I major stack scan close stw time 4 us
2026-09-15 10:37:17.096411 2525837 I old mark end stw time 4 us
2026-09-15 10:37:17.096492 2525837 I Preforward light sync time 3 us
2026-09-15 10:37:17.096644 2525837 I GC for force: sync: collected objects: 0->0B, 100.00% utilization (135168->132KiB/135168->132KiB), total GC time: 613571->613us
2026-09-15 10:37:17.100367 2525857 I FinalizerProcessor thread stopped
2026-09-15 10:37:17.100778 2525753 I GC Statistics: Last 10s / Last 10m / Last 10h / Total (average / maximum)
2026-09-15 10:37:17.100861 2525753 I Critical: Finalizer 0/0 0/0 0/0 0/0 ops/s
2026-09-15 10:37:17.100895 2525753 I Critical: Finalizer 0/0 0/0 0/0 0/0 ns
2026-09-15 10:37:17.100922 2525753 I Critical: ReclaimGarbageRegions 0/0 0/0 0/0 0/0 ops/s
2026-09-15 10:37:17.100949 2525753 I Critical: ReclaimGarbageRegions 0/0 0/0 0/0 0/0 ns
2026-09-15 10:37:17.100975 2525753 I Critical: finalizerProcessor waitting time 0/0 0/0 0/0 0/0 ops/s
2026-09-15 10:37:17.101001 2525753 I Critical: finalizerProcessor waitting time 0/0 0/0 0/0 0/0 ns
2026-09-15 10:37:17.101027 2525753 I Major Collection: Major Collection 0/0 0/0 0/0 0/0 ns
2026-09-15 10:37:17.101060 2525753 I Memory: Allocation Rate 0/0 0/0 0/0 0/0 B/s
2026-09-15 10:37:17.101086 2525753 I Minor Collection: Minor Collection 0/0 0/0 0/0 0/0 ns
2026-09-15 10:37:17.101112 2525753 I Old Generation: Old Generation 0/0 0/0 0/0 0/0 ns
2026-09-15 10:37:17.101139 2525753 I Old Generation: Reclaimed 0/0 0/0 0/0 0/0 B
2026-09-15 10:37:17.101165 2525753 I Old Pause: old.relocate_start 0/0 0/0 0/0 0/0 ns
2026-09-15 10:37:17.101191 2525753 I Old Subphase: Collect large garbage 0/0 0/0 0/0 0/0 ns
2026-09-15 10:37:17.101217 2525753 I Old Subphase: CollectFromSpaceGarbage 0/0 0/0 0/0 0/0 ns
2026-09-15 10:37:17.101243 2525753 I Old Subphase: Concurrent marking 0/0 0/0 0/0 0/0 ns
2026-09-15 10:37:17.101269 2525753 I Old Subphase: Concurrent re-marking 0/0 0/0 0/0 0/0 ns
2026-09-15 10:37:17.101295 2525753 I Old Subphase: DoTracing 0/0 0/0 0/0 0/0 ns
2026-09-15 10:37:17.101322 2525753 I Old Subphase: ExemptFromRegions 0/0 0/0 0/0 0/0 ns
2026-09-15 10:37:17.101348 2525753 I Old Subphase: ForwardFromRegions 0/0 0/0 0/0 0/0 ns
2026-09-15 10:37:17.101374 2525753 I Old Subphase: PostTrace 0/0 0/0 0/0 0/0 ns
2026-09-15 10:37:17.101401 2525753 I Old Subphase: Preforward 0/0 0/0 0/0 0/0 ns
2026-09-15 10:37:17.101427 2525753 I Old Subphase: RemapYoungRoots 0/0 0/0 0/0 0/0 ns
2026-09-15 10:37:17.101453 2525753 I Old Subphase: concurrent resurrection 0/0 0/0 0/0 0/0 ns
2026-09-15 10:37:17.101479 2525753 I Old Subphase: enum roots & update old pointers within 0/0 0/0 0/0 0/0 ns
2026-09-15 10:37:17.101506 2525753 I Old Subphase: identify useless extern ref 0/0 0/0 0/0 0/0 ns
2026-09-15 10:37:17.101545 2525753 I Old Subphase: trace live objects & update old pointers in ref-fields 0/0 0/0 0/0 0/0 ns
2026-09-15 10:37:17.101582 2525753 I Test: UnobservedGC_UNIT_OTHER_VM_OKIDOKI SegmentedArrayInit.EpochFlipRestartsAndRewritesPublishedBlockParallel
[  PASS  ] SegmentedArrayInit.EpochFlipRestartsAndRewritesPublishedBlockParallel
[========] 1 tests: 1 passed, 0 failed
[  RUN   ] SegmentedArrayInit.YoungGcRepairsIncompleteArrayRoot
[  RUN   ] SegmentedArrayInit.YoungGcRepairsIncompleteArrayRoot
2026-09-15 10:37:17.091682 2525679 E [FWDTABLE] armed base=0x73ff1c000000 size=33554432 unit=4096 entries=8192
[SEGMENTED_ITERATOR_ASSERT] safe=0 safe_klass=0 basic=0 basic_klass=0 pass=1
2026-09-15 10:37:17.095071 2525917 E [ZCOLOR2][mark-mask-flip] generation=young count=1 g_cjMarkBadMask=0x9e000000000000 g_cjStoreBadMask=0x19e000000000000
2026-09-15 10:37:17.095311 2525917 E [GCV2][epoch-handshake] source=pre-minor-stack epoch=1 requested=2 acked=2 acked_twice=0 self=0 gc_assisted=2 starting=0 running=2 parked=0 exiting=0 deferred_create=0 born_clean=0 exit_transition=0 destroy_deferred=0 stw_calls=0 stack_scanned=2 stack_fallback=0 stack_frames=0 wlock_us=0 timeout_ms=0 epoch_handshake=required stack_scan=required
2026-09-15 10:37:17.095452 2525879 E [GCV2][stack-scan-fallback] epoch=1 concurrent_done=2 stw_fallback=0 stack_scan=required
2026-09-15 10:37:17.095775 2525917 E [GhostRetention] retained_regions=0 retained_bytes=0
[SEGMENTED_ITERATOR_ASSERT] safe=0 safe_klass=0 basic=0 basic_klass=0 pass=1
[SEGMENTED_VISIBLE_ASSERT] fields=16385 full=16385 basic=16385 range=1 partial=6 safe=16385 safe_klass=16385 safe_basic=16385 safe_basic_klass=16385 invalid=0 pass=1
[SEGMENTED_ROOT_ASSERT] required=0x84 actual=0x84 pass=1
[SEGMENTED_ARRAY_CASE] mode=1 status=0 failures=0 dirty=1 dirty_addr=0x73ff1c000000 array=0x73ff1c000000 publish=1 yield=4 first=2 withdraw=1 requested_gc=1 context=native iterator_safe=0 iterator_safe_klass=0 young_before=0 young_after=1 old_before=0 old_after=0 moved=0 root_sites=0x84 phase_n=1 watermark_done=1 null=1
2026-09-15 10:37:17.093932 2525928 D 	total pages mapped: 1, slot_size: 16
2026-09-15 10:37:17.093917 2525931 I FinalizerProcessor thread started
2026-09-15 10:37:17.094042 2525928 D 	total pages mapped: 1, slot_size: 104
2026-09-15 10:37:17.094191 2525679 I Uncommit: Enabled delay=300s
2026-09-15 10:37:17.094315 2525679 I Cangjie runtime started.
2026-09-15 10:37:17.095264 2525917 I young prepare stw time 205 us
2026-09-15 10:37:17.095358 2525917 I young collection stw time 16 us
2026-09-15 10:37:17.095897 2525917 I young mark terminate stw time 144 us
2026-09-15 10:37:17.096017 2525917 I young post-relocate stw time 35 us
2026-09-15 10:37:17.096087 2525917 I young retire forwarding stw time 4 us
2026-09-15 10:37:17.099882 2525931 I FinalizerProcessor thread stopped
2026-09-15 10:37:17.100277 2525841 I GC Statistics: Last 10s / Last 10m / Last 10h / Total (average / maximum)
2026-09-15 10:37:17.100375 2525841 I Critical: Finalizer 0/0 0/0 0/0 0/0 ops/s
2026-09-15 10:37:17.100423 2525841 I Critical: Finalizer 0/0 0/0 0/0 0/0 ns
2026-09-15 10:37:17.100452 2525841 I Critical: ReclaimGarbageRegions 0/0 0/0 0/0 0/0 ops/s
2026-09-15 10:37:17.100479 2525841 I Critical: ReclaimGarbageRegions 0/0 0/0 0/0 0/0 ns
2026-09-15 10:37:17.100505 2525841 I Critical: finalizerProcessor waitting time 0/0 0/0 0/0 0/0 ops/s
2026-09-15 10:37:17.100532 2525841 I Critical: finalizerProcessor waitting time 0/0 0/0 0/0 0/0 ns
2026-09-15 10:37:17.100559 2525841 I Major Collection: Major Collection 0/0 0/0 0/0 0/0 ns
2026-09-15 10:37:17.100585 2525841 I Memory: Allocation Rate 0/0 0/0 0/0 0/0 B/s
2026-09-15 10:37:17.100612 2525841 I Minor Collection: Minor Collection 0/0 0/0 0/0 0/0 ns
2026-09-15 10:37:17.100639 2525841 I Old Generation: Old Generation 0/0 0/0 0/0 0/0 ns
2026-09-15 10:37:17.100665 2525841 I Old Generation: Reclaimed 0/0 0/0 0/0 0/0 B
2026-09-15 10:37:17.100692 2525841 I Old Pause: old.relocate_start 0/0 0/0 0/0 0/0 ns
2026-09-15 10:37:17.100718 2525841 I Old Subphase: Collect large garbage 0/0 0/0 0/0 0/0 ns
2026-09-15 10:37:17.100744 2525841 I Old Subphase: CollectFromSpaceGarbage 0/0 0/0 0/0 0/0 ns
2026-09-15 10:37:17.100771 2525841 I Old Subphase: Concurrent marking 0/0 0/0 0/0 0/0 ns
2026-09-15 10:37:17.100797 2525841 I Old Subphase: Concurrent re-marking 0/0 0/0 0/0 0/0 ns
2026-09-15 10:37:17.100824 2525841 I Old Subphase: DoTracing 0/0 0/0 0/0 0/0 ns
2026-09-15 10:37:17.100850 2525841 I Old Subphase: ExemptFromRegions 0/0 0/0 0/0 0/0 ns
2026-09-15 10:37:17.100877 2525841 I Old Subphase: ForwardFromRegions 0/0 0/0 0/0 0/0 ns
2026-09-15 10:37:17.100903 2525841 I Old Subphase: PostTrace 0/0 0/0 0/0 0/0 ns
2026-09-15 10:37:17.100929 2525841 I Old Subphase: Preforward 0/0 0/0 0/0 0/0 ns
2026-09-15 10:37:17.100956 2525841 I Old Subphase: RemapYoungRoots 0/0 0/0 0/0 0/0 ns
2026-09-15 10:37:17.100982 2525841 I Old Subphase: concurrent resurrection 0/0 0/0 0/0 0/0 ns
2026-09-15 10:37:17.101009 2525841 I Old Subphase: enum roots & update old pointers within 0/0 0/0 0/0 0/0 ns
2026-09-15 10:37:17.101100 2525841 I Old Subphase: identify useless extern ref 0/0 0/0 0/0 0/0 ns
2026-09-15 10:37:17.101127 2525841 I Old Subphase: trace live objects & update old pointers in ref-fields 0/0 0/0 0/0 0/0 ns
2026-09-15 10:37:17.101154 2525841 I Test: Unobserved 0/0 0/0 0/0 0/0 ns
2026-09-15 10:37:17.101181 2525841 I Young Generation: Reclaimed 0/0 0/0 0/0 0/0 B
2026-09-15 10:37:17.101207 2525841 I Young Generation: Young Generation 0/0 0/0 0/0 0/0 ns
2026-09-15 10:37:17.101234 2525841 I Young Subphase: ForwardFromRegions 0/0 0/0 0/0 0/0 ns
2026-09-15 10:37:17.101260 2525841 I Young Subphase: young.conc_promote_walk 0/0 0/0 0/0 0/0 ns
2026-09-15 10:37:17.101286 2525841 I Young Subphase: young.concurrent_relocate 0/0 0/0 0/0 0/0 ns
2026-09-15 10:37:17.101313 2525841 I Young Subphase: young.evac_finish 0/0 0/0 0/0 0/0 ns
2026-09-15 10:37:17.101339 2525841 I Young Subphase: young.evac_retire 0/0 0/0 0/0 0/0 ns
2026-09-15 10:37:17.101366 2525841 I Young Subphase: young.flush_alloc 0/0 0/0 0/0 0/0 ns
2026-09-15 10:37:17.101393 2525841 I Young Subphase: yoGC_UNIT_OTHER_VM_OKIDOKI SegmentedArrayInit.YoungGcRepairsIncompleteArrayRoot
[  PASS  ] SegmentedArrayInit.YoungGcRepairsIncompleteArrayRoot
[========] 1 tests: 1 passed, 0 failed
[  RUN   ] SegmentedArrayInit.YoungGcRepairsIncompleteArrayRootParallel
[  RUN   ] SegmentedArrayInit.YoungGcRepairsIncompleteArrayRootParallel
2026-09-15 10:37:17.091803 2525686 E [FWDTABLE] armed base=0x7397ac000000 size=33554432 unit=4096 entries=8192
[SEGMENTED_ITERATOR_ASSERT] safe=0 safe_klass=0 basic=0 basic_klass=0 pass=1
2026-09-15 10:37:17.095309 2525942 E [ZCOLOR2][mark-mask-flip] generation=young count=1 g_cjMarkBadMask=0x9e000000000000 g_cjStoreBadMask=0x19e000000000000
2026-09-15 10:37:17.095600 2525942 E [GCV2][epoch-handshake] source=pre-minor-stack epoch=1 requested=2 acked=2 acked_twice=0 self=0 gc_assisted=2 starting=0 running=2 parked=0 exiting=0 deferred_create=0 born_clean=0 exit_transition=0 destroy_deferred=0 stw_calls=0 stack_scanned=2 stack_fallback=0 stack_frames=0 wlock_us=0 timeout_ms=0 epoch_handshake=required stack_scan=required
2026-09-15 10:37:17.095749 2525901 E [GCV2][stack-scan-fallback] epoch=1 concurrent_done=2 stw_fallback=0 stack_scan=required
2026-09-15 10:37:17.096122 2525942 E [GhostRetention] retained_regions=0 retained_bytes=0
[SEGMENTED_ITERATOR_ASSERT] safe=0 safe_klass=0 basic=0 basic_klass=0 pass=1
[SEGMENTED_VISIBLE_ASSERT] fields=16385 full=16385 basic=16385 range=1 partial=6 safe=16385 safe_klass=16385 safe_basic=16385 safe_basic_klass=16385 invalid=0 pass=1
[SEGMENTED_ROOT_ASSERT] required=0x84 actual=0x84 pass=1
[SEGMENTED_ARRAY_CASE] mode=1 status=0 failures=0 dirty=1 dirty_addr=0x7397ac000000 array=0x7397ac000000 publish=1 yield=4 first=2 withdraw=1 requested_gc=1 context=native iterator_safe=0 iterator_safe_klass=0 young_before=0 young_after=1 old_before=0 old_after=0 moved=0 root_sites=0x84 phase_n=1 watermark_done=1 null=1
2026-09-15 10:37:17.094243 2525950 D 	total pages mapped: 1, slot_size: 16
2026-09-15 10:37:17.094227 2525953 I FinalizerProcessor thread started
2026-09-15 10:37:17.094361 2525950 D 	total pages mapped: 1, slot_size: 104
2026-09-15 10:37:17.094509 2525686 I Uncommit: Enabled delay=300s
2026-09-15 10:37:17.094624 2525686 I Cangjie runtime started.
2026-09-15 10:37:17.095545 2525942 I young prepare stw time 252 us
2026-09-15 10:37:17.095648 2525942 I young collection stw time 16 us
2026-09-15 10:37:17.096287 2525942 I young mark terminate stw time 192 us
2026-09-15 10:37:17.096455 2525942 I young post-relocate stw time 42 us
2026-09-15 10:37:17.096526 2525942 I young retire forwarding stw time 5 us
2026-09-15 10:37:17.100303 2525953 I FinalizerProcessor thread stopped
2026-09-15 10:37:17.101091 2525851 I GC Statistics: Last 10s / Last 10m / Last 10h / Total (average / maximum)
2026-09-15 10:37:17.101161 2525851 I Critical: Finalizer 0/0 0/0 0/0 0/0 ops/s
2026-09-15 10:37:17.101194 2525851 I Critical: Finalizer 0/0 0/0 0/0 0/0 ns
2026-09-15 10:37:17.101221 2525851 I Critical: ReclaimGarbageRegions 0/0 0/0 0/0 0/0 ops/s
2026-09-15 10:37:17.101248 2525851 I Critical: ReclaimGarbageRegions 0/0 0/0 0/0 0/0 ns
2026-09-15 10:37:17.101274 2525851 I Critical: finalizerProcessor waitting time 0/0 0/0 0/0 0/0 ops/s
2026-09-15 10:37:17.101300 2525851 I Critical: finalizerProcessor waitting time 0/0 0/0 0/0 0/0 ns
2026-09-15 10:37:17.101327 2525851 I Major Collection: Major Collection 0/0 0/0 0/0 0/0 ns
2026-09-15 10:37:17.101353 2525851 I Memory: Allocation Rate 0/0 0/0 0/0 0/0 B/s
2026-09-15 10:37:17.101380 2525851 I Minor Collection: Minor Collection 0/0 0/0 0/0 0/0 ns
2026-09-15 10:37:17.101406 2525851 I Old Generation: Old Generation 0/0 0/0 0/0 0/0 ns
2026-09-15 10:37:17.101433 2525851 I Old Generation: Reclaimed 0/0 0/0 0/0 0/0 B
2026-09-15 10:37:17.101459 2525851 I Old Pause: old.relocate_start 0/0 0/0 0/0 0/0 ns
2026-09-15 10:37:17.101485 2525851 I Old Subphase: Collect large garbage 0/0 0/0 0/0 0/0 ns
2026-09-15 10:37:17.101512 2525851 I Old Subphase: CollectFromSpaceGarbage 0/0 0/0 0/0 0/0 ns
2026-09-15 10:37:17.101538 2525851 I Old Subphase: Concurrent marking 0/0 0/0 0/0 0/0 ns
2026-09-15 10:37:17.101565 2525851 I Old Subphase: Concurrent re-marking 0/0 0/0 0/0 0/0 ns
2026-09-15 10:37:17.101591 2525851 I Old Subphase: DoTracing 0/0 0/0 0/0 0/0 ns
2026-09-15 10:37:17.101617 2525851 I Old Subphase: ExemptFromRegions 0/0 0/0 0/0 0/0 ns
2026-09-15 10:37:17.101643 2525851 I Old Subphase: ForwardFromRegions 0/0 0/0 0/0 0/0 ns
2026-09-15 10:37:17.101669 2525851 I Old Subphase: PostTrace 0/0 0/0 0/0 0/0 ns
2026-09-15 10:37:17.101696 2525851 I Old Subphase: Preforward 0/0 0/0 0/0 0/0 ns
2026-09-15 10:37:17.101722 2525851 I Old Subphase: RemapYoungRoots 0/0 0/0 0/0 0/0 ns
2026-09-15 10:37:17.101748 2525851 I Old Subphase: concurrent resurrection 0/0 0/0 0/0 0/0 ns
2026-09-15 10:37:17.101774 2525851 I Old Subphase: enum roots & update old pointers within 0/0 0/0 0/0 0/0 ns
2026-09-15 10:37:17.101801 2525851 I Old Subphase: identify useless extern ref 0/0 0/0 0/0 0/0 ns
2026-09-15 10:37:17.101827 2525851 I Old Subphase: trace live objects & update old pointers in ref-fields 0/0 0/0 0/0 0/0 ns
2026-09-15 10:37:17.101853 2525851 I Test: Unobserved 0/0 0/0 0/0 0/0 ns
2026-09-15 10:37:17.101880 2525851 I Young Generation: Reclaimed 0/0 0/0 0/0 0/0 B
2026-09-15 10:37:17.101906 2525851 I Young Generation: Young Generation 0/0 0/0 0/0 0/0 ns
2026-09-15 10:37:17.101932 2525851 I Young Subphase: ForwardFromRegions 0/0 0/0 0/0 0/0 ns
2026-09-15 10:37:17.101959 2525851 I Young Subphase: young.conc_promote_walk 0/0 0/0 0/0 0/0 ns
2026-09-15 10:37:17.101985 2525851 I Young Subphase: young.concurrent_relocate 0/0 0/0 0/0 0/0 ns
2026-09-15 10:37:17.102011 2525851 I Young Subphase: young.evac_finish 0/0 0/0 0/0 0/0 ns
2026-09-15 10:37:17.102045 2525851 I Young Subphase: young.evac_retire 0/0 0/0 0/0 0/0 ns
2026-09-15 10:37:17.102071 2525851 I Young Subphase: young.flush_alloc 0/0 0/0 0/0 0/0 ns
2026-09-15 10:37:17.102098 2525851 I Young Subphase: yoGC_UNIT_OTHER_VM_OKIDOKI SegmentedArrayInit.YoungGcRepairsIncompleteArrayRootParallel
[  PASS  ] SegmentedArrayInit.YoungGcRepairsIncompleteArrayRootParallel
[========] 1 tests: 1 passed, 0 failed
[  RUN   ] SegmentedArrayInit.YoungGcWatermarkResidualFallbackIsUnreachable
[  RUN   ] SegmentedArrayInit.YoungGcWatermarkResidualFallbackIsUnreachable
2026-09-15 10:37:17.092519 2525743 E [FWDTABLE] armed base=0x712a6a000000 size=33554432 unit=4096 entries=8192
[SEGMENTED_ITERATOR_ASSERT] safe=0 safe_klass=0 basic=0 basic_klass=0 pass=1
2026-09-15 10:37:17.096133 2526002 E [ZCOLOR2][mark-mask-flip] generation=young count=1 g_cjMarkBadMask=0x9e000000000000 g_cjStoreBadMask=0x19e000000000000
2026-09-15 10:37:17.096432 2526002 E [GCV2][epoch-handshake] source=pre-minor-stack epoch=1 requested=2 acked=2 acked_twice=0 self=0 gc_assisted=2 starting=0 running=2 parked=0 exiting=0 deferred_create=0 born_clean=0 exit_transition=0 destroy_deferred=0 stw_calls=0 stack_scanned=2 stack_fallback=0 stack_frames=0 wlock_us=0 timeout_ms=0 epoch_handshake=required stack_scan=required
2026-09-15 10:37:17.096588 2525959 E [GCV2][stack-scan-fallback] epoch=1 concurrent_done=2 stw_fallback=0 stack_scan=required
2026-09-15 10:37:17.096949 2526002 E [GhostRetention] retained_regions=0 retained_bytes=0
[SEGMENTED_ITERATOR_ASSERT] safe=0 safe_klass=0 basic=0 basic_klass=0 pass=1
[SEGMENTED_VISIBLE_ASSERT] fields=16385 full=16385 basic=16385 range=1 partial=6 safe=16385 safe_klass=16385 safe_basic=16385 safe_basic_klass=16385 invalid=0 pass=1
[SEGMENTED_ROOT_ASSERT] required=0x84 actual=0x84 pass=1
[SEGMENTED_ARRAY_CASE] mode=1 status=0 failures=0 dirty=1 dirty_addr=0x712a6a000000 array=0x712a6a000000 publish=1 yield=4 first=2 withdraw=1 requested_gc=1 context=native-watermark iterator_safe=0 iterator_safe_klass=0 young_before=0 young_after=1 old_before=0 old_after=0 moved=0 root_sites=0x84 phase_n=1 watermark_done=1 null=1
2026-09-15 10:37:17.094911 2526014 D 	total pages mapped: 1, slot_size: 16
2026-09-15 10:37:17.095017 2526014 D 	total pages mapped: 1, slot_size: 104
2026-09-15 10:37:17.094920 2526019 I FinalizerProcessor thread started
2026-09-15 10:37:17.095212 2525743 I Uncommit: Enabled delay=300s
2026-09-15 10:37:17.095322 2525743 I Cangjie runtime started.
2026-09-15 10:37:17.096379 2526002 I young prepare stw time 256 us
2026-09-15 10:37:17.096480 2526002 I young collection stw time 16 us
2026-09-15 10:37:17.097115 2526002 I young mark terminate stw time 188 us
2026-09-15 10:37:17.097327 2526002 I young post-relocate stw time 36 us
2026-09-15 10:37:17.097397 2526002 I young retire forwarding stw time 4 us
2026-09-15 10:37:17.101142 2526019 I FinalizerProcessor thread stopped
2026-09-15 10:37:17.101620 2525902 I GC Statistics: Last 10s / Last 10m / Last 10h / Total (average / maximum)
2026-09-15 10:37:17.101723 2525902 I Critical: Finalizer 0/0 0/0 0/0 0/0 ops/s
2026-09-15 10:37:17.101770 2525902 I Critical: Finalizer 0/0 0/0 0/0 0/0 ns
2026-09-15 10:37:17.101809 2525902 I Critical: ReclaimGarbageRegions 0/0 0/0 0/0 0/0 ops/s
2026-09-15 10:37:17.101847 2525902 I Critical: ReclaimGarbageRegions 0/0 0/0 0/0 0/0 ns
2026-09-15 10:37:17.101885 2525902 I Critical: finalizerProcessor waitting time 0/0 0/0 0/0 0/0 ops/s
2026-09-15 10:37:17.101924 2525902 I Critical: finalizerProcessor waitting time 0/0 0/0 0/0 0/0 ns
2026-09-15 10:37:17.101962 2525902 I Major Collection: Major Collection 0/0 0/0 0/0 0/0 ns
2026-09-15 10:37:17.102000 2525902 I Memory: Allocation Rate 0/0 0/0 0/0 0/0 B/s
2026-09-15 10:37:17.102043 2525902 I Minor Collection: Minor Collection 0/0 0/0 0/0 0/0 ns
2026-09-15 10:37:17.102083 2525902 I Old Generation: Old Generation 0/0 0/0 0/0 0/0 ns
2026-09-15 10:37:17.102121 2525902 I Old Generation: Reclaimed 0/0 0/0 0/0 0/0 B
2026-09-15 10:37:17.102160 2525902 I Old Pause: old.relocate_start 0/0 0/0 0/0 0/0 ns
2026-09-15 10:37:17.102198 2525902 I Old Subphase: Collect large garbage 0/0 0/0 0/0 0/0 ns
2026-09-15 10:37:17.102237 2525902 I Old Subphase: CollectFromSpaceGarbage 0/0 0/0 0/0 0/0 ns
2026-09-15 10:37:17.102275 2525902 I Old Subphase: Concurrent marking 0/0 0/0 0/0 0/0 ns
2026-09-15 10:37:17.102313 2525902 I Old Subphase: Concurrent re-marking 0/0 0/0 0/0 0/0 ns
2026-09-15 10:37:17.102351 2525902 I Old Subphase: DoTracing 0/0 0/0 0/0 0/0 ns
2026-09-15 10:37:17.102391 2525902 I Old Subphase: ExemptFromRegions 0/0 0/0 0/0 0/0 ns
2026-09-15 10:37:17.102429 2525902 I Old Subphase: ForwardFromRegions 0/0 0/0 0/0 0/0 ns
2026-09-15 10:37:17.102467 2525902 I Old Subphase: PostTrace 0/0 0/0 0/0 0/0 ns
2026-09-15 10:37:17.102505 2525902 I Old Subphase: Preforward 0/0 0/0 0/0 0/0 ns
2026-09-15 10:37:17.102543 2525902 I Old Subphase: RemapYoungRoots 0/0 0/0 0/0 0/0 ns
2026-09-15 10:37:17.102580 2525902 I Old Subphase: concurrent resurrection 0/0 0/0 0/0 0/0 ns
2026-09-15 10:37:17.102618 2525902 I Old Subphase: enum roots & update old pointers within 0/0 0/0 0/0 0/0 ns
2026-09-15 10:37:17.102656 2525902 I Old Subphase: identify useless extern ref 0/0 0/0 0/0 0/0 ns
2026-09-15 10:37:17.102694 2525902 I Old Subphase: trace live objects & update old pointers in ref-fields 0/0 0/0 0/0 0/0 ns
2026-09-15 10:37:17.102732 2525902 I Test: Unobserved 0/0 0/0 0/0 0/0 ns
2026-09-15 10:37:17.102773 2525902 I Young Generation: Reclaimed 0/0 0/0 0/0 0/0 B
2026-09-15 10:37:17.102805 2525902 I Young Generation: Young Generation 0/0 0/0 0/0 0/0 ns
2026-09-15 10:37:17.102832 2525902 I Young Subphase: ForwardFromRegions 0/0 0/0 0/0 0/0 ns
2026-09-15 10:37:17.102858 2525902 I Young Subphase: young.conc_promote_walk 0/0 0/0 0/0 0/0 ns
2026-09-15 10:37:17.102884 2525902 I Young Subphase: young.concurrent_relocate 0/0 0/0 0/0 0/0 ns
2026-09-15 10:37:17.102910 2525902 I Young Subphase: young.evac_finish 0/0 0/0 0/0 0/0 ns
2026-09-15 10:37:17.102936 2525902 I Young Subphase: young.evac_retire 0/0 0/0 0/0 0/0 ns
2026-09-15 10:37:17.102962 2525902 I Young Subphase: young.flush_alloc 0/0 0/0 0/0 0/0 ns
2026-09-15 10:37:17.102988 2525902 I Young Subphase: yoGC_UNIT_OTHER_VM_OKIDOKI SegmentedArrayInit.YoungGcWatermarkResidualFallbackIsUnreachable
[  PASS  ] SegmentedArrayInit.YoungGcWatermarkResidualFallbackIsUnreachable
[========] 1 tests: 1 passed, 0 failed
[  RUN   ] SegmentedArrayInit.SmallReferenceArrayKeepsFastPath
[  RUN   ] SegmentedArrayInit.SmallReferenceArrayKeepsFastPath
2026-09-15 10:37:17.093049 2525773 E [FWDTABLE] armed base=0x76a8dc000000 size=33554432 unit=4096 entries=8192
2026-09-15 10:37:17.095744 2526089 D 	total pages mapped: 1, slot_size: 16
2026-09-15 10:37:17.095740 2526092 I FinalizerProcessor thread started
2026-09-15 10:37:17.095879 2526089 D 	total pages mapped: 1, slot_size: 104
2026-09-15 10:37:17.095972 2525773 I Uncommit: Enabled delay=300s
2026-09-15 10:37:17.096084 2525773 I Cangjie runtime started.
2026-09-15 10:37:17.096346 2526092 I FinalizerProcessor thread stopped
2026-09-15 10:37:17.096800 2525961 I GC Statistics: Last 10s / Last 10m / Last 10h / Total (average / maximum)
2026-09-15 10:37:17.096867 2525961 I Critical: Finalizer 0/0 0/0 0/0 0/0 ops/s
2026-09-15 10:37:17.096902 2525961 I Critical: Finalizer 0/0 0/0 0/0 0/0 ns
2026-09-15 10:37:17.096930 2525961 I Critical: ReclaimGarbageRegions 0/0 0/0 0/0 0/0 ops/s
2026-09-15 10:37:17.096956 2525961 I Critical: ReclaimGarbageRegions 0/0 0/0 0/0 0/0 ns
2026-09-15 10:37:17.096983 2525961 I Critical: finalizerProcessor waitting time 0/0 0/0 0/0 0/0 ops/s
2026-09-15 10:37:17.097009 2525961 I Critical: finalizerProcessor waitting time 0/0 0/0 0/0 0/0 ns
2026-09-15 10:37:17.097041 2525961 I Major Collection: Major Collection 0/0 0/0 0/0 0/0 ns
2026-09-15 10:37:17.097067 2525961 I Memory: Allocation Rate 0/0 0/0 0/0 0/0 B/s
2026-09-15 10:37:17.097094 2525961 I Minor Collection: Minor Collection 0/0 0/0 0/0 0/0 ns
2026-09-15 10:37:17.097120 2525961 I Old Generation: Old Generation 0/0 0/0 0/0 0/0 ns
2026-09-15 10:37:17.097146 2525961 I Old Generation: Reclaimed 0/0 0/0 0/0 0/0 B
2026-09-15 10:37:17.097173 2525961 I Old Pause: old.relocate_start 0/0 0/0 0/0 0/0 ns
2026-09-15 10:37:17.097199 2525961 I Old Subphase: Collect large garbage 0/0 0/0 0/0 0/0 ns
2026-09-15 10:37:17.097225 2525961 I Old Subphase: CollectFromSpaceGarbage 0/0 0/0 0/0 0/0 ns
2026-09-15 10:37:17.097252 2525961 I Old Subphase: Concurrent marking 0/0 0/0 0/0 0/0 ns
2026-09-15 10:37:17.097278 2525961 I Old Subphase: Concurrent re-marking 0/0 0/0 0/0 0/0 ns
2026-09-15 10:37:17.097305 2525961 I Old Subphase: DoTracing 0/0 0/0 0/0 0/0 ns
2026-09-15 10:37:17.097331 2525961 I Old Subphase: ExemptFromRegions 0/0 0/0 0/0 0/0 ns
2026-09-15 10:37:17.097358 2525961 I Old Subphase: ForwardFromRegions 0/0 0/0 0/0 0/0 ns
2026-09-15 10:37:17.097384 2525961 I Old Subphase: PostTrace 0/0 0/0 0/0 0/0 ns
2026-09-15 10:37:17.097410 2525961 I Old Subphase: Preforward 0/0 0/0 0/0 0/0 ns
2026-09-15 10:37:17.097436 2525961 I Old Subphase: RemapYoungRoots 0/0 0/0 0/0 0/0 ns
2026-09-15 10:37:17.097463 2525961 I Old Subphase: concurrent resurrection 0/0 0/0 0/0 0/0 ns
2026-09-15 10:37:17.097489 2525961 I Old Subphase: enum roots & update old pointers within 0/0 0/0 0/0 0/0 ns
2026-09-15 10:37:17.097515 2525961 I Old Subphase: identify useless extern ref 0/0 0/0 0/0 0/0 ns
2026-09-15 10:37:17.097542 2525961 I Old Subphase: trace live objects & update old pointers in ref-fields 0/0 0/0 0/0 0/0 ns
2026-09-15 10:37:17.097568 2525961 I Test: Unobserved 0/0 0/0 0/0 0/0 ns
2026-09-15 10:37:17.097594 2525961 I Young Generation: Reclaimed 0/0 0/0 0/0 0/0 B
2026-09-15 10:37:17.097621 2525961 I Young Generation: Young Generation 0/0 0/0 0/0 0/0 ns
2026-09-15 10:37:17.097647 2525961 I Young Subphase: ForwardFromRegions 0/0 0/0 0/0 0/0 ns
2026-09-15 10:37:17.097673 2525961 I Young Subphase: young.conc_promote_walk 0/0 0/0 0/0 0/0 ns
2026-09-15 10:37:17.097699 2525961 I Young Subphase: young.concurrent_relocate 0/0 0/0 0/0 0/0 ns
2026-09-15 10:37:17.097725 2525961 I Young Subphase: young.evac_finish 0/0 0/0 0/0 0/0 ns
2026-09-15 10:37:17.097751 2525961 I Young Subphase: young.evac_retire 0/0 0/0 0/0 0/0 ns
2026-09-15 10:37:17.097778 2525961 I Young Subphase: young.flush_alloc 0/0 0/0 0/0 0/0 ns
2026-09-15 10:37:17.097804 2525961 I Young Subphase: young.mark_closure 0/0 0/0 0/0 0/0 ns
2026-09-15 10:37:17.097830 2525961 I Young Subphase: young.mark_follow 0/0 0/0 0/0 0/0 ns
2026-09-15 10:37:17.097856 2525961 I Young Subphase: young.mark_from_remset 0/0 0/0 0/0 0/0 ns
2026-09-15 10:37:17.097882 2525961 I Young Subphase: young.pinned_scan 0/0 0/0 0/0 0/0 ns
2026-09-15 10:37:17.097909 2525961 I Young SubGC_UNIT_OTHER_VM_OKIDOKI SegmentedArrayInit.SmallReferenceArrayKeepsFastPath
[  PASS  ] SegmentedArrayInit.SmallReferenceArrayKeepsFastPath
[========] 1 tests: 1 passed, 0 failed
[  RUN   ] SegmentedArrayInit.NativeSmallReferenceArrayKeepsFastPath
[  RUN   ] SegmentedArrayInit.NativeSmallReferenceArrayKeepsFastPath
2026-09-15 10:37:17.092993 2525784 E [FWDTABLE] armed base=0x741706000000 size=33554432 unit=4096 entries=8192
2026-09-15 10:37:17.095534 2526071 D 	total pages mapped: 1, slot_size: 16
2026-09-15 10:37:17.095517 2526074 I FinalizerProcessor thread started
2026-09-15 10:37:17.095665 2526071 D 	total pages mapped: 1, slot_size: 104
2026-09-15 10:37:17.095835 2525784 I Uncommit: Enabled delay=300s
2026-09-15 10:37:17.095930 2525784 I Cangjie runtime started.
2026-09-15 10:37:17.096221 2526074 I FinalizerProcessor thread stopped
2026-09-15 10:37:17.096686 2525952 I GC Statistics: Last 10s / Last 10m / Last 10h / Total (average / maximum)
2026-09-15 10:37:17.096790 2525952 I Critical: Finalizer 0/0 0/0 0/0 0/0 ops/s
2026-09-15 10:37:17.096828 2525952 I Critical: Finalizer 0/0 0/0 0/0 0/0 ns
2026-09-15 10:37:17.096856 2525952 I Critical: ReclaimGarbageRegions 0/0 0/0 0/0 0/0 ops/s
2026-09-15 10:37:17.096883 2525952 I Critical: ReclaimGarbageRegions 0/0 0/0 0/0 0/0 ns
2026-09-15 10:37:17.096910 2525952 I Critical: finalizerProcessor waitting time 0/0 0/0 0/0 0/0 ops/s
2026-09-15 10:37:17.096937 2525952 I Critical: finalizerProcessor waitting time 0/0 0/0 0/0 0/0 ns
2026-09-15 10:37:17.096963 2525952 I Major Collection: Major Collection 0/0 0/0 0/0 0/0 ns
2026-09-15 10:37:17.096990 2525952 I Memory: Allocation Rate 0/0 0/0 0/0 0/0 B/s
2026-09-15 10:37:17.097020 2525952 I Minor Collection: Minor Collection 0/0 0/0 0/0 0/0 ns
2026-09-15 10:37:17.097051 2525952 I Old Generation: Old Generation 0/0 0/0 0/0 0/0 ns
2026-09-15 10:37:17.097078 2525952 I Old Generation: Reclaimed 0/0 0/0 0/0 0/0 B
2026-09-15 10:37:17.097105 2525952 I Old Pause: old.relocate_start 0/0 0/0 0/0 0/0 ns
2026-09-15 10:37:17.097132 2525952 I Old Subphase: Collect large garbage 0/0 0/0 0/0 0/0 ns
2026-09-15 10:37:17.097158 2525952 I Old Subphase: CollectFromSpaceGarbage 0/0 0/0 0/0 0/0 ns
2026-09-15 10:37:17.097184 2525952 I Old Subphase: Concurrent marking 0/0 0/0 0/0 0/0 ns
2026-09-15 10:37:17.097211 2525952 I Old Subphase: Concurrent re-marking 0/0 0/0 0/0 0/0 ns
2026-09-15 10:37:17.097237 2525952 I Old Subphase: DoTracing 0/0 0/0 0/0 0/0 ns
2026-09-15 10:37:17.097264 2525952 I Old Subphase: ExemptFromRegions 0/0 0/0 0/0 0/0 ns
2026-09-15 10:37:17.097290 2525952 I Old Subphase: ForwardFromRegions 0/0 0/0 0/0 0/0 ns
2026-09-15 10:37:17.097317 2525952 I Old Subphase: PostTrace 0/0 0/0 0/0 0/0 ns
2026-09-15 10:37:17.097343 2525952 I Old Subphase: Preforward 0/0 0/0 0/0 0/0 ns
2026-09-15 10:37:17.097370 2525952 I Old Subphase: RemapYoungRoots 0/0 0/0 0/0 0/0 ns
2026-09-15 10:37:17.097396 2525952 I Old Subphase: concurrent resurrection 0/0 0/0 0/0 0/0 ns
2026-09-15 10:37:17.097422 2525952 I Old Subphase: enum roots & update old pointers within 0/0 0/0 0/0 0/0 ns
2026-09-15 10:37:17.097449 2525952 I Old Subphase: identify useless extern ref 0/0 0/0 0/0 0/0 ns
2026-09-15 10:37:17.097476 2525952 I Old Subphase: trace live objects & update old pointers in ref-fields 0/0 0/0 0/0 0/0 ns
2026-09-15 10:37:17.097502 2525952 I Test: Unobserved 0/0 0/0 0/0 0/0 ns
2026-09-15 10:37:17.097529 2525952 I Young Generation: Reclaimed 0/0 0/0 0/0 0/0 B
2026-09-15 10:37:17.097556 2525952 I Young Generation: Young Generation 0/0 0/0 0/0 0/0 ns
2026-09-15 10:37:17.097582 2525952 I Young Subphase: ForwardFromRegions 0/0 0/0 0/0 0/0 ns
2026-09-15 10:37:17.097609 2525952 I Young Subphase: young.conc_promote_walk 0/0 0/0 0/0 0/0 ns
2026-09-15 10:37:17.097635 2525952 I Young Subphase: young.concurrent_relocate 0/0 0/0 0/0 0/0 ns
2026-09-15 10:37:17.097662 2525952 I Young Subphase: young.evac_finish 0/0 0/0 0/0 0/0 ns
2026-09-15 10:37:17.097688 2525952 I Young Subphase: young.evac_retire 0/0 0/0 0/0 0/0 ns
2026-09-15 10:37:17.097714 2525952 I Young Subphase: young.flush_alloc 0/0 0/0 0/0 0/0 ns
2026-09-15 10:37:17.097741 2525952 I Young Subphase: young.mark_closure 0/0 0/0 0/0 0/0 ns
2026-09-15 10:37:17.097768 2525952 I Young Subphase: young.mark_follow 0/0 0/0 0/0 0/0 ns
2026-09-15 10:37:17.097794 2525952 I Young Subphase: young.mark_from_remset 0/0 0/0 0/0 0/0 ns
2026-09-15 10:37:17.097821 2525952 I Young Subphase: young.pinned_scan 0/0 0/0 0/0 0/0 ns
2026-09-15 10:37:17.097847 2525952 I Young SubGC_UNIT_OTHER_VM_OKIDOKI SegmentedArrayInit.NativeSmallReferenceArrayKeepsFastPath
[  PASS  ] SegmentedArrayInit.NativeSmallReferenceArrayKeepsFastPath
[========] 1 tests: 1 passed, 0 failed
[  RUN   ] SegmentedArrayInit.LargePrimitiveArrayUsesSegmentedClearing
[  RUN   ] SegmentedArrayInit.LargePrimitiveArrayUsesSegmentedClearing
2026-09-15 10:37:17.093577 2525804 E [FWDTABLE] armed base=0x789618000000 size=33554432 unit=4096 entries=8192
[SEGMENTED_ITERATOR_ASSERT] safe=0 safe_klass=0 basic=0 basic_klass=0 pass=1
2026-09-15 10:37:17.096027 2526110 D 	total pages mapped: 1, slot_size: 16
2026-09-15 10:37:17.096008 2526114 I FinalizerProcessor thread started
2026-09-15 10:37:17.096167 2526110 D 	total pages mapped: 1, slot_size: 104
2026-09-15 10:37:17.096269 2525804 I Uncommit: Enabled delay=300s
2026-09-15 10:37:17.096394 2525804 I Cangjie runtime started.
2026-09-15 10:37:17.096953 2526114 I FinalizerProcessor thread stopped
2026-09-15 10:37:17.097373 2526000 I GC Statistics: Last 10s / Last 10m / Last 10h / Total (average / maximum)
2026-09-15 10:37:17.097442 2526000 I Critical: Finalizer 0/0 0/0 0/0 0/0 ops/s
2026-09-15 10:37:17.097500 2526000 I Critical: Finalizer 0/0 0/0 0/0 0/0 ns
2026-09-15 10:37:17.097532 2526000 I Critical: ReclaimGarbageRegions 0/0 0/0 0/0 0/0 ops/s
2026-09-15 10:37:17.097559 2526000 I Critical: ReclaimGarbageRegions 0/0 0/0 0/0 0/0 ns
2026-09-15 10:37:17.097587 2526000 I Critical: finalizerProcessor waitting time 0/0 0/0 0/0 0/0 ops/s
2026-09-15 10:37:17.097614 2526000 I Critical: finalizerProcessor waitting time 0/0 0/0 0/0 0/0 ns
2026-09-15 10:37:17.097641 2526000 I Major Collection: Major Collection 0/0 0/0 0/0 0/0 ns
2026-09-15 10:37:17.097668 2526000 I Memory: Allocation Rate 0/0 0/0 0/0 0/0 B/s
2026-09-15 10:37:17.097695 2526000 I Minor Collection: Minor Collection 0/0 0/0 0/0 0/0 ns
2026-09-15 10:37:17.097722 2526000 I Old Generation: Old Generation 0/0 0/0 0/0 0/0 ns
2026-09-15 10:37:17.097749 2526000 I Old Generation: Reclaimed 0/0 0/0 0/0 0/0 B
2026-09-15 10:37:17.097777 2526000 I Old Pause: old.relocate_start 0/0 0/0 0/0 0/0 ns
2026-09-15 10:37:17.097804 2526000 I Old Subphase: Collect large garbage 0/0 0/0 0/0 0/0 ns
2026-09-15 10:37:17.097831 2526000 I Old Subphase: CollectFromSpaceGarbage 0/0 0/0 0/0 0/0 ns
2026-09-15 10:37:17.097858 2526000 I Old Subphase: Concurrent marking 0/0 0/0 0/0 0/0 ns
2026-09-15 10:37:17.097885 2526000 I Old Subphase: Concurrent re-marking 0/0 0/0 0/0 0/0 ns
2026-09-15 10:37:17.097912 2526000 I Old Subphase: DoTracing 0/0 0/0 0/0 0/0 ns
2026-09-15 10:37:17.097939 2526000 I Old Subphase: ExemptFromRegions 0/0 0/0 0/0 0/0 ns
2026-09-15 10:37:17.097966 2526000 I Old Subphase: ForwardFromRegions 0/0 0/0 0/0 0/0 ns
2026-09-15 10:37:17.097993 2526000 I Old Subphase: PostTrace 0/0 0/0 0/0 0/0 ns
2026-09-15 10:37:17.098020 2526000 I Old Subphase: Preforward 0/0 0/0 0/0 0/0 ns
2026-09-15 10:37:17.098056 2526000 I Old Subphase: RemapYoungRoots 0/0 0/0 0/0 0/0 ns
2026-09-15 10:37:17.098083 2526000 I Old Subphase: concurrent resurrection 0/0 0/0 0/0 0/0 ns
2026-09-15 10:37:17.098110 2526000 I Old Subphase: enum roots & update old pointers within 0/0 0/0 0/0 0/0 ns
2026-09-15 10:37:17.098137 2526000 I Old Subphase: identify useless extern ref 0/0 0/0 0/0 0/0 ns
2026-09-15 10:37:17.098164 2526000 I Old Subphase: trace live objects & update old pointers in ref-fields 0/0 0/0 0/0 0/0 ns
2026-09-15 10:37:17.098191 2526000 I Test: Unobserved 0/0 0/0 0/0 0/0 ns
2026-09-15 10:37:17.098222 2526000 I Young Generation: Reclaimed 0/0 0/0 0/0 0/0 B
2026-09-15 10:37:17.098249 2526000 I Young Generation: Young Generation 0/0 0/0 0/0 0/0 ns
2026-09-15 10:37:17.098276 2526000 I Young Subphase: ForwardFromRegions 0/0 0/0 0/0 0/0 ns
2026-09-15 10:37:17.098303 2526000 I Young Subphase: young.conc_promote_walk 0/0 0/0 0/0 0/0 ns
2026-09-15 10:37:17.098330 2526000 I Young Subphase: young.concurrent_relocate 0/0 0/0 0/0 0/0 ns
2026-09-15 10:37:17.098357 2526000 I Young Subphase: young.evac_finish 0/0 0/0 0/0 0/0 ns
2026-09-15 10:37:17.098384 2526000 I Young Subphase: young.evac_retire 0/0 0/0 0/0 0/0 ns
2026-09-15 10:37:17.098411 2526000 I Young Subphase: young.flush_alloc 0/0 0/0 0/0 0/0 ns
2026-09-15 10:37:17.098438 2526000 I Young Subphase: young.mark_closure 0/0 0/0 0/0 0/0 ns
2026-09-15 10:37:17.098465 2526000 I Young Subphase: young.mark_follow 0/0 0/0 0/0 0/0 ns
2026-09-15 10:37:17.098492 2526000 I Young Subphase: young.mark_from_remset 0/0 0/0 0/0 0/0 ns
2026-09-15 10:37:17.098519 2526000 I Young Subphase: young.pinned_scan 0/0 0/0 0/0 0/0 ns
2026-09-15 10:37:17.098546 2526000 I Young SubGC_UNIT_OTHER_VM_OKIDOKI SegmentedArrayInit.LargePrimitiveArrayUsesSegmentedClearing
[  PASS  ] SegmentedArrayInit.LargePrimitiveArrayUsesSegmentedClearing
[========] 1 tests: 1 passed, 0 failed
[  RUN   ] SegmentedArrayInit.NativeLargePrimitiveArrayUsesSegmentedClearing
[  RUN   ] SegmentedArrayInit.NativeLargePrimitiveArrayUsesSegmentedClearing
2026-09-15 10:37:17.094578 2525892 E [FWDTABLE] armed base=0x7976d6000000 size=33554432 unit=4096 entries=8192
[SEGMENTED_ITERATOR_ASSERT] safe=0 safe_klass=0 basic=0 basic_klass=0 pass=1
2026-09-15 10:37:17.097268 2526213 I FinalizerProcessor thread started
2026-09-15 10:37:17.097276 2526211 D 	total pages mapped: 1, slot_size: 16
2026-09-15 10:37:17.097446 2526211 D 	total pages mapped: 1, slot_size: 104
2026-09-15 10:37:17.097470 2525892 I Uncommit: Enabled delay=300s
2026-09-15 10:37:17.097589 2525892 I Cangjie runtime started.
2026-09-15 10:37:17.098120 2526213 I FinalizerProcessor thread stopped
2026-09-15 10:37:17.098548 2526100 I GC Statistics: Last 10s / Last 10m / Last 10h / Total (average / maximum)
2026-09-15 10:37:17.098633 2526100 I Critical: Finalizer 0/0 0/0 0/0 0/0 ops/s
2026-09-15 10:37:17.098684 2526100 I Critical: Finalizer 0/0 0/0 0/0 0/0 ns
2026-09-15 10:37:17.098713 2526100 I Critical: ReclaimGarbageRegions 0/0 0/0 0/0 0/0 ops/s
2026-09-15 10:37:17.098747 2526100 I Critical: ReclaimGarbageRegions 0/0 0/0 0/0 0/0 ns
2026-09-15 10:37:17.098773 2526100 I Critical: finalizerProcessor waitting time 0/0 0/0 0/0 0/0 ops/s
2026-09-15 10:37:17.098800 2526100 I Critical: finalizerProcessor waitting time 0/0 0/0 0/0 0/0 ns
2026-09-15 10:37:17.098826 2526100 I Major Collection: Major Collection 0/0 0/0 0/0 0/0 ns
2026-09-15 10:37:17.098852 2526100 I Memory: Allocation Rate 0/0 0/0 0/0 0/0 B/s
2026-09-15 10:37:17.098889 2526100 I Minor Collection: Minor Collection 0/0 0/0 0/0 0/0 ns
2026-09-15 10:37:17.098917 2526100 I Old Generation: Old Generation 0/0 0/0 0/0 0/0 ns
2026-09-15 10:37:17.098955 2526100 I Old Generation: Reclaimed 0/0 0/0 0/0 0/0 B
2026-09-15 10:37:17.098984 2526100 I Old Pause: old.relocate_start 0/0 0/0 0/0 0/0 ns
2026-09-15 10:37:17.099017 2526100 I Old Subphase: Collect large garbage 0/0 0/0 0/0 0/0 ns
2026-09-15 10:37:17.099050 2526100 I Old Subphase: CollectFromSpaceGarbage 0/0 0/0 0/0 0/0 ns
2026-09-15 10:37:17.099076 2526100 I Old Subphase: Concurrent marking 0/0 0/0 0/0 0/0 ns
2026-09-15 10:37:17.099103 2526100 I Old Subphase: Concurrent re-marking 0/0 0/0 0/0 0/0 ns
2026-09-15 10:37:17.099129 2526100 I Old Subphase: DoTracing 0/0 0/0 0/0 0/0 ns
2026-09-15 10:37:17.099155 2526100 I Old Subphase: ExemptFromRegions 0/0 0/0 0/0 0/0 ns
2026-09-15 10:37:17.099181 2526100 I Old Subphase: ForwardFromRegions 0/0 0/0 0/0 0/0 ns
2026-09-15 10:37:17.099208 2526100 I Old Subphase: PostTrace 0/0 0/0 0/0 0/0 ns
2026-09-15 10:37:17.099238 2526100 I Old Subphase: Preforward 0/0 0/0 0/0 0/0 ns
2026-09-15 10:37:17.099270 2526100 I Old Subphase: RemapYoungRoots 0/0 0/0 0/0 0/0 ns
2026-09-15 10:37:17.099296 2526100 I Old Subphase: concurrent resurrection 0/0 0/0 0/0 0/0 ns
2026-09-15 10:37:17.099322 2526100 I Old Subphase: enum roots & update old pointers within 0/0 0/0 0/0 0/0 ns
2026-09-15 10:37:17.099357 2526100 I Old Subphase: identify useless extern ref 0/0 0/0 0/0 0/0 ns
2026-09-15 10:37:17.099390 2526100 I Old Subphase: trace live objects & update old pointers in ref-fields 0/0 0/0 0/0 0/0 ns
2026-09-15 10:37:17.099419 2526100 I Test: Unobserved 0/0 0/0 0/0 0/0 ns
2026-09-15 10:37:17.099445 2526100 I Young Generation: Reclaimed 0/0 0/0 0/0 0/0 B
2026-09-15 10:37:17.099472 2526100 I Young Generation: Young Generation 0/0 0/0 0/0 0/0 ns
2026-09-15 10:37:17.099498 2526100 I Young Subphase: ForwardFromRegions 0/0 0/0 0/0 0/0 ns
2026-09-15 10:37:17.099540 2526100 I Young Subphase: young.conc_promote_walk 0/0 0/0 0/0 0/0 ns
2026-09-15 10:37:17.099576 2526100 I Young Subphase: young.concurrent_relocate 0/0 0/0 0/0 0/0 ns
2026-09-15 10:37:17.099605 2526100 I Young Subphase: young.evac_finish 0/0 0/0 0/0 0/0 ns
2026-09-15 10:37:17.099636 2526100 I Young Subphase: young.evac_retire 0/0 0/0 0/0 0/0 ns
2026-09-15 10:37:17.099662 2526100 I Young Subphase: young.flush_alloc 0/0 0/0 0/0 0/0 ns
2026-09-15 10:37:17.099689 2526100 I Young Subphase: young.mark_closure 0/0 0/0 0/0 0/0 ns
2026-09-15 10:37:17.099715 2526100 I Young Subphase: young.mark_follow 0/0 0/0 0/0 0/0 ns
2026-09-15 10:37:17.099741 2526100 I Young Subphase: young.mark_from_remset 0/0 0/0 0/0 0/0 ns
2026-09-15 10:37:17.099768 2526100 I Young Subphase: young.pinned_scan 0/0 0/0 0/0 0/0 ns
2026-09-15 10:37:17.099794 2526100 I Young SubGC_UNIT_OTHER_VM_OKIDOKI SegmentedArrayInit.NativeLargePrimitiveArrayUsesSegmentedClearing
[  PASS  ] SegmentedArrayInit.NativeLargePrimitiveArrayUsesSegmentedClearing
[========] 1 tests: 1 passed, 0 failed
[  RUN   ] SegmentedArrayInit.TwoGcReferenceInitializationRestartsOnlyOnce
[  RUN   ] SegmentedArrayInit.TwoGcReferenceInitializationRestartsOnlyOnce
2026-09-15 10:37:17.094487 2525881 E [FWDTABLE] armed base=0x7fa740000000 size=33554432 unit=4096 entries=8192
[SEGMENTED_ITERATOR_ASSERT] safe=0 safe_klass=0 basic=0 basic_klass=0 pass=1
2026-09-15 10:37:17.097888 2526198 E [ZCOLOR2][mark-mask-flip] generation=young count=1 g_cjMarkBadMask=0x9e000000000000 g_cjStoreBadMask=0x19e000000000000
2026-09-15 10:37:17.098214 2526198 E [GCV2][epoch-handshake] source=pre-minor-stack epoch=1 requested=2 acked=2 acked_twice=0 self=0 gc_assisted=2 starting=0 running=2 parked=0 exiting=0 deferred_create=0 born_clean=0 exit_transition=0 destroy_deferred=0 stw_calls=0 stack_scanned=2 stack_fallback=0 stack_frames=0 wlock_us=0 timeout_ms=0 epoch_handshake=required stack_scan=required
2026-09-15 10:37:17.098355 2526147 E [GCV2][stack-scan-fallback] epoch=1 concurrent_done=2 stw_fallback=0 stack_scan=required
2026-09-15 10:37:17.098780 2526198 E [GhostRetention] retained_regions=0 retained_bytes=0
2026-09-15 10:37:17.099079 2526198 E [ZCOLOR2][mark-mask-flip] generation=old count=1 g_cjMarkBadMask=0x6d000000000000
2026-09-15 10:37:17.099150 2526198 E [GCV2][epoch-handshake] source=pre-minor-stack epoch=2 requested=2 acked=2 acked_twice=0 self=0 gc_assisted=2 starting=0 running=2 parked=0 exiting=0 deferred_create=0 born_clean=0 exit_transition=0 destroy_deferred=0 stw_calls=0 stack_scanned=2 stack_fallback=0 stack_frames=0 wlock_us=0 timeout_ms=0 epoch_handshake=required stack_scan=required
2026-09-15 10:37:17.099238 2526153 E [GCV2][stack-scan-fallback] epoch=2 concurrent_done=2 stw_fallback=0 stack_scan=required
2026-09-15 10:37:17.099430 2526198 E [GhostRetention] retained_regions=0 retained_bytes=0
2026-09-15 10:37:17.099711 2526198 E [GCV2][epoch-handshake] source=pre-major-stack epoch=3 requested=2 acked=2 acked_twice=0 self=0 gc_assisted=2 starting=0 running=2 parked=0 exiting=0 deferred_create=0 born_clean=0 exit_transition=0 destroy_deferred=0 stw_calls=0 stack_scanned=2 stack_fallback=0 stack_frames=0 wlock_us=0 timeout_ms=0 epoch_handshake=required stack_scan=required
2026-09-15 10:37:17.100140 2526198 E [GhostRetention] retained_regions=0 retained_bytes=0
[SEGMENTED_ITERATOR_ASSERT] safe=0 safe_klass=0 basic=0 basic_klass=0 pass=1
2026-09-15 10:37:17.100500 2526198 E [GCV2][epoch-handshake] source=pre-minor-stack epoch=4 requested=3 acked=3 acked_twice=0 self=0 gc_assisted=3 starting=0 running=3 parked=0 exiting=0 deferred_create=0 born_clean=0 exit_transition=0 destroy_deferred=0 stw_calls=0 stack_scanned=2 stack_fallback=1 stack_frames=0 wlock_us=0 timeout_ms=0 epoch_handshake=required stack_scan=required
2026-09-15 10:37:17.100610 2526137 E [GCV2][stack-scan-fallback] epoch=4 concurrent_done=2 stw_fallback=1 stack_scan=required
2026-09-15 10:37:17.100824 2526198 E [GhostRetention] retained_regions=0 retained_bytes=0
2026-09-15 10:37:17.101150 2526198 E [GCV2][epoch-handshake] source=pre-minor-stack epoch=5 requested=3 acked=3 acked_twice=0 self=0 gc_assisted=3 starting=0 running=3 parked=0 exiting=0 deferred_create=0 born_clean=0 exit_transition=0 destroy_deferred=0 stw_calls=0 stack_scanned=2 stack_fallback=1 stack_frames=0 wlock_us=0 timeout_ms=0 epoch_handshake=required stack_scan=required
2026-09-15 10:37:17.101234 2526150 E [GCV2][stack-scan-fallback] epoch=5 concurrent_done=2 stw_fallback=1 stack_scan=required
2026-09-15 10:37:17.101413 2526198 E [GhostRetention] retained_regions=0 retained_bytes=0
2026-09-15 10:37:17.101679 2526198 E [GCV2][epoch-handshake] source=pre-major-stack epoch=6 requested=3 acked=3 acked_twice=0 self=0 gc_assisted=3 starting=0 running=3 parked=0 exiting=0 deferred_create=0 born_clean=0 exit_transition=0 destroy_deferred=0 stw_calls=0 stack_scanned=2 stack_fallback=1 stack_frames=0 wlock_us=0 timeout_ms=0 epoch_handshake=required stack_scan=required
2026-09-15 10:37:17.101962 2526198 E [GhostRetention] retained_regions=0 retained_bytes=0
[SEGMENTED_VISIBLE_ASSERT] fields=16385 full=16385 basic=16385 range=1 partial=6 safe=16385 safe_klass=16385 safe_basic=16385 safe_basic_klass=16385 invalid=0 pass=1
[SEGMENTED_TWO_GC] requests=2 first=2 yields=4 status=0
2026-09-15 10:37:17.097197 2526205 D 	total pages mapped: 1, slot_size: 16
2026-09-15 10:37:17.097293 2526205 D 	total pages mapped: 1, slot_size: 104
2026-09-15 10:37:17.097199 2526208 I FinalizerProcessor thread started
2026-09-15 10:37:17.097458 2525881 I Uncommit: Enabled delay=300s
2026-09-15 10:37:17.097548 2525881 I Cangjie runtime started.
2026-09-15 10:37:17.098149 2526198 I young prepare stw time 280 us
2026-09-15 10:37:17.098275 2526198 I young collection stw time 27 us
2026-09-15 10:37:17.098820 2526198 I young mark terminate stw time 51 us
2026-09-15 10:37:17.098944 2526198 I young post-relocate stw time 40 us
2026-09-15 10:37:17.099009 2526198 I young retire forwarding stw time 4 us
2026-09-15 10:37:17.099117 2526198 I young prepare stw time 51 us
2026-09-15 10:37:17.099192 2526198 I young collection stw time 11 us
2026-09-15 10:37:17.099465 2526198 I young mark terminate stw time 44 us
2026-09-15 10:37:17.099583 2526198 I young post-relocate stw time 43 us
2026-09-15 10:37:17.099643 2526198 I young retire forwarding stw time 4 us
2026-09-15 10:37:17.099680 2526198 I major stack scan prepare stw time 2 us
2026-09-15 10:37:17.099744 2526198 I major stack scan close stw time 3 us
2026-09-15 10:37:17.100097 2526198 I old mark end stw time 4 us
2026-09-15 10:37:17.100175 2526198 I Preforward light sync time 2 us
2026-09-15 10:37:17.100373 2526198 I GC for force: sync: collected objects: 0->0B, 100.00% utilization (135168->132KiB/135168->132KiB), total GC time: 617221->617us
2026-09-15 10:37:17.100466 2526198 I young prepare stw time 9 us
2026-09-15 10:37:17.100551 2526198 I young collection stw time 18 us
2026-09-15 10:37:17.100892 2526198 I young mark terminate stw time 90 us
2026-09-15 10:37:17.101002 2526198 I young post-relocate stw time 34 us
2026-09-15 10:37:17.101067 2526198 I young retire forwarding stw time 4 us
2026-09-15 10:37:17.101119 2526198 I young prepare stw time 16 us
2026-09-15 10:37:17.101189 2526198 I young collection stw time 7 us
2026-09-15 10:37:17.101448 2526198 I young mark terminate stw time 44 us
2026-09-15 10:37:17.101550 2526198 I young post-relocate stw time 30 us
2026-09-15 10:37:17.101612 2526198 I young retire forwarding stw time 4 us
2026-09-15 10:37:17.101648 2526198 I major stack scan prepare stw time 2 us
2026-09-15 10:37:17.101714 2526198 I major stack scan close stw time 4 us
2026-09-15 10:37:17.101903 2526198 I old mark end stw time 6 us
2026-09-15 10:37:17.102025 2526198 I Preforward light sync time 12 us
2026-09-15 10:37:17.102590 2526198 I GC for force: sync: collected objects: 0->0B, 100.00% utilization (135168->132KiB/135168->132KiB), total GC time: 879272->879us
2026-09-15 10:37:17.106001 2526208 I FinalizerProcessor thread stopped
2026-09-15 10:37:17.106393 2526093 I GC Statistics: Last 10s / Last 10m / Last 10h / Total (average / maximum)
2026-09-15 10:37:17.106481 2526093 I Critical: Finalizer 0/0 0/0 0/0 0/0 ops/s
2026-09-15 10:37:17.106515 2526093 I Critical: Finalizer 0/0 0/0 0/0 0/0 ns
2026-09-15 10:37:17.106542 2526093 I Critical: ReclaimGarbageRegions 0/0 0/0 0/0 0/0 ops/s
2026-09-15 10:37:17.106568 2526093 I Critical: ReclaimGarbageRegions 0/0 0/0 0/0 0/0 ns
2026-09-15 10:37:17.106594 2526093 I Critical: finalizerProcessor waitting time 0/0 0/0 0/0 0/0 ops/s
2026-09-15 10:37:17.106620 2526093 I Critical: finalizerProcessor waitting time 0/0 0/0 0/0 0/0 ns
2026-09-15 10:37:17.106646 2526093 I Major Collection: Major Collection 0/0 0/0 0/0 0/0 ns
2026-09-15 10:37:17.106672 2526093 I Memory: Allocation Rate 0/0 0/0 0/0 0/0 B/s
2026-09-15 10:37:17.106699 2526093 I Minor Collection: Minor Collection 0/0 0/0 0/0 0/0 ns
2026-09-15 10:37:17.106724 2526093 I Old Generation: Old Generation 0/0 0/0 0/0 0/0 ns
2026-09-15 10:37:17.106750 2526093 I Old Generation: Reclaimed 0/0 0/0 0/0 0/0 B
2026-09-15 10:37:17.106776 2526093 I Old Pause: old.relocate_start 0/0 0/0 0/0 0/0 ns
2026-09-15 10:37:17.106802 2526093 I Old Subphase: Collect large garbage 0/0 0/0 0/0 0/0 ns
2026-09-15 10:37:17.106828 2526093 I Old Subphase: CollectFromSpaceGarbage 0/0 0/0 0/0 0/0 ns
2026-09-15GC_UNIT_OTHER_VM_OKIDOKI SegmentedArrayInit.TwoGcReferenceInitializationRestartsOnlyOnce
[  PASS  ] SegmentedArrayInit.TwoGcReferenceInitializationRestartsOnlyOnce
[========] 1 tests: 1 passed, 0 failed
[  RUN   ] SegmentedArrayInit.TwoGcPrimitiveInitializationDoesNotRestart
[  RUN   ] SegmentedArrayInit.TwoGcPrimitiveInitializationDoesNotRestart
2026-09-15 10:37:17.095174 2525941 E [FWDTABLE] armed base=0x729cc6000000 size=33554432 unit=4096 entries=8192
[SEGMENTED_ITERATOR_ASSERT] safe=0 safe_klass=0 basic=0 basic_klass=0 pass=1
2026-09-15 10:37:17.098415 2526232 E [ZCOLOR2][mark-mask-flip] generation=young count=1 g_cjMarkBadMask=0x9e000000000000 g_cjStoreBadMask=0x19e000000000000
2026-09-15 10:37:17.098756 2526232 E [GCV2][epoch-handshake] source=pre-minor-stack epoch=1 requested=2 acked=2 acked_twice=0 self=0 gc_assisted=2 starting=0 running=2 parked=0 exiting=0 deferred_create=0 born_clean=0 exit_transition=0 destroy_deferred=0 stw_calls=0 stack_scanned=2 stack_fallback=0 stack_frames=0 wlock_us=0 timeout_ms=0 epoch_handshake=required stack_scan=required
2026-09-15 10:37:17.098883 2526197 E [GCV2][stack-scan-fallback] epoch=1 concurrent_done=2 stw_fallback=0 stack_scan=required
2026-09-15 10:37:17.099251 2526232 E [GhostRetention] retained_regions=0 retained_bytes=0
2026-09-15 10:37:17.099581 2526232 E [ZCOLOR2][mark-mask-flip] generation=old count=1 g_cjMarkBadMask=0x6d000000000000
2026-09-15 10:37:17.099652 2526232 E [GCV2][epoch-handshake] source=pre-minor-stack epoch=2 requested=2 acked=2 acked_twice=0 self=0 gc_assisted=2 starting=0 running=2 parked=0 exiting=0 deferred_create=0 born_clean=0 exit_transition=0 destroy_deferred=0 stw_calls=0 stack_scanned=2 stack_fallback=0 stack_frames=0 wlock_us=0 timeout_ms=0 epoch_handshake=required stack_scan=required
2026-09-15 10:37:17.099739 2526183 E [GCV2][stack-scan-fallback] epoch=2 concurrent_done=2 stw_fallback=0 stack_scan=required
2026-09-15 10:37:17.099951 2526232 E [GhostRetention] retained_regions=0 retained_bytes=0
2026-09-15 10:37:17.100381 2526232 E [GCV2][epoch-handshake] source=pre-major-stack epoch=3 requested=2 acked=2 acked_twice=0 self=0 gc_assisted=2 starting=0 running=2 parked=0 exiting=0 deferred_create=0 born_clean=0 exit_transition=0 destroy_deferred=0 stw_calls=0 stack_scanned=2 stack_fallback=0 stack_frames=0 wlock_us=0 timeout_ms=0 epoch_handshake=required stack_scan=required
2026-09-15 10:37:17.100849 2526232 E [GhostRetention] retained_regions=0 retained_bytes=0
2026-09-15 10:37:17.101220 2526232 E [GCV2][epoch-handshake] source=pre-minor-stack epoch=4 requested=3 acked=3 acked_twice=0 self=0 gc_assisted=3 starting=0 running=3 parked=0 exiting=0 deferred_create=0 born_clean=0 exit_transition=0 destroy_deferred=0 stw_calls=0 stack_scanned=2 stack_fallback=1 stack_frames=0 wlock_us=0 timeout_ms=0 epoch_handshake=required stack_scan=required
2026-09-15 10:37:17.101321 2526183 E [GCV2][stack-scan-fallback] epoch=4 concurrent_done=2 stw_fallback=1 stack_scan=required
2026-09-15 10:37:17.101612 2526232 E [GhostRetention] retained_regions=0 retained_bytes=0
2026-09-15 10:37:17.103076 2526232 E [GCV2][epoch-handshake] source=pre-minor-stack epoch=5 requested=3 acked=3 acked_twice=0 self=0 gc_assisted=3 starting=0 running=3 parked=0 exiting=0 deferred_create=0 born_clean=0 exit_transition=0 destroy_deferred=0 stw_calls=0 stack_scanned=2 stack_fallback=1 stack_frames=0 wlock_us=0 timeout_ms=0 epoch_handshake=required stack_scan=required
2026-09-15 10:37:17.103194 2526183 E [GCV2][stack-scan-fallback] epoch=5 concurrent_done=2 stw_fallback=1 stack_scan=required
2026-09-15 10:37:17.103371 2526232 E [GhostRetention] retained_regions=0 retained_bytes=0
2026-09-15 10:37:17.103607 2526232 E [GCV2][epoch-handshake] source=pre-major-stack epoch=6 requested=3 acked=3 acked_twice=0 self=0 gc_assisted=3 starting=0 running=3 parked=0 exiting=0 deferred_create=0 born_clean=0 exit_transition=0 destroy_deferred=0 stw_calls=0 stack_scanned=2 stack_fallback=1 stack_frames=0 wlock_us=0 timeout_ms=0 epoch_handshake=required stack_scan=required
2026-09-15 10:37:17.103867 2526232 E [GhostRetention] retained_regions=0 retained_bytes=0
2026-09-15 10:37:17.097728 2526235 D 	total pages mapped: 1, slot_size: 16
2026-09-15 10:37:17.097729 2526236 I FinalizerProcessor thread started
2026-09-15 10:37:17.097840 2526235 D 	total pages mapped: 1, slot_size: 104
2026-09-15 10:37:17.097965 2525941 I Uncommit: Enabled delay=300s
2026-09-15 10:37:17.098059 2525941 I Cangjie runtime started.
2026-09-15 10:37:17.098703 2526232 I young prepare stw time 303 us
2026-09-15 10:37:17.098804 2526232 I young collection stw time 16 us
2026-09-15 10:37:17.099316 2526232 I young mark terminate stw time 75 us
2026-09-15 10:37:17.099434 2526232 I young post-relocate stw time 37 us
2026-09-15 10:37:17.099497 2526232 I young retire forwarding stw time 3 us
2026-09-15 10:37:17.099619 2526232 I young prepare stw time 51 us
2026-09-15 10:37:17.099696 2526232 I young collection stw time 13 us
2026-09-15 10:37:17.100047 2526232 I young mark terminate stw time 105 us
2026-09-15 10:37:17.100202 2526232 I young post-relocate stw time 31 us
2026-09-15 10:37:17.100305 2526232 I young retire forwarding stw time 3 us
2026-09-15 10:37:17.100349 2526232 I major stack scan prepare stw time 2 us
2026-09-15 10:37:17.100417 2526232 I major stack scan close stw time 5 us
2026-09-15 10:37:17.100805 2526232 I old mark end stw time 4 us
2026-09-15 10:37:17.100887 2526232 I Preforward light sync time 3 us
2026-09-15 10:37:17.101077 2526232 I GC for force: sync: collected objects: 0->0B, 100.00% utilization (135168->132KiB/135168->132KiB), total GC time: 651750->651us
2026-09-15 10:37:17.101187 2526232 I young prepare stw time 8 us
2026-09-15 10:37:17.101272 2526232 I young collection stw time 20 us
2026-09-15 10:37:17.101697 2526232 I young mark terminate stw time 97 us
2026-09-15 10:37:17.102813 2526232 I young post-relocate stw time 408 us
2026-09-15 10:37:17.102942 2526232 I young retire forwarding stw time 5 us
2026-09-15 10:37:17.103016 2526232 I young prepare stw time 10 us
2026-09-15 10:37:17.103134 2526232 I young collection stw time 13 us
2026-09-15 10:37:17.103407 2526232 I young mark terminate stw time 46 us
2026-09-15 10:37:17.103489 2526232 I young post-relocate stw time 23 us
2026-09-15 10:37:17.103540 2526232 I young retire forwarding stw time 3 us
2026-09-15 10:37:17.103577 2526232 I major stack scan prepare stw time 2 us
2026-09-15 10:37:17.103641 2526232 I major stack scan close stw time 4 us
2026-09-15 10:37:17.103789 2526232 I old mark end stw time 5 us
2026-09-15 10:37:17.103907 2526232 I Preforward light sync time 3 us
2026-09-15 10:37:17.104111 2526232 I GC for force: sync: collected objects: 0->0B, 100.00% utilization (135168->132KiB/135168->132KiB), total GC time: 441676->441us
2026-09-15 10:37:17.104363 2526236 I FinalizerProcessor thread stopped
2026-09-15 10:37:17.104820 2526144 I GC Statistics: Last 10s / Last 10m / Last 10h / Total (average / maximum)
2026-09-15 10:37:17.104897 2526144 I Critical: Finalizer 0/0 0/0 0/0 0/0 ops/s
2026-09-15 10:37:17.104930 2526144 I Critical: Finalizer 0/0 0/0 0/0 0/0 ns
2026-09-15 10:37:17.104957 2526144 I Critical: ReclaimGarbageRegions 0/0 0/0 0/0 0/0 ops/s
2026-09-15 10:37:17.104983 2526144 I Critical: ReclaimGarbageRegions 0/0 0/0 0/0 0/0 ns
2026-09-15 10:37:17.105010 2526144 I Critical: finalizerProcessor waitting time 0/0 0/0 0/0 0/0 ops/s
2026-09-15 10:37:17.105043 2526144 I Critical: finalizerProcessor waitting time 0/0 0/0 0/0 0/0 ns
2026-09-15 10:37:17.105069 2526144 I Major Collection: Major Collection 0/0 0/0 0/0 0/0 ns
2026-09-15 10:37:17.105095 2526144 I Memory: Allocation Rate 0/0 0/0 0/0 0/0 B/s
2026-09-15 10:37:17.105121 2526144 I Minor Collection: Minor Collection 0/0 0/0 0/0 0/0 ns
2026-09-15 10:37:17.105147 2526144 I Old Generation: Old Generation 0/0 0/0 0/0 0/0 ns
2026-09-15 10:37:17.105173 2526144 I Old Generation: Reclaimed 0/0 0/0 0/0 0/0 B
2026-09-15 10:37:17.105200 2526144 I Old Pause: old.relocate_start 0/0 0/0 0/0 0/0 ns
2026-09-15 10:37:17.105226 2526144 I Old Subphase: Collect large garbage 0/0 0/0 0/0 0/0 ns
2026-09-15 10:37:17.105252 2526144 I Old Subphase: CollectFromSpaceGarbage 0/0 0/0 0/0 0/0 ns
2026-09-GC_UNIT_OTHER_VM_OKIDOKI SegmentedArrayInit.TwoGcPrimitiveInitializationDoesNotRestart
[  PASS  ] SegmentedArrayInit.TwoGcPrimitiveInitializationDoesNotRestart
[========] 1 tests: 1 passed, 0 failed
[  RUN   ] ZVerify.AcceptsActualObjectAddress
[  RUN   ] ZVerify.AcceptsActualObjectAddress
2026-09-15 10:37:17.094295 2525757 E [FWDTABLE] armed base=0x7bb102d75000 size=24576 unit=4096 entries=6
GC_UNIT_OTHER_VM_OKIDOKI ZVerify.AcceptsActualObjectAddress
[  PASS  ] ZVerify.AcceptsActualObjectAddress
[========] 1 tests: 1 passed, 0 failed
[  RUN   ] ZVerify.StackRootExpandsToActualHeapSlot
[  RUN   ] ZVerify.StackRootExpandsToActualHeapSlot
2026-09-15 10:37:17.095550 2525814 E [FWDTABLE] armed base=0x77418fa98000 size=24576 unit=4096 entries=6
STACK_HEAP_SLOT_ASSERT_EXECUTED visits=1
GC_UNIT_OTHER_VM_OKIDOKI ZVerify.StackRootExpandsToActualHeapSlot
[  PASS  ] ZVerify.StackRootExpandsToActualHeapSlot
[========] 1 tests: 1 passed, 0 failed
[  RUN   ] ZVerify.StackRootCycleTerminatesWithoutEmittingStackObject
[  RUN   ] ZVerify.StackRootCycleTerminatesWithoutEmittingStackObject
2026-09-15 10:37:17.095316 2525838 E [FWDTABLE] armed base=0x73e41fb81000 size=24576 unit=4096 entries=6
GC_UNIT_OTHER_VM_OKIDOKI ZVerify.StackRootCycleTerminatesWithoutEmittingStackObject
[  PASS  ] ZVerify.StackRootCycleTerminatesWithoutEmittingStackObject
[========] 1 tests: 1 passed, 0 failed
[  RUN   ] ZVerify.RootAdapterPreservesInvalidNonStackAddress
[  RUN   ] ZVerify.RootAdapterPreservesInvalidNonStackAddress
GC_UNIT_OTHER_VM_OKIDOKI ZVerify.RootAdapterPreservesInvalidNonStackAddress
[  PASS  ] ZVerify.RootAdapterPreservesInvalidNonStackAddress
[========] 1 tests: 1 passed, 0 failed
[  RUN   ] ZVerify.RejectsColoredAddressWithoutUncoloring
[  RUN   ] ZVerify.RejectsColoredAddressWithoutUncoloring
2026-09-15 10:37:17.096394 2525909 E [FWDTABLE] armed base=0x7e9a8d68d000 size=24576 unit=4096 entries=6
2026-09-15 10:37:17.096818 2526163 F Check failed: addr != 0 && (addr & ~ColourPredicates::HEAP_ADDRESS_MASK) == 0 && (addr & (alignof(void*) - 1)) == 0 && Heap::IsHeapAddress(addr)
2026-09-15 10:37:17.097002 2526163 F Bad object 0x17e9a8d68d000 found at 0x7ffdd9f23c90
GC_UNIT_OTHER_VM_OKIDOKI ZVerify.RejectsColoredAddressWithoutUncoloring
[  PASS  ] ZVerify.RejectsColoredAddressWithoutUncoloring
[========] 1 tests: 1 passed, 0 failed
[  RUN   ] ZVerify.RejectsUnmanagedAddress
[  RUN   ] ZVerify.RejectsUnmanagedAddress
2026-09-15 10:37:17.096879 2525943 E [FWDTABLE] armed base=0x71b9ee579000 size=24576 unit=4096 entries=6
2026-09-15 10:37:17.097344 2526209 F Check failed: addr != 0 && (addr & ~ColourPredicates::HEAP_ADDRESS_MASK) == 0 && (addr & (alignof(void*) - 1)) == 0 && Heap::IsHeapAddress(addr)
2026-09-15 10:37:17.097510 2526209 F Bad object 0x1000 found at (nil)
GC_UNIT_OTHER_VM_OKIDOKI ZVerify.RejectsUnmanagedAddress
[  PASS  ] ZVerify.RejectsUnmanagedAddress
[========] 1 tests: 1 passed, 0 failed
[  RUN   ] ZVerify.RememberedCurrentAndPreviousFaces
[  RUN   ] ZVerify.RememberedCurrentAndPreviousFaces
2026-09-15 10:37:17.096995 2525968 E [FWDTABLE] armed base=0x7a2e566e1000 size=24576 unit=4096 entries=6
GC_UNIT_OTHER_VM_OKIDOKI ZVerify.RememberedCurrentAndPreviousFaces
[  PASS  ] ZVerify.RememberedCurrentAndPreviousFaces
[========] 1 tests: 1 passed, 0 failed
[  RUN   ] ZVerify.SourcePreparationPreservesMarkedObjects
[  RUN   ] ZVerify.SourcePreparationPreservesMarkedObjects
2026-09-15 10:37:17.097944 2526037 E [FWDTABLE] armed base=0x7487bcb71000 size=24576 unit=4096 entries=6
SOURCE_MARKED_OBJECT_ASSERT_EXECUTED visits=1
GC_UNIT_OTHER_VM_OKIDOKI ZVerify.SourcePreparationPreservesMarkedObjects
[  PASS  ] ZVerify.SourcePreparationPreservesMarkedObjects
[========] 1 tests: 1 passed, 0 failed
[  RUN   ] ZVerify.ForwardingTableChecksLiveAccounting
[  RUN   ] ZVerify.ForwardingTableChecksLiveAccounting
2026-09-15 10:37:17.098360 2526081 E [FWDTABLE] armed base=0x7d7e1173c000 size=24576 unit=4096 entries=6
2026-09-15 10:37:17.098925 2526247 F Check failed: liveObjects == bitmap->GetLiveObjects()
2026-09-15 10:37:17.099088 2526247 F Invalid number of live objects
2026-09-15 10:37:17.211046 2526396 F Check failed: liveBytes == bitmap->GetLiveBytes()
2026-09-15 10:37:17.211403 2526396 F Invalid number of live bytes
GC_UNIT_OTHER_VM_OKIDOKI ZVerify.ForwardingTableChecksLiveAccounting
[  PASS  ] ZVerify.ForwardingTableChecksLiveAccounting
[========] 1 tests: 1 passed, 0 failed
[  RUN   ] ZVerify.BeforeRelocationRejectsMissingRememberedField
[  RUN   ] ZVerify.BeforeRelocationRejectsMissingRememberedField
[  RUN   ] ZVerify.BeforeRelocationRejectsMissingRememberedField
2026-09-15 10:37:17.101321 2526245 E [FWDTABLE] armed base=0x742ebbe72000 size=24576 unit=4096 entries=6
2026-09-15 10:37:17.101825 2526270 F Check failed: activeCurrent ? remset.Contains(slot) : remset.ContainsPrevious(slot)
2026-09-15 10:37:17.101985 2526270 F Missing remembered field 0x742ebbe72008 in source 0x742ebbe72000
GC_UNIT_OTHER_VM_OKIDOKI ZVerify.BeforeRelocationRejectsMissingRememberedField
GC_UNIT_OTHER_VM_OKIDOKI ZVerify.BeforeRelocationRejectsMissingRememberedField
[  PASS  ] ZVerify.BeforeRelocationRejectsMissingRememberedField
[========] 1 tests: 1 passed, 0 failed
[  RUN   ] ZVerify.RawNullRequiresYoungMarkComplete
[  RUN   ] ZVerify.RawNullRequiresYoungMarkComplete
2026-09-15 10:37:17.099701 2526154 E [FWDTABLE] armed base=0x710c0e32c000 size=24576 unit=4096 entries=6
2026-09-15 10:37:17.100186 2526257 F Check failed: collector.GetCycleSnapshot(GCCycleGeneration::YOUNG).phase == GC_PHASE_MARK_COMPLETE
2026-09-15 10:37:17.100361 2526257 F Raw null requires young mark complete at 0x710c0e32c008
GC_UNIT_OTHER_VM_OKIDOKI ZVerify.RawNullRequiresYoungMarkComplete
[  PASS  ] ZVerify.RawNullRequiresYoungMarkComplete
[========] 1 tests: 1 passed, 0 failed
[  RUN   ] ZVerify.RawNullRequiresAllocatingHolder
[  RUN   ] ZVerify.RawNullRequiresAllocatingHolder
2026-09-15 10:37:17.099574 2526190 E [FWDTABLE] armed base=0x7e5ed8cd8000 size=24576 unit=4096 entries=6
2026-09-15 10:37:17.100068 2526256 F Check failed: holder->AllocatedAfterMarkStart( reinterpret_cast<MAddress>(base) - holder->GetRegionStart())
2026-09-15 10:37:17.100238 2526256 F Raw null requires allocating holder at 0x7e5ed8cd8008
GC_UNIT_OTHER_VM_OKIDOKI ZVerify.RawNullRequiresAllocatingHolder
[  PASS  ] ZVerify.RawNullRequiresAllocatingHolder
[========] 1 tests: 1 passed, 0 failed
[  RUN   ] ZVerify.StartupFlagsMatchZgcDefaults
[  PASS  ] ZVerify.StartupFlagsMatchZgcDefaults
[========] 1 tests: 1 passed, 0 failed
[  RUN   ] MarkingStacks.PopulationCountsEntriesAndPublishedChunks
[  PASS  ] MarkingStacks.PopulationCountsEntriesAndPublishedChunks
[========] 1 tests: 1 passed, 0 failed
[  RUN   ] MarkingStacks.RejectsPublishedStackAndAcceptsDrainedStack
[  RUN   ] MarkingStacks.RejectsPublishedStackAndAcceptsDrainedStack
[  RUN   ] MarkingStacks.RejectsPublishedStackAndAcceptsDrainedStack
2026-09-15 10:37:17.103789 2526281 F Check failed: pending == 0
2026-09-15 10:37:17.103977 2526281 F Marking stack is not empty: 1
GC_UNIT_OTHER_VM_OKIDOKI MarkingStacks.RejectsPublishedStackAndAcceptsDrainedStack
GC_UNIT_OTHER_VM_OKIDOKI MarkingStacks.RejectsPublishedStackAndAcceptsDrainedStack
[  PASS  ] MarkingStacks.RejectsPublishedStackAndAcceptsDrainedStack
[========] 1 tests: 1 passed, 0 failed
[  RUN   ] MemMapContract.NullAndInvalidInputsDoNotReachOS
[  PASS  ] MemMapContract.NullAndInvalidInputsDoNotReachOS
[========] 1 tests: 1 passed, 0 failed
[  RUN   ] MemMapContract.AccessorsBoundaryCommitProtectAndDestroy
[  PASS  ] MemMapContract.AccessorsBoundaryCommitProtectAndDestroy
[========] 1 tests: 1 passed, 0 failed
[  RUN   ] MemMapContract.FallbackRegistryPreservesEveryAcquiredReservation
[  PASS  ] MemMapContract.FallbackRegistryPreservesEveryAcquiredReservation
[========] 1 tests: 1 passed, 0 failed
[  RUN   ] MemMapContract.BudgetRejectsBeforeReserve
[  PASS  ] MemMapContract.BudgetRejectsBeforeReserve
[========] 1 tests: 1 passed, 0 failed
[  RUN   ] MemMapContract.TwoNodeOwnershipRejectsCrossNodeFree
[  PASS  ] MemMapContract.TwoNodeOwnershipRejectsCrossNodeFree
[========] 1 tests: 1 passed, 0 failed
[  RUN   ] MemMapContract.PartitionCommitRegistersPrefixAndExplicitRelease
[  PASS  ] MemMapContract.PartitionCommitRegistersPrefixAndExplicitRelease
[========] 1 tests: 1 passed, 0 failed
[  RUN   ] MemMapContract.BackingCapacityTracksOnlyCompletedRanges
[  PASS  ] MemMapContract.BackingCapacityTracksOnlyCompletedRanges
[========] 1 tests: 1 passed, 0 failed
[  RUN   ] MemMapContract.PartitionReleaseReportsPrefixOnSecondFailure
[  PASS  ] MemMapContract.PartitionReleaseReportsPrefixOnSecondFailure
[========] 1 tests: 1 passed, 0 failed
[  RUN   ] MemMapContract.PartitionFirstFailureIsZeroPositiveControl
[  PASS  ] MemMapContract.PartitionFirstFailureIsZeroPositiveControl
[========] 1 tests: 1 passed, 0 failed
[  RUN   ] MemMapContract.PartitionReleaseFirstFailureIsZeroPositiveControl
[  PASS  ] MemMapContract.PartitionReleaseFirstFailureIsZeroPositiveControl
[========] 1 tests: 1 passed, 0 failed
[  RUN   ] MemMapContract.InitialPartialCommitRollsBackPrefixBeforeDestroy
[  PASS  ] MemMapContract.InitialPartialCommitRollsBackPrefixBeforeDestroy
[========] 1 tests: 1 passed, 0 failed
[  RUN   ] MemMapContract.SegmentedRegionManagerAllocationLookupAndReturn
2026-09-15 10:37:17.105539 2526288 E [FWDTABLE] armed base=0x7976e5d28000 size=20480 unit=4096 entries=5
[  PASS  ] MemMapContract.SegmentedRegionManagerAllocationLookupAndReturn
[========] 1 tests: 1 passed, 0 failed
[  RUN   ] MemMapContract.PageTableReturnWaitsForOutermostIterator
2026-09-15 10:37:17.106635 2526293 E [FWDTABLE] armed base=0x764eae46b000 size=20480 unit=4096 entries=5
[  PASS  ] MemMapContract.PageTableReturnWaitsForOutermostIterator
[========] 1 tests: 1 passed, 0 failed
[  RUN   ] MemMapContract.PageTableConcurrentReclaimPreservesDescriptor
2026-09-15 10:37:17.107054 2526297 E [FWDTABLE] armed base=0x7023b5d5b000 size=20480 unit=4096 entries=5
[  PASS  ] MemMapContract.PageTableConcurrentReclaimPreservesDescriptor
[========] 1 tests: 1 passed, 0 failed
[  RUN   ] MemMapContract.PageTableReleaseWaitsForIterator
2026-09-15 10:37:17.108081 2526304 E [FWDTABLE] armed base=0x7a0a5b37e000 size=20480 unit=4096 entries=5
[  PASS  ] MemMapContract.PageTableReleaseWaitsForIterator
[========] 1 tests: 1 passed, 0 failed
[  RUN   ] MemMapContract.PageTableMarkQuarantineWaitsForIterator
2026-09-15 10:37:17.109450 2526301 E [FWDTABLE] armed base=0x7822f18a4000 size=20480 unit=4096 entries=5
[  PASS  ] MemMapContract.PageTableMarkQuarantineWaitsForIterator
[========] 1 tests: 1 passed, 0 failed
[  RUN   ] MemMapContract.RegionManagerInactiveAllocationUsesMemMapOwner
2026-09-15 10:37:17.108130 2526306 E [FWDTABLE] armed base=0x7b5b5c5f9000 size=8192 unit=4096 entries=2
[  PASS  ] MemMapContract.RegionManagerInactiveAllocationUsesMemMapOwner
[========] 1 tests: 1 passed, 0 failed
[  RUN   ] MemMapContract.RegionManagerCommitResultsPreserveCapacityAndCache
2026-09-15 10:37:17.109761 2526313 E [FWDTABLE] armed base=0x7b2b0b345000 size=8192 unit=4096 entries=2
2026-09-15 10:37:17.111175 2526322 E [FWDTABLE] armed base=0x7b2b0b345000 size=8192 unit=4096 entries=2
2026-09-15 10:37:17.113238 2526329 E [FWDTABLE] armed base=0x7b2b0b345000 size=8192 unit=4096 entries=2
[  PASS  ] MemMapContract.RegionManagerCommitResultsPreserveCapacityAndCache
[========] 1 tests: 1 passed, 0 failed
[  RUN   ] MemMapContract.NativeBackingCommitAndUncommit
[  PASS  ] MemMapContract.NativeBackingCommitAndUncommit
[========] 1 tests: 1 passed, 0 failed
[  RUN   ] MemMapContract.NativeBackingEnosysUsesCompat
[  PASS  ] MemMapContract.NativeBackingEnosysUsesCompat
[========] 1 tests: 1 passed, 0 failed
[  RUN   ] MemMapContract.NativeBackingEopnotsuppUsesCompat
[  PASS  ] MemMapContract.NativeBackingEopnotsuppUsesCompat
[========] 1 tests: 1 passed, 0 failed
[  RUN   ] MemMapContract.NativeBackingEintrSplitsCommit
[  PASS  ] MemMapContract.NativeBackingEintrSplitsCommit
[========] 1 tests: 1 passed, 0 failed
[  RUN   ] MemMapContract.NativeBackingBlockEintrReturnsZero
2026-09-15 10:37:17.112991 2526332 E failed to commit backing: 4
2026-09-15 10:37:17.113180 2526332 E failed to commit backing: 4
2026-09-15 10:37:17.113231 2526332 E failed to commit backing: 4
[  PASS  ] MemMapContract.NativeBackingBlockEintrReturnsZero
[========] 1 tests: 1 passed, 0 failed
[  RUN   ] MemMapContract.NativeBackingFailureRetainsPrefixDespitePunchError
2026-09-15 10:37:17.113054 2526333 E failed to commit backing: 28
2026-09-15 10:37:17.113235 2526333 E failed to commit backing: 28
2026-09-15 10:37:17.113299 2526333 E failed to uncommit backing: 5
[  PASS  ] MemMapContract.NativeBackingFailureRetainsPrefixDespitePunchError
[========] 1 tests: 1 passed, 0 failed
[  RUN   ] MemMapContract.NativeBackingCommitFailureReturnsZero
2026-09-15 10:37:17.113801 2526339 E failed to commit backing: 28
2026-09-15 10:37:17.114020 2526339 E failed to commit backing: 28
2026-09-15 10:37:17.114081 2526339 E failed to commit backing: 28
[  PASS  ] MemMapContract.NativeBackingCommitFailureReturnsZero
[========] 1 tests: 1 passed, 0 failed
[  RUN   ] MemMapContract.NativeBackingEintrSplitsUncommit
[  PASS  ] MemMapContract.NativeBackingEintrSplitsUncommit
[========] 1 tests: 1 passed, 0 failed
[  RUN   ] MemMapContract.NativeBackingUncommitErrorRetainsCapacity
2026-09-15 10:37:17.115331 2526349 E failed to uncommit backing: 5
[  PASS  ] MemMapContract.NativeBackingUncommitErrorRetainsCapacity
[========] 1 tests: 1 passed, 0 failed
[  RUN   ] ColourCensus.PlainWriteFunnelFailsClosed
2026-09-15 10:37:17.117143 2526341 E [FWDTABLE] armed base=0x72ff85532000 size=24576 unit=4096 entries=6
2026-09-15 10:37:17.117546 2526364 F Check failed: verdict != SlotWordVerdict::kIllegal
2026-09-15 10:37:17.117713 2526364 F full-colour heap write rejected: slot=0x72ff85533048 value=0x72ff85532040
[  PASS  ] ColourCensus.PlainWriteFunnelFailsClosed
[========] 1 tests: 1 passed, 0 failed
[  RUN   ] PayloadClamp.ReadAtLimitCopies
2026-09-15 10:37:17.117398 2526343 E [FWDTABLE] armed base=0x753f0bad0000 size=24576 unit=4096 entries=6
[  PASS  ] PayloadClamp.ReadAtLimitCopies
[========] 1 tests: 1 passed, 0 failed
[  RUN   ] PayloadClamp.WriteAtLimitCopies
2026-09-15 10:37:17.118220 2526350 E [FWDTABLE] armed base=0x7ff91274f000 size=24576 unit=4096 entries=6
[  PASS  ] PayloadClamp.WriteAtLimitCopies
[========] 1 tests: 1 passed, 0 failed
[  RUN   ] PayloadClamp.ReadOverLimitAborts
[  RUN   ] PayloadClamp.ReadOverLimitAborts
2026-09-15 10:37:17.125596 2526368 E [FWDTABLE] armed base=0x72e2c3cce000 size=24576 unit=4096 entries=6
2026-09-15 10:37:17.126122 2526387 F Check failed: false
2026-09-15 10:37:17.126300 2526387 F generic payload size 9 exceeds object payload 8 type=(null)
GC_UNIT_OTHER_VM_OKIDOKI PayloadClamp.ReadOverLimitAborts
[  PASS  ] PayloadClamp.ReadOverLimitAborts
[========] 1 tests: 1 passed, 0 failed
[  RUN   ] PayloadClamp.WriteOverLimitAborts
[  RUN   ] PayloadClamp.WriteOverLimitAborts
2026-09-15 10:37:17.126258 2526382 E [FWDTABLE] armed base=0x7471c2d1d000 size=24576 unit=4096 entries=6
2026-09-15 10:37:17.126672 2526388 F Check failed: false
2026-09-15 10:37:17.126832 2526388 F generic payload size 9 exceeds object payload 8 type=(null)
GC_UNIT_OTHER_VM_OKIDOKI PayloadClamp.WriteOverLimitAborts
[  PASS  ] PayloadClamp.WriteOverLimitAborts
[========] 1 tests: 1 passed, 0 failed
[  RUN   ] PayloadClamp.ReadArrayAtLimitCopies
2026-09-15 10:37:17.120356 2526359 E [FWDTABLE] armed base=0x74af99afc000 size=24576 unit=4096 entries=6
[  PASS  ] PayloadClamp.ReadArrayAtLimitCopies
[========] 1 tests: 1 passed, 0 failed
[  RUN   ] PayloadClamp.WriteArrayAtLimitCopies
2026-09-15 10:37:17.125568 2526362 E [FWDTABLE] armed base=0x75ceb9b4d000 size=24576 unit=4096 entries=6
[  PASS  ] PayloadClamp.WriteArrayAtLimitCopies
[========] 1 tests: 1 passed, 0 failed
[  RUN   ] PayloadClamp.ReadArrayOverLimitAborts
[  RUN   ] PayloadClamp.ReadArrayOverLimitAborts
2026-09-15 10:37:17.126243 2526381 E [FWDTABLE] armed base=0x7d83cb3d9000 size=24576 unit=4096 entries=6
GC_UNIT_OTHER_VM_OKIDOKI PayloadClamp.ReadArrayOverLimitAborts
[  PASS  ] PayloadClamp.ReadArrayOverLimitAborts
[========] 1 tests: 1 passed, 0 failed
[  RUN   ] PayloadClamp.WriteArrayOverLimitAborts
[  RUN   ] PayloadClamp.WriteArrayOverLimitAborts
2026-09-15 10:37:17.124787 2526374 E [FWDTABLE] armed base=0x7bbbd0c2d000 size=24576 unit=4096 entries=6
GC_UNIT_OTHER_VM_OKIDOKI PayloadClamp.WriteArrayOverLimitAborts
[  PASS  ] PayloadClamp.WriteArrayOverLimitAborts
[========] 1 tests: 1 passed, 0 failed
[  RUN   ] CycleRefSaferegion.ResolverParksBeforeCycleRootLock
CYCLE_REF_SAFEPOINT_TARGET_ASSERT reached parked=1 consumer_before_wake=1 resolver_returned=1 roots=0
[  PASS  ] CycleRefSaferegion.ResolverParksBeforeCycleRootLock
[========] 1 tests: 1 passed, 0 failed
[  RUN   ] CycleRefSaferegion.CycleRootConsumerPublishesWorkStackRoots
CYCLE_REF_CONSUMER_TARGET_ASSERT reached owner_after_extern=1 drained=1
[  PASS  ] CycleRefSaferegion.CycleRootConsumerPublishesWorkStackRoots
[========] 1 tests: 1 passed, 0 failed
[  RUN   ] CycleRefSaferegion.HandlerSafepointKeepsCycleRootsConsumable
2026-09-15 10:37:17.127362 2526383 E [FWDTABLE] armed base=0x7693f78dc000 size=24576 unit=4096 entries=6
CYCLE_REF_HANDLER_SAFEPOINT_TARGET_ASSERT reached parked=1 consumer_before_wake=1 handler_returned=1 resolver_returned=1 roots_drained=1
[  PASS  ] CycleRefSaferegion.HandlerSafepointKeepsCycleRootsConsumable
[========] 1 tests: 1 passed, 0 failed
[  RUN   ] CycleRefSaferegion.PreforwardRepostResumesRemainingCallbacksExactlyOnce
2026-09-15 10:37:17.122649 2526372 E [FWDTABLE] armed base=0x75adeb67f000 size=24576 unit=4096 entries=6
CYCLE_REF_PREFORWARD_RESUME_TARGET_ASSERT reached before=1 after=2 drained=2 phase=13
[  PASS  ] CycleRefSaferegion.PreforwardRepostResumesRemainingCallbacksExactlyOnce
[========] 1 tests: 1 passed, 0 failed
[==========] 719 tests from 99 test suites ran.
[  PASSED  ] 715 tests.
[  FAILED  ] 4 tests, listed below:
[  FAILED  ] ThreadRootCurrent.C1StackFieldHistoricalColor
[  FAILED  ] ThreadRootCurrent.C2ObjectRefHistoricalColor
[  FAILED  ] ThreadRootCurrent.C3InvisibleHistoricalColor
[  FAILED  ] ThreadRootCurrent.C4HeaderlessHistoricalColor
[========] 719 tests: 715 passed, 4 failed
GC_UNIT_PARALLEL jobs=192 tests=719 wall=7.704
GC_UNIT_SERIAL tests=1
GC_UNIT_INCOMPLETE tests=0
GC_UNIT_RUN_DONE rc=1 main_rc=1 publication_rc=0 wall_ms=7704
