GC_UNIT_PRODUCT_CONFIGURATION=MRT_GC_UNIT_TESTS
STALL_PRODUCT_OBSERVE=1
M0_TEST_ACCESS=on
PUBLICATION_TESTABLE=1
GATE_WEAK_DISCOVERY_NO_STRONG_TRACE_OK source=/root/impl_gcunit3-aa48-run/runtime/src/Heap/Collector/TracingCollector.cpp
In file included from /root/impl_gcunit3-aa48-run/runtime/tests/gc_unit/test_z_bit_field.cpp:11:
In file included from /root/impl_gcunit3-aa48-run/runtime/src/Heap/Allocator/RegionInfo.h:51:
In file included from /root/impl_gcunit3-aa48-run/runtime/src/Heap/Allocator/ForwardingTable.h:14:
/root/impl_gcunit3-aa48-run/runtime/src/Heap/Collector/ZForwarding.h:26:1: warning: class 'LiveInfo' was previously declared as a struct; this is valid, but may result in linker errors under the Microsoft C++ ABI [-Wmismatched-tags]
class LiveInfo;
^
/root/impl_gcunit3-aa48-run/runtime/src/Heap/Collector/LiveInfo.h:294:8: note: previous use is here
struct LiveInfo {
       ^
/root/impl_gcunit3-aa48-run/runtime/src/Heap/Collector/ZForwarding.h:26:1: note: did you mean struct here?
class LiveInfo;
^~~~~
struct
In file included from /root/impl_gcunit3-aa48-run/runtime/tests/gc_unit/test_z_bit_field.cpp:11:
In file included from /root/impl_gcunit3-aa48-run/runtime/src/Heap/Allocator/RegionInfo.h:51:
/root/impl_gcunit3-aa48-run/runtime/src/Heap/Allocator/ForwardingTable.h:19:1: warning: class 'LiveInfo' was previously declared as a class; this is valid, but may result in linker errors under the Microsoft C++ ABI [-Wmismatched-tags]
class LiveInfo;
^
/root/impl_gcunit3-aa48-run/runtime/src/Heap/Collector/LiveInfo.h:294:8: note: previous use is here
struct LiveInfo {
       ^
/root/impl_gcunit3-aa48-run/runtime/src/Heap/Allocator/ForwardingTable.h:19:1: note: did you mean struct here?
class LiveInfo;
^~~~~
struct
2 warnings generated.
In file included from /root/impl_gcunit3-aa48-run/runtime/tests/gc_unit/test_z_list.cpp:8:
In file included from /root/impl_gcunit3-aa48-run/runtime/tests/gc_unit/gc_heap_fixture.hpp:24:
In file included from /root/impl_gcunit3-aa48-run/runtime/src/Heap/Allocator/RegionInfo.h:51:
In file included from /root/impl_gcunit3-aa48-run/runtime/src/Heap/Allocator/ForwardingTable.h:14:
/root/impl_gcunit3-aa48-run/runtime/src/Heap/Collector/ZForwarding.h:26:1: warning: class 'LiveInfo' was previously declared as a struct; this is valid, but may result in linker errors under the Microsoft C++ ABI [-Wmismatched-tags]
class LiveInfo;
^
/root/impl_gcunit3-aa48-run/runtime/src/Heap/Collector/LiveInfo.h:294:8: note: previous use is here
struct LiveInfo {
       ^
/root/impl_gcunit3-aa48-run/runtime/src/Heap/Collector/ZForwarding.h:26:1: note: did you mean struct here?
class LiveInfo;
^~~~~
struct
In file included from /root/impl_gcunit3-aa48-run/runtime/tests/gc_unit/test_z_list.cpp:8:
In file included from /root/impl_gcunit3-aa48-run/runtime/tests/gc_unit/gc_heap_fixture.hpp:24:
In file included from /root/impl_gcunit3-aa48-run/runtime/src/Heap/Allocator/RegionInfo.h:51:
/root/impl_gcunit3-aa48-run/runtime/src/Heap/Allocator/ForwardingTable.h:19:1: warning: class 'LiveInfo' was previously declared as a class; this is valid, but may result in linker errors under the Microsoft C++ ABI [-Wmismatched-tags]
class LiveInfo;
^
/root/impl_gcunit3-aa48-run/runtime/src/Heap/Collector/LiveInfo.h:294:8: note: previous use is here
struct LiveInfo {
       ^
/root/impl_gcunit3-aa48-run/runtime/src/Heap/Allocator/ForwardingTable.h:19:1: note: did you mean struct here?
class LiveInfo;
^~~~~
struct
2 warnings generated.
In file included from /root/impl_gcunit3-aa48-run/runtime/tests/gc_unit/test_route_info.cpp:15:
In file included from /root/impl_gcunit3-aa48-run/runtime/tests/gc_unit/gc_heap_fixture.hpp:24:
In file included from /root/impl_gcunit3-aa48-run/runtime/src/Heap/Allocator/RegionInfo.h:51:
In file included from /root/impl_gcunit3-aa48-run/runtime/src/Heap/Allocator/ForwardingTable.h:14:
/root/impl_gcunit3-aa48-run/runtime/src/Heap/Collector/ZForwarding.h:26:1: warning: class 'LiveInfo' was previously declared as a struct; this is valid, but may result in linker errors under the Microsoft C++ ABI [-Wmismatched-tags]
class LiveInfo;
^
/root/impl_gcunit3-aa48-run/runtime/src/Heap/Collector/LiveInfo.h:294:8: note: previous use is here
struct LiveInfo {
       ^
/root/impl_gcunit3-aa48-run/runtime/src/Heap/Collector/ZForwarding.h:26:1: note: did you mean struct here?
class LiveInfo;
^~~~~
struct
In file included from /root/impl_gcunit3-aa48-run/runtime/tests/gc_unit/test_route_info.cpp:15:
In file included from /root/impl_gcunit3-aa48-run/runtime/tests/gc_unit/gc_heap_fixture.hpp:24:
In file included from /root/impl_gcunit3-aa48-run/runtime/src/Heap/Allocator/RegionInfo.h:51:
/root/impl_gcunit3-aa48-run/runtime/src/Heap/Allocator/ForwardingTable.h:19:1: warning: class 'LiveInfo' was previously declared as a class; this is valid, but may result in linker errors under the Microsoft C++ ABI [-Wmismatched-tags]
class LiveInfo;
^
/root/impl_gcunit3-aa48-run/runtime/src/Heap/Collector/LiveInfo.h:294:8: note: previous use is here
struct LiveInfo {
       ^
/root/impl_gcunit3-aa48-run/runtime/src/Heap/Allocator/ForwardingTable.h:19:1: note: did you mean struct here?
class LiveInfo;
^~~~~
struct
2 warnings generated.
In file included from /root/impl_gcunit3-aa48-run/runtime/tests/gc_unit/test_live_map.cpp:22:
In file included from /root/impl_gcunit3-aa48-run/runtime/tests/gc_unit/gc_heap_fixture.hpp:24:
In file included from /root/impl_gcunit3-aa48-run/runtime/src/Heap/Allocator/RegionInfo.h:51:
In file included from /root/impl_gcunit3-aa48-run/runtime/src/Heap/Allocator/ForwardingTable.h:14:
/root/impl_gcunit3-aa48-run/runtime/src/Heap/Collector/ZForwarding.h:26:1: warning: class 'LiveInfo' was previously declared as a struct; this is valid, but may result in linker errors under the Microsoft C++ ABI [-Wmismatched-tags]
class LiveInfo;
^
/root/impl_gcunit3-aa48-run/runtime/src/Heap/Collector/LiveInfo.h:294:8: note: previous use is here
struct LiveInfo {
       ^
/root/impl_gcunit3-aa48-run/runtime/src/Heap/Collector/ZForwarding.h:26:1: note: did you mean struct here?
class LiveInfo;
^~~~~
struct
In file included from /root/impl_gcunit3-aa48-run/runtime/tests/gc_unit/test_live_map.cpp:22:
In file included from /root/impl_gcunit3-aa48-run/runtime/tests/gc_unit/gc_heap_fixture.hpp:24:
In file included from /root/impl_gcunit3-aa48-run/runtime/src/Heap/Allocator/RegionInfo.h:51:
/root/impl_gcunit3-aa48-run/runtime/src/Heap/Allocator/ForwardingTable.h:19:1: warning: class 'LiveInfo' was previously declared as a class; this is valid, but may result in linker errors under the Microsoft C++ ABI [-Wmismatched-tags]
class LiveInfo;
^
/root/impl_gcunit3-aa48-run/runtime/src/Heap/Collector/LiveInfo.h:294:8: note: previous use is here
struct LiveInfo {
       ^
/root/impl_gcunit3-aa48-run/runtime/src/Heap/Allocator/ForwardingTable.h:19:1: note: did you mean struct here?
class LiveInfo;
^~~~~
struct
In file included from /root/impl_gcunit3-aa48-run/runtime/tests/gc_unit/test_live_map.cpp:24:
In file included from /root/impl_gcunit3-aa48-run/runtime/src/Heap/WCollector/WCollector.h:26:
In file included from /root/impl_gcunit3-aa48-run/runtime/src/Heap/Collector/CopyCollector.h:13:
/root/impl_gcunit3-aa48-run/runtime/src/Heap/Collector/TracingCollector.h:384:20: warning: unused variable 'objSize' [-Wunused-variable]
            size_t objSize = obj->GetSize();
                   ^
/root/impl_gcunit3-aa48-run/runtime/src/Heap/Collector/TracingCollector.h:392:47: warning: unused parameter 'ref' [-Wunused-parameter]
    virtual void EnumRefFieldRoot(RefField<>& ref, RootSet& rootSet) const {};
                                              ^
/root/impl_gcunit3-aa48-run/runtime/src/Heap/Collector/TracingCollector.h:392:61: warning: unused parameter 'rootSet' [-Wunused-parameter]
    virtual void EnumRefFieldRoot(RefField<>& ref, RootSet& rootSet) const {};
                                                            ^
/root/impl_gcunit3-aa48-run/runtime/src/Heap/Collector/TracingCollector.h:393:51: warning: unused parameter 'obj' [-Wunused-parameter]
    virtual void TraceObjectRefFields(BaseObject* obj, WorkStack& workStack)
                                                  ^
/root/impl_gcunit3-aa48-run/runtime/src/Heap/Collector/TracingCollector.h:393:67: warning: unused parameter 'workStack' [-Wunused-parameter]
    virtual void TraceObjectRefFields(BaseObject* obj, WorkStack& workStack)
                                                                  ^
/root/impl_gcunit3-aa48-run/runtime/src/Heap/Collector/TracingCollector.h:400:59: warning: unused parameter 'entry' [-Wunused-parameter]
    virtual void FollowPartialArray(const MarkStackEntry& entry, WorkStack& workStack)
                                                          ^
/root/impl_gcunit3-aa48-run/runtime/src/Heap/Collector/TracingCollector.h:400:77: warning: unused parameter 'workStack' [-Wunused-parameter]
    virtual void FollowPartialArray(const MarkStackEntry& entry, WorkStack& workStack)
                                                                            ^
/root/impl_gcunit3-aa48-run/runtime/src/Heap/Collector/TracingCollector.h:404:53: warning: unused parameter 'kind' [-Wunused-parameter]
    virtual BaseObject* GetAndTryTagObj(RefSlotKind kind, BaseObject* obj, RefField<>& field)
                                                    ^
/root/impl_gcunit3-aa48-run/runtime/src/Heap/Collector/TracingCollector.h:404:71: warning: unused parameter 'obj' [-Wunused-parameter]
    virtual BaseObject* GetAndTryTagObj(RefSlotKind kind, BaseObject* obj, RefField<>& field)
                                                                      ^
/root/impl_gcunit3-aa48-run/runtime/src/Heap/Collector/TracingCollector.h:404:88: warning: unused parameter 'field' [-Wunused-parameter]
    virtual BaseObject* GetAndTryTagObj(RefSlotKind kind, BaseObject* obj, RefField<>& field)
                                                                                       ^
/root/impl_gcunit3-aa48-run/runtime/src/Heap/Collector/TracingCollector.h:485:27: warning: unused parameter 'heapMarked' [-Wunused-parameter]
    void ResetBitmap(bool heapMarked)
                          ^
/root/impl_gcunit3-aa48-run/runtime/src/Heap/Collector/TracingCollector.h:523:47: warning: unused parameter 'root' [-Wunused-parameter]
    virtual void EnumAndTagRawRoot(ObjectRef& root, RootSet& rootSet) const
                                              ^
/root/impl_gcunit3-aa48-run/runtime/src/Heap/Collector/TracingCollector.h:523:62: warning: unused parameter 'rootSet' [-Wunused-parameter]
    virtual void EnumAndTagRawRoot(ObjectRef& root, RootSet& rootSet) const
                                                             ^
15 warnings generated.
In file included from /root/impl_gcunit3-aa48-run/runtime/tests/gc_unit/test_object_gate.cpp:17:
In file included from /root/impl_gcunit3-aa48-run/runtime/tests/gc_unit/gc_heap_fixture.hpp:24:
In file included from /root/impl_gcunit3-aa48-run/runtime/src/Heap/Allocator/RegionInfo.h:51:
In file included from /root/impl_gcunit3-aa48-run/runtime/src/Heap/Allocator/ForwardingTable.h:14:
/root/impl_gcunit3-aa48-run/runtime/src/Heap/Collector/ZForwarding.h:26:1: warning: class 'LiveInfo' was previously declared as a struct; this is valid, but may result in linker errors under the Microsoft C++ ABI [-Wmismatched-tags]
class LiveInfo;
^
/root/impl_gcunit3-aa48-run/runtime/src/Heap/Collector/LiveInfo.h:294:8: note: previous use is here
struct LiveInfo {
       ^
/root/impl_gcunit3-aa48-run/runtime/src/Heap/Collector/ZForwarding.h:26:1: note: did you mean struct here?
class LiveInfo;
^~~~~
struct
In file included from /root/impl_gcunit3-aa48-run/runtime/tests/gc_unit/test_object_gate.cpp:17:
In file included from /root/impl_gcunit3-aa48-run/runtime/tests/gc_unit/gc_heap_fixture.hpp:24:
In file included from /root/impl_gcunit3-aa48-run/runtime/src/Heap/Allocator/RegionInfo.h:51:
/root/impl_gcunit3-aa48-run/runtime/src/Heap/Allocator/ForwardingTable.h:19:1: warning: class 'LiveInfo' was previously declared as a class; this is valid, but may result in linker errors under the Microsoft C++ ABI [-Wmismatched-tags]
class LiveInfo;
^
/root/impl_gcunit3-aa48-run/runtime/src/Heap/Collector/LiveInfo.h:294:8: note: previous use is here
struct LiveInfo {
       ^
/root/impl_gcunit3-aa48-run/runtime/src/Heap/Allocator/ForwardingTable.h:19:1: note: did you mean struct here?
class LiveInfo;
^~~~~
struct
2 warnings generated.
In file included from /root/impl_gcunit3-aa48-run/runtime/tests/gc_unit/test_remset.cpp:45:
In file included from /root/impl_gcunit3-aa48-run/runtime/tests/gc_unit/gc_heap_fixture.hpp:24:
In file included from /root/impl_gcunit3-aa48-run/runtime/src/Heap/Allocator/RegionInfo.h:51:
In file included from /root/impl_gcunit3-aa48-run/runtime/src/Heap/Allocator/ForwardingTable.h:14:
/root/impl_gcunit3-aa48-run/runtime/src/Heap/Collector/ZForwarding.h:26:1: warning: class 'LiveInfo' was previously declared as a struct; this is valid, but may result in linker errors under the Microsoft C++ ABI [-Wmismatched-tags]
class LiveInfo;
^
/root/impl_gcunit3-aa48-run/runtime/src/Heap/Collector/LiveInfo.h:294:8: note: previous use is here
struct LiveInfo {
       ^
/root/impl_gcunit3-aa48-run/runtime/src/Heap/Collector/ZForwarding.h:26:1: note: did you mean struct here?
class LiveInfo;
^~~~~
struct
In file included from /root/impl_gcunit3-aa48-run/runtime/tests/gc_unit/test_remset.cpp:45:
In file included from /root/impl_gcunit3-aa48-run/runtime/tests/gc_unit/gc_heap_fixture.hpp:24:
In file included from /root/impl_gcunit3-aa48-run/runtime/src/Heap/Allocator/RegionInfo.h:51:
/root/impl_gcunit3-aa48-run/runtime/src/Heap/Allocator/ForwardingTable.h:19:1: warning: class 'LiveInfo' was previously declared as a class; this is valid, but may result in linker errors under the Microsoft C++ ABI [-Wmismatched-tags]
class LiveInfo;
^
/root/impl_gcunit3-aa48-run/runtime/src/Heap/Collector/LiveInfo.h:294:8: note: previous use is here
struct LiveInfo {
       ^
/root/impl_gcunit3-aa48-run/runtime/src/Heap/Allocator/ForwardingTable.h:19:1: note: did you mean struct here?
class LiveInfo;
^~~~~
struct
In file included from /root/impl_gcunit3-aa48-run/runtime/tests/gc_unit/test_remset.cpp:46:
In file included from /root/impl_gcunit3-aa48-run/runtime/src/Heap/WCollector/WCollector.h:26:
In file included from /root/impl_gcunit3-aa48-run/runtime/src/Heap/Collector/CopyCollector.h:13:
/root/impl_gcunit3-aa48-run/runtime/src/Heap/Collector/TracingCollector.h:384:20: warning: unused variable 'objSize' [-Wunused-variable]
            size_t objSize = obj->GetSize();
                   ^
/root/impl_gcunit3-aa48-run/runtime/src/Heap/Collector/TracingCollector.h:392:47: warning: unused parameter 'ref' [-Wunused-parameter]
    virtual void EnumRefFieldRoot(RefField<>& ref, RootSet& rootSet) const {};
                                              ^
/root/impl_gcunit3-aa48-run/runtime/src/Heap/Collector/TracingCollector.h:392:61: warning: unused parameter 'rootSet' [-Wunused-parameter]
    virtual void EnumRefFieldRoot(RefField<>& ref, RootSet& rootSet) const {};
                                                            ^
/root/impl_gcunit3-aa48-run/runtime/src/Heap/Collector/TracingCollector.h:393:51: warning: unused parameter 'obj' [-Wunused-parameter]
    virtual void TraceObjectRefFields(BaseObject* obj, WorkStack& workStack)
                                                  ^
/root/impl_gcunit3-aa48-run/runtime/src/Heap/Collector/TracingCollector.h:393:67: warning: unused parameter 'workStack' [-Wunused-parameter]
    virtual void TraceObjectRefFields(BaseObject* obj, WorkStack& workStack)
                                                                  ^
/root/impl_gcunit3-aa48-run/runtime/src/Heap/Collector/TracingCollector.h:400:59: warning: unused parameter 'entry' [-Wunused-parameter]
    virtual void FollowPartialArray(const MarkStackEntry& entry, WorkStack& workStack)
                                                          ^
/root/impl_gcunit3-aa48-run/runtime/src/Heap/Collector/TracingCollector.h:400:77: warning: unused parameter 'workStack' [-Wunused-parameter]
    virtual void FollowPartialArray(const MarkStackEntry& entry, WorkStack& workStack)
                                                                            ^
/root/impl_gcunit3-aa48-run/runtime/src/Heap/Collector/TracingCollector.h:404:53: warning: unused parameter 'kind' [-Wunused-parameter]
    virtual BaseObject* GetAndTryTagObj(RefSlotKind kind, BaseObject* obj, RefField<>& field)
                                                    ^
/root/impl_gcunit3-aa48-run/runtime/src/Heap/Collector/TracingCollector.h:404:71: warning: unused parameter 'obj' [-Wunused-parameter]
    virtual BaseObject* GetAndTryTagObj(RefSlotKind kind, BaseObject* obj, RefField<>& field)
                                                                      ^
/root/impl_gcunit3-aa48-run/runtime/src/Heap/Collector/TracingCollector.h:404:88: warning: unused parameter 'field' [-Wunused-parameter]
    virtual BaseObject* GetAndTryTagObj(RefSlotKind kind, BaseObject* obj, RefField<>& field)
                                                                                       ^
/root/impl_gcunit3-aa48-run/runtime/src/Heap/Collector/TracingCollector.h:485:27: warning: unused parameter 'heapMarked' [-Wunused-parameter]
    void ResetBitmap(bool heapMarked)
                          ^
/root/impl_gcunit3-aa48-run/runtime/src/Heap/Collector/TracingCollector.h:523:47: warning: unused parameter 'root' [-Wunused-parameter]
    virtual void EnumAndTagRawRoot(ObjectRef& root, RootSet& rootSet) const
                                              ^
/root/impl_gcunit3-aa48-run/runtime/src/Heap/Collector/TracingCollector.h:523:62: warning: unused parameter 'rootSet' [-Wunused-parameter]
    virtual void EnumAndTagRawRoot(ObjectRef& root, RootSet& rootSet) const
                                                             ^
15 warnings generated.
In file included from /root/impl_gcunit3-aa48-run/runtime/tests/gc_unit/test_defect_regressions.cpp:25:
In file included from /root/impl_gcunit3-aa48-run/runtime/tests/gc_unit/gc_heap_fixture.hpp:24:
In file included from /root/impl_gcunit3-aa48-run/runtime/src/Heap/Allocator/RegionInfo.h:51:
In file included from /root/impl_gcunit3-aa48-run/runtime/src/Heap/Allocator/ForwardingTable.h:14:
/root/impl_gcunit3-aa48-run/runtime/src/Heap/Collector/ZForwarding.h:26:1: warning: class 'LiveInfo' was previously declared as a struct; this is valid, but may result in linker errors under the Microsoft C++ ABI [-Wmismatched-tags]
class LiveInfo;
^
/root/impl_gcunit3-aa48-run/runtime/src/Heap/Collector/LiveInfo.h:294:8: note: previous use is here
struct LiveInfo {
       ^
/root/impl_gcunit3-aa48-run/runtime/src/Heap/Collector/ZForwarding.h:26:1: note: did you mean struct here?
class LiveInfo;
^~~~~
struct
In file included from /root/impl_gcunit3-aa48-run/runtime/tests/gc_unit/test_defect_regressions.cpp:25:
In file included from /root/impl_gcunit3-aa48-run/runtime/tests/gc_unit/gc_heap_fixture.hpp:24:
In file included from /root/impl_gcunit3-aa48-run/runtime/src/Heap/Allocator/RegionInfo.h:51:
/root/impl_gcunit3-aa48-run/runtime/src/Heap/Allocator/ForwardingTable.h:19:1: warning: class 'LiveInfo' was previously declared as a class; this is valid, but may result in linker errors under the Microsoft C++ ABI [-Wmismatched-tags]
class LiveInfo;
^
/root/impl_gcunit3-aa48-run/runtime/src/Heap/Collector/LiveInfo.h:294:8: note: previous use is here
struct LiveInfo {
       ^
/root/impl_gcunit3-aa48-run/runtime/src/Heap/Allocator/ForwardingTable.h:19:1: note: did you mean struct here?
class LiveInfo;
^~~~~
struct
In file included from /root/impl_gcunit3-aa48-run/runtime/tests/gc_unit/test_defect_regressions.cpp:27:
/root/impl_gcunit3-aa48-run/runtime/src/Heap/Collector/TracingCollector.h:384:20: warning: unused variable 'objSize' [-Wunused-variable]
            size_t objSize = obj->GetSize();
                   ^
/root/impl_gcunit3-aa48-run/runtime/src/Heap/Collector/TracingCollector.h:392:47: warning: unused parameter 'ref' [-Wunused-parameter]
    virtual void EnumRefFieldRoot(RefField<>& ref, RootSet& rootSet) const {};
                                              ^
/root/impl_gcunit3-aa48-run/runtime/src/Heap/Collector/TracingCollector.h:392:61: warning: unused parameter 'rootSet' [-Wunused-parameter]
    virtual void EnumRefFieldRoot(RefField<>& ref, RootSet& rootSet) const {};
                                                            ^
/root/impl_gcunit3-aa48-run/runtime/src/Heap/Collector/TracingCollector.h:393:51: warning: unused parameter 'obj' [-Wunused-parameter]
    virtual void TraceObjectRefFields(BaseObject* obj, WorkStack& workStack)
                                                  ^
/root/impl_gcunit3-aa48-run/runtime/src/Heap/Collector/TracingCollector.h:393:67: warning: unused parameter 'workStack' [-Wunused-parameter]
    virtual void TraceObjectRefFields(BaseObject* obj, WorkStack& workStack)
                                                                  ^
/root/impl_gcunit3-aa48-run/runtime/src/Heap/Collector/TracingCollector.h:400:59: warning: unused parameter 'entry' [-Wunused-parameter]
    virtual void FollowPartialArray(const MarkStackEntry& entry, WorkStack& workStack)
                                                          ^
/root/impl_gcunit3-aa48-run/runtime/src/Heap/Collector/TracingCollector.h:400:77: warning: unused parameter 'workStack' [-Wunused-parameter]
    virtual void FollowPartialArray(const MarkStackEntry& entry, WorkStack& workStack)
                                                                            ^
/root/impl_gcunit3-aa48-run/runtime/src/Heap/Collector/TracingCollector.h:404:53: warning: unused parameter 'kind' [-Wunused-parameter]
    virtual BaseObject* GetAndTryTagObj(RefSlotKind kind, BaseObject* obj, RefField<>& field)
                                                    ^
/root/impl_gcunit3-aa48-run/runtime/src/Heap/Collector/TracingCollector.h:404:71: warning: unused parameter 'obj' [-Wunused-parameter]
    virtual BaseObject* GetAndTryTagObj(RefSlotKind kind, BaseObject* obj, RefField<>& field)
                                                                      ^
/root/impl_gcunit3-aa48-run/runtime/src/Heap/Collector/TracingCollector.h:404:88: warning: unused parameter 'field' [-Wunused-parameter]
    virtual BaseObject* GetAndTryTagObj(RefSlotKind kind, BaseObject* obj, RefField<>& field)
                                                                                       ^
/root/impl_gcunit3-aa48-run/runtime/src/Heap/Collector/TracingCollector.h:485:27: warning: unused parameter 'heapMarked' [-Wunused-parameter]
    void ResetBitmap(bool heapMarked)
                          ^
/root/impl_gcunit3-aa48-run/runtime/src/Heap/Collector/TracingCollector.h:523:47: warning: unused parameter 'root' [-Wunused-parameter]
    virtual void EnumAndTagRawRoot(ObjectRef& root, RootSet& rootSet) const
                                              ^
/root/impl_gcunit3-aa48-run/runtime/src/Heap/Collector/TracingCollector.h:523:62: warning: unused parameter 'rootSet' [-Wunused-parameter]
    virtual void EnumAndTagRawRoot(ObjectRef& root, RootSet& rootSet) const
                                                             ^
15 warnings generated.
In file included from /root/impl_gcunit3-aa48-run/runtime/tests/gc_unit/test_region_bitmap.cpp:15:
In file included from /root/impl_gcunit3-aa48-run/runtime/tests/gc_unit/gc_heap_fixture.hpp:24:
In file included from /root/impl_gcunit3-aa48-run/runtime/src/Heap/Allocator/RegionInfo.h:51:
In file included from /root/impl_gcunit3-aa48-run/runtime/src/Heap/Allocator/ForwardingTable.h:14:
/root/impl_gcunit3-aa48-run/runtime/src/Heap/Collector/ZForwarding.h:26:1: warning: class 'LiveInfo' was previously declared as a struct; this is valid, but may result in linker errors under the Microsoft C++ ABI [-Wmismatched-tags]
class LiveInfo;
^
/root/impl_gcunit3-aa48-run/runtime/src/Heap/Collector/LiveInfo.h:294:8: note: previous use is here
struct LiveInfo {
       ^
/root/impl_gcunit3-aa48-run/runtime/src/Heap/Collector/ZForwarding.h:26:1: note: did you mean struct here?
class LiveInfo;
^~~~~
struct
In file included from /root/impl_gcunit3-aa48-run/runtime/tests/gc_unit/test_region_bitmap.cpp:15:
In file included from /root/impl_gcunit3-aa48-run/runtime/tests/gc_unit/gc_heap_fixture.hpp:24:
In file included from /root/impl_gcunit3-aa48-run/runtime/src/Heap/Allocator/RegionInfo.h:51:
/root/impl_gcunit3-aa48-run/runtime/src/Heap/Allocator/ForwardingTable.h:19:1: warning: class 'LiveInfo' was previously declared as a class; this is valid, but may result in linker errors under the Microsoft C++ ABI [-Wmismatched-tags]
class LiveInfo;
^
/root/impl_gcunit3-aa48-run/runtime/src/Heap/Collector/LiveInfo.h:294:8: note: previous use is here
struct LiveInfo {
       ^
/root/impl_gcunit3-aa48-run/runtime/src/Heap/Allocator/ForwardingTable.h:19:1: note: did you mean struct here?
class LiveInfo;
^~~~~
struct
2 warnings generated.
In file included from /root/impl_gcunit3-aa48-run/runtime/tests/gc_unit/test_region_age.cpp:14:
In file included from /root/impl_gcunit3-aa48-run/runtime/tests/gc_unit/gc_heap_fixture.hpp:24:
In file included from /root/impl_gcunit3-aa48-run/runtime/src/Heap/Allocator/RegionInfo.h:51:
In file included from /root/impl_gcunit3-aa48-run/runtime/src/Heap/Allocator/ForwardingTable.h:14:
/root/impl_gcunit3-aa48-run/runtime/src/Heap/Collector/ZForwarding.h:26:1: warning: class 'LiveInfo' was previously declared as a struct; this is valid, but may result in linker errors under the Microsoft C++ ABI [-Wmismatched-tags]
class LiveInfo;
^
/root/impl_gcunit3-aa48-run/runtime/src/Heap/Collector/LiveInfo.h:294:8: note: previous use is here
struct LiveInfo {
       ^
/root/impl_gcunit3-aa48-run/runtime/src/Heap/Collector/ZForwarding.h:26:1: note: did you mean struct here?
class LiveInfo;
^~~~~
struct
In file included from /root/impl_gcunit3-aa48-run/runtime/tests/gc_unit/test_region_age.cpp:14:
In file included from /root/impl_gcunit3-aa48-run/runtime/tests/gc_unit/gc_heap_fixture.hpp:24:
In file included from /root/impl_gcunit3-aa48-run/runtime/src/Heap/Allocator/RegionInfo.h:51:
/root/impl_gcunit3-aa48-run/runtime/src/Heap/Allocator/ForwardingTable.h:19:1: warning: class 'LiveInfo' was previously declared as a class; this is valid, but may result in linker errors under the Microsoft C++ ABI [-Wmismatched-tags]
class LiveInfo;
^
/root/impl_gcunit3-aa48-run/runtime/src/Heap/Collector/LiveInfo.h:294:8: note: previous use is here
struct LiveInfo {
       ^
/root/impl_gcunit3-aa48-run/runtime/src/Heap/Allocator/ForwardingTable.h:19:1: note: did you mean struct here?
class LiveInfo;
^~~~~
struct
2 warnings generated.
In file included from /root/impl_gcunit3-aa48-run/runtime/tests/gc_unit/test_gctibzero.cpp:20:
In file included from /root/impl_gcunit3-aa48-run/runtime/tests/gc_unit/gc_heap_fixture.hpp:24:
In file included from /root/impl_gcunit3-aa48-run/runtime/src/Heap/Allocator/RegionInfo.h:51:
In file included from /root/impl_gcunit3-aa48-run/runtime/src/Heap/Allocator/ForwardingTable.h:14:
/root/impl_gcunit3-aa48-run/runtime/src/Heap/Collector/ZForwarding.h:26:1: warning: class 'LiveInfo' was previously declared as a struct; this is valid, but may result in linker errors under the Microsoft C++ ABI [-Wmismatched-tags]
class LiveInfo;
^
/root/impl_gcunit3-aa48-run/runtime/src/Heap/Collector/LiveInfo.h:294:8: note: previous use is here
struct LiveInfo {
       ^
/root/impl_gcunit3-aa48-run/runtime/src/Heap/Collector/ZForwarding.h:26:1: note: did you mean struct here?
class LiveInfo;
^~~~~
struct
In file included from /root/impl_gcunit3-aa48-run/runtime/tests/gc_unit/test_gctibzero.cpp:20:
In file included from /root/impl_gcunit3-aa48-run/runtime/tests/gc_unit/gc_heap_fixture.hpp:24:
In file included from /root/impl_gcunit3-aa48-run/runtime/src/Heap/Allocator/RegionInfo.h:51:
/root/impl_gcunit3-aa48-run/runtime/src/Heap/Allocator/ForwardingTable.h:19:1: warning: class 'LiveInfo' was previously declared as a class; this is valid, but may result in linker errors under the Microsoft C++ ABI [-Wmismatched-tags]
class LiveInfo;
^
/root/impl_gcunit3-aa48-run/runtime/src/Heap/Collector/LiveInfo.h:294:8: note: previous use is here
struct LiveInfo {
       ^
/root/impl_gcunit3-aa48-run/runtime/src/Heap/Allocator/ForwardingTable.h:19:1: note: did you mean struct here?
class LiveInfo;
^~~~~
struct
2 warnings generated.
In file included from /root/impl_gcunit3-aa48-run/runtime/tests/gc_unit/test_pinroot.cpp:12:
In file included from /root/impl_gcunit3-aa48-run/runtime/tests/gc_unit/gc_heap_fixture.hpp:24:
In file included from /root/impl_gcunit3-aa48-run/runtime/src/Heap/Allocator/RegionInfo.h:51:
In file included from /root/impl_gcunit3-aa48-run/runtime/src/Heap/Allocator/ForwardingTable.h:14:
/root/impl_gcunit3-aa48-run/runtime/src/Heap/Collector/ZForwarding.h:26:1: warning: class 'LiveInfo' was previously declared as a struct; this is valid, but may result in linker errors under the Microsoft C++ ABI [-Wmismatched-tags]
class LiveInfo;
^
/root/impl_gcunit3-aa48-run/runtime/src/Heap/Collector/LiveInfo.h:294:8: note: previous use is here
struct LiveInfo {
       ^
/root/impl_gcunit3-aa48-run/runtime/src/Heap/Collector/ZForwarding.h:26:1: note: did you mean struct here?
class LiveInfo;
^~~~~
struct
In file included from /root/impl_gcunit3-aa48-run/runtime/tests/gc_unit/test_pinroot.cpp:12:
In file included from /root/impl_gcunit3-aa48-run/runtime/tests/gc_unit/gc_heap_fixture.hpp:24:
In file included from /root/impl_gcunit3-aa48-run/runtime/src/Heap/Allocator/RegionInfo.h:51:
/root/impl_gcunit3-aa48-run/runtime/src/Heap/Allocator/ForwardingTable.h:19:1: warning: class 'LiveInfo' was previously declared as a class; this is valid, but may result in linker errors under the Microsoft C++ ABI [-Wmismatched-tags]
class LiveInfo;
^
/root/impl_gcunit3-aa48-run/runtime/src/Heap/Collector/LiveInfo.h:294:8: note: previous use is here
struct LiveInfo {
       ^
/root/impl_gcunit3-aa48-run/runtime/src/Heap/Allocator/ForwardingTable.h:19:1: note: did you mean struct here?
class LiveInfo;
^~~~~
struct
2 warnings generated.
In file included from /root/impl_gcunit3-aa48-run/runtime/tests/gc_unit/test_followedge.cpp:13:
In file included from /root/impl_gcunit3-aa48-run/runtime/tests/gc_unit/gc_heap_fixture.hpp:24:
In file included from /root/impl_gcunit3-aa48-run/runtime/src/Heap/Allocator/RegionInfo.h:51:
In file included from /root/impl_gcunit3-aa48-run/runtime/src/Heap/Allocator/ForwardingTable.h:14:
/root/impl_gcunit3-aa48-run/runtime/src/Heap/Collector/ZForwarding.h:26:1: warning: class 'LiveInfo' was previously declared as a struct; this is valid, but may result in linker errors under the Microsoft C++ ABI [-Wmismatched-tags]
class LiveInfo;
^
/root/impl_gcunit3-aa48-run/runtime/src/Heap/Collector/LiveInfo.h:294:8: note: previous use is here
struct LiveInfo {
       ^
/root/impl_gcunit3-aa48-run/runtime/src/Heap/Collector/ZForwarding.h:26:1: note: did you mean struct here?
class LiveInfo;
^~~~~
struct
In file included from /root/impl_gcunit3-aa48-run/runtime/tests/gc_unit/test_followedge.cpp:13:
In file included from /root/impl_gcunit3-aa48-run/runtime/tests/gc_unit/gc_heap_fixture.hpp:24:
In file included from /root/impl_gcunit3-aa48-run/runtime/src/Heap/Allocator/RegionInfo.h:51:
/root/impl_gcunit3-aa48-run/runtime/src/Heap/Allocator/ForwardingTable.h:19:1: warning: class 'LiveInfo' was previously declared as a class; this is valid, but may result in linker errors under the Microsoft C++ ABI [-Wmismatched-tags]
class LiveInfo;
^
/root/impl_gcunit3-aa48-run/runtime/src/Heap/Collector/LiveInfo.h:294:8: note: previous use is here
struct LiveInfo {
       ^
/root/impl_gcunit3-aa48-run/runtime/src/Heap/Allocator/ForwardingTable.h:19:1: note: did you mean struct here?
class LiveInfo;
^~~~~
struct
2 warnings generated.
In file included from /root/impl_gcunit3-aa48-run/runtime/tests/gc_unit/test_z_forwarding_life.cpp:17:
In file included from /root/impl_gcunit3-aa48-run/runtime/tests/gc_unit/gc_heap_fixture.hpp:24:
In file included from /root/impl_gcunit3-aa48-run/runtime/src/Heap/Allocator/RegionInfo.h:51:
In file included from /root/impl_gcunit3-aa48-run/runtime/src/Heap/Allocator/ForwardingTable.h:14:
/root/impl_gcunit3-aa48-run/runtime/src/Heap/Collector/ZForwarding.h:26:1: warning: class 'LiveInfo' was previously declared as a struct; this is valid, but may result in linker errors under the Microsoft C++ ABI [-Wmismatched-tags]
class LiveInfo;
^
/root/impl_gcunit3-aa48-run/runtime/src/Heap/Collector/LiveInfo.h:294:8: note: previous use is here
struct LiveInfo {
       ^
/root/impl_gcunit3-aa48-run/runtime/src/Heap/Collector/ZForwarding.h:26:1: note: did you mean struct here?
class LiveInfo;
^~~~~
struct
In file included from /root/impl_gcunit3-aa48-run/runtime/tests/gc_unit/test_z_forwarding_life.cpp:17:
In file included from /root/impl_gcunit3-aa48-run/runtime/tests/gc_unit/gc_heap_fixture.hpp:24:
In file included from /root/impl_gcunit3-aa48-run/runtime/src/Heap/Allocator/RegionInfo.h:51:
/root/impl_gcunit3-aa48-run/runtime/src/Heap/Allocator/ForwardingTable.h:19:1: warning: class 'LiveInfo' was previously declared as a class; this is valid, but may result in linker errors under the Microsoft C++ ABI [-Wmismatched-tags]
class LiveInfo;
^
/root/impl_gcunit3-aa48-run/runtime/src/Heap/Collector/LiveInfo.h:294:8: note: previous use is here
struct LiveInfo {
       ^
/root/impl_gcunit3-aa48-run/runtime/src/Heap/Allocator/ForwardingTable.h:19:1: note: did you mean struct here?
class LiveInfo;
^~~~~
struct
2 warnings generated.
In file included from /root/impl_gcunit3-aa48-run/runtime/tests/gc_unit/test_forwarding_no_geometry.cpp:11:
In file included from /root/impl_gcunit3-aa48-run/runtime/tests/gc_unit/gc_heap_fixture.hpp:24:
In file included from /root/impl_gcunit3-aa48-run/runtime/src/Heap/Allocator/RegionInfo.h:35:
In file included from /root/impl_gcunit3-aa48-run/runtime/src/Heap/Collector/ForwardDataManager.h:25:
/root/impl_gcunit3-aa48-run/runtime/src/Heap/Collector/LiveInfo.h:294:1: warning: 'LiveInfo' defined as a struct here but previously declared as a class; this is valid, but may result in linker errors under the Microsoft C++ ABI [-Wmismatched-tags]
struct LiveInfo {
^
/root/impl_gcunit3-aa48-run/runtime/src/Heap/Allocator/ForwardingTable.h:19:1: note: did you mean struct here?
class LiveInfo;
^~~~~
struct
/root/impl_gcunit3-aa48-run/runtime/src/Heap/Collector/ZForwarding.h:26:1: note: did you mean struct here?
class LiveInfo;
^~~~~
struct
In file included from /root/impl_gcunit3-aa48-run/runtime/tests/gc_unit/test_forwarding_no_geometry.cpp:12:
In file included from /root/impl_gcunit3-aa48-run/runtime/src/Heap/WCollector/WCollector.h:26:
In file included from /root/impl_gcunit3-aa48-run/runtime/src/Heap/Collector/CopyCollector.h:13:
/root/impl_gcunit3-aa48-run/runtime/src/Heap/Collector/TracingCollector.h:384:20: warning: unused variable 'objSize' [-Wunused-variable]
            size_t objSize = obj->GetSize();
                   ^
/root/impl_gcunit3-aa48-run/runtime/src/Heap/Collector/TracingCollector.h:392:47: warning: unused parameter 'ref' [-Wunused-parameter]
    virtual void EnumRefFieldRoot(RefField<>& ref, RootSet& rootSet) const {};
                                              ^
/root/impl_gcunit3-aa48-run/runtime/src/Heap/Collector/TracingCollector.h:392:61: warning: unused parameter 'rootSet' [-Wunused-parameter]
    virtual void EnumRefFieldRoot(RefField<>& ref, RootSet& rootSet) const {};
                                                            ^
/root/impl_gcunit3-aa48-run/runtime/src/Heap/Collector/TracingCollector.h:393:51: warning: unused parameter 'obj' [-Wunused-parameter]
    virtual void TraceObjectRefFields(BaseObject* obj, WorkStack& workStack)
                                                  ^
/root/impl_gcunit3-aa48-run/runtime/src/Heap/Collector/TracingCollector.h:393:67: warning: unused parameter 'workStack' [-Wunused-parameter]
    virtual void TraceObjectRefFields(BaseObject* obj, WorkStack& workStack)
                                                                  ^
/root/impl_gcunit3-aa48-run/runtime/src/Heap/Collector/TracingCollector.h:400:59: warning: unused parameter 'entry' [-Wunused-parameter]
    virtual void FollowPartialArray(const MarkStackEntry& entry, WorkStack& workStack)
                                                          ^
/root/impl_gcunit3-aa48-run/runtime/src/Heap/Collector/TracingCollector.h:400:77: warning: unused parameter 'workStack' [-Wunused-parameter]
    virtual void FollowPartialArray(const MarkStackEntry& entry, WorkStack& workStack)
                                                                            ^
/root/impl_gcunit3-aa48-run/runtime/src/Heap/Collector/TracingCollector.h:404:53: warning: unused parameter 'kind' [-Wunused-parameter]
    virtual BaseObject* GetAndTryTagObj(RefSlotKind kind, BaseObject* obj, RefField<>& field)
                                                    ^
/root/impl_gcunit3-aa48-run/runtime/src/Heap/Collector/TracingCollector.h:404:71: warning: unused parameter 'obj' [-Wunused-parameter]
    virtual BaseObject* GetAndTryTagObj(RefSlotKind kind, BaseObject* obj, RefField<>& field)
                                                                      ^
/root/impl_gcunit3-aa48-run/runtime/src/Heap/Collector/TracingCollector.h:404:88: warning: unused parameter 'field' [-Wunused-parameter]
    virtual BaseObject* GetAndTryTagObj(RefSlotKind kind, BaseObject* obj, RefField<>& field)
                                                                                       ^
/root/impl_gcunit3-aa48-run/runtime/src/Heap/Collector/TracingCollector.h:485:27: warning: unused parameter 'heapMarked' [-Wunused-parameter]
    void ResetBitmap(bool heapMarked)
                          ^
/root/impl_gcunit3-aa48-run/runtime/src/Heap/Collector/TracingCollector.h:523:47: warning: unused parameter 'root' [-Wunused-parameter]
    virtual void EnumAndTagRawRoot(ObjectRef& root, RootSet& rootSet) const
                                              ^
/root/impl_gcunit3-aa48-run/runtime/src/Heap/Collector/TracingCollector.h:523:62: warning: unused parameter 'rootSet' [-Wunused-parameter]
    virtual void EnumAndTagRawRoot(ObjectRef& root, RootSet& rootSet) const
                                                             ^
14 warnings generated.
In file included from /root/impl_gcunit3-aa48-run/runtime/tests/gc_unit/test_allocation_stall_queue.cpp:15:
In file included from /root/impl_gcunit3-aa48-run/runtime/src/Heap/Allocator/RegionManager.h:19:
In file included from /root/impl_gcunit3-aa48-run/runtime/src/Heap/Allocator/AllocBuffer.h:17:
In file included from /root/impl_gcunit3-aa48-run/runtime/src/Heap/Allocator/RegionList.h:11:
In file included from /root/impl_gcunit3-aa48-run/runtime/src/Heap/Allocator/RegionInfo.h:51:
In file included from /root/impl_gcunit3-aa48-run/runtime/src/Heap/Allocator/ForwardingTable.h:14:
/root/impl_gcunit3-aa48-run/runtime/src/Heap/Collector/ZForwarding.h:26:1: warning: class 'LiveInfo' was previously declared as a struct; this is valid, but may result in linker errors under the Microsoft C++ ABI [-Wmismatched-tags]
class LiveInfo;
^
/root/impl_gcunit3-aa48-run/runtime/src/Heap/Collector/LiveInfo.h:294:8: note: previous use is here
struct LiveInfo {
       ^
/root/impl_gcunit3-aa48-run/runtime/src/Heap/Collector/ZForwarding.h:26:1: note: did you mean struct here?
class LiveInfo;
^~~~~
struct
In file included from /root/impl_gcunit3-aa48-run/runtime/tests/gc_unit/test_allocation_stall_queue.cpp:15:
In file included from /root/impl_gcunit3-aa48-run/runtime/src/Heap/Allocator/RegionManager.h:19:
In file included from /root/impl_gcunit3-aa48-run/runtime/src/Heap/Allocator/AllocBuffer.h:17:
In file included from /root/impl_gcunit3-aa48-run/runtime/src/Heap/Allocator/RegionList.h:11:
In file included from /root/impl_gcunit3-aa48-run/runtime/src/Heap/Allocator/RegionInfo.h:51:
/root/impl_gcunit3-aa48-run/runtime/src/Heap/Allocator/ForwardingTable.h:19:1: warning: class 'LiveInfo' was previously declared as a class; this is valid, but may result in linker errors under the Microsoft C++ ABI [-Wmismatched-tags]
class LiveInfo;
^
/root/impl_gcunit3-aa48-run/runtime/src/Heap/Collector/LiveInfo.h:294:8: note: previous use is here
struct LiveInfo {
       ^
/root/impl_gcunit3-aa48-run/runtime/src/Heap/Allocator/ForwardingTable.h:19:1: note: did you mean struct here?
class LiveInfo;
^~~~~
struct
2 warnings generated.
In file included from /root/impl_gcunit3-aa48-run/runtime/tests/gc_unit/test_young_conc.cpp:25:
In file included from /root/impl_gcunit3-aa48-run/runtime/tests/gc_unit/gc_heap_fixture.hpp:24:
In file included from /root/impl_gcunit3-aa48-run/runtime/src/Heap/Allocator/RegionInfo.h:51:
In file included from /root/impl_gcunit3-aa48-run/runtime/src/Heap/Allocator/ForwardingTable.h:14:
/root/impl_gcunit3-aa48-run/runtime/src/Heap/Collector/ZForwarding.h:26:1: warning: class 'LiveInfo' was previously declared as a struct; this is valid, but may result in linker errors under the Microsoft C++ ABI [-Wmismatched-tags]
class LiveInfo;
^
/root/impl_gcunit3-aa48-run/runtime/src/Heap/Collector/LiveInfo.h:294:8: note: previous use is here
struct LiveInfo {
       ^
/root/impl_gcunit3-aa48-run/runtime/src/Heap/Collector/ZForwarding.h:26:1: note: did you mean struct here?
class LiveInfo;
^~~~~
struct
In file included from /root/impl_gcunit3-aa48-run/runtime/tests/gc_unit/test_young_conc.cpp:25:
In file included from /root/impl_gcunit3-aa48-run/runtime/tests/gc_unit/gc_heap_fixture.hpp:24:
In file included from /root/impl_gcunit3-aa48-run/runtime/src/Heap/Allocator/RegionInfo.h:51:
/root/impl_gcunit3-aa48-run/runtime/src/Heap/Allocator/ForwardingTable.h:19:1: warning: class 'LiveInfo' was previously declared as a class; this is valid, but may result in linker errors under the Microsoft C++ ABI [-Wmismatched-tags]
class LiveInfo;
^
/root/impl_gcunit3-aa48-run/runtime/src/Heap/Collector/LiveInfo.h:294:8: note: previous use is here
struct LiveInfo {
       ^
/root/impl_gcunit3-aa48-run/runtime/src/Heap/Allocator/ForwardingTable.h:19:1: note: did you mean struct here?
class LiveInfo;
^~~~~
struct
In file included from /root/impl_gcunit3-aa48-run/runtime/tests/gc_unit/test_young_conc.cpp:40:
In file included from /root/impl_gcunit3-aa48-run/runtime/src/Heap/Collector/CollectorProxy.h:14:
In file included from /root/impl_gcunit3-aa48-run/runtime/src/Heap/WCollector/WCollector.h:26:
In file included from /root/impl_gcunit3-aa48-run/runtime/src/Heap/Collector/CopyCollector.h:13:
/root/impl_gcunit3-aa48-run/runtime/src/Heap/Collector/TracingCollector.h:384:20: warning: unused variable 'objSize' [-Wunused-variable]
            size_t objSize = obj->GetSize();
                   ^
/root/impl_gcunit3-aa48-run/runtime/src/Heap/Collector/TracingCollector.h:392:47: warning: unused parameter 'ref' [-Wunused-parameter]
    virtual void EnumRefFieldRoot(RefField<>& ref, RootSet& rootSet) const {};
                                              ^
/root/impl_gcunit3-aa48-run/runtime/src/Heap/Collector/TracingCollector.h:392:61: warning: unused parameter 'rootSet' [-Wunused-parameter]
    virtual void EnumRefFieldRoot(RefField<>& ref, RootSet& rootSet) const {};
                                                            ^
/root/impl_gcunit3-aa48-run/runtime/src/Heap/Collector/TracingCollector.h:393:51: warning: unused parameter 'obj' [-Wunused-parameter]
    virtual void TraceObjectRefFields(BaseObject* obj, WorkStack& workStack)
                                                  ^
/root/impl_gcunit3-aa48-run/runtime/src/Heap/Collector/TracingCollector.h:393:67: warning: unused parameter 'workStack' [-Wunused-parameter]
    virtual void TraceObjectRefFields(BaseObject* obj, WorkStack& workStack)
                                                                  ^
/root/impl_gcunit3-aa48-run/runtime/src/Heap/Collector/TracingCollector.h:400:59: warning: unused parameter 'entry' [-Wunused-parameter]
    virtual void FollowPartialArray(const MarkStackEntry& entry, WorkStack& workStack)
                                                          ^
/root/impl_gcunit3-aa48-run/runtime/src/Heap/Collector/TracingCollector.h:400:77: warning: unused parameter 'workStack' [-Wunused-parameter]
    virtual void FollowPartialArray(const MarkStackEntry& entry, WorkStack& workStack)
                                                                            ^
/root/impl_gcunit3-aa48-run/runtime/src/Heap/Collector/TracingCollector.h:404:53: warning: unused parameter 'kind' [-Wunused-parameter]
    virtual BaseObject* GetAndTryTagObj(RefSlotKind kind, BaseObject* obj, RefField<>& field)
                                                    ^
/root/impl_gcunit3-aa48-run/runtime/src/Heap/Collector/TracingCollector.h:404:71: warning: unused parameter 'obj' [-Wunused-parameter]
    virtual BaseObject* GetAndTryTagObj(RefSlotKind kind, BaseObject* obj, RefField<>& field)
                                                                      ^
/root/impl_gcunit3-aa48-run/runtime/src/Heap/Collector/TracingCollector.h:404:88: warning: unused parameter 'field' [-Wunused-parameter]
    virtual BaseObject* GetAndTryTagObj(RefSlotKind kind, BaseObject* obj, RefField<>& field)
                                                                                       ^
/root/impl_gcunit3-aa48-run/runtime/src/Heap/Collector/TracingCollector.h:485:27: warning: unused parameter 'heapMarked' [-Wunused-parameter]
    void ResetBitmap(bool heapMarked)
                          ^
/root/impl_gcunit3-aa48-run/runtime/src/Heap/Collector/TracingCollector.h:523:47: warning: unused parameter 'root' [-Wunused-parameter]
    virtual void EnumAndTagRawRoot(ObjectRef& root, RootSet& rootSet) const
                                              ^
/root/impl_gcunit3-aa48-run/runtime/src/Heap/Collector/TracingCollector.h:523:62: warning: unused parameter 'rootSet' [-Wunused-parameter]
    virtual void EnumAndTagRawRoot(ObjectRef& root, RootSet& rootSet) const
                                                             ^
15 warnings generated.
In file included from /root/impl_gcunit3-aa48-run/runtime/tests/gc_unit/test_young_weak.cpp:12:
In file included from /root/impl_gcunit3-aa48-run/runtime/tests/gc_unit/gc_heap_fixture.hpp:24:
In file included from /root/impl_gcunit3-aa48-run/runtime/src/Heap/Allocator/RegionInfo.h:51:
In file included from /root/impl_gcunit3-aa48-run/runtime/src/Heap/Allocator/ForwardingTable.h:14:
/root/impl_gcunit3-aa48-run/runtime/src/Heap/Collector/ZForwarding.h:26:1: warning: class 'LiveInfo' was previously declared as a struct; this is valid, but may result in linker errors under the Microsoft C++ ABI [-Wmismatched-tags]
class LiveInfo;
^
/root/impl_gcunit3-aa48-run/runtime/src/Heap/Collector/LiveInfo.h:294:8: note: previous use is here
struct LiveInfo {
       ^
/root/impl_gcunit3-aa48-run/runtime/src/Heap/Collector/ZForwarding.h:26:1: note: did you mean struct here?
class LiveInfo;
^~~~~
struct
In file included from /root/impl_gcunit3-aa48-run/runtime/tests/gc_unit/test_young_weak.cpp:12:
In file included from /root/impl_gcunit3-aa48-run/runtime/tests/gc_unit/gc_heap_fixture.hpp:24:
In file included from /root/impl_gcunit3-aa48-run/runtime/src/Heap/Allocator/RegionInfo.h:51:
/root/impl_gcunit3-aa48-run/runtime/src/Heap/Allocator/ForwardingTable.h:19:1: warning: class 'LiveInfo' was previously declared as a class; this is valid, but may result in linker errors under the Microsoft C++ ABI [-Wmismatched-tags]
class LiveInfo;
^
/root/impl_gcunit3-aa48-run/runtime/src/Heap/Collector/LiveInfo.h:294:8: note: previous use is here
struct LiveInfo {
       ^
/root/impl_gcunit3-aa48-run/runtime/src/Heap/Allocator/ForwardingTable.h:19:1: note: did you mean struct here?
class LiveInfo;
^~~~~
struct
In file included from /root/impl_gcunit3-aa48-run/runtime/tests/gc_unit/test_young_weak.cpp:18:
In file included from /root/impl_gcunit3-aa48-run/runtime/src/Heap/Collector/CollectorProxy.h:14:
In file included from /root/impl_gcunit3-aa48-run/runtime/src/Heap/WCollector/WCollector.h:26:
In file included from /root/impl_gcunit3-aa48-run/runtime/src/Heap/Collector/CopyCollector.h:13:
/root/impl_gcunit3-aa48-run/runtime/src/Heap/Collector/TracingCollector.h:384:20: warning: unused variable 'objSize' [-Wunused-variable]
            size_t objSize = obj->GetSize();
                   ^
/root/impl_gcunit3-aa48-run/runtime/src/Heap/Collector/TracingCollector.h:392:47: warning: unused parameter 'ref' [-Wunused-parameter]
    virtual void EnumRefFieldRoot(RefField<>& ref, RootSet& rootSet) const {};
                                              ^
/root/impl_gcunit3-aa48-run/runtime/src/Heap/Collector/TracingCollector.h:392:61: warning: unused parameter 'rootSet' [-Wunused-parameter]
    virtual void EnumRefFieldRoot(RefField<>& ref, RootSet& rootSet) const {};
                                                            ^
/root/impl_gcunit3-aa48-run/runtime/src/Heap/Collector/TracingCollector.h:393:51: warning: unused parameter 'obj' [-Wunused-parameter]
    virtual void TraceObjectRefFields(BaseObject* obj, WorkStack& workStack)
                                                  ^
/root/impl_gcunit3-aa48-run/runtime/src/Heap/Collector/TracingCollector.h:393:67: warning: unused parameter 'workStack' [-Wunused-parameter]
    virtual void TraceObjectRefFields(BaseObject* obj, WorkStack& workStack)
                                                                  ^
/root/impl_gcunit3-aa48-run/runtime/src/Heap/Collector/TracingCollector.h:400:59: warning: unused parameter 'entry' [-Wunused-parameter]
    virtual void FollowPartialArray(const MarkStackEntry& entry, WorkStack& workStack)
                                                          ^
/root/impl_gcunit3-aa48-run/runtime/src/Heap/Collector/TracingCollector.h:400:77: warning: unused parameter 'workStack' [-Wunused-parameter]
    virtual void FollowPartialArray(const MarkStackEntry& entry, WorkStack& workStack)
                                                                            ^
/root/impl_gcunit3-aa48-run/runtime/src/Heap/Collector/TracingCollector.h:404:53: warning: unused parameter 'kind' [-Wunused-parameter]
    virtual BaseObject* GetAndTryTagObj(RefSlotKind kind, BaseObject* obj, RefField<>& field)
                                                    ^
/root/impl_gcunit3-aa48-run/runtime/src/Heap/Collector/TracingCollector.h:404:71: warning: unused parameter 'obj' [-Wunused-parameter]
    virtual BaseObject* GetAndTryTagObj(RefSlotKind kind, BaseObject* obj, RefField<>& field)
                                                                      ^
/root/impl_gcunit3-aa48-run/runtime/src/Heap/Collector/TracingCollector.h:404:88: warning: unused parameter 'field' [-Wunused-parameter]
    virtual BaseObject* GetAndTryTagObj(RefSlotKind kind, BaseObject* obj, RefField<>& field)
                                                                                       ^
/root/impl_gcunit3-aa48-run/runtime/src/Heap/Collector/TracingCollector.h:485:27: warning: unused parameter 'heapMarked' [-Wunused-parameter]
    void ResetBitmap(bool heapMarked)
                          ^
/root/impl_gcunit3-aa48-run/runtime/src/Heap/Collector/TracingCollector.h:523:47: warning: unused parameter 'root' [-Wunused-parameter]
    virtual void EnumAndTagRawRoot(ObjectRef& root, RootSet& rootSet) const
                                              ^
/root/impl_gcunit3-aa48-run/runtime/src/Heap/Collector/TracingCollector.h:523:62: warning: unused parameter 'rootSet' [-Wunused-parameter]
    virtual void EnumAndTagRawRoot(ObjectRef& root, RootSet& rootSet) const
                                                             ^
15 warnings generated.
In file included from /root/impl_gcunit3-aa48-run/runtime/tests/gc_unit/test_store_barrier_buffer.cpp:23:
In file included from /root/impl_gcunit3-aa48-run/runtime/tests/gc_unit/gc_heap_fixture.hpp:24:
In file included from /root/impl_gcunit3-aa48-run/runtime/src/Heap/Allocator/RegionInfo.h:51:
In file included from /root/impl_gcunit3-aa48-run/runtime/src/Heap/Allocator/ForwardingTable.h:14:
/root/impl_gcunit3-aa48-run/runtime/src/Heap/Collector/ZForwarding.h:26:1: warning: class 'LiveInfo' was previously declared as a struct; this is valid, but may result in linker errors under the Microsoft C++ ABI [-Wmismatched-tags]
class LiveInfo;
^
/root/impl_gcunit3-aa48-run/runtime/src/Heap/Collector/LiveInfo.h:294:8: note: previous use is here
struct LiveInfo {
       ^
/root/impl_gcunit3-aa48-run/runtime/src/Heap/Collector/ZForwarding.h:26:1: note: did you mean struct here?
class LiveInfo;
^~~~~
struct
In file included from /root/impl_gcunit3-aa48-run/runtime/tests/gc_unit/test_store_barrier_buffer.cpp:23:
In file included from /root/impl_gcunit3-aa48-run/runtime/tests/gc_unit/gc_heap_fixture.hpp:24:
In file included from /root/impl_gcunit3-aa48-run/runtime/src/Heap/Allocator/RegionInfo.h:51:
/root/impl_gcunit3-aa48-run/runtime/src/Heap/Allocator/ForwardingTable.h:19:1: warning: class 'LiveInfo' was previously declared as a class; this is valid, but may result in linker errors under the Microsoft C++ ABI [-Wmismatched-tags]
class LiveInfo;
^
/root/impl_gcunit3-aa48-run/runtime/src/Heap/Collector/LiveInfo.h:294:8: note: previous use is here
struct LiveInfo {
       ^
/root/impl_gcunit3-aa48-run/runtime/src/Heap/Allocator/ForwardingTable.h:19:1: note: did you mean struct here?
class LiveInfo;
^~~~~
struct
In file included from /root/impl_gcunit3-aa48-run/runtime/tests/gc_unit/test_store_barrier_buffer.cpp:32:
In file included from /root/impl_gcunit3-aa48-run/runtime/src/Heap/Collector/CollectorProxy.h:14:
In file included from /root/impl_gcunit3-aa48-run/runtime/src/Heap/WCollector/WCollector.h:26:
In file included from /root/impl_gcunit3-aa48-run/runtime/src/Heap/Collector/CopyCollector.h:13:
/root/impl_gcunit3-aa48-run/runtime/src/Heap/Collector/TracingCollector.h:384:20: warning: unused variable 'objSize' [-Wunused-variable]
            size_t objSize = obj->GetSize();
                   ^
/root/impl_gcunit3-aa48-run/runtime/src/Heap/Collector/TracingCollector.h:392:47: warning: unused parameter 'ref' [-Wunused-parameter]
    virtual void EnumRefFieldRoot(RefField<>& ref, RootSet& rootSet) const {};
                                              ^
/root/impl_gcunit3-aa48-run/runtime/src/Heap/Collector/TracingCollector.h:392:61: warning: unused parameter 'rootSet' [-Wunused-parameter]
    virtual void EnumRefFieldRoot(RefField<>& ref, RootSet& rootSet) const {};
                                                            ^
/root/impl_gcunit3-aa48-run/runtime/src/Heap/Collector/TracingCollector.h:393:51: warning: unused parameter 'obj' [-Wunused-parameter]
    virtual void TraceObjectRefFields(BaseObject* obj, WorkStack& workStack)
                                                  ^
/root/impl_gcunit3-aa48-run/runtime/src/Heap/Collector/TracingCollector.h:393:67: warning: unused parameter 'workStack' [-Wunused-parameter]
    virtual void TraceObjectRefFields(BaseObject* obj, WorkStack& workStack)
                                                                  ^
/root/impl_gcunit3-aa48-run/runtime/src/Heap/Collector/TracingCollector.h:400:59: warning: unused parameter 'entry' [-Wunused-parameter]
    virtual void FollowPartialArray(const MarkStackEntry& entry, WorkStack& workStack)
                                                          ^
/root/impl_gcunit3-aa48-run/runtime/src/Heap/Collector/TracingCollector.h:400:77: warning: unused parameter 'workStack' [-Wunused-parameter]
    virtual void FollowPartialArray(const MarkStackEntry& entry, WorkStack& workStack)
                                                                            ^
/root/impl_gcunit3-aa48-run/runtime/src/Heap/Collector/TracingCollector.h:404:53: warning: unused parameter 'kind' [-Wunused-parameter]
    virtual BaseObject* GetAndTryTagObj(RefSlotKind kind, BaseObject* obj, RefField<>& field)
                                                    ^
/root/impl_gcunit3-aa48-run/runtime/src/Heap/Collector/TracingCollector.h:404:71: warning: unused parameter 'obj' [-Wunused-parameter]
    virtual BaseObject* GetAndTryTagObj(RefSlotKind kind, BaseObject* obj, RefField<>& field)
                                                                      ^
/root/impl_gcunit3-aa48-run/runtime/src/Heap/Collector/TracingCollector.h:404:88: warning: unused parameter 'field' [-Wunused-parameter]
    virtual BaseObject* GetAndTryTagObj(RefSlotKind kind, BaseObject* obj, RefField<>& field)
                                                                                       ^
/root/impl_gcunit3-aa48-run/runtime/src/Heap/Collector/TracingCollector.h:485:27: warning: unused parameter 'heapMarked' [-Wunused-parameter]
    void ResetBitmap(bool heapMarked)
                          ^
/root/impl_gcunit3-aa48-run/runtime/src/Heap/Collector/TracingCollector.h:523:47: warning: unused parameter 'root' [-Wunused-parameter]
    virtual void EnumAndTagRawRoot(ObjectRef& root, RootSet& rootSet) const
                                              ^
/root/impl_gcunit3-aa48-run/runtime/src/Heap/Collector/TracingCollector.h:523:62: warning: unused parameter 'rootSet' [-Wunused-parameter]
    virtual void EnumAndTagRawRoot(ObjectRef& root, RootSet& rootSet) const
                                                             ^
15 warnings generated.
In file included from /root/impl_gcunit3-aa48-run/runtime/tests/gc_unit/test_barrier_old_atomic.cpp:17:
In file included from /root/impl_gcunit3-aa48-run/runtime/tests/gc_unit/gc_heap_fixture.hpp:24:
In file included from /root/impl_gcunit3-aa48-run/runtime/src/Heap/Allocator/RegionInfo.h:51:
In file included from /root/impl_gcunit3-aa48-run/runtime/src/Heap/Allocator/ForwardingTable.h:14:
/root/impl_gcunit3-aa48-run/runtime/src/Heap/Collector/ZForwarding.h:26:1: warning: class 'LiveInfo' was previously declared as a struct; this is valid, but may result in linker errors under the Microsoft C++ ABI [-Wmismatched-tags]
class LiveInfo;
^
/root/impl_gcunit3-aa48-run/runtime/src/Heap/Collector/LiveInfo.h:294:8: note: previous use is here
struct LiveInfo {
       ^
/root/impl_gcunit3-aa48-run/runtime/src/Heap/Collector/ZForwarding.h:26:1: note: did you mean struct here?
class LiveInfo;
^~~~~
struct
In file included from /root/impl_gcunit3-aa48-run/runtime/tests/gc_unit/test_barrier_old_atomic.cpp:17:
In file included from /root/impl_gcunit3-aa48-run/runtime/tests/gc_unit/gc_heap_fixture.hpp:24:
In file included from /root/impl_gcunit3-aa48-run/runtime/src/Heap/Allocator/RegionInfo.h:51:
/root/impl_gcunit3-aa48-run/runtime/src/Heap/Allocator/ForwardingTable.h:19:1: warning: class 'LiveInfo' was previously declared as a class; this is valid, but may result in linker errors under the Microsoft C++ ABI [-Wmismatched-tags]
class LiveInfo;
^
/root/impl_gcunit3-aa48-run/runtime/src/Heap/Collector/LiveInfo.h:294:8: note: previous use is here
struct LiveInfo {
       ^
/root/impl_gcunit3-aa48-run/runtime/src/Heap/Allocator/ForwardingTable.h:19:1: note: did you mean struct here?
class LiveInfo;
^~~~~
struct
In file included from /root/impl_gcunit3-aa48-run/runtime/tests/gc_unit/test_barrier_old_atomic.cpp:29:
In file included from /root/impl_gcunit3-aa48-run/runtime/src/Heap/Collector/CollectorProxy.h:14:
In file included from /root/impl_gcunit3-aa48-run/runtime/src/Heap/WCollector/WCollector.h:26:
In file included from /root/impl_gcunit3-aa48-run/runtime/src/Heap/Collector/CopyCollector.h:13:
/root/impl_gcunit3-aa48-run/runtime/src/Heap/Collector/TracingCollector.h:384:20: warning: unused variable 'objSize' [-Wunused-variable]
            size_t objSize = obj->GetSize();
                   ^
/root/impl_gcunit3-aa48-run/runtime/src/Heap/Collector/TracingCollector.h:392:47: warning: unused parameter 'ref' [-Wunused-parameter]
    virtual void EnumRefFieldRoot(RefField<>& ref, RootSet& rootSet) const {};
                                              ^
/root/impl_gcunit3-aa48-run/runtime/src/Heap/Collector/TracingCollector.h:392:61: warning: unused parameter 'rootSet' [-Wunused-parameter]
    virtual void EnumRefFieldRoot(RefField<>& ref, RootSet& rootSet) const {};
                                                            ^
/root/impl_gcunit3-aa48-run/runtime/src/Heap/Collector/TracingCollector.h:393:51: warning: unused parameter 'obj' [-Wunused-parameter]
    virtual void TraceObjectRefFields(BaseObject* obj, WorkStack& workStack)
                                                  ^
/root/impl_gcunit3-aa48-run/runtime/src/Heap/Collector/TracingCollector.h:393:67: warning: unused parameter 'workStack' [-Wunused-parameter]
    virtual void TraceObjectRefFields(BaseObject* obj, WorkStack& workStack)
                                                                  ^
/root/impl_gcunit3-aa48-run/runtime/src/Heap/Collector/TracingCollector.h:400:59: warning: unused parameter 'entry' [-Wunused-parameter]
    virtual void FollowPartialArray(const MarkStackEntry& entry, WorkStack& workStack)
                                                          ^
/root/impl_gcunit3-aa48-run/runtime/src/Heap/Collector/TracingCollector.h:400:77: warning: unused parameter 'workStack' [-Wunused-parameter]
    virtual void FollowPartialArray(const MarkStackEntry& entry, WorkStack& workStack)
                                                                            ^
/root/impl_gcunit3-aa48-run/runtime/src/Heap/Collector/TracingCollector.h:404:53: warning: unused parameter 'kind' [-Wunused-parameter]
    virtual BaseObject* GetAndTryTagObj(RefSlotKind kind, BaseObject* obj, RefField<>& field)
                                                    ^
/root/impl_gcunit3-aa48-run/runtime/src/Heap/Collector/TracingCollector.h:404:71: warning: unused parameter 'obj' [-Wunused-parameter]
    virtual BaseObject* GetAndTryTagObj(RefSlotKind kind, BaseObject* obj, RefField<>& field)
                                                                      ^
/root/impl_gcunit3-aa48-run/runtime/src/Heap/Collector/TracingCollector.h:404:88: warning: unused parameter 'field' [-Wunused-parameter]
    virtual BaseObject* GetAndTryTagObj(RefSlotKind kind, BaseObject* obj, RefField<>& field)
                                                                                       ^
/root/impl_gcunit3-aa48-run/runtime/src/Heap/Collector/TracingCollector.h:485:27: warning: unused parameter 'heapMarked' [-Wunused-parameter]
    void ResetBitmap(bool heapMarked)
                          ^
/root/impl_gcunit3-aa48-run/runtime/src/Heap/Collector/TracingCollector.h:523:47: warning: unused parameter 'root' [-Wunused-parameter]
    virtual void EnumAndTagRawRoot(ObjectRef& root, RootSet& rootSet) const
                                              ^
/root/impl_gcunit3-aa48-run/runtime/src/Heap/Collector/TracingCollector.h:523:62: warning: unused parameter 'rootSet' [-Wunused-parameter]
    virtual void EnumAndTagRawRoot(ObjectRef& root, RootSet& rootSet) const
                                                             ^
15 warnings generated.
In file included from /root/impl_gcunit3-aa48-run/runtime/tests/gc_unit/test_stay_young.cpp:9:
In file included from /root/impl_gcunit3-aa48-run/runtime/tests/gc_unit/gc_heap_fixture.hpp:24:
In file included from /root/impl_gcunit3-aa48-run/runtime/src/Heap/Allocator/RegionInfo.h:51:
In file included from /root/impl_gcunit3-aa48-run/runtime/src/Heap/Allocator/ForwardingTable.h:14:
/root/impl_gcunit3-aa48-run/runtime/src/Heap/Collector/ZForwarding.h:26:1: warning: class 'LiveInfo' was previously declared as a struct; this is valid, but may result in linker errors under the Microsoft C++ ABI [-Wmismatched-tags]
class LiveInfo;
^
/root/impl_gcunit3-aa48-run/runtime/src/Heap/Collector/LiveInfo.h:294:8: note: previous use is here
struct LiveInfo {
       ^
/root/impl_gcunit3-aa48-run/runtime/src/Heap/Collector/ZForwarding.h:26:1: note: did you mean struct here?
class LiveInfo;
^~~~~
struct
In file included from /root/impl_gcunit3-aa48-run/runtime/tests/gc_unit/test_stay_young.cpp:9:
In file included from /root/impl_gcunit3-aa48-run/runtime/tests/gc_unit/gc_heap_fixture.hpp:24:
In file included from /root/impl_gcunit3-aa48-run/runtime/src/Heap/Allocator/RegionInfo.h:51:
/root/impl_gcunit3-aa48-run/runtime/src/Heap/Allocator/ForwardingTable.h:19:1: warning: class 'LiveInfo' was previously declared as a class; this is valid, but may result in linker errors under the Microsoft C++ ABI [-Wmismatched-tags]
class LiveInfo;
^
/root/impl_gcunit3-aa48-run/runtime/src/Heap/Collector/LiveInfo.h:294:8: note: previous use is here
struct LiveInfo {
       ^
/root/impl_gcunit3-aa48-run/runtime/src/Heap/Allocator/ForwardingTable.h:19:1: note: did you mean struct here?
class LiveInfo;
^~~~~
struct
2 warnings generated.
In file included from /root/impl_gcunit3-aa48-run/runtime/tests/gc_unit/test_gc_request_sync.cpp:28:
In file included from /root/impl_gcunit3-aa48-run/runtime/src/Heap/Allocator/RegionSpace.h:19:
In file included from /root/impl_gcunit3-aa48-run/runtime/src/Heap/Allocator/Allocator.h:11:
In file included from /root/impl_gcunit3-aa48-run/runtime/src/Heap/Allocator/AllocBufferManager.h:15:
In file included from /root/impl_gcunit3-aa48-run/runtime/src/Heap/Allocator/AllocBuffer.h:17:
In file included from /root/impl_gcunit3-aa48-run/runtime/src/Heap/Allocator/RegionList.h:11:
In file included from /root/impl_gcunit3-aa48-run/runtime/src/Heap/Allocator/RegionInfo.h:51:
In file included from /root/impl_gcunit3-aa48-run/runtime/src/Heap/Allocator/ForwardingTable.h:14:
/root/impl_gcunit3-aa48-run/runtime/src/Heap/Collector/ZForwarding.h:26:1: warning: class 'LiveInfo' was previously declared as a struct; this is valid, but may result in linker errors under the Microsoft C++ ABI [-Wmismatched-tags]
class LiveInfo;
^
/root/impl_gcunit3-aa48-run/runtime/src/Heap/Collector/LiveInfo.h:294:8: note: previous use is here
struct LiveInfo {
       ^
/root/impl_gcunit3-aa48-run/runtime/src/Heap/Collector/ZForwarding.h:26:1: note: did you mean struct here?
class LiveInfo;
^~~~~
struct
In file included from /root/impl_gcunit3-aa48-run/runtime/tests/gc_unit/test_gc_request_sync.cpp:28:
In file included from /root/impl_gcunit3-aa48-run/runtime/src/Heap/Allocator/RegionSpace.h:19:
In file included from /root/impl_gcunit3-aa48-run/runtime/src/Heap/Allocator/Allocator.h:11:
In file included from /root/impl_gcunit3-aa48-run/runtime/src/Heap/Allocator/AllocBufferManager.h:15:
In file included from /root/impl_gcunit3-aa48-run/runtime/src/Heap/Allocator/AllocBuffer.h:17:
In file included from /root/impl_gcunit3-aa48-run/runtime/src/Heap/Allocator/RegionList.h:11:
In file included from /root/impl_gcunit3-aa48-run/runtime/src/Heap/Allocator/RegionInfo.h:51:
/root/impl_gcunit3-aa48-run/runtime/src/Heap/Allocator/ForwardingTable.h:19:1: warning: class 'LiveInfo' was previously declared as a class; this is valid, but may result in linker errors under the Microsoft C++ ABI [-Wmismatched-tags]
class LiveInfo;
^
/root/impl_gcunit3-aa48-run/runtime/src/Heap/Collector/LiveInfo.h:294:8: note: previous use is here
struct LiveInfo {
       ^
/root/impl_gcunit3-aa48-run/runtime/src/Heap/Allocator/ForwardingTable.h:19:1: note: did you mean struct here?
class LiveInfo;
^~~~~
struct
In file included from /root/impl_gcunit3-aa48-run/runtime/tests/gc_unit/test_gc_request_sync.cpp:29:
In file included from /root/impl_gcunit3-aa48-run/runtime/src/Heap/Collector/CollectorProxy.h:14:
In file included from /root/impl_gcunit3-aa48-run/runtime/src/Heap/WCollector/WCollector.h:26:
In file included from /root/impl_gcunit3-aa48-run/runtime/src/Heap/Collector/CopyCollector.h:13:
/root/impl_gcunit3-aa48-run/runtime/src/Heap/Collector/TracingCollector.h:384:20: warning: unused variable 'objSize' [-Wunused-variable]
            size_t objSize = obj->GetSize();
                   ^
/root/impl_gcunit3-aa48-run/runtime/src/Heap/Collector/TracingCollector.h:392:47: warning: unused parameter 'ref' [-Wunused-parameter]
    virtual void EnumRefFieldRoot(RefField<>& ref, RootSet& rootSet) const {};
                                              ^
/root/impl_gcunit3-aa48-run/runtime/src/Heap/Collector/TracingCollector.h:392:61: warning: unused parameter 'rootSet' [-Wunused-parameter]
    virtual void EnumRefFieldRoot(RefField<>& ref, RootSet& rootSet) const {};
                                                            ^
/root/impl_gcunit3-aa48-run/runtime/src/Heap/Collector/TracingCollector.h:393:51: warning: unused parameter 'obj' [-Wunused-parameter]
    virtual void TraceObjectRefFields(BaseObject* obj, WorkStack& workStack)
                                                  ^
/root/impl_gcunit3-aa48-run/runtime/src/Heap/Collector/TracingCollector.h:393:67: warning: unused parameter 'workStack' [-Wunused-parameter]
    virtual void TraceObjectRefFields(BaseObject* obj, WorkStack& workStack)
                                                                  ^
/root/impl_gcunit3-aa48-run/runtime/src/Heap/Collector/TracingCollector.h:400:59: warning: unused parameter 'entry' [-Wunused-parameter]
    virtual void FollowPartialArray(const MarkStackEntry& entry, WorkStack& workStack)
                                                          ^
/root/impl_gcunit3-aa48-run/runtime/src/Heap/Collector/TracingCollector.h:400:77: warning: unused parameter 'workStack' [-Wunused-parameter]
    virtual void FollowPartialArray(const MarkStackEntry& entry, WorkStack& workStack)
                                                                            ^
/root/impl_gcunit3-aa48-run/runtime/src/Heap/Collector/TracingCollector.h:404:53: warning: unused parameter 'kind' [-Wunused-parameter]
    virtual BaseObject* GetAndTryTagObj(RefSlotKind kind, BaseObject* obj, RefField<>& field)
                                                    ^
/root/impl_gcunit3-aa48-run/runtime/src/Heap/Collector/TracingCollector.h:404:71: warning: unused parameter 'obj' [-Wunused-parameter]
    virtual BaseObject* GetAndTryTagObj(RefSlotKind kind, BaseObject* obj, RefField<>& field)
                                                                      ^
/root/impl_gcunit3-aa48-run/runtime/src/Heap/Collector/TracingCollector.h:404:88: warning: unused parameter 'field' [-Wunused-parameter]
    virtual BaseObject* GetAndTryTagObj(RefSlotKind kind, BaseObject* obj, RefField<>& field)
                                                                                       ^
/root/impl_gcunit3-aa48-run/runtime/src/Heap/Collector/TracingCollector.h:485:27: warning: unused parameter 'heapMarked' [-Wunused-parameter]
    void ResetBitmap(bool heapMarked)
                          ^
/root/impl_gcunit3-aa48-run/runtime/src/Heap/Collector/TracingCollector.h:523:47: warning: unused parameter 'root' [-Wunused-parameter]
    virtual void EnumAndTagRawRoot(ObjectRef& root, RootSet& rootSet) const
                                              ^
/root/impl_gcunit3-aa48-run/runtime/src/Heap/Collector/TracingCollector.h:523:62: warning: unused parameter 'rootSet' [-Wunused-parameter]
    virtual void EnumAndTagRawRoot(ObjectRef& root, RootSet& rootSet) const
                                                             ^
15 warnings generated.
In file included from /root/impl_gcunit3-aa48-run/runtime/tests/gc_unit/test_uncommitter.cpp:11:
In file included from /root/impl_gcunit3-aa48-run/runtime/src/Heap/Allocator/FreeRegionManager.h:14:
In file included from /root/impl_gcunit3-aa48-run/runtime/src/Heap/Allocator/RegionInfo.h:51:
In file included from /root/impl_gcunit3-aa48-run/runtime/src/Heap/Allocator/ForwardingTable.h:14:
/root/impl_gcunit3-aa48-run/runtime/src/Heap/Collector/ZForwarding.h:26:1: warning: class 'LiveInfo' was previously declared as a struct; this is valid, but may result in linker errors under the Microsoft C++ ABI [-Wmismatched-tags]
class LiveInfo;
^
/root/impl_gcunit3-aa48-run/runtime/src/Heap/Collector/LiveInfo.h:294:8: note: previous use is here
struct LiveInfo {
       ^
/root/impl_gcunit3-aa48-run/runtime/src/Heap/Collector/ZForwarding.h:26:1: note: did you mean struct here?
class LiveInfo;
^~~~~
struct
In file included from /root/impl_gcunit3-aa48-run/runtime/tests/gc_unit/test_uncommitter.cpp:11:
In file included from /root/impl_gcunit3-aa48-run/runtime/src/Heap/Allocator/FreeRegionManager.h:14:
In file included from /root/impl_gcunit3-aa48-run/runtime/src/Heap/Allocator/RegionInfo.h:51:
/root/impl_gcunit3-aa48-run/runtime/src/Heap/Allocator/ForwardingTable.h:19:1: warning: class 'LiveInfo' was previously declared as a class; this is valid, but may result in linker errors under the Microsoft C++ ABI [-Wmismatched-tags]
class LiveInfo;
^
/root/impl_gcunit3-aa48-run/runtime/src/Heap/Collector/LiveInfo.h:294:8: note: previous use is here
struct LiveInfo {
       ^
/root/impl_gcunit3-aa48-run/runtime/src/Heap/Allocator/ForwardingTable.h:19:1: note: did you mean struct here?
class LiveInfo;
^~~~~
struct
2 warnings generated.
In file included from /root/impl_gcunit3-aa48-run/runtime/tests/gc_unit/test_relocation_request_queue.cpp:13:
In file included from /root/impl_gcunit3-aa48-run/runtime/tests/gc_unit/gc_heap_fixture.hpp:24:
In file included from /root/impl_gcunit3-aa48-run/runtime/src/Heap/Allocator/RegionInfo.h:51:
In file included from /root/impl_gcunit3-aa48-run/runtime/src/Heap/Allocator/ForwardingTable.h:14:
/root/impl_gcunit3-aa48-run/runtime/src/Heap/Collector/ZForwarding.h:26:1: warning: class 'LiveInfo' was previously declared as a struct; this is valid, but may result in linker errors under the Microsoft C++ ABI [-Wmismatched-tags]
class LiveInfo;
^
/root/impl_gcunit3-aa48-run/runtime/src/Heap/Collector/LiveInfo.h:294:8: note: previous use is here
struct LiveInfo {
       ^
/root/impl_gcunit3-aa48-run/runtime/src/Heap/Collector/ZForwarding.h:26:1: note: did you mean struct here?
class LiveInfo;
^~~~~
struct
In file included from /root/impl_gcunit3-aa48-run/runtime/tests/gc_unit/test_relocation_request_queue.cpp:13:
In file included from /root/impl_gcunit3-aa48-run/runtime/tests/gc_unit/gc_heap_fixture.hpp:24:
In file included from /root/impl_gcunit3-aa48-run/runtime/src/Heap/Allocator/RegionInfo.h:51:
/root/impl_gcunit3-aa48-run/runtime/src/Heap/Allocator/ForwardingTable.h:19:1: warning: class 'LiveInfo' was previously declared as a class; this is valid, but may result in linker errors under the Microsoft C++ ABI [-Wmismatched-tags]
class LiveInfo;
^
/root/impl_gcunit3-aa48-run/runtime/src/Heap/Collector/LiveInfo.h:294:8: note: previous use is here
struct LiveInfo {
       ^
/root/impl_gcunit3-aa48-run/runtime/src/Heap/Allocator/ForwardingTable.h:19:1: note: did you mean struct here?
class LiveInfo;
^~~~~
struct
2 warnings generated.
In file included from /root/impl_gcunit3-aa48-run/runtime/tests/gc_unit/test_gc_thread_pool.cpp:13:
In file included from /root/impl_gcunit3-aa48-run/runtime/tests/gc_unit/gc_heap_fixture.hpp:24:
In file included from /root/impl_gcunit3-aa48-run/runtime/src/Heap/Allocator/RegionInfo.h:51:
In file included from /root/impl_gcunit3-aa48-run/runtime/src/Heap/Allocator/ForwardingTable.h:14:
/root/impl_gcunit3-aa48-run/runtime/src/Heap/Collector/ZForwarding.h:26:1: warning: class 'LiveInfo' was previously declared as a struct; this is valid, but may result in linker errors under the Microsoft C++ ABI [-Wmismatched-tags]
class LiveInfo;
^
/root/impl_gcunit3-aa48-run/runtime/src/Heap/Collector/LiveInfo.h:294:8: note: previous use is here
struct LiveInfo {
       ^
/root/impl_gcunit3-aa48-run/runtime/src/Heap/Collector/ZForwarding.h:26:1: note: did you mean struct here?
class LiveInfo;
^~~~~
struct
In file included from /root/impl_gcunit3-aa48-run/runtime/tests/gc_unit/test_gc_thread_pool.cpp:13:
In file included from /root/impl_gcunit3-aa48-run/runtime/tests/gc_unit/gc_heap_fixture.hpp:24:
In file included from /root/impl_gcunit3-aa48-run/runtime/src/Heap/Allocator/RegionInfo.h:51:
/root/impl_gcunit3-aa48-run/runtime/src/Heap/Allocator/ForwardingTable.h:19:1: warning: class 'LiveInfo' was previously declared as a class; this is valid, but may result in linker errors under the Microsoft C++ ABI [-Wmismatched-tags]
class LiveInfo;
^
/root/impl_gcunit3-aa48-run/runtime/src/Heap/Collector/LiveInfo.h:294:8: note: previous use is here
struct LiveInfo {
       ^
/root/impl_gcunit3-aa48-run/runtime/src/Heap/Allocator/ForwardingTable.h:19:1: note: did you mean struct here?
class LiveInfo;
^~~~~
struct
In file included from /root/impl_gcunit3-aa48-run/runtime/tests/gc_unit/test_gc_thread_pool.cpp:18:
In file included from /root/impl_gcunit3-aa48-run/runtime/src/Heap/Collector/CollectorProxy.h:14:
In file included from /root/impl_gcunit3-aa48-run/runtime/src/Heap/WCollector/WCollector.h:26:
In file included from /root/impl_gcunit3-aa48-run/runtime/src/Heap/Collector/CopyCollector.h:13:
/root/impl_gcunit3-aa48-run/runtime/src/Heap/Collector/TracingCollector.h:384:20: warning: unused variable 'objSize' [-Wunused-variable]
            size_t objSize = obj->GetSize();
                   ^
/root/impl_gcunit3-aa48-run/runtime/src/Heap/Collector/TracingCollector.h:392:47: warning: unused parameter 'ref' [-Wunused-parameter]
    virtual void EnumRefFieldRoot(RefField<>& ref, RootSet& rootSet) const {};
                                              ^
/root/impl_gcunit3-aa48-run/runtime/src/Heap/Collector/TracingCollector.h:392:61: warning: unused parameter 'rootSet' [-Wunused-parameter]
    virtual void EnumRefFieldRoot(RefField<>& ref, RootSet& rootSet) const {};
                                                            ^
/root/impl_gcunit3-aa48-run/runtime/src/Heap/Collector/TracingCollector.h:393:51: warning: unused parameter 'obj' [-Wunused-parameter]
    virtual void TraceObjectRefFields(BaseObject* obj, WorkStack& workStack)
                                                  ^
/root/impl_gcunit3-aa48-run/runtime/src/Heap/Collector/TracingCollector.h:393:67: warning: unused parameter 'workStack' [-Wunused-parameter]
    virtual void TraceObjectRefFields(BaseObject* obj, WorkStack& workStack)
                                                                  ^
/root/impl_gcunit3-aa48-run/runtime/src/Heap/Collector/TracingCollector.h:400:59: warning: unused parameter 'entry' [-Wunused-parameter]
    virtual void FollowPartialArray(const MarkStackEntry& entry, WorkStack& workStack)
                                                          ^
/root/impl_gcunit3-aa48-run/runtime/src/Heap/Collector/TracingCollector.h:400:77: warning: unused parameter 'workStack' [-Wunused-parameter]
    virtual void FollowPartialArray(const MarkStackEntry& entry, WorkStack& workStack)
                                                                            ^
/root/impl_gcunit3-aa48-run/runtime/src/Heap/Collector/TracingCollector.h:404:53: warning: unused parameter 'kind' [-Wunused-parameter]
    virtual BaseObject* GetAndTryTagObj(RefSlotKind kind, BaseObject* obj, RefField<>& field)
                                                    ^
/root/impl_gcunit3-aa48-run/runtime/src/Heap/Collector/TracingCollector.h:404:71: warning: unused parameter 'obj' [-Wunused-parameter]
    virtual BaseObject* GetAndTryTagObj(RefSlotKind kind, BaseObject* obj, RefField<>& field)
                                                                      ^
/root/impl_gcunit3-aa48-run/runtime/src/Heap/Collector/TracingCollector.h:404:88: warning: unused parameter 'field' [-Wunused-parameter]
    virtual BaseObject* GetAndTryTagObj(RefSlotKind kind, BaseObject* obj, RefField<>& field)
                                                                                       ^
/root/impl_gcunit3-aa48-run/runtime/src/Heap/Collector/TracingCollector.h:485:27: warning: unused parameter 'heapMarked' [-Wunused-parameter]
    void ResetBitmap(bool heapMarked)
                          ^
/root/impl_gcunit3-aa48-run/runtime/src/Heap/Collector/TracingCollector.h:523:47: warning: unused parameter 'root' [-Wunused-parameter]
    virtual void EnumAndTagRawRoot(ObjectRef& root, RootSet& rootSet) const
                                              ^
/root/impl_gcunit3-aa48-run/runtime/src/Heap/Collector/TracingCollector.h:523:62: warning: unused parameter 'rootSet' [-Wunused-parameter]
    virtual void EnumAndTagRawRoot(ObjectRef& root, RootSet& rootSet) const
                                                             ^
15 warnings generated.
In file included from /root/impl_gcunit3-aa48-run/runtime/tests/gc_unit/test_expire_kept.cpp:11:
In file included from /root/impl_gcunit3-aa48-run/runtime/tests/gc_unit/gc_heap_fixture.hpp:24:
In file included from /root/impl_gcunit3-aa48-run/runtime/src/Heap/Allocator/RegionInfo.h:51:
In file included from /root/impl_gcunit3-aa48-run/runtime/src/Heap/Allocator/ForwardingTable.h:14:
/root/impl_gcunit3-aa48-run/runtime/src/Heap/Collector/ZForwarding.h:26:1: warning: class 'LiveInfo' was previously declared as a struct; this is valid, but may result in linker errors under the Microsoft C++ ABI [-Wmismatched-tags]
class LiveInfo;
^
/root/impl_gcunit3-aa48-run/runtime/src/Heap/Collector/LiveInfo.h:294:8: note: previous use is here
struct LiveInfo {
       ^
/root/impl_gcunit3-aa48-run/runtime/src/Heap/Collector/ZForwarding.h:26:1: note: did you mean struct here?
class LiveInfo;
^~~~~
struct
In file included from /root/impl_gcunit3-aa48-run/runtime/tests/gc_unit/test_expire_kept.cpp:11:
In file included from /root/impl_gcunit3-aa48-run/runtime/tests/gc_unit/gc_heap_fixture.hpp:24:
In file included from /root/impl_gcunit3-aa48-run/runtime/src/Heap/Allocator/RegionInfo.h:51:
/root/impl_gcunit3-aa48-run/runtime/src/Heap/Allocator/ForwardingTable.h:19:1: warning: class 'LiveInfo' was previously declared as a class; this is valid, but may result in linker errors under the Microsoft C++ ABI [-Wmismatched-tags]
class LiveInfo;
^
/root/impl_gcunit3-aa48-run/runtime/src/Heap/Collector/LiveInfo.h:294:8: note: previous use is here
struct LiveInfo {
       ^
/root/impl_gcunit3-aa48-run/runtime/src/Heap/Allocator/ForwardingTable.h:19:1: note: did you mean struct here?
class LiveInfo;
^~~~~
struct
2 warnings generated.
In file included from /root/impl_gcunit3-aa48-run/runtime/tests/gc_unit/test_receipt_life.cpp:14:
In file included from /root/impl_gcunit3-aa48-run/runtime/tests/gc_unit/gc_heap_fixture.hpp:24:
In file included from /root/impl_gcunit3-aa48-run/runtime/src/Heap/Allocator/RegionInfo.h:35:
In file included from /root/impl_gcunit3-aa48-run/runtime/src/Heap/Collector/ForwardDataManager.h:25:
/root/impl_gcunit3-aa48-run/runtime/src/Heap/Collector/LiveInfo.h:294:1: warning: 'LiveInfo' defined as a struct here but previously declared as a class; this is valid, but may result in linker errors under the Microsoft C++ ABI [-Wmismatched-tags]
struct LiveInfo {
^
/root/impl_gcunit3-aa48-run/runtime/src/Heap/Collector/ZForwarding.h:26:1: note: did you mean struct here?
class LiveInfo;
^~~~~
struct
In file included from /root/impl_gcunit3-aa48-run/runtime/tests/gc_unit/test_receipt_life.cpp:14:
In file included from /root/impl_gcunit3-aa48-run/runtime/tests/gc_unit/gc_heap_fixture.hpp:24:
In file included from /root/impl_gcunit3-aa48-run/runtime/src/Heap/Allocator/RegionInfo.h:51:
/root/impl_gcunit3-aa48-run/runtime/src/Heap/Allocator/ForwardingTable.h:19:1: warning: class 'LiveInfo' was previously declared as a struct; this is valid, but may result in linker errors under the Microsoft C++ ABI [-Wmismatched-tags]
class LiveInfo;
^
/root/impl_gcunit3-aa48-run/runtime/src/Heap/Collector/LiveInfo.h:294:8: note: previous use is here
struct LiveInfo {
       ^
/root/impl_gcunit3-aa48-run/runtime/src/Heap/Allocator/ForwardingTable.h:19:1: note: did you mean struct here?
class LiveInfo;
^~~~~
struct
2 warnings generated.
In file included from /root/impl_gcunit3-aa48-run/runtime/tests/gc_unit/test_receipt_life_registry.cpp:15:
In file included from /root/impl_gcunit3-aa48-run/runtime/tests/gc_unit/gc_heap_fixture.hpp:24:
In file included from /root/impl_gcunit3-aa48-run/runtime/src/Heap/Allocator/RegionInfo.h:35:
In file included from /root/impl_gcunit3-aa48-run/runtime/src/Heap/Collector/ForwardDataManager.h:25:
/root/impl_gcunit3-aa48-run/runtime/src/Heap/Collector/LiveInfo.h:294:1: warning: 'LiveInfo' defined as a struct here but previously declared as a class; this is valid, but may result in linker errors under the Microsoft C++ ABI [-Wmismatched-tags]
struct LiveInfo {
^
/root/impl_gcunit3-aa48-run/runtime/src/Heap/Allocator/ForwardingTable.h:19:1: note: did you mean struct here?
class LiveInfo;
^~~~~
struct
/root/impl_gcunit3-aa48-run/runtime/src/Heap/Collector/ZForwarding.h:26:1: note: did you mean struct here?
class LiveInfo;
^~~~~
struct
1 warning generated.
In file included from /root/impl_gcunit3-aa48-run/runtime/tests/gc_unit/test_lifeclock.cpp:10:
In file included from /root/impl_gcunit3-aa48-run/runtime/tests/gc_unit/gc_heap_fixture.hpp:24:
In file included from /root/impl_gcunit3-aa48-run/runtime/src/Heap/Allocator/RegionInfo.h:35:
In file included from /root/impl_gcunit3-aa48-run/runtime/src/Heap/Collector/ForwardDataManager.h:25:
/root/impl_gcunit3-aa48-run/runtime/src/Heap/Collector/LiveInfo.h:294:1: warning: 'LiveInfo' defined as a struct here but previously declared as a class; this is valid, but may result in linker errors under the Microsoft C++ ABI [-Wmismatched-tags]
struct LiveInfo {
^
/root/impl_gcunit3-aa48-run/runtime/src/Heap/Collector/ZForwarding.h:26:1: note: did you mean struct here?
class LiveInfo;
^~~~~
struct
In file included from /root/impl_gcunit3-aa48-run/runtime/tests/gc_unit/test_lifeclock.cpp:10:
In file included from /root/impl_gcunit3-aa48-run/runtime/tests/gc_unit/gc_heap_fixture.hpp:24:
In file included from /root/impl_gcunit3-aa48-run/runtime/src/Heap/Allocator/RegionInfo.h:51:
/root/impl_gcunit3-aa48-run/runtime/src/Heap/Allocator/ForwardingTable.h:19:1: warning: class 'LiveInfo' was previously declared as a struct; this is valid, but may result in linker errors under the Microsoft C++ ABI [-Wmismatched-tags]
class LiveInfo;
^
/root/impl_gcunit3-aa48-run/runtime/src/Heap/Collector/LiveInfo.h:294:8: note: previous use is here
struct LiveInfo {
       ^
/root/impl_gcunit3-aa48-run/runtime/src/Heap/Allocator/ForwardingTable.h:19:1: note: did you mean struct here?
class LiveInfo;
^~~~~
struct
2 warnings generated.
In file included from /root/impl_gcunit3-aa48-run/runtime/tests/gc_unit/test_exempt_unlock.cpp:15:
In file included from /root/impl_gcunit3-aa48-run/runtime/tests/gc_unit/gc_heap_fixture.hpp:24:
In file included from /root/impl_gcunit3-aa48-run/runtime/src/Heap/Allocator/RegionInfo.h:51:
In file included from /root/impl_gcunit3-aa48-run/runtime/src/Heap/Allocator/ForwardingTable.h:14:
/root/impl_gcunit3-aa48-run/runtime/src/Heap/Collector/ZForwarding.h:26:1: warning: class 'LiveInfo' was previously declared as a struct; this is valid, but may result in linker errors under the Microsoft C++ ABI [-Wmismatched-tags]
class LiveInfo;
^
/root/impl_gcunit3-aa48-run/runtime/src/Heap/Collector/LiveInfo.h:294:8: note: previous use is here
struct LiveInfo {
       ^
/root/impl_gcunit3-aa48-run/runtime/src/Heap/Collector/ZForwarding.h:26:1: note: did you mean struct here?
class LiveInfo;
^~~~~
struct
In file included from /root/impl_gcunit3-aa48-run/runtime/tests/gc_unit/test_exempt_unlock.cpp:15:
In file included from /root/impl_gcunit3-aa48-run/runtime/tests/gc_unit/gc_heap_fixture.hpp:24:
In file included from /root/impl_gcunit3-aa48-run/runtime/src/Heap/Allocator/RegionInfo.h:51:
/root/impl_gcunit3-aa48-run/runtime/src/Heap/Allocator/ForwardingTable.h:19:1: warning: class 'LiveInfo' was previously declared as a class; this is valid, but may result in linker errors under the Microsoft C++ ABI [-Wmismatched-tags]
class LiveInfo;
^
/root/impl_gcunit3-aa48-run/runtime/src/Heap/Collector/LiveInfo.h:294:8: note: previous use is here
struct LiveInfo {
       ^
/root/impl_gcunit3-aa48-run/runtime/src/Heap/Allocator/ForwardingTable.h:19:1: note: did you mean struct here?
class LiveInfo;
^~~~~
struct
2 warnings generated.
In file included from /root/impl_gcunit3-aa48-run/runtime/tests/gc_unit/test_isfromreg.cpp:13:
In file included from /root/impl_gcunit3-aa48-run/runtime/tests/gc_unit/gc_heap_fixture.hpp:24:
In file included from /root/impl_gcunit3-aa48-run/runtime/src/Heap/Allocator/RegionInfo.h:51:
In file included from /root/impl_gcunit3-aa48-run/runtime/src/Heap/Allocator/ForwardingTable.h:14:
/root/impl_gcunit3-aa48-run/runtime/src/Heap/Collector/ZForwarding.h:26:1: warning: class 'LiveInfo' was previously declared as a struct; this is valid, but may result in linker errors under the Microsoft C++ ABI [-Wmismatched-tags]
class LiveInfo;
^
/root/impl_gcunit3-aa48-run/runtime/src/Heap/Collector/LiveInfo.h:294:8: note: previous use is here
struct LiveInfo {
       ^
/root/impl_gcunit3-aa48-run/runtime/src/Heap/Collector/ZForwarding.h:26:1: note: did you mean struct here?
class LiveInfo;
^~~~~
struct
In file included from /root/impl_gcunit3-aa48-run/runtime/tests/gc_unit/test_isfromreg.cpp:13:
In file included from /root/impl_gcunit3-aa48-run/runtime/tests/gc_unit/gc_heap_fixture.hpp:24:
In file included from /root/impl_gcunit3-aa48-run/runtime/src/Heap/Allocator/RegionInfo.h:51:
/root/impl_gcunit3-aa48-run/runtime/src/Heap/Allocator/ForwardingTable.h:19:1: warning: class 'LiveInfo' was previously declared as a class; this is valid, but may result in linker errors under the Microsoft C++ ABI [-Wmismatched-tags]
class LiveInfo;
^
/root/impl_gcunit3-aa48-run/runtime/src/Heap/Collector/LiveInfo.h:294:8: note: previous use is here
struct LiveInfo {
       ^
/root/impl_gcunit3-aa48-run/runtime/src/Heap/Allocator/ForwardingTable.h:19:1: note: did you mean struct here?
class LiveInfo;
^~~~~
struct
2 warnings generated.
In file included from /root/impl_gcunit3-aa48-run/runtime/tests/gc_unit/test_fillerobj.cpp:4:
In file included from /root/impl_gcunit3-aa48-run/runtime/tests/gc_unit/gc_heap_fixture.hpp:24:
In file included from /root/impl_gcunit3-aa48-run/runtime/src/Heap/Allocator/RegionInfo.h:51:
In file included from /root/impl_gcunit3-aa48-run/runtime/src/Heap/Allocator/ForwardingTable.h:14:
/root/impl_gcunit3-aa48-run/runtime/src/Heap/Collector/ZForwarding.h:26:1: warning: class 'LiveInfo' was previously declared as a struct; this is valid, but may result in linker errors under the Microsoft C++ ABI [-Wmismatched-tags]
class LiveInfo;
^
/root/impl_gcunit3-aa48-run/runtime/src/Heap/Collector/LiveInfo.h:294:8: note: previous use is here
struct LiveInfo {
       ^
/root/impl_gcunit3-aa48-run/runtime/src/Heap/Collector/ZForwarding.h:26:1: note: did you mean struct here?
class LiveInfo;
^~~~~
struct
In file included from /root/impl_gcunit3-aa48-run/runtime/tests/gc_unit/test_fillerobj.cpp:4:
In file included from /root/impl_gcunit3-aa48-run/runtime/tests/gc_unit/gc_heap_fixture.hpp:24:
In file included from /root/impl_gcunit3-aa48-run/runtime/src/Heap/Allocator/RegionInfo.h:51:
/root/impl_gcunit3-aa48-run/runtime/src/Heap/Allocator/ForwardingTable.h:19:1: warning: class 'LiveInfo' was previously declared as a class; this is valid, but may result in linker errors under the Microsoft C++ ABI [-Wmismatched-tags]
class LiveInfo;
^
/root/impl_gcunit3-aa48-run/runtime/src/Heap/Collector/LiveInfo.h:294:8: note: previous use is here
struct LiveInfo {
       ^
/root/impl_gcunit3-aa48-run/runtime/src/Heap/Allocator/ForwardingTable.h:19:1: note: did you mean struct here?
class LiveInfo;
^~~~~
struct
2 warnings generated.
In file included from /root/impl_gcunit3-aa48-run/runtime/tests/gc_unit/test_i2_readref.cpp:20:
In file included from /root/impl_gcunit3-aa48-run/runtime/tests/gc_unit/gc_heap_fixture.hpp:24:
In file included from /root/impl_gcunit3-aa48-run/runtime/src/Heap/Allocator/RegionInfo.h:51:
In file included from /root/impl_gcunit3-aa48-run/runtime/src/Heap/Allocator/ForwardingTable.h:14:
/root/impl_gcunit3-aa48-run/runtime/src/Heap/Collector/ZForwarding.h:26:1: warning: class 'LiveInfo' was previously declared as a struct; this is valid, but may result in linker errors under the Microsoft C++ ABI [-Wmismatched-tags]
class LiveInfo;
^
/root/impl_gcunit3-aa48-run/runtime/src/Heap/Collector/LiveInfo.h:294:8: note: previous use is here
struct LiveInfo {
       ^
/root/impl_gcunit3-aa48-run/runtime/src/Heap/Collector/ZForwarding.h:26:1: note: did you mean struct here?
class LiveInfo;
^~~~~
struct
In file included from /root/impl_gcunit3-aa48-run/runtime/tests/gc_unit/test_i2_readref.cpp:20:
In file included from /root/impl_gcunit3-aa48-run/runtime/tests/gc_unit/gc_heap_fixture.hpp:24:
In file included from /root/impl_gcunit3-aa48-run/runtime/src/Heap/Allocator/RegionInfo.h:51:
/root/impl_gcunit3-aa48-run/runtime/src/Heap/Allocator/ForwardingTable.h:19:1: warning: class 'LiveInfo' was previously declared as a class; this is valid, but may result in linker errors under the Microsoft C++ ABI [-Wmismatched-tags]
class LiveInfo;
^
/root/impl_gcunit3-aa48-run/runtime/src/Heap/Collector/LiveInfo.h:294:8: note: previous use is here
struct LiveInfo {
       ^
/root/impl_gcunit3-aa48-run/runtime/src/Heap/Allocator/ForwardingTable.h:19:1: note: did you mean struct here?
class LiveInfo;
^~~~~
struct
2 warnings generated.
In file included from /root/impl_gcunit3-aa48-run/runtime/tests/gc_unit/test_m0_exit.cpp:19:
In file included from /root/impl_gcunit3-aa48-run/runtime/tests/gc_unit/gc_heap_fixture.hpp:24:
In file included from /root/impl_gcunit3-aa48-run/runtime/src/Heap/Allocator/RegionInfo.h:51:
In file included from /root/impl_gcunit3-aa48-run/runtime/src/Heap/Allocator/ForwardingTable.h:14:
/root/impl_gcunit3-aa48-run/runtime/src/Heap/Collector/ZForwarding.h:26:1: warning: class 'LiveInfo' was previously declared as a struct; this is valid, but may result in linker errors under the Microsoft C++ ABI [-Wmismatched-tags]
class LiveInfo;
^
/root/impl_gcunit3-aa48-run/runtime/src/Heap/Collector/LiveInfo.h:294:8: note: previous use is here
struct LiveInfo {
       ^
/root/impl_gcunit3-aa48-run/runtime/src/Heap/Collector/ZForwarding.h:26:1: note: did you mean struct here?
class LiveInfo;
^~~~~
struct
In file included from /root/impl_gcunit3-aa48-run/runtime/tests/gc_unit/test_m0_exit.cpp:19:
In file included from /root/impl_gcunit3-aa48-run/runtime/tests/gc_unit/gc_heap_fixture.hpp:24:
In file included from /root/impl_gcunit3-aa48-run/runtime/src/Heap/Allocator/RegionInfo.h:51:
/root/impl_gcunit3-aa48-run/runtime/src/Heap/Allocator/ForwardingTable.h:19:1: warning: class 'LiveInfo' was previously declared as a class; this is valid, but may result in linker errors under the Microsoft C++ ABI [-Wmismatched-tags]
class LiveInfo;
^
/root/impl_gcunit3-aa48-run/runtime/src/Heap/Collector/LiveInfo.h:294:8: note: previous use is here
struct LiveInfo {
       ^
/root/impl_gcunit3-aa48-run/runtime/src/Heap/Allocator/ForwardingTable.h:19:1: note: did you mean struct here?
class LiveInfo;
^~~~~
struct
In file included from /root/impl_gcunit3-aa48-run/runtime/tests/gc_unit/test_m0_exit.cpp:38:
In file included from /root/impl_gcunit3-aa48-run/runtime/src/Heap/WCollector/WCollector.h:26:
In file included from /root/impl_gcunit3-aa48-run/runtime/src/Heap/Collector/CopyCollector.h:13:
/root/impl_gcunit3-aa48-run/runtime/src/Heap/Collector/TracingCollector.h:384:20: warning: unused variable 'objSize' [-Wunused-variable]
            size_t objSize = obj->GetSize();
                   ^
/root/impl_gcunit3-aa48-run/runtime/src/Heap/Collector/TracingCollector.h:392:47: warning: unused parameter 'ref' [-Wunused-parameter]
    virtual void EnumRefFieldRoot(RefField<>& ref, RootSet& rootSet) const {};
                                              ^
/root/impl_gcunit3-aa48-run/runtime/src/Heap/Collector/TracingCollector.h:392:61: warning: unused parameter 'rootSet' [-Wunused-parameter]
    virtual void EnumRefFieldRoot(RefField<>& ref, RootSet& rootSet) const {};
                                                            ^
/root/impl_gcunit3-aa48-run/runtime/src/Heap/Collector/TracingCollector.h:393:51: warning: unused parameter 'obj' [-Wunused-parameter]
    virtual void TraceObjectRefFields(BaseObject* obj, WorkStack& workStack)
                                                  ^
/root/impl_gcunit3-aa48-run/runtime/src/Heap/Collector/TracingCollector.h:393:67: warning: unused parameter 'workStack' [-Wunused-parameter]
    virtual void TraceObjectRefFields(BaseObject* obj, WorkStack& workStack)
                                                                  ^
/root/impl_gcunit3-aa48-run/runtime/src/Heap/Collector/TracingCollector.h:400:59: warning: unused parameter 'entry' [-Wunused-parameter]
    virtual void FollowPartialArray(const MarkStackEntry& entry, WorkStack& workStack)
                                                          ^
/root/impl_gcunit3-aa48-run/runtime/src/Heap/Collector/TracingCollector.h:400:77: warning: unused parameter 'workStack' [-Wunused-parameter]
    virtual void FollowPartialArray(const MarkStackEntry& entry, WorkStack& workStack)
                                                                            ^
/root/impl_gcunit3-aa48-run/runtime/src/Heap/Collector/TracingCollector.h:404:53: warning: unused parameter 'kind' [-Wunused-parameter]
    virtual BaseObject* GetAndTryTagObj(RefSlotKind kind, BaseObject* obj, RefField<>& field)
                                                    ^
/root/impl_gcunit3-aa48-run/runtime/src/Heap/Collector/TracingCollector.h:404:71: warning: unused parameter 'obj' [-Wunused-parameter]
    virtual BaseObject* GetAndTryTagObj(RefSlotKind kind, BaseObject* obj, RefField<>& field)
                                                                      ^
/root/impl_gcunit3-aa48-run/runtime/src/Heap/Collector/TracingCollector.h:404:88: warning: unused parameter 'field' [-Wunused-parameter]
    virtual BaseObject* GetAndTryTagObj(RefSlotKind kind, BaseObject* obj, RefField<>& field)
                                                                                       ^
/root/impl_gcunit3-aa48-run/runtime/src/Heap/Collector/TracingCollector.h:485:27: warning: unused parameter 'heapMarked' [-Wunused-parameter]
    void ResetBitmap(bool heapMarked)
                          ^
/root/impl_gcunit3-aa48-run/runtime/src/Heap/Collector/TracingCollector.h:523:47: warning: unused parameter 'root' [-Wunused-parameter]
    virtual void EnumAndTagRawRoot(ObjectRef& root, RootSet& rootSet) const
                                              ^
/root/impl_gcunit3-aa48-run/runtime/src/Heap/Collector/TracingCollector.h:523:62: warning: unused parameter 'rootSet' [-Wunused-parameter]
    virtual void EnumAndTagRawRoot(ObjectRef& root, RootSet& rootSet) const
                                                             ^
15 warnings generated.
In file included from /root/impl_gcunit3-aa48-run/runtime/tests/gc_unit/test_loadfc.cpp:16:
In file included from /root/impl_gcunit3-aa48-run/runtime/tests/gc_unit/gc_heap_fixture.hpp:24:
In file included from /root/impl_gcunit3-aa48-run/runtime/src/Heap/Allocator/RegionInfo.h:51:
In file included from /root/impl_gcunit3-aa48-run/runtime/src/Heap/Allocator/ForwardingTable.h:14:
/root/impl_gcunit3-aa48-run/runtime/src/Heap/Collector/ZForwarding.h:26:1: warning: class 'LiveInfo' was previously declared as a struct; this is valid, but may result in linker errors under the Microsoft C++ ABI [-Wmismatched-tags]
class LiveInfo;
^
/root/impl_gcunit3-aa48-run/runtime/src/Heap/Collector/LiveInfo.h:294:8: note: previous use is here
struct LiveInfo {
       ^
/root/impl_gcunit3-aa48-run/runtime/src/Heap/Collector/ZForwarding.h:26:1: note: did you mean struct here?
class LiveInfo;
^~~~~
struct
In file included from /root/impl_gcunit3-aa48-run/runtime/tests/gc_unit/test_loadfc.cpp:16:
In file included from /root/impl_gcunit3-aa48-run/runtime/tests/gc_unit/gc_heap_fixture.hpp:24:
In file included from /root/impl_gcunit3-aa48-run/runtime/src/Heap/Allocator/RegionInfo.h:51:
/root/impl_gcunit3-aa48-run/runtime/src/Heap/Allocator/ForwardingTable.h:19:1: warning: class 'LiveInfo' was previously declared as a class; this is valid, but may result in linker errors under the Microsoft C++ ABI [-Wmismatched-tags]
class LiveInfo;
^
/root/impl_gcunit3-aa48-run/runtime/src/Heap/Collector/LiveInfo.h:294:8: note: previous use is here
struct LiveInfo {
       ^
/root/impl_gcunit3-aa48-run/runtime/src/Heap/Allocator/ForwardingTable.h:19:1: note: did you mean struct here?
class LiveInfo;
^~~~~
struct
2 warnings generated.
In file included from /root/impl_gcunit3-aa48-run/runtime/tests/gc_unit/test_fwdreturn.cpp:16:
In file included from /root/impl_gcunit3-aa48-run/runtime/tests/gc_unit/gc_heap_fixture.hpp:24:
In file included from /root/impl_gcunit3-aa48-run/runtime/src/Heap/Allocator/RegionInfo.h:51:
In file included from /root/impl_gcunit3-aa48-run/runtime/src/Heap/Allocator/ForwardingTable.h:14:
/root/impl_gcunit3-aa48-run/runtime/src/Heap/Collector/ZForwarding.h:26:1: warning: class 'LiveInfo' was previously declared as a struct; this is valid, but may result in linker errors under the Microsoft C++ ABI [-Wmismatched-tags]
class LiveInfo;
^
/root/impl_gcunit3-aa48-run/runtime/src/Heap/Collector/LiveInfo.h:294:8: note: previous use is here
struct LiveInfo {
       ^
/root/impl_gcunit3-aa48-run/runtime/src/Heap/Collector/ZForwarding.h:26:1: note: did you mean struct here?
class LiveInfo;
^~~~~
struct
In file included from /root/impl_gcunit3-aa48-run/runtime/tests/gc_unit/test_fwdreturn.cpp:16:
In file included from /root/impl_gcunit3-aa48-run/runtime/tests/gc_unit/gc_heap_fixture.hpp:24:
In file included from /root/impl_gcunit3-aa48-run/runtime/src/Heap/Allocator/RegionInfo.h:51:
/root/impl_gcunit3-aa48-run/runtime/src/Heap/Allocator/ForwardingTable.h:19:1: warning: class 'LiveInfo' was previously declared as a class; this is valid, but may result in linker errors under the Microsoft C++ ABI [-Wmismatched-tags]
class LiveInfo;
^
/root/impl_gcunit3-aa48-run/runtime/src/Heap/Collector/LiveInfo.h:294:8: note: previous use is here
struct LiveInfo {
       ^
/root/impl_gcunit3-aa48-run/runtime/src/Heap/Allocator/ForwardingTable.h:19:1: note: did you mean struct here?
class LiveInfo;
^~~~~
struct
2 warnings generated.
In file included from /root/impl_gcunit3-aa48-run/runtime/tests/gc_unit/test_ghost_region_lookup.cpp:10:
In file included from /root/impl_gcunit3-aa48-run/runtime/tests/gc_unit/gc_heap_fixture.hpp:24:
In file included from /root/impl_gcunit3-aa48-run/runtime/src/Heap/Allocator/RegionInfo.h:51:
In file included from /root/impl_gcunit3-aa48-run/runtime/src/Heap/Allocator/ForwardingTable.h:14:
/root/impl_gcunit3-aa48-run/runtime/src/Heap/Collector/ZForwarding.h:26:1: warning: class 'LiveInfo' was previously declared as a struct; this is valid, but may result in linker errors under the Microsoft C++ ABI [-Wmismatched-tags]
class LiveInfo;
^
/root/impl_gcunit3-aa48-run/runtime/src/Heap/Collector/LiveInfo.h:294:8: note: previous use is here
struct LiveInfo {
       ^
/root/impl_gcunit3-aa48-run/runtime/src/Heap/Collector/ZForwarding.h:26:1: note: did you mean struct here?
class LiveInfo;
^~~~~
struct
In file included from /root/impl_gcunit3-aa48-run/runtime/tests/gc_unit/test_ghost_region_lookup.cpp:10:
In file included from /root/impl_gcunit3-aa48-run/runtime/tests/gc_unit/gc_heap_fixture.hpp:24:
In file included from /root/impl_gcunit3-aa48-run/runtime/src/Heap/Allocator/RegionInfo.h:51:
/root/impl_gcunit3-aa48-run/runtime/src/Heap/Allocator/ForwardingTable.h:19:1: warning: class 'LiveInfo' was previously declared as a class; this is valid, but may result in linker errors under the Microsoft C++ ABI [-Wmismatched-tags]
class LiveInfo;
^
/root/impl_gcunit3-aa48-run/runtime/src/Heap/Collector/LiveInfo.h:294:8: note: previous use is here
struct LiveInfo {
       ^
/root/impl_gcunit3-aa48-run/runtime/src/Heap/Allocator/ForwardingTable.h:19:1: note: did you mean struct here?
class LiveInfo;
^~~~~
struct
In file included from /root/impl_gcunit3-aa48-run/runtime/tests/gc_unit/test_ghost_region_lookup.cpp:18:
In file included from /root/impl_gcunit3-aa48-run/runtime/src/Heap/WCollector/WCollector.h:26:
In file included from /root/impl_gcunit3-aa48-run/runtime/src/Heap/Collector/CopyCollector.h:13:
/root/impl_gcunit3-aa48-run/runtime/src/Heap/Collector/TracingCollector.h:384:20: warning: unused variable 'objSize' [-Wunused-variable]
            size_t objSize = obj->GetSize();
                   ^
/root/impl_gcunit3-aa48-run/runtime/src/Heap/Collector/TracingCollector.h:392:47: warning: unused parameter 'ref' [-Wunused-parameter]
    virtual void EnumRefFieldRoot(RefField<>& ref, RootSet& rootSet) const {};
                                              ^
/root/impl_gcunit3-aa48-run/runtime/src/Heap/Collector/TracingCollector.h:392:61: warning: unused parameter 'rootSet' [-Wunused-parameter]
    virtual void EnumRefFieldRoot(RefField<>& ref, RootSet& rootSet) const {};
                                                            ^
/root/impl_gcunit3-aa48-run/runtime/src/Heap/Collector/TracingCollector.h:393:51: warning: unused parameter 'obj' [-Wunused-parameter]
    virtual void TraceObjectRefFields(BaseObject* obj, WorkStack& workStack)
                                                  ^
/root/impl_gcunit3-aa48-run/runtime/src/Heap/Collector/TracingCollector.h:393:67: warning: unused parameter 'workStack' [-Wunused-parameter]
    virtual void TraceObjectRefFields(BaseObject* obj, WorkStack& workStack)
                                                                  ^
/root/impl_gcunit3-aa48-run/runtime/src/Heap/Collector/TracingCollector.h:400:59: warning: unused parameter 'entry' [-Wunused-parameter]
    virtual void FollowPartialArray(const MarkStackEntry& entry, WorkStack& workStack)
                                                          ^
/root/impl_gcunit3-aa48-run/runtime/src/Heap/Collector/TracingCollector.h:400:77: warning: unused parameter 'workStack' [-Wunused-parameter]
    virtual void FollowPartialArray(const MarkStackEntry& entry, WorkStack& workStack)
                                                                            ^
/root/impl_gcunit3-aa48-run/runtime/src/Heap/Collector/TracingCollector.h:404:53: warning: unused parameter 'kind' [-Wunused-parameter]
    virtual BaseObject* GetAndTryTagObj(RefSlotKind kind, BaseObject* obj, RefField<>& field)
                                                    ^
/root/impl_gcunit3-aa48-run/runtime/src/Heap/Collector/TracingCollector.h:404:71: warning: unused parameter 'obj' [-Wunused-parameter]
    virtual BaseObject* GetAndTryTagObj(RefSlotKind kind, BaseObject* obj, RefField<>& field)
                                                                      ^
/root/impl_gcunit3-aa48-run/runtime/src/Heap/Collector/TracingCollector.h:404:88: warning: unused parameter 'field' [-Wunused-parameter]
    virtual BaseObject* GetAndTryTagObj(RefSlotKind kind, BaseObject* obj, RefField<>& field)
                                                                                       ^
/root/impl_gcunit3-aa48-run/runtime/src/Heap/Collector/TracingCollector.h:485:27: warning: unused parameter 'heapMarked' [-Wunused-parameter]
    void ResetBitmap(bool heapMarked)
                          ^
/root/impl_gcunit3-aa48-run/runtime/src/Heap/Collector/TracingCollector.h:523:47: warning: unused parameter 'root' [-Wunused-parameter]
    virtual void EnumAndTagRawRoot(ObjectRef& root, RootSet& rootSet) const
                                              ^
/root/impl_gcunit3-aa48-run/runtime/src/Heap/Collector/TracingCollector.h:523:62: warning: unused parameter 'rootSet' [-Wunused-parameter]
    virtual void EnumAndTagRawRoot(ObjectRef& root, RootSet& rootSet) const
                                                             ^
15 warnings generated.
In file included from /root/impl_gcunit3-aa48-run/runtime/tests/gc_unit/test_fnlz_roots.cpp:2:
In file included from /root/impl_gcunit3-aa48-run/runtime/tests/gc_unit/gc_heap_fixture.hpp:24:
In file included from /root/impl_gcunit3-aa48-run/runtime/src/Heap/Allocator/RegionInfo.h:51:
In file included from /root/impl_gcunit3-aa48-run/runtime/src/Heap/Allocator/ForwardingTable.h:14:
/root/impl_gcunit3-aa48-run/runtime/src/Heap/Collector/ZForwarding.h:26:1: warning: class 'LiveInfo' was previously declared as a struct; this is valid, but may result in linker errors under the Microsoft C++ ABI [-Wmismatched-tags]
class LiveInfo;
^
/root/impl_gcunit3-aa48-run/runtime/src/Heap/Collector/LiveInfo.h:294:8: note: previous use is here
struct LiveInfo {
       ^
/root/impl_gcunit3-aa48-run/runtime/src/Heap/Collector/ZForwarding.h:26:1: note: did you mean struct here?
class LiveInfo;
^~~~~
struct
In file included from /root/impl_gcunit3-aa48-run/runtime/tests/gc_unit/test_fnlz_roots.cpp:2:
In file included from /root/impl_gcunit3-aa48-run/runtime/tests/gc_unit/gc_heap_fixture.hpp:24:
In file included from /root/impl_gcunit3-aa48-run/runtime/src/Heap/Allocator/RegionInfo.h:51:
/root/impl_gcunit3-aa48-run/runtime/src/Heap/Allocator/ForwardingTable.h:19:1: warning: class 'LiveInfo' was previously declared as a class; this is valid, but may result in linker errors under the Microsoft C++ ABI [-Wmismatched-tags]
class LiveInfo;
^
/root/impl_gcunit3-aa48-run/runtime/src/Heap/Collector/LiveInfo.h:294:8: note: previous use is here
struct LiveInfo {
       ^
/root/impl_gcunit3-aa48-run/runtime/src/Heap/Allocator/ForwardingTable.h:19:1: note: did you mean struct here?
class LiveInfo;
^~~~~
struct
2 warnings generated.
In file included from /root/impl_gcunit3-aa48-run/runtime/tests/gc_unit/test_reference_processor.cpp:10:
In file included from /root/impl_gcunit3-aa48-run/runtime/tests/gc_unit/gc_heap_fixture.hpp:24:
In file included from /root/impl_gcunit3-aa48-run/runtime/src/Heap/Allocator/RegionInfo.h:51:
In file included from /root/impl_gcunit3-aa48-run/runtime/src/Heap/Allocator/ForwardingTable.h:14:
/root/impl_gcunit3-aa48-run/runtime/src/Heap/Collector/ZForwarding.h:26:1: warning: class 'LiveInfo' was previously declared as a struct; this is valid, but may result in linker errors under the Microsoft C++ ABI [-Wmismatched-tags]
class LiveInfo;
^
/root/impl_gcunit3-aa48-run/runtime/src/Heap/Collector/LiveInfo.h:294:8: note: previous use is here
struct LiveInfo {
       ^
/root/impl_gcunit3-aa48-run/runtime/src/Heap/Collector/ZForwarding.h:26:1: note: did you mean struct here?
class LiveInfo;
^~~~~
struct
In file included from /root/impl_gcunit3-aa48-run/runtime/tests/gc_unit/test_reference_processor.cpp:10:
In file included from /root/impl_gcunit3-aa48-run/runtime/tests/gc_unit/gc_heap_fixture.hpp:24:
In file included from /root/impl_gcunit3-aa48-run/runtime/src/Heap/Allocator/RegionInfo.h:51:
/root/impl_gcunit3-aa48-run/runtime/src/Heap/Allocator/ForwardingTable.h:19:1: warning: class 'LiveInfo' was previously declared as a class; this is valid, but may result in linker errors under the Microsoft C++ ABI [-Wmismatched-tags]
class LiveInfo;
^
/root/impl_gcunit3-aa48-run/runtime/src/Heap/Collector/LiveInfo.h:294:8: note: previous use is here
struct LiveInfo {
       ^
/root/impl_gcunit3-aa48-run/runtime/src/Heap/Allocator/ForwardingTable.h:19:1: note: did you mean struct here?
class LiveInfo;
^~~~~
struct
2 warnings generated.
In file included from /root/impl_gcunit3-aa48-run/runtime/tests/gc_unit/test_partial_array.cpp:23:
In file included from /root/impl_gcunit3-aa48-run/runtime/tests/gc_unit/gc_heap_fixture.hpp:24:
In file included from /root/impl_gcunit3-aa48-run/runtime/src/Heap/Allocator/RegionInfo.h:51:
In file included from /root/impl_gcunit3-aa48-run/runtime/src/Heap/Allocator/ForwardingTable.h:14:
/root/impl_gcunit3-aa48-run/runtime/src/Heap/Collector/ZForwarding.h:26:1: warning: class 'LiveInfo' was previously declared as a struct; this is valid, but may result in linker errors under the Microsoft C++ ABI [-Wmismatched-tags]
class LiveInfo;
^
/root/impl_gcunit3-aa48-run/runtime/src/Heap/Collector/LiveInfo.h:294:8: note: previous use is here
struct LiveInfo {
       ^
/root/impl_gcunit3-aa48-run/runtime/src/Heap/Collector/ZForwarding.h:26:1: note: did you mean struct here?
class LiveInfo;
^~~~~
struct
In file included from /root/impl_gcunit3-aa48-run/runtime/tests/gc_unit/test_partial_array.cpp:23:
In file included from /root/impl_gcunit3-aa48-run/runtime/tests/gc_unit/gc_heap_fixture.hpp:24:
In file included from /root/impl_gcunit3-aa48-run/runtime/src/Heap/Allocator/RegionInfo.h:51:
/root/impl_gcunit3-aa48-run/runtime/src/Heap/Allocator/ForwardingTable.h:19:1: warning: class 'LiveInfo' was previously declared as a class; this is valid, but may result in linker errors under the Microsoft C++ ABI [-Wmismatched-tags]
class LiveInfo;
^
/root/impl_gcunit3-aa48-run/runtime/src/Heap/Collector/LiveInfo.h:294:8: note: previous use is here
struct LiveInfo {
       ^
/root/impl_gcunit3-aa48-run/runtime/src/Heap/Allocator/ForwardingTable.h:19:1: note: did you mean struct here?
class LiveInfo;
^~~~~
struct
In file included from /root/impl_gcunit3-aa48-run/runtime/tests/gc_unit/test_partial_array.cpp:24:
In file included from /root/impl_gcunit3-aa48-run/runtime/src/Heap/WCollector/WCollector.h:26:
In file included from /root/impl_gcunit3-aa48-run/runtime/src/Heap/Collector/CopyCollector.h:13:
/root/impl_gcunit3-aa48-run/runtime/src/Heap/Collector/TracingCollector.h:384:20: warning: unused variable 'objSize' [-Wunused-variable]
            size_t objSize = obj->GetSize();
                   ^
/root/impl_gcunit3-aa48-run/runtime/src/Heap/Collector/TracingCollector.h:392:47: warning: unused parameter 'ref' [-Wunused-parameter]
    virtual void EnumRefFieldRoot(RefField<>& ref, RootSet& rootSet) const {};
                                              ^
/root/impl_gcunit3-aa48-run/runtime/src/Heap/Collector/TracingCollector.h:392:61: warning: unused parameter 'rootSet' [-Wunused-parameter]
    virtual void EnumRefFieldRoot(RefField<>& ref, RootSet& rootSet) const {};
                                                            ^
/root/impl_gcunit3-aa48-run/runtime/src/Heap/Collector/TracingCollector.h:393:51: warning: unused parameter 'obj' [-Wunused-parameter]
    virtual void TraceObjectRefFields(BaseObject* obj, WorkStack& workStack)
                                                  ^
/root/impl_gcunit3-aa48-run/runtime/src/Heap/Collector/TracingCollector.h:393:67: warning: unused parameter 'workStack' [-Wunused-parameter]
    virtual void TraceObjectRefFields(BaseObject* obj, WorkStack& workStack)
                                                                  ^
/root/impl_gcunit3-aa48-run/runtime/src/Heap/Collector/TracingCollector.h:400:59: warning: unused parameter 'entry' [-Wunused-parameter]
    virtual void FollowPartialArray(const MarkStackEntry& entry, WorkStack& workStack)
                                                          ^
/root/impl_gcunit3-aa48-run/runtime/src/Heap/Collector/TracingCollector.h:400:77: warning: unused parameter 'workStack' [-Wunused-parameter]
    virtual void FollowPartialArray(const MarkStackEntry& entry, WorkStack& workStack)
                                                                            ^
/root/impl_gcunit3-aa48-run/runtime/src/Heap/Collector/TracingCollector.h:404:53: warning: unused parameter 'kind' [-Wunused-parameter]
    virtual BaseObject* GetAndTryTagObj(RefSlotKind kind, BaseObject* obj, RefField<>& field)
                                                    ^
/root/impl_gcunit3-aa48-run/runtime/src/Heap/Collector/TracingCollector.h:404:71: warning: unused parameter 'obj' [-Wunused-parameter]
    virtual BaseObject* GetAndTryTagObj(RefSlotKind kind, BaseObject* obj, RefField<>& field)
                                                                      ^
/root/impl_gcunit3-aa48-run/runtime/src/Heap/Collector/TracingCollector.h:404:88: warning: unused parameter 'field' [-Wunused-parameter]
    virtual BaseObject* GetAndTryTagObj(RefSlotKind kind, BaseObject* obj, RefField<>& field)
                                                                                       ^
/root/impl_gcunit3-aa48-run/runtime/src/Heap/Collector/TracingCollector.h:485:27: warning: unused parameter 'heapMarked' [-Wunused-parameter]
    void ResetBitmap(bool heapMarked)
                          ^
/root/impl_gcunit3-aa48-run/runtime/src/Heap/Collector/TracingCollector.h:523:47: warning: unused parameter 'root' [-Wunused-parameter]
    virtual void EnumAndTagRawRoot(ObjectRef& root, RootSet& rootSet) const
                                              ^
/root/impl_gcunit3-aa48-run/runtime/src/Heap/Collector/TracingCollector.h:523:62: warning: unused parameter 'rootSet' [-Wunused-parameter]
    virtual void EnumAndTagRawRoot(ObjectRef& root, RootSet& rootSet) const
                                                             ^
15 warnings generated.
In file included from /root/impl_gcunit3-aa48-run/runtime/tests/gc_unit/test_segmented_array_init.cpp:20:
In file included from /root/impl_gcunit3-aa48-run/runtime/src/Common/ScopedObjectAccess.h:11:
In file included from /root/impl_gcunit3-aa48-run/runtime/src/Mutator/Mutator.inline.h:11:
In file included from /root/impl_gcunit3-aa48-run/runtime/src/Mutator/MutatorManager.h:23:
In file included from /root/impl_gcunit3-aa48-run/runtime/src/Mutator/Mutator.h:16:
In file included from /root/impl_gcunit3-aa48-run/runtime/src/Heap/Allocator/Allocator.h:11:
In file included from /root/impl_gcunit3-aa48-run/runtime/src/Heap/Allocator/AllocBufferManager.h:15:
In file included from /root/impl_gcunit3-aa48-run/runtime/src/Heap/Allocator/AllocBuffer.h:17:
In file included from /root/impl_gcunit3-aa48-run/runtime/src/Heap/Allocator/RegionList.h:11:
In file included from /root/impl_gcunit3-aa48-run/runtime/src/Heap/Allocator/RegionInfo.h:51:
In file included from /root/impl_gcunit3-aa48-run/runtime/src/Heap/Allocator/ForwardingTable.h:14:
/root/impl_gcunit3-aa48-run/runtime/src/Heap/Collector/ZForwarding.h:26:1: warning: class 'LiveInfo' was previously declared as a struct; this is valid, but may result in linker errors under the Microsoft C++ ABI [-Wmismatched-tags]
class LiveInfo;
^
/root/impl_gcunit3-aa48-run/runtime/src/Heap/Collector/LiveInfo.h:294:8: note: previous use is here
struct LiveInfo {
       ^
/root/impl_gcunit3-aa48-run/runtime/src/Heap/Collector/ZForwarding.h:26:1: note: did you mean struct here?
class LiveInfo;
^~~~~
struct
In file included from /root/impl_gcunit3-aa48-run/runtime/tests/gc_unit/test_segmented_array_init.cpp:20:
In file included from /root/impl_gcunit3-aa48-run/runtime/src/Common/ScopedObjectAccess.h:11:
In file included from /root/impl_gcunit3-aa48-run/runtime/src/Mutator/Mutator.inline.h:11:
In file included from /root/impl_gcunit3-aa48-run/runtime/src/Mutator/MutatorManager.h:23:
In file included from /root/impl_gcunit3-aa48-run/runtime/src/Mutator/Mutator.h:16:
In file included from /root/impl_gcunit3-aa48-run/runtime/src/Heap/Allocator/Allocator.h:11:
In file included from /root/impl_gcunit3-aa48-run/runtime/src/Heap/Allocator/AllocBufferManager.h:15:
In file included from /root/impl_gcunit3-aa48-run/runtime/src/Heap/Allocator/AllocBuffer.h:17:
In file included from /root/impl_gcunit3-aa48-run/runtime/src/Heap/Allocator/RegionList.h:11:
In file included from /root/impl_gcunit3-aa48-run/runtime/src/Heap/Allocator/RegionInfo.h:51:
/root/impl_gcunit3-aa48-run/runtime/src/Heap/Allocator/ForwardingTable.h:19:1: warning: class 'LiveInfo' was previously declared as a class; this is valid, but may result in linker errors under the Microsoft C++ ABI [-Wmismatched-tags]
class LiveInfo;
^
/root/impl_gcunit3-aa48-run/runtime/src/Heap/Collector/LiveInfo.h:294:8: note: previous use is here
struct LiveInfo {
       ^
/root/impl_gcunit3-aa48-run/runtime/src/Heap/Allocator/ForwardingTable.h:19:1: note: did you mean struct here?
class LiveInfo;
^~~~~
struct
2 warnings generated.
In file included from /root/impl_gcunit3-aa48-run/runtime/tests/gc_unit/test_mem_map.cpp:17:
In file included from /root/impl_gcunit3-aa48-run/runtime/src/Heap/Allocator/RegionManager.h:19:
In file included from /root/impl_gcunit3-aa48-run/runtime/src/Heap/Allocator/AllocBuffer.h:17:
In file included from /root/impl_gcunit3-aa48-run/runtime/src/Heap/Allocator/RegionList.h:11:
In file included from /root/impl_gcunit3-aa48-run/runtime/src/Heap/Allocator/RegionInfo.h:51:
In file included from /root/impl_gcunit3-aa48-run/runtime/src/Heap/Allocator/ForwardingTable.h:14:
/root/impl_gcunit3-aa48-run/runtime/src/Heap/Collector/ZForwarding.h:26:1: warning: class 'LiveInfo' was previously declared as a struct; this is valid, but may result in linker errors under the Microsoft C++ ABI [-Wmismatched-tags]
class LiveInfo;
^
/root/impl_gcunit3-aa48-run/runtime/src/Heap/Collector/LiveInfo.h:294:8: note: previous use is here
struct LiveInfo {
       ^
/root/impl_gcunit3-aa48-run/runtime/src/Heap/Collector/ZForwarding.h:26:1: note: did you mean struct here?
class LiveInfo;
^~~~~
struct
In file included from /root/impl_gcunit3-aa48-run/runtime/tests/gc_unit/test_mem_map.cpp:17:
In file included from /root/impl_gcunit3-aa48-run/runtime/src/Heap/Allocator/RegionManager.h:19:
In file included from /root/impl_gcunit3-aa48-run/runtime/src/Heap/Allocator/AllocBuffer.h:17:
In file included from /root/impl_gcunit3-aa48-run/runtime/src/Heap/Allocator/RegionList.h:11:
In file included from /root/impl_gcunit3-aa48-run/runtime/src/Heap/Allocator/RegionInfo.h:51:
/root/impl_gcunit3-aa48-run/runtime/src/Heap/Allocator/ForwardingTable.h:19:1: warning: class 'LiveInfo' was previously declared as a class; this is valid, but may result in linker errors under the Microsoft C++ ABI [-Wmismatched-tags]
class LiveInfo;
^
/root/impl_gcunit3-aa48-run/runtime/src/Heap/Collector/LiveInfo.h:294:8: note: previous use is here
struct LiveInfo {
       ^
/root/impl_gcunit3-aa48-run/runtime/src/Heap/Allocator/ForwardingTable.h:19:1: note: did you mean struct here?
class LiveInfo;
^~~~~
struct
2 warnings generated.
In file included from /root/impl_gcunit3-aa48-run/runtime/tests/gc_unit/test_colour_census.cpp:10:
In file included from /root/impl_gcunit3-aa48-run/runtime/tests/gc_unit/gc_heap_fixture.hpp:24:
In file included from /root/impl_gcunit3-aa48-run/runtime/src/Heap/Allocator/RegionInfo.h:51:
In file included from /root/impl_gcunit3-aa48-run/runtime/src/Heap/Allocator/ForwardingTable.h:14:
/root/impl_gcunit3-aa48-run/runtime/src/Heap/Collector/ZForwarding.h:26:1: warning: class 'LiveInfo' was previously declared as a struct; this is valid, but may result in linker errors under the Microsoft C++ ABI [-Wmismatched-tags]
class LiveInfo;
^
/root/impl_gcunit3-aa48-run/runtime/src/Heap/Collector/LiveInfo.h:294:8: note: previous use is here
struct LiveInfo {
       ^
/root/impl_gcunit3-aa48-run/runtime/src/Heap/Collector/ZForwarding.h:26:1: note: did you mean struct here?
class LiveInfo;
^~~~~
struct
In file included from /root/impl_gcunit3-aa48-run/runtime/tests/gc_unit/test_colour_census.cpp:10:
In file included from /root/impl_gcunit3-aa48-run/runtime/tests/gc_unit/gc_heap_fixture.hpp:24:
In file included from /root/impl_gcunit3-aa48-run/runtime/src/Heap/Allocator/RegionInfo.h:51:
/root/impl_gcunit3-aa48-run/runtime/src/Heap/Allocator/ForwardingTable.h:19:1: warning: class 'LiveInfo' was previously declared as a class; this is valid, but may result in linker errors under the Microsoft C++ ABI [-Wmismatched-tags]
class LiveInfo;
^
/root/impl_gcunit3-aa48-run/runtime/src/Heap/Collector/LiveInfo.h:294:8: note: previous use is here
struct LiveInfo {
       ^
/root/impl_gcunit3-aa48-run/runtime/src/Heap/Allocator/ForwardingTable.h:19:1: note: did you mean struct here?
class LiveInfo;
^~~~~
struct
2 warnings generated.
GATE_STANDALONE_SYMBOLS_OK elf=/root/impl_gcunit3-aa48-run/runtime/tests/gc_unit/build_impl_gcunit3_candidate/cj_gc_unit
GATE_RECEIPT_LIFE_PRODUCT_BINDING_OK elf=/root/impl_gcunit3-aa48-run/runtime/tests/gc_unit/build_impl_gcunit3_candidate/cj_gc_unit
GATE_OLDVALUE_PRODUCT_BINDING_OK rows=1 elf=/root/impl_gcunit3-aa48-run/runtime/tests/gc_unit/build_impl_gcunit3_candidate/cj_gc_unit
STALL_TEST_DEFINED=115
SKIP_PRODUCT_PATH_UNCOMMIT test_name=Uncommitter.UncommitIdleUnitsReleasesPhysical anchor=_ZN12MapleRuntime17FreeRegionManager17UncommitIdleUnitsEmmb carrier=product_so consumer=frm.UncommitIdleUnits cut_site=RegionInfo::ReleaseUnitsPartial
SKIP_PRODUCT_PATH_UNCOMMIT test_name=Uncommitter.DrainAfterCancelStillReleasesPhysical anchor=_ZN12MapleRuntime17FreeRegionManager17UncommitIdleUnitsEmmb carrier=product_so consumer=frm.UncommitIdleUnits honorCancel=false cut_site=RegionInfo::ReleaseUnitsPartial
GATE_PRODUCT_PATH_MANIFEST_OK rows=3 bounded_calls=3
GATE_REFERENCE_PROCESSOR_BINDING_OK elf=/root/impl_gcunit3-aa48-run/runtime/tests/gc_unit/build_impl_gcunit3_candidate/cj_gc_unit
GATE_YOUNG_WEAK_PRODUCT_BINDING_OK elf=/root/impl_gcunit3-aa48-run/runtime/tests/gc_unit/build_impl_gcunit3_candidate/cj_gc_unit
GATE_LOADHEAL_PRODUCT_MANIFEST_OK rows=6 source=clear_entries_product_unit.cpp
GATE_MUTUALWAIT_PRODUCT_MANIFEST_ROW_OK test_name=ForwardingPublicationProduct.KeptActiveReceiptRemainsRequiredAfterTableRetires
GATE_MUTUALWAIT_PRODUCT_MANIFEST_ROW_OK test_name=ForwardingPublicationProduct.ExemptPreservesRetiredReceiptAcrossActiveGeneration
GATE_MUTUALWAIT_PRODUCT_MANIFEST_ROW_OK test_name=ForwardingPublicationProduct.ReclaimRetiredDefersResidualUntilActiveReceipt
GATE_MUTUALWAIT_PRODUCT_MANIFEST_ROW_OK test_name=ForwardingPublicationProduct.ReclaimRetiredPreservesNewActiveReceiptHeader
GATE_MUTUALWAIT_PRODUCT_MANIFEST_ROW_OK test_name=ForwardingPublicationProduct.FinishIncompleteUnmovablePublishesIdentityBeforeDone
GATE_MUTUALWAIT_PRODUCT_MANIFEST_ROW_OK test_name=ForwardingPublicationProduct.FinishIncompleteNonFromResidualPublishesIdentityBeforeDone
GATE_MUTUALWAIT_PRODUCT_MANIFEST_ROW_OK test_name=ForwardingPublicationProduct.ExemptRejectsForwardedWithoutAnyReceipt
GATE_MUTUALWAIT_PRODUCT_MANIFEST_OK rows=7 source=clear_entries_product_unit.cpp analyzer=clang-resolved-declaration-id
GATE_PTRCOLOUR_PRODUCT_BINDING_OK rows=4 elf=/root/impl_gcunit3-aa48-run/runtime/tests/gc_unit/build_impl_gcunit3_candidate/cj_gc_unit
GATE_PTRCOLOUR_PRODUCER_MANIFEST_OK rows=4 families=4
In file included from /root/impl_gcunit3-aa48-run/runtime/tests/gc_unit/clear_entries_product_unit.cpp:20:
In file included from /root/impl_gcunit3-aa48-run/runtime/tests/gc_unit/gc_heap_fixture.hpp:24:
In file included from /root/impl_gcunit3-aa48-run/runtime/src/Heap/Allocator/RegionInfo.h:51:
In file included from /root/impl_gcunit3-aa48-run/runtime/src/Heap/Allocator/ForwardingTable.h:14:
/root/impl_gcunit3-aa48-run/runtime/src/Heap/Collector/ZForwarding.h:26:1: warning: class 'LiveInfo' was previously declared as a struct; this is valid, but may result in linker errors under the Microsoft C++ ABI [-Wmismatched-tags]
class LiveInfo;
^
/root/impl_gcunit3-aa48-run/runtime/src/Heap/Collector/LiveInfo.h:294:8: note: previous use is here
struct LiveInfo {
       ^
/root/impl_gcunit3-aa48-run/runtime/src/Heap/Collector/ZForwarding.h:26:1: note: did you mean struct here?
class LiveInfo;
^~~~~
struct
In file included from /root/impl_gcunit3-aa48-run/runtime/tests/gc_unit/clear_entries_product_unit.cpp:20:
In file included from /root/impl_gcunit3-aa48-run/runtime/tests/gc_unit/gc_heap_fixture.hpp:24:
In file included from /root/impl_gcunit3-aa48-run/runtime/src/Heap/Allocator/RegionInfo.h:51:
/root/impl_gcunit3-aa48-run/runtime/src/Heap/Allocator/ForwardingTable.h:19:1: warning: class 'LiveInfo' was previously declared as a class; this is valid, but may result in linker errors under the Microsoft C++ ABI [-Wmismatched-tags]
class LiveInfo;
^
/root/impl_gcunit3-aa48-run/runtime/src/Heap/Collector/LiveInfo.h:294:8: note: previous use is here
struct LiveInfo {
       ^
/root/impl_gcunit3-aa48-run/runtime/src/Heap/Allocator/ForwardingTable.h:19:1: note: did you mean struct here?
class LiveInfo;
^~~~~
struct
In file included from /root/impl_gcunit3-aa48-run/runtime/tests/gc_unit/clear_entries_product_unit.cpp:28:
In file included from /root/impl_gcunit3-aa48-run/runtime/src/Heap/Collector/CollectorProxy.h:14:
In file included from /root/impl_gcunit3-aa48-run/runtime/src/Heap/WCollector/WCollector.h:26:
In file included from /root/impl_gcunit3-aa48-run/runtime/src/Heap/Collector/CopyCollector.h:13:
/root/impl_gcunit3-aa48-run/runtime/src/Heap/Collector/TracingCollector.h:384:20: warning: unused variable 'objSize' [-Wunused-variable]
            size_t objSize = obj->GetSize();
                   ^
/root/impl_gcunit3-aa48-run/runtime/src/Heap/Collector/TracingCollector.h:392:47: warning: unused parameter 'ref' [-Wunused-parameter]
    virtual void EnumRefFieldRoot(RefField<>& ref, RootSet& rootSet) const {};
                                              ^
/root/impl_gcunit3-aa48-run/runtime/src/Heap/Collector/TracingCollector.h:392:61: warning: unused parameter 'rootSet' [-Wunused-parameter]
    virtual void EnumRefFieldRoot(RefField<>& ref, RootSet& rootSet) const {};
                                                            ^
/root/impl_gcunit3-aa48-run/runtime/src/Heap/Collector/TracingCollector.h:393:51: warning: unused parameter 'obj' [-Wunused-parameter]
    virtual void TraceObjectRefFields(BaseObject* obj, WorkStack& workStack)
                                                  ^
/root/impl_gcunit3-aa48-run/runtime/src/Heap/Collector/TracingCollector.h:393:67: warning: unused parameter 'workStack' [-Wunused-parameter]
    virtual void TraceObjectRefFields(BaseObject* obj, WorkStack& workStack)
                                                                  ^
/root/impl_gcunit3-aa48-run/runtime/src/Heap/Collector/TracingCollector.h:400:59: warning: unused parameter 'entry' [-Wunused-parameter]
    virtual void FollowPartialArray(const MarkStackEntry& entry, WorkStack& workStack)
                                                          ^
/root/impl_gcunit3-aa48-run/runtime/src/Heap/Collector/TracingCollector.h:400:77: warning: unused parameter 'workStack' [-Wunused-parameter]
    virtual void FollowPartialArray(const MarkStackEntry& entry, WorkStack& workStack)
                                                                            ^
/root/impl_gcunit3-aa48-run/runtime/src/Heap/Collector/TracingCollector.h:404:53: warning: unused parameter 'kind' [-Wunused-parameter]
    virtual BaseObject* GetAndTryTagObj(RefSlotKind kind, BaseObject* obj, RefField<>& field)
                                                    ^
/root/impl_gcunit3-aa48-run/runtime/src/Heap/Collector/TracingCollector.h:404:71: warning: unused parameter 'obj' [-Wunused-parameter]
    virtual BaseObject* GetAndTryTagObj(RefSlotKind kind, BaseObject* obj, RefField<>& field)
                                                                      ^
/root/impl_gcunit3-aa48-run/runtime/src/Heap/Collector/TracingCollector.h:404:88: warning: unused parameter 'field' [-Wunused-parameter]
    virtual BaseObject* GetAndTryTagObj(RefSlotKind kind, BaseObject* obj, RefField<>& field)
                                                                                       ^
/root/impl_gcunit3-aa48-run/runtime/src/Heap/Collector/TracingCollector.h:485:27: warning: unused parameter 'heapMarked' [-Wunused-parameter]
    void ResetBitmap(bool heapMarked)
                          ^
/root/impl_gcunit3-aa48-run/runtime/src/Heap/Collector/TracingCollector.h:523:47: warning: unused parameter 'root' [-Wunused-parameter]
    virtual void EnumAndTagRawRoot(ObjectRef& root, RootSet& rootSet) const
                                              ^
/root/impl_gcunit3-aa48-run/runtime/src/Heap/Collector/TracingCollector.h:523:62: warning: unused parameter 'rootSet' [-Wunused-parameter]
    virtual void EnumAndTagRawRoot(ObjectRef& root, RootSet& rootSet) const
                                                             ^
/root/impl_gcunit3-aa48-run/runtime/tests/gc_unit/clear_entries_product_unit.cpp:938:5: warning: comparison of integers of different signs: 'MapleRuntime::MAddress' (aka 'unsigned long') and 'int' [-Wsign-compare]
    GC_EXPECT_EQ(ForwardingTable::FindRetiredTo(reinterpret_cast<MAddress>(from)), 0);
    ^~~~~~~~~~~~~~~~~~~~~~~~~~~~~~~~~~~~~~~~~~~~~~~~~~~~~~~~~~~~~~~~~~~~~~~~~~~~~~~~~
/root/impl_gcunit3-aa48-run/runtime/tests/gc_unit/gc_unittest.hpp:99:19: note: expanded from macro 'GC_EXPECT_EQ'
        if (!(_ga == _gb)) {                                                                                           \
              ~~~ ^  ~~~
/root/impl_gcunit3-aa48-run/runtime/tests/gc_unit/clear_entries_product_unit.cpp:1027:5: warning: comparison of integers of different signs: 'MapleRuntime::MAddress' (aka 'unsigned long') and 'int' [-Wsign-compare]
    GC_EXPECT_EQ(ForwardingTable::FindTo(reinterpret_cast<MAddress>(from)), 0);
    ^~~~~~~~~~~~~~~~~~~~~~~~~~~~~~~~~~~~~~~~~~~~~~~~~~~~~~~~~~~~~~~~~~~~~~~~~~
/root/impl_gcunit3-aa48-run/runtime/tests/gc_unit/gc_unittest.hpp:99:19: note: expanded from macro 'GC_EXPECT_EQ'
        if (!(_ga == _gb)) {                                                                                           \
              ~~~ ^  ~~~
/root/impl_gcunit3-aa48-run/runtime/tests/gc_unit/clear_entries_product_unit.cpp:1082:5: warning: comparison of integers of different signs: 'MapleRuntime::MAddress' (aka 'unsigned long') and 'int' [-Wsign-compare]
    GC_EXPECT_EQ(ForwardingTable::FindTo(reinterpret_cast<MAddress>(from)), 0);
    ^~~~~~~~~~~~~~~~~~~~~~~~~~~~~~~~~~~~~~~~~~~~~~~~~~~~~~~~~~~~~~~~~~~~~~~~~~
/root/impl_gcunit3-aa48-run/runtime/tests/gc_unit/gc_unittest.hpp:99:19: note: expanded from macro 'GC_EXPECT_EQ'
        if (!(_ga == _gb)) {                                                                                           \
              ~~~ ^  ~~~
/root/impl_gcunit3-aa48-run/runtime/tests/gc_unit/clear_entries_product_unit.cpp:1091:5: warning: comparison of integers of different signs: 'MapleRuntime::MAddress' (aka 'unsigned long') and 'int' [-Wsign-compare]
    GC_EXPECT_EQ(ForwardingTable::FindTo(reinterpret_cast<MAddress>(from)), 0);
    ^~~~~~~~~~~~~~~~~~~~~~~~~~~~~~~~~~~~~~~~~~~~~~~~~~~~~~~~~~~~~~~~~~~~~~~~~~
/root/impl_gcunit3-aa48-run/runtime/tests/gc_unit/gc_unittest.hpp:99:19: note: expanded from macro 'GC_EXPECT_EQ'
        if (!(_ga == _gb)) {                                                                                           \
              ~~~ ^  ~~~
/root/impl_gcunit3-aa48-run/runtime/tests/gc_unit/clear_entries_product_unit.cpp:1152:5: warning: comparison of integers of different signs: 'MapleRuntime::MAddress' (aka 'unsigned long') and 'int' [-Wsign-compare]
    GC_EXPECT_EQ(ForwardingTable::FindTo(reinterpret_cast<MAddress>(from)), 0);
    ^~~~~~~~~~~~~~~~~~~~~~~~~~~~~~~~~~~~~~~~~~~~~~~~~~~~~~~~~~~~~~~~~~~~~~~~~~
/root/impl_gcunit3-aa48-run/runtime/tests/gc_unit/gc_unittest.hpp:99:19: note: expanded from macro 'GC_EXPECT_EQ'
        if (!(_ga == _gb)) {                                                                                           \
              ~~~ ^  ~~~
/root/impl_gcunit3-aa48-run/runtime/tests/gc_unit/clear_entries_product_unit.cpp:1171:5: warning: comparison of integers of different signs: 'MapleRuntime::MAddress' (aka 'unsigned long') and 'int' [-Wsign-compare]
    GC_EXPECT_EQ(ForwardingTable::FindRetiredTo(reinterpret_cast<MAddress>(from)), 0);
    ^~~~~~~~~~~~~~~~~~~~~~~~~~~~~~~~~~~~~~~~~~~~~~~~~~~~~~~~~~~~~~~~~~~~~~~~~~~~~~~~~
/root/impl_gcunit3-aa48-run/runtime/tests/gc_unit/gc_unittest.hpp:99:19: note: expanded from macro 'GC_EXPECT_EQ'
        if (!(_ga == _gb)) {                                                                                           \
              ~~~ ^  ~~~
/root/impl_gcunit3-aa48-run/runtime/tests/gc_unit/clear_entries_product_unit.cpp:1232:5: warning: comparison of integers of different signs: 'MapleRuntime::MAddress' (aka 'unsigned long') and 'int' [-Wsign-compare]
    GC_EXPECT_EQ(ForwardingTable::FindRetiredTo(reinterpret_cast<MAddress>(from)), 0);
    ^~~~~~~~~~~~~~~~~~~~~~~~~~~~~~~~~~~~~~~~~~~~~~~~~~~~~~~~~~~~~~~~~~~~~~~~~~~~~~~~~
/root/impl_gcunit3-aa48-run/runtime/tests/gc_unit/gc_unittest.hpp:99:19: note: expanded from macro 'GC_EXPECT_EQ'
        if (!(_ga == _gb)) {                                                                                           \
              ~~~ ^  ~~~
/root/impl_gcunit3-aa48-run/runtime/tests/gc_unit/clear_entries_product_unit.cpp:1440:5: warning: comparison of integers of different signs: 'MapleRuntime::MAddress' (aka 'unsigned long') and 'int' [-Wsign-compare]
    GC_EXPECT_EQ(ForwardingTable::FindTo(reinterpret_cast<MAddress>(from)), 0);
    ^~~~~~~~~~~~~~~~~~~~~~~~~~~~~~~~~~~~~~~~~~~~~~~~~~~~~~~~~~~~~~~~~~~~~~~~~~
/root/impl_gcunit3-aa48-run/runtime/tests/gc_unit/gc_unittest.hpp:99:19: note: expanded from macro 'GC_EXPECT_EQ'
        if (!(_ga == _gb)) {                                                                                           \
              ~~~ ^  ~~~
/root/impl_gcunit3-aa48-run/runtime/tests/gc_unit/clear_entries_product_unit.cpp:1441:5: warning: comparison of integers of different signs: 'MapleRuntime::MAddress' (aka 'unsigned long') and 'int' [-Wsign-compare]
    GC_EXPECT_EQ(ForwardingTable::FindRetiredTo(reinterpret_cast<MAddress>(from)), 0);
    ^~~~~~~~~~~~~~~~~~~~~~~~~~~~~~~~~~~~~~~~~~~~~~~~~~~~~~~~~~~~~~~~~~~~~~~~~~~~~~~~~
/root/impl_gcunit3-aa48-run/runtime/tests/gc_unit/gc_unittest.hpp:99:19: note: expanded from macro 'GC_EXPECT_EQ'
        if (!(_ga == _gb)) {                                                                                           \
              ~~~ ^  ~~~
/root/impl_gcunit3-aa48-run/runtime/tests/gc_unit/clear_entries_product_unit.cpp:1738:20: warning: unused variable 'expected' [-Wunused-variable]
    const MAddress expected = region->GetRegionStart();
                   ^
25 warnings generated.
GATE_MUTUALWAIT_PRODUCT_IMPORTS_OK elf=/root/impl_gcunit3-aa48-run/runtime/tests/gc_unit/build_impl_gcunit3_candidate/cj_gc_forwarding_publication_unit
GATE_LOADHEAL_PRODUCT_IMPORTS_OK elf=/root/impl_gcunit3-aa48-run/runtime/tests/gc_unit/build_impl_gcunit3_candidate/cj_gc_forwarding_publication_unit
LINKED_RUNTIME=/root/sodepot/impl_gcunit3/t11-t12-candidate
MRT_TESTABLE_INTERNALS=1
=== BINDING_PROOF (undefined in binary that resolve via runtime) ===
                 U _ZN12MapleRuntime11VerifyRoots10ResetStatsEv@CANGJIE
                 U _ZN12MapleRuntime11VerifyRoots12BadRootCountEv@CANGJIE
                 U _ZN12MapleRuntime11VerifyRoots17VerifyRootPayloadERKNS_17RootVerifyContextEPvPNS_10BaseObjectE@CANGJIE
                 U _ZN12MapleRuntime13RangeRegistry13RegisterRangeERKNS_5RangeE@CANGJIE
                 U _ZN12MapleRuntime13RangeRegistry17RegisterCallbacksERKNS0_9CallbacksE@CANGJIE
                 U _ZN12MapleRuntime13RangeRegistry6InsertERKNS_5RangeE@CANGJIE
                 U _ZN12MapleRuntime13RangeRegistry8ClaimLowEm@CANGJIE
                 U _ZN12MapleRuntime13RangeRegistry9ClaimHighEm@CANGJIE
                 U _ZN12MapleRuntime15ForwardingTable22ReceiptAllowsForwardedEm@CANGJIE
                 U _ZN12MapleRuntime22RelocationRequestQueue12BeginWorkersEm@CANGJIE
                 U _ZN12MapleRuntime22RelocationRequestQueue13CompleteOwnerEPvRKSt8functionIFmmEE@CANGJIE
                 U _ZN12MapleRuntime22RelocationRequestQueue13PruneAndClaimEv@CANGJIE
                 U _ZN12MapleRuntime22RelocationRequestQueue15SynchronizePollEv@CANGJIE
                 U _ZN12MapleRuntime22RelocationRequestQueue3AddEPvm@CANGJIE
                 U _ZN12MapleRuntime22RelocationRequestQueue4FailEm@CANGJIE
                 U _ZN12MapleRuntime22RelocationRequestQueue4WaitERKSt10shared_ptrINS0_7RequestEE@CANGJIE
                 U _ZN12MapleRuntime22RelocationRequestQueue7PublishEmm@CANGJIE
                 U _ZN12MapleRuntime22RelocationRequestQueue9WaitUntilERKSt10shared_ptrINS0_7RequestEERKSt8functionIFbvEE@CANGJIE
                 U _ZN12MapleRuntime26PlausibleManagedObjectGateEPKcPNS_10BaseObjectE@CANGJIE
                 U _ZN12MapleRuntime9Collector16MarkGoodHeapGateEPKcPNS_10BaseObjectE@CANGJIE
                 U _ZN12MapleRuntime9Collector22TryRecoverInteriorBaseEPNS_10BaseObjectES2_@CANGJIE
                 U _ZN12MapleRuntime9Collector26PlausibleManagedObjectGateEPKcPNS_10BaseObjectE@CANGJIE
                 U _ZN12MapleRuntime9RouteInfo8GetRouteEm@CANGJIE
                 U _ZNK12MapleRuntime13RangeRegistry12IsContiguousEv@CANGJIE
                 U _ZNK12MapleRuntime13RangeRegistry8SnapshotEv@CANGJIE
                 U _ZNK12MapleRuntime13RangeRegistry9TotalSizeEv@CANGJIE
                 U _ZNK12MapleRuntime22RelocationRequestQueue12PendingCountEv@CANGJIE
                 U _ZNK12MapleRuntime22RelocationRequestQueue23SynchronizedWorkerCountEv@CANGJIE
                 U _ZNK12MapleRuntime7Barrier18RecordCrossGenEdgeEPNS_10BaseObjectEmS2_NS_8zpointerE@CANGJIE
=== RUNTIME_EXPORTS (product .so) ===
0000000000582ce0 T _ZN12MapleRuntime11VerifyRoots10RegionNameENS_10AddrRegionE@@CANGJIE
0000000000583760 T _ZN12MapleRuntime11VerifyRoots10ResetStatsEv@@CANGJIE
0000000000583740 T _ZN12MapleRuntime11VerifyRoots12BadRootCountEv@@CANGJIE
0000000000582d50 T _ZN12MapleRuntime11VerifyRoots12IsZapPatternEm@@CANGJIE
0000000000583750 T _ZN12MapleRuntime11VerifyRoots13InfoRootCountEv@@CANGJIE
0000000000582d60 T _ZN12MapleRuntime11VerifyRoots15ClassifyAddressEm@@CANGJIE
0000000000582e00 T _ZN12MapleRuntime11VerifyRoots17VerifyRootPayloadERKNS_17RootVerifyContextEPvPNS_10BaseObjectE@@CANGJIE
0000000000583490 T _ZN12MapleRuntime11VerifyRoots18BeforeCheckAndPushEPNS_10BaseObjectE@@CANGJIE
0000000000583640 T _ZN12MapleRuntime11VerifyRoots19MakeRegDebugVisitorERKNS_17RootVerifyContextE@@CANGJIE
0000000000583540 T _ZN12MapleRuntime11VerifyRoots20MakeSlotDebugVisitorERKNS_17RootVerifyContextE@@CANGJIE
0000000000582c50 T _ZN12MapleRuntime11VerifyRoots7EnabledEv@@CANGJIE
0000000000582c60 T _ZN12MapleRuntime11VerifyRoots8KindNameENS_8RootKindE@@CANGJIE
0000000000494dd0 T _ZN12MapleRuntime13RangeRegistry12InsertLockedERKNS_5RangeEb@@CANGJIE
0000000000495130 T _ZN12MapleRuntime13RangeRegistry13RegisterRangeERKNS_5RangeE@@CANGJIE
0000000000494400 T _ZN12MapleRuntime13RangeRegistry17RegisterCallbacksERKNS0_9CallbacksE@@CANGJIE
0000000000494500 T _ZN12MapleRuntime13RangeRegistry18GrowFromBackLockedERNS_5RangeEm@@CANGJIE
0000000000494450 T _ZN12MapleRuntime13RangeRegistry19GrowFromFrontLockedERNS_5RangeEm@@CANGJIE
0000000000494640 T _ZN12MapleRuntime13RangeRegistry20ShrinkFromBackLockedERNS_5RangeEm@@CANGJIE
00000000004945b0 T _ZN12MapleRuntime13RangeRegistry21ShrinkFromFrontLockedERNS_5RangeEm@@CANGJIE
0000000000495180 T _ZN12MapleRuntime13RangeRegistry6InsertERKNS_5RangeE@@CANGJIE
0000000000494a20 T _ZN12MapleRuntime13RangeRegistry8ClaimLowEm@@CANGJIE
0000000000494b40 T _ZN12MapleRuntime13RangeRegistry9ClaimHighEm@@CANGJIE
00000000004e57e0 T _ZN12MapleRuntime15ForwardingTable22ReceiptAllowsForwardedEm@@CANGJIE
0000000000545da0 T _ZN12MapleRuntime22RelocationRequestQueue12BeginWorkersEm@@CANGJIE
0000000000547520 T _ZN12MapleRuntime22RelocationRequestQueue13CompleteOwnerEPvRKSt8functionIFmmEE@@CANGJIE
0000000000545930 T _ZN12MapleRuntime22RelocationRequestQueue13PruneAndClaimEv@@CANGJIE
0000000000545610 T _ZN12MapleRuntime22RelocationRequestQueue14CompleteHandleERKSt10shared_ptrINS0_7RequestEEmNS0_5StateE@@CANGJIE
0000000000545ea0 T _ZN12MapleRuntime22RelocationRequestQueue15SynchronizePollEv@@CANGJIE
0000000000545670 T _ZN12MapleRuntime22RelocationRequestQueue19PruneAndClaimLockedEv@@CANGJIE
0000000000546540 T _ZN12MapleRuntime22RelocationRequestQueue3AddEPvm@@CANGJIE
0000000000547510 T _ZN12MapleRuntime22RelocationRequestQueue4FailEm@@CANGJIE
0000000000545180 T _ZN12MapleRuntime22RelocationRequestQueue4WaitERKSt10shared_ptrINS0_7RequestEE@@CANGJIE
00000000005474f0 T _ZN12MapleRuntime22RelocationRequestQueue7PublishEmm@@CANGJIE
0000000000547270 T _ZN12MapleRuntime22RelocationRequestQueue8CompleteEmmNS0_5StateE@@CANGJIE
00000000005453a0 T _ZN12MapleRuntime22RelocationRequestQueue9WaitUntilERKSt10shared_ptrINS0_7RequestEERKSt8functionIFbvEE@@CANGJIE
00000000005265d0 T _ZN12MapleRuntime26PlausibleManagedObjectGateEPKcPNS_10BaseObjectE@@CANGJIE
0000000000526580 T _ZN12MapleRuntime9Collector16MarkGoodHeapGateEPKcPNS_10BaseObjectE@@CANGJIE
00000000005268e0 T _ZN12MapleRuntime9Collector22TryRecoverInteriorBaseEPNS_10BaseObjectES2_@@CANGJIE
00000000005268d0 T _ZN12MapleRuntime9Collector26PlausibleManagedObjectGateEPKcPNS_10BaseObjectE@@CANGJIE
00000000005265c0 T _ZN12MapleRuntime9Collector28ReportMarkGoodHeapGateCountsEv@@CANGJIE
[  RUN   ] M0Exit.RootFixRuntimeEnumerationClassifiesNoCopyAsS0
[  RUN   ] M0Exit.RootFixRuntimeEnumerationClassifiesNoCopyAsS0
2026-09-01 21:09:54.510616 2446587 E [FWDTABLE] armed base=0x7eb530352000 size=24576 unit=4096 entries=6
2026-09-01 21:09:54.511471 2446588 F Check failed: lookupState != State::Unavailable
2026-09-01 21:09:54.511623 2446588 F [FINDTO][fail-closed] consumer=WCollector::ForwardObjectImpl forwarding carrier unavailable
2026-09-01 21:09:54.511893 2446587 E [FWDTABLE][reclaim] why=gc-unit-explicit-coverage freed=2 deferred=0 coverage_complete=1 retired_total=2 reclaimed_total=2
GC_UNIT_OTHER_VM_OKIDOKI M0Exit.RootFixRuntimeEnumerationClassifiesNoCopyAsS0
[FWDTABLE][refuse] atexit full=0 overflow=0 fallbackFull=0 fallbackOverflow=0 armedHit=0 armedMiss=1 unavailable=0 unarmed=0
[GCV2][detach-check] phase=enforce site=collect_from_garbage checks=0 evidence=0 blocked=0 active_table=0 retired_table=0 route_dest_held=0 fwd_positive=0 fwd_readers=0 fwd_claimed=0 fwd_released=0 copy_inflight=0
[GCV2][detach-check] phase=enforce site=take_garbage checks=0 evidence=0 blocked=0 active_table=0 retired_table=0 route_dest_held=0 fwd_positive=0 fwd_readers=0 fwd_claimed=0 fwd_released=0 copy_inflight=0
[GCV2][detach-check] phase=enforce site=take_after_dispel checks=0 evidence=0 blocked=0 active_table=0 retired_table=0 route_dest_held=0 fwd_positive=0 fwd_readers=0 fwd_claimed=0 fwd_released=0 copy_inflight=0
[GCV2][detach-check] phase=enforce site=reclaim_dirty checks=0 evidence=0 blocked=0 active_table=0 retired_table=0 route_dest_held=0 fwd_positive=0 fwd_readers=0 fwd_claimed=0 fwd_released=0 copy_inflight=0
[GCV2][detach-check] phase=enforce site=reclaim_mark_quarantine checks=0 evidence=0 blocked=0 active_table=0 retired_table=0 route_dest_held=0 fwd_positive=0 fwd_readers=0 fwd_claimed=0 fwd_released=0 copy_inflight=0
[GCV2][detach-check] phase=enforce site=release_region checks=0 evidence=0 blocked=0 active_table=0 retired_table=0 route_dest_held=0 fwd_positive=0 fwd_readers=0 fwd_claimed=0 fwd_released=0 copy_inflight=0
[GCV2][detach-check] phase=enforce site=release_garbage_units checks=0 evidence=0 blocked=0 active_table=0 retired_table=0 route_dest_held=0 fwd_positive=0 fwd_readers=0 fwd_claimed=0 fwd_released=0 copy_inflight=0
[GCV2][detach-check] phase=enforce site=take_garbage_reuse checks=0 evidence=0 blocked=0 active_table=0 retired_table=0 route_dest_held=0 fwd_positive=0 fwd_readers=0 fwd_claimed=0 fwd_released=0 copy_inflight=0
[GCV2][detach-check] phase=enforce site=take_dirty_reuse checks=0 evidence=0 blocked=0 active_table=0 retired_table=0 route_dest_held=0 fwd_positive=0 fwd_readers=0 fwd_claimed=0 fwd_released=0 copy_inflight=0
[GCV2][detach-check] phase=enforce site=take_released_reuse checks=0 evidence=0 blocked=0 active_table=0 retired_table=0 route_dest_held=0 fwd_positive=0 fwd_readers=0 fwd_claimed=0 fwd_released=0 copy_inflight=0
[GCV2][detach-check] phase=enforce site=clear_units checks=0 evidence=0 blocked=0 active_table=0 retired_table=0 route_dest_held=0 fwd_positive=0 fwd_readers=0 fwd_claimed=0 fwd_released=0 copy_inflight=0
[GCV2][detach-check] phase=enforce site=release_units checks=0 evidence=0 blocked=0 active_table=0 retired_table=0 route_dest_held=0 fwd_positive=0 fwd_readers=0 fwd_claimed=0 fwd_released=0 copy_inflight=0
[GCV2][detach-check] phase=enforce site=init_free_units checks=0 evidence=0 blocked=0 active_table=0 retired_table=0 route_dest_held=0 fwd_positive=0 fwd_readers=0 fwd_claimed=0 fwd_released=0 copy_inflight=0
[GCV2][detach-check] phase=enforce site=init_region_info checks=2 evidence=0 blocked=0 active_table=0 retired_table=0 route_dest_held=0 fwd_positive=0 fwd_readers=0 fwd_claimed=0 fwd_released=0 copy_inflight=0
[GCV2][detach-check] phase=enforce site=major_recheck checks=0 evidence=0 blocked=0 active_table=0 retired_table=0 route_dest_held=0 fwd_positive=0 fwd_readers=0 fwd_claimed=0 fwd_released=0 copy_inflight=0
[GCV2][detach-quarantine] gate=1 admitted=0 released=0 recheck_held=0 peak_entries=0 max_entries=65536 max_rechecks=8
[GCV2][zlife] atexit refuse_released=1 refuse_claimed=0 detach_waited=0
[ptrcolour][plain-load-heal] attempt=0 success=0 plain_skip=0
[GCV2][detach-check] phase=enforce site=collect_from_garbage checks=0 evidence=0 blocked=0 active_table=0 retired_table=0 route_dest_held=0 fwd_positive=0 fwd_readers=0 fwd_claimed=0 fwd_released=0 copy_inflight=0
[GCV2][detach-check] phase=enforce site=take_garbage checks=0 evidence=0 blocked=0 active_table=0 retired_table=0 route_dest_held=0 fwd_positive=0 fwd_readers=0 fwd_claimed=0 fwd_released=0 copy_inflight=0
[GCV2][detach-check] phase=enforce site=take_after_dispel checks=0 evidence=0 blocked=0 active_table=0 retired_table=0 route_dest_held=0 fwd_positive=0 fwd_readers=0 fwd_claimed=0 fwd_released=0 copy_inflight=0
[GCV2][detach-check] phase=enforce site=reclaim_dirty checks=0 evidence=0 blocked=0 active_table=0 retired_table=0 route_dest_held=0 fwd_positive=0 fwd_readers=0 fwd_claimed=0 fwd_released=0 copy_inflight=0
[GCV2][detach-check] phase=enforce site=reclaim_mark_quarantine checks=0 evidence=0 blocked=0 active_table=0 retired_table=0 route_dest_held=0 fwd_positive=0 fwd_readers=0 fwd_claimed=0 fwd_released=0 copy_inflight=0
[GCV2][detach-check] phase=enforce site=release_region checks=0 evidence=0 blocked=0 active_table=0 retired_table=0 route_dest_held=0 fwd_positive=0 fwd_readers=0 fwd_claimed=0 fwd_released=0 copy_inflight=0
[GCV2][detach-check] phase=enforce site=release_garbage_units checks=0 evidence=0 blocked=0 active_table=0 retired_table=0 route_dest_held=0 fwd_positive=0 fwd_readers=0 fwd_claimed=0 fwd_released=0 copy_inflight=0
[GCV2][detach-check] phase=enforce site=take_garbage_reuse checks=0 evidence=0 blocked=0 active_table=0 retired_table=0 route_dest_held=0 fwd_positive=0 fwd_readers=0 fwd_claimed=0 fwd_released=0 copy_inflight=0
[GCV2][detach-check] phase=enforce site=take_dirty_reuse checks=0 evidence=0 blocked=0 active_table=0 retired_table=0 route_dest_held=0 fwd_positive=0 fwd_readers=0 fwd_claimed=0 fwd_released=0 copy_inflight=0
[GCV2][detach-check] phase=enforce site=take_released_reuse checks=0 evidence=0 blocked=0 active_table=0 retired_table=0 route_dest_held=0 fwd_positive=0 fwd_readers=0 fwd_claimed=0 fwd_released=0 copy_inflight=0
[GCV2][detach-check] phase=enforce site=clear_units checks=0 evidence=0 blocked=0 active_table=0 retired_table=0 route_dest_held=0 fwd_positive=0 fwd_readers=0 fwd_claimed=0 fwd_released=0 copy_inflight=0
[GCV2][detach-check] phase=enforce site=release_units checks=0 evidence=0 blocked=0 active_table=0 retired_table=0 route_dest_held=0 fwd_positive=0 fwd_readers=0 fwd_claimed=0 fwd_released=0 copy_inflight=0
[GCV2][detach-check] phase=enforce site=init_free_units checks=0 evidence=0 blocked=0 active_table=0 retired_table=0 route_dest_held=0 fwd_positive=0 fwd_readers=0 fwd_claimed=0 fwd_released=0 copy_inflight=0
[GCV2][detach-check] phase=enforce site=init_region_info checks=0 evidence=0 blocked=0 active_table=0 retired_table=0 route_dest_held=0 fwd_positive=0 fwd_readers=0 fwd_claimed=0 fwd_released=0 copy_inflight=0
[GCV2][detach-check] phase=enforce site=major_recheck checks=0 evidence=0 blocked=0 active_table=0 retired_table=0 route_dest_held=0 fwd_positive=0 fwd_readers=0 fwd_claimed=0 fwd_released=0 copy_inflight=0
[GCV2][detach-quarantine] gate=1 admitted=0 released=0 recheck_held=0 peak_entries=0 max_entries=65536 max_rechecks=8
[GCV2][zlife] atexit refuse_released=0 refuse_claimed=0 detach_waited=0
[ptrcolour][plain-load-heal] attempt=0 success=0 plain_skip=0
[  PASS  ] M0Exit.RootFixRuntimeEnumerationClassifiesNoCopyAsS0
[========] 1 tests: 1 passed, 0 failed
[  ERROR ] GC_UNIT_FILTER matched no test: M0Exit.RootFixRuntimeEnumerationClassifiesNoCopyAsS0
[GCV2][detach-check] phase=enforce site=collect_from_garbage checks=0 evidence=0 blocked=0 active_table=0 retired_table=0 route_dest_held=0 fwd_positive=0 fwd_readers=0 fwd_claimed=0 fwd_released=0 copy_inflight=0
[GCV2][detach-check] phase=enforce site=take_garbage checks=0 evidence=0 blocked=0 active_table=0 retired_table=0 route_dest_held=0 fwd_positive=0 fwd_readers=0 fwd_claimed=0 fwd_released=0 copy_inflight=0
[GCV2][detach-check] phase=enforce site=take_after_dispel checks=0 evidence=0 blocked=0 active_table=0 retired_table=0 route_dest_held=0 fwd_positive=0 fwd_readers=0 fwd_claimed=0 fwd_released=0 copy_inflight=0
[GCV2][detach-check] phase=enforce site=reclaim_dirty checks=0 evidence=0 blocked=0 active_table=0 retired_table=0 route_dest_held=0 fwd_positive=0 fwd_readers=0 fwd_claimed=0 fwd_released=0 copy_inflight=0
[GCV2][detach-check] phase=enforce site=reclaim_mark_quarantine checks=0 evidence=0 blocked=0 active_table=0 retired_table=0 route_dest_held=0 fwd_positive=0 fwd_readers=0 fwd_claimed=0 fwd_released=0 copy_inflight=0
[GCV2][detach-check] phase=enforce site=release_region checks=0 evidence=0 blocked=0 active_table=0 retired_table=0 route_dest_held=0 fwd_positive=0 fwd_readers=0 fwd_claimed=0 fwd_released=0 copy_inflight=0
[GCV2][detach-check] phase=enforce site=release_garbage_units checks=0 evidence=0 blocked=0 active_table=0 retired_table=0 route_dest_held=0 fwd_positive=0 fwd_readers=0 fwd_claimed=0 fwd_released=0 copy_inflight=0
[GCV2][detach-check] phase=enforce site=take_garbage_reuse checks=0 evidence=0 blocked=0 active_table=0 retired_table=0 route_dest_held=0 fwd_positive=0 fwd_readers=0 fwd_claimed=0 fwd_released=0 copy_inflight=0
[GCV2][detach-check] phase=enforce site=take_dirty_reuse checks=0 evidence=0 blocked=0 active_table=0 retired_table=0 route_dest_held=0 fwd_positive=0 fwd_readers=0 fwd_claimed=0 fwd_released=0 copy_inflight=0
[GCV2][detach-check] phase=enforce site=take_released_reuse checks=0 evidence=0 blocked=0 active_table=0 retired_table=0 route_dest_held=0 fwd_positive=0 fwd_readers=0 fwd_claimed=0 fwd_released=0 copy_inflight=0
[GCV2][detach-check] phase=enforce site=clear_units checks=0 evidence=0 blocked=0 active_table=0 retired_table=0 route_dest_held=0 fwd_positive=0 fwd_readers=0 fwd_claimed=0 fwd_released=0 copy_inflight=0
[GCV2][detach-check] phase=enforce site=release_units checks=0 evidence=0 blocked=0 active_table=0 retired_table=0 route_dest_held=0 fwd_positive=0 fwd_readers=0 fwd_claimed=0 fwd_released=0 copy_inflight=0
[GCV2][detach-check] phase=enforce site=init_free_units checks=0 evidence=0 blocked=0 active_table=0 retired_table=0 route_dest_held=0 fwd_positive=0 fwd_readers=0 fwd_claimed=0 fwd_released=0 copy_inflight=0
[GCV2][detach-check] phase=enforce site=init_region_info checks=0 evidence=0 blocked=0 active_table=0 retired_table=0 route_dest_held=0 fwd_positive=0 fwd_readers=0 fwd_claimed=0 fwd_released=0 copy_inflight=0
[GCV2][detach-check] phase=enforce site=major_recheck checks=0 evidence=0 blocked=0 active_table=0 retired_table=0 route_dest_held=0 fwd_positive=0 fwd_readers=0 fwd_claimed=0 fwd_released=0 copy_inflight=0
[GCV2][detach-quarantine] gate=1 admitted=0 released=0 recheck_held=0 peak_entries=0 max_entries=65536 max_rechecks=8
[GCV2][zlife] atexit refuse_released=0 refuse_claimed=0 detach_waited=0
[ptrcolour][plain-load-heal] attempt=0 success=0 plain_skip=0
[========] 0 tests: 0 passed, 0 failed
GC_UNIT_RUN_DONE rc=1 main_rc=0 publication_rc=1 wall_ms=15
