function	baseline_anchor	candidate_anchor	body_sha256	zgc_file_anchor
Add	runtime/src/Base/ZStat.cpp:21	runtime/src/Heap/z/zStat.cpp:21	d32ee6d80502b4d959ca749d86cedd3fba965fc1b3449db07e0dd00903eb3baa	/root/cj_build/reference/jdk/src/hotspot/share/gc/z/zStat.cpp:61
Initialize	runtime/src/Base/ZStat.cpp:33	runtime/src/Heap/z/zStat.cpp:33	76f89e64b6cd01246772bb2024b03abbdfc2f3c392a6b521c80f3afe1897d871	/root/cj_build/reference/jdk/src/hotspot/share/gc/z/zStat.cpp:61
AtStart	runtime/src/Base/ZStat.cpp:44	runtime/src/Heap/z/zStat.cpp:44	80c78c8b9986dd64e7a828529166c248fe03c6599d947493c9138d83e03f9579	/root/cj_build/reference/jdk/src/hotspot/share/gc/z/zStat.cpp:61
AtEnd	runtime/src/Base/ZStat.cpp:52	runtime/src/Heap/z/zStat.cpp:52	fa1b2bfcc7c984539ed60475c91f14b1c6ca9d55966c484399836d7ab1eb1f07	/root/cj_build/reference/jdk/src/hotspot/share/gc/z/zStat.cpp:61
Stats	runtime/src/Base/ZStat.cpp:68	runtime/src/Heap/z/zStat.cpp:68	5be26467c9ba38ab6e40f17beed74004d6fe37c7c9ec94d439d052114b9b84dd	/root/cj_build/reference/jdk/src/hotspot/share/gc/z/zStat.cpp:61
Collections	runtime/src/Base/ZStat.cpp:76	runtime/src/Heap/z/zStat.cpp:76	1be45384a30afdcbcd341a6e321ed0b75f264eb528d1aa1209be531369c239c7	/root/cj_build/reference/jdk/src/hotspot/share/gc/z/zStat.cpp:61
AtYoungMarkStart	runtime/src/Base/ZStat.cpp:82	runtime/src/Heap/z/zStat.cpp:82	f4f78764e870522453b15513cccdf1a7df1abd86fdb282c3347e6f1c1d5dfa4c	/root/cj_build/reference/jdk/src/hotspot/share/gc/z/zStat.cpp:61
Stats	runtime/src/Base/ZStat.cpp:91	runtime/src/Heap/z/zStat.cpp:91	bdae9dbd380a61de62440f3bb15a6c9d36955b06469a2a579610fc51baa23a1a	/root/cj_build/reference/jdk/src/hotspot/share/gc/z/zStat.cpp:61
SampleDirectorStats	runtime/src/Base/ZStat.cpp:98	runtime/src/Heap/z/zStat.cpp:98	115d5ea00f48fddd826174d6df37192a6f76841545409dd12c3709015fccd80d	/root/cj_build/reference/jdk/src/hotspot/share/gc/z/zStat.cpp:61
ZStatValue	runtime/src/Base/ZStat.cpp:170	runtime/src/Heap/z/zStat.cpp:170	276fa7cd3f985c0e43e34b28ede41e56a50cc2b72d38c8cdc5073fc3ce4602a7	/root/cj_build/reference/jdk/src/hotspot/share/gc/z/zStat.cpp:61
InitializeStorage	runtime/src/Base/ZStat.cpp:176	runtime/src/Heap/z/zStat.cpp:176	d95fad6c04ff4ad132c7a508652232bb5bc36827b477d52fd3bc9b5cb3c9217b	/root/cj_build/reference/jdk/src/hotspot/share/gc/z/zStat.cpp:61
CpuCount	runtime/src/Base/ZStat.cpp:187	runtime/src/Heap/z/zStat.cpp:187	29978d1253af860f1d10144ad0854b560609e00cf9496605dd4e2de88bff4245	/root/cj_build/reference/jdk/src/hotspot/share/gc/z/zStat.cpp:61
CpuId	runtime/src/Base/ZStat.cpp:199	runtime/src/Heap/z/zStat.cpp:199	9127cdde2772fa970e3ae3238131b44f779821673319cc934775cce12542a6db	/root/cj_build/reference/jdk/src/hotspot/share/gc/z/zStat.cpp:61
ZStatSampler	runtime/src/Base/ZStat.cpp:211	runtime/src/Heap/z/zStat.cpp:211	c67dfe4dbdd5502c46419f3f9f4fc95ab8264b7e68f4c8f6ff72a45a063a44d0	/root/cj_build/reference/jdk/src/hotspot/share/gc/z/zStat.cpp:61
Sort	runtime/src/Base/ZStat.cpp:217	runtime/src/Heap/z/zStat.cpp:217	29eaa77778d02865e4b79a760d81a43ce61b17d13e51d364f23936504131d393	/root/cj_build/reference/jdk/src/hotspot/share/gc/z/zStat.cpp:61
Initialize	runtime/src/Base/ZStat.cpp:235	runtime/src/Heap/z/zStat.cpp:235	cfd32861a5211a548d54e8f78dbde557fec466a42c10ad70cbb8c1673553f67d	/root/cj_build/reference/jdk/src/hotspot/share/gc/z/zStat.cpp:61
Initialize	runtime/src/Base/ZStat.cpp:269	runtime/src/Heap/z/zStat.cpp:269	cfd32861a5211a548d54e8f78dbde557fec466a42c10ad70cbb8c1673553f67d	/root/cj_build/reference/jdk/src/hotspot/share/gc/z/zStat.cpp:61
Sample	runtime/src/Base/ZStat.cpp:240	runtime/src/Heap/z/zStat.cpp:240	54c0242aca833f55255d715d6429b622a29fa39547b7ae12da5a9ae4419fa46a	/root/cj_build/reference/jdk/src/hotspot/share/gc/z/zStat.cpp:61
<lambda-or-initializer>	runtime/src/Base/ZStat.cpp:251	runtime/src/Heap/z/zStat.cpp:251	e73394cb97593ab2c7860850c9cd37f3e746fc9195a639dd831308a42a1a48ea	/root/cj_build/reference/jdk/src/hotspot/share/gc/z/zStat.cpp:61
CollectAndReset	runtime/src/Base/ZStat.cpp:249	runtime/src/Heap/z/zStat.cpp:249	ab5b984f09802ff4d74f59644e589a2f6df2a261e25e8c36650ed0f606c91814	/root/cj_build/reference/jdk/src/hotspot/share/gc/z/zStat.cpp:61
ZStatCounter	runtime/src/Base/ZStat.cpp:264	runtime/src/Heap/z/zStat.cpp:264	c67dfe4dbdd5502c46419f3f9f4fc95ab8264b7e68f4c8f6ff72a45a063a44d0	/root/cj_build/reference/jdk/src/hotspot/share/gc/z/zStat.cpp:61
Increment	runtime/src/Base/ZStat.cpp:274	runtime/src/Heap/z/zStat.cpp:274	72a42563ec491ef169ca2a1c86f72e579e6f2ff5a987a8b6d36852c7778ff75e	/root/cj_build/reference/jdk/src/hotspot/share/gc/z/zStat.cpp:61
<lambda-or-initializer>	runtime/src/Base/ZStat.cpp:281	runtime/src/Heap/z/zStat.cpp:281	e30a2d135653f17a70b04aa1256248f5b83bfeeb27282cf3ed2c7f111368ac66	/root/cj_build/reference/jdk/src/hotspot/share/gc/z/zStat.cpp:61
SampleAndReset	runtime/src/Base/ZStat.cpp:279	runtime/src/Heap/z/zStat.cpp:279	8cff40f3664c93848fc3813c1b0772ebfe556e93afe001adc39b729ee8b05ff5	/root/cj_build/reference/jdk/src/hotspot/share/gc/z/zStat.cpp:61
Next	runtime/src/Base/ZStat.cpp:293	runtime/src/Heap/z/zStat.cpp:293	35de07fe8ae7dd0574c184c4fc97de2525bc065e835572430625c81a7e1c7efd	/root/cj_build/reference/jdk/src/hotspot/share/gc/z/zStat.cpp:61
Next	runtime/src/Base/ZStat.cpp:296	runtime/src/Heap/z/zStat.cpp:296	64bdf402fc080c685129272c95d7da21ef1665775357bf779f8ffa581f1a686f	/root/cj_build/reference/jdk/src/hotspot/share/gc/z/zStat.cpp:61
Initialize	runtime/src/Base/ZStat.cpp:288	runtime/src/Heap/z/zStat.cpp:288	c65f017dc60db730c711c01bfdb25004f1a362c6894a6a5735bd36f67227a352	/root/cj_build/reference/jdk/src/hotspot/share/gc/z/zStat.cpp:61
Next	runtime/src/Base/ZStat.cpp:304	runtime/src/Heap/z/zStat.cpp:304	245f792e887e3b7eb5ec39519712f215fa6bd5ff1173eb9e0f69b3a3a3d34537	/root/cj_build/reference/jdk/src/hotspot/share/gc/z/zStat.cpp:61
Next	runtime/src/Base/ZStat.cpp:307	runtime/src/Heap/z/zStat.cpp:307	d295afbdd859387dcf98cda629ab5ade01b53643c59d71038c743890fa65ff05	/root/cj_build/reference/jdk/src/hotspot/share/gc/z/zStat.cpp:61
SampleAndCollect	runtime/src/Base/ZStat.cpp:303	runtime/src/Heap/z/zStat.cpp:303	7a53fdf3a1c31b01ec026342e4f651a829e5784473e372fd1828869045b67e92	/root/cj_build/reference/jdk/src/hotspot/share/gc/z/zStat.cpp:61
Next	runtime/src/Base/ZStat.cpp:317	runtime/src/Heap/z/zStat.cpp:317	490a6ace6722d0d8a5bfb7319d55bad101978cef8d234db12785895f0ba53c23	/root/cj_build/reference/jdk/src/hotspot/share/gc/z/zStat.cpp:61
Print	runtime/src/Base/ZStat.cpp:313	runtime/src/Heap/z/zStat.cpp:313	1e8e6738eb095fc1a998a59f2b23f13b6f616e7796285d53299ab1cc1561ea10	/root/cj_build/reference/jdk/src/hotspot/share/gc/z/zStat.cpp:61
Start	runtime/src/Base/ZStat.cpp:337	runtime/src/Heap/z/zStat.cpp:337	0b61e2b128558b2035f08feb266c00f34d5ac65f9c96c1eddd10cbd0690aabb4	/root/cj_build/reference/jdk/src/hotspot/share/gc/z/zStat.cpp:61
Stop	runtime/src/Base/ZStat.cpp:345	runtime/src/Heap/z/zStat.cpp:345	9016fc1cb7be58ec733cf08466072be3742057c3618bf939c8606acb86dfda52	/root/cj_build/reference/jdk/src/hotspot/share/gc/z/zStat.cpp:61
~ZStat	runtime/src/Base/ZStat.cpp:354	runtime/src/Heap/z/zStat.cpp:354	9f7c3e81dc0128637caeb93120c2bef9f75786391e4a4b981351f226c24d37ab	/root/cj_build/reference/jdk/src/hotspot/share/gc/z/zStat.cpp:61
<lambda-or-initializer>	runtime/src/Base/ZStat.cpp:363	runtime/src/Heap/z/zStat.cpp:363	c81d245ebd47fb89c6e56a8cfdaf161476b13e1ad091c4c6dfd1003b01620e46	/root/cj_build/reference/jdk/src/hotspot/share/gc/z/zStat.cpp:61
Run	runtime/src/Base/ZStat.cpp:357	runtime/src/Heap/z/zStat.cpp:357	06fecee7d2bcee537440e7a17b9033432d473ac8d1e0260462f5102ab1cba7f8	/root/cj_build/reference/jdk/src/hotspot/share/gc/z/zStat.cpp:61
EnterStwScope	runtime/src/Base/ZStat.cpp:371	runtime/src/Heap/z/zStat.cpp:371	47c664ea4900315dcf2a92ddaeedeff33f56543ec0730905d15da24e2221a2a4	/root/cj_build/reference/jdk/src/hotspot/share/gc/z/zStat.cpp:61
ExitStwScope	runtime/src/Base/ZStat.cpp:372	runtime/src/Heap/z/zStat.cpp:372	1ab7f20425d3a242f58b576c457c4a88a91aeb744dfb2733b6ae56752d22af26	/root/cj_build/reference/jdk/src/hotspot/share/gc/z/zStat.cpp:61
WorldStoppedNow	runtime/src/Base/ZStat.cpp:373	runtime/src/Heap/z/zStat.cpp:373	a2d942203ec25e9f8d25a8b4a076b44447b295c4c22b38ac13df388f74a91033	/root/cj_build/reference/jdk/src/hotspot/share/gc/z/zStat.cpp:61
update_sampling_granule	runtime/src/Base/ZStat.cpp:441	runtime/src/Heap/z/zStat.cpp:441	82eaa012792c087c3ec7d409e2de4bf110144536ddfe9ebd16ff25c25cbce558	/root/cj_build/reference/jdk/src/hotspot/share/gc/z/zStat.cpp:61
initialize	runtime/src/Base/ZStat.cpp:458	runtime/src/Heap/z/zStat.cpp:458	9e4048833bbcb9e4f403b10a240d22a9dfdc5919bd2a1179481824e800b62d74	/root/cj_build/reference/jdk/src/hotspot/share/gc/z/zStat.cpp:61
sample_allocation	runtime/src/Base/ZStat.cpp:485	runtime/src/Heap/z/zStat.cpp:485	12fe4a4d032187ad6359db1ba18e2d88abc258303eaabce0c25bd3127ff4c8e7	/root/cj_build/reference/jdk/src/hotspot/share/gc/z/zStat.cpp:61
stats	runtime/src/Base/ZStat.cpp:521	runtime/src/Heap/z/zStat.cpp:521	ffd3ef300061c20e290ebab33f336538d392b1f57c8c8717993a84892358c8a1	/root/cj_build/reference/jdk/src/hotspot/share/gc/z/zStat.cpp:61
soft_max_heap_size	runtime/src/Base/ZStat.cpp:532	runtime/src/Heap/z/zStat.cpp:532	e650f358aac6e98eeb66c7289dc5f0fa9bd1f4d0cbc93f4983dce3150657b17e	/root/cj_build/reference/jdk/src/hotspot/share/gc/z/zStat.cpp:61
YoungHeap	runtime/src/Base/ZStat.cpp:547	runtime/src/Heap/z/zStat.cpp:547	6b21ae055593002e17c9fc33061de4aa0fe446ac93be0c14637a21db14de6126	/root/cj_build/reference/jdk/src/hotspot/share/gc/z/zStat.cpp:61
OldHeap	runtime/src/Base/ZStat.cpp:548	runtime/src/Heap/z/zStat.cpp:548	d1bbc104fb11003d315b3386a67c5d0766c150150c3b5fa010b552eb3d2d6392	/root/cj_build/reference/jdk/src/hotspot/share/gc/z/zStat.cpp:61
AtRelocateEnd	runtime/src/Base/ZStat.cpp:550	runtime/src/Heap/z/zStat.cpp:550	01462adc10358ca014279eac08a153820e0994e06e9620a3f7f58b14266c01b6	/root/cj_build/reference/jdk/src/hotspot/share/gc/z/zStat.cpp:61
Stats	runtime/src/Base/ZStat.cpp:561	runtime/src/Heap/z/zStat.cpp:561	531fe751314c5e7af03cf6f0b53fbf6e506060b9d7b262e1ba693a510d954d21	/root/cj_build/reference/jdk/src/hotspot/share/gc/z/zStat.cpp:61
Add	runtime/src/Base/ZStat.h:87	runtime/src/Heap/z/zStat.cpp:669	cef253d2527c18d82e63d6fba331d4a9301a8d3d2cfb9e92e7019d0e2a0c455b	/root/cj_build/reference/jdk/src/hotspot/share/gc/z/zStat.hpp:41
Average	runtime/src/Base/ZStat.h:92	runtime/src/Heap/z/zStat.hpp:87	eee4a9209e9c3e50b41a7bdfa218af010d4356e7b1f10906deeffb94b70c693f	/root/cj_build/reference/jdk/src/hotspot/share/gc/z/zStat.hpp:41
Add	runtime/src/Base/ZStat.h:99	runtime/src/Heap/z/zStat.hpp:94	20b4dfe98c7a6785b10982c15e33f7a1862f7ff764939c96a07788af1ca08a63	/root/cj_build/reference/jdk/src/hotspot/share/gc/z/zStat.hpp:41
Total	runtime/src/Base/ZStat.h:118	runtime/src/Heap/z/zStat.hpp:113	266d35cbf74e3abc61de17303c89e232a23df0c71d1cfc0f8b71a0ee9e8fb7c0	/root/cj_build/reference/jdk/src/hotspot/share/gc/z/zStat.hpp:41
Accumulated	runtime/src/Base/ZStat.h:119	runtime/src/Heap/z/zStat.hpp:114	8aef6857f7cb3375cce4f4231a3a26cf847e8858ea82379cbfa6cb528174e57b	/root/cj_build/reference/jdk/src/hotspot/share/gc/z/zStat.hpp:41
Add	runtime/src/Base/ZStat.h:130	runtime/src/Heap/z/zStat.cpp:678	4cd6e0004910671184f749bf9227774631fef2b85726c29eb9a996f71916d303	/root/cj_build/reference/jdk/src/hotspot/share/gc/z/zStat.hpp:41
Windows	runtime/src/Base/ZStat.h:136	runtime/src/Heap/z/zStat.hpp:126	5e6327b694ade02c0d5ca1d3ad08681cc9c36dc9064c541c30c1f6dbca889969	/root/cj_build/reference/jdk/src/hotspot/share/gc/z/zStat.hpp:41
Group	runtime/src/Base/ZStat.h:160	runtime/src/Heap/z/zStat.cpp:686	a3bedf88f48287ea7591768496f52bc4596df575c7bc8cf001b7bbc4bb4fd382	/root/cj_build/reference/jdk/src/hotspot/share/gc/z/zStat.hpp:41
Name	runtime/src/Base/ZStat.h:161	runtime/src/Heap/z/zStat.cpp:690	9a28652a55dcb076a62ad926e944aeb9932208d948027be65bb3d054071e6434	/root/cj_build/reference/jdk/src/hotspot/share/gc/z/zStat.hpp:41
Id	runtime/src/Base/ZStat.h:162	runtime/src/Heap/z/zStat.cpp:694	f99a4321b641af455171564e65b47934e3940b0e7fdb79ce2228d74116a7cf28	/root/cj_build/reference/jdk/src/hotspot/share/gc/z/zStat.hpp:41
CpuLocal	runtime/src/Base/ZStat.h:168	runtime/src/Heap/z/zStat.hpp:158	026862f5d05e3cd109b329139c019aacba34fa9464c9d845693c24aed93f72c5	/root/cj_build/reference/jdk/src/hotspot/share/gc/z/zStat.hpp:41
Unit	runtime/src/Base/ZStat.h:190	runtime/src/Heap/z/zStat.hpp:180	7487ef2d22dfef719ad7059d296925ef0e2d87df30356f88b0761b1bf11fda5b	/root/cj_build/reference/jdk/src/hotspot/share/gc/z/zStat.hpp:41
First	runtime/src/Base/ZStat.h:191	runtime/src/Heap/z/zStat.hpp:181	1ad48f8ae5220c4cb255eaaf41d31a3e49f61958e1c62d1d41576478ef7b4af7	/root/cj_build/reference/jdk/src/hotspot/share/gc/z/zStat.hpp:41
First	runtime/src/Base/ZStat.h:213	runtime/src/Heap/z/zStat.hpp:203	1ad48f8ae5220c4cb255eaaf41d31a3e49f61958e1c62d1d41576478ef7b4af7	/root/cj_build/reference/jdk/src/hotspot/share/gc/z/zStat.hpp:41
Next	runtime/src/Base/ZStat.h:192	runtime/src/Heap/z/zMarkStack.cpp:302	2f5b53c4e163c1cdfe7e1c97e6ca4b071cd371483c138bd3bd53c807a65df976	/root/cj_build/reference/jdk/src/hotspot/share/gc/z/zStat.hpp:41
Next	runtime/src/Base/ZStat.h:214	runtime/src/Heap/z/zStat.hpp:182	2f5b53c4e163c1cdfe7e1c97e6ca4b071cd371483c138bd3bd53c807a65df976	/root/cj_build/reference/jdk/src/hotspot/share/gc/z/zStat.hpp:41
Next	runtime/src/Heap/Collector/MarkStripe.h:60	runtime/src/Heap/z/zStat.hpp:204	2f5b53c4e163c1cdfe7e1c97e6ca4b071cd371483c138bd3bd53c807a65df976	/root/cj_build/reference/jdk/src/hotspot/share/gc/z/zMarkStack.hpp:33
Count	runtime/src/Base/ZStat.h:193	runtime/src/Heap/z/zStat.hpp:183	5013ce77c49bb6e9acdb6e08144e1bf49ac1c30bab793278f416babb7fb9bb9a	/root/cj_build/reference/jdk/src/hotspot/share/gc/z/zStat.hpp:41
Sampler	runtime/src/Base/ZStat.h:215	runtime/src/Heap/z/zStat.hpp:205	e1212971f28bc2fa55034b097a13e203cff137782ff395f9e00425e7a1f60140	/root/cj_build/reference/jdk/src/hotspot/share/gc/z/zStat.hpp:41
Sampler	runtime/src/Base/ZStat.h:232	runtime/src/Heap/z/zStat.hpp:222	e1212971f28bc2fa55034b097a13e203cff137782ff395f9e00425e7a1f60140	/root/cj_build/reference/jdk/src/hotspot/share/gc/z/zStat.hpp:41
ZStatPhase	runtime/src/Base/ZStat.h:228	runtime/src/Heap/z/zStat.cpp:701	44136fa355b3678a1146ad16f7e8649e94fb4fc21fe77e8310c060f61caaff8a	/root/cj_build/reference/jdk/src/hotspot/share/gc/z/zStat.hpp:41
Name	runtime/src/Base/ZStat.h:229	runtime/src/Heap/z/zStat.cpp:705	3890b6577a06bebc8f04c91c4fddcb8a50050cf5c86a267ed5c1498e2e566ece	/root/cj_build/reference/jdk/src/hotspot/share/gc/z/zStat.hpp:41
RegisterEnd	runtime/src/Base/ZStat.h:230	runtime/src/Heap/z/zStat.cpp:709	eb81d7c36b4bc35f2e71e3f4aa927dfbc5bdc5a3981f8a7c282c78a3f6bd2abe	/root/cj_build/reference/jdk/src/hotspot/share/gc/z/zStat.hpp:41
ZStatCriticalPhase	runtime/src/Base/ZStat.h:241	runtime/src/Heap/z/zStat.cpp:714	44136fa355b3678a1146ad16f7e8649e94fb4fc21fe77e8310c060f61caaff8a	/root/cj_build/reference/jdk/src/hotspot/share/gc/z/zStat.hpp:41
RegisterEnd	runtime/src/Base/ZStat.h:243	runtime/src/Heap/z/zStat.cpp:718	b863abacf019b640b21c47a20585339b5e638c4668fb93e2f504c5bcaa489ddd	/root/cj_build/reference/jdk/src/hotspot/share/gc/z/zStat.hpp:41
ZStatHeap	runtime/src/Base/ZStat.h:325	runtime/src/Heap/z/zStat.cpp:725	44136fa355b3678a1146ad16f7e8649e94fb4fc21fe77e8310c060f61caaff8a	/root/cj_build/reference/jdk/src/hotspot/share/gc/z/zStat.hpp:41
if	runtime/src/Heap/Collector/Mark.cpp:1400	runtime/src/Heap/z/zMark.cpp:1365	6a680e2d55bdbbdc3102155319d7d2e4fdb1b4d18b2fb427fc58a6960916c813	/root/cj_build/reference/jdk/src/hotspot/share/gc/z/zMark.cpp:75
ComputeBadMasks	runtime/src/Common/ColourMask.h:204	runtime/src/Heap/z/zAddress.inline.hpp:11	5ac8c1ffc14a3f4aef5f7e22e081e12a99424b9875e4039e694462fe6f09af66	/root/cj_build/reference/jdk/src/hotspot/share/gc/z/zAddress.inline.hpp:49
has_address	runtime/src/Common/ColourPredicates.h:35	runtime/src/Heap/z/zAddress.inline.hpp:174	f8e0312a321b5f687acd429b4443d3383f08a491c55c90dbacd1c76df67513ec	/root/cj_build/reference/jdk/src/hotspot/share/gc/z/zAddress.inline.hpp:49
current_remapped	runtime/src/Common/ColourPredicates.h:43	runtime/src/Heap/z/zAddress.inline.hpp:182	66ce664efc81a911c62ed931a4be178816a1be1bac0592e221a96fe642a5f590	/root/cj_build/reference/jdk/src/hotspot/share/gc/z/zAddress.inline.hpp:49
current_remapped_young_mask	runtime/src/Common/ColourPredicates.h:48	runtime/src/Heap/z/zAddress.inline.hpp:187	8d05b447e228e5896c7400ebd235343db75be9f58b247ed44ccf1ef8aa4b0843	/root/cj_build/reference/jdk/src/hotspot/share/gc/z/zAddress.inline.hpp:49
current_remapped_old_mask	runtime/src/Common/ColourPredicates.h:58	runtime/src/Heap/z/zAddress.inline.hpp:197	a5d30dcd3fad8876bbb8485d49fef368f6aa551459db4ddb670a0fdf89443eea	/root/cj_build/reference/jdk/src/hotspot/share/gc/z/zAddress.inline.hpp:49
current_marked_young	runtime/src/Common/ColourPredicates.h:68	runtime/src/Heap/z/zAddress.inline.hpp:207	dd973ca5ecbf641cd01865e22d866c089d484082edc48e8faae6ade47db89af8	/root/cj_build/reference/jdk/src/hotspot/share/gc/z/zAddress.inline.hpp:49
current_marked_old	runtime/src/Common/ColourPredicates.h:73	runtime/src/Heap/z/zAddress.inline.hpp:212	daeb422af842231fcf904dd7ecf2443a725cfd40e4c42c788973ab654309467b	/root/cj_build/reference/jdk/src/hotspot/share/gc/z/zAddress.inline.hpp:49
current_finalizable	runtime/src/Common/ColourPredicates.h:82	runtime/src/Heap/z/zAddress.inline.hpp:221	611bbe82f2846e6942532f3237e58f167e609028bf7b26db47c524055c2e79de	/root/cj_build/reference/jdk/src/hotspot/share/gc/z/zAddress.inline.hpp:49
current_remembered	runtime/src/Common/ColourPredicates.h:89	runtime/src/Heap/z/zAddress.inline.hpp:228	5c95e0c57d5606d78c01c0d09ba37332e1d3fefc36b6b7e185ffb4cf6cd2d83e	/root/cj_build/reference/jdk/src/hotspot/share/gc/z/zAddress.inline.hpp:49
is_load_bad	runtime/src/Common/ColourPredicates.h:99	runtime/src/Heap/z/zAddress.inline.hpp:238	44655e93c018400ff7c8a46ef30fe035b2e8c1054cd3d9caae94f63b01558b81	/root/cj_build/reference/jdk/src/hotspot/share/gc/z/zAddress.inline.hpp:49
is_remapped	runtime/src/Common/ColourPredicates.h:106	runtime/src/Heap/z/zAddress.inline.hpp:245	802cea183ed101961402f59085df8f3e4127f2fcf532abed5ef14b0a83853049	/root/cj_build/reference/jdk/src/hotspot/share/gc/z/zAddress.inline.hpp:49
is_load_good	runtime/src/Common/ColourPredicates.h:113	runtime/src/Heap/z/zAddress.inline.hpp:252	679208368c776890ea5f78aedc6b70a3e802dea31a4769c6a03b7d0e910f8411	/root/cj_build/reference/jdk/src/hotspot/share/gc/z/zAddress.inline.hpp:49
is_load_good_or_null	runtime/src/Common/ColourPredicates.h:118	runtime/src/Heap/z/zAddress.inline.hpp:257	a5ae134cbe7b29f20d1299dd0d808187fdb97ad9c8e967c349af352273ed371b	/root/cj_build/reference/jdk/src/hotspot/share/gc/z/zAddress.inline.hpp:49
is_young_load_good	runtime/src/Common/ColourPredicates.h:133	runtime/src/Heap/z/zAddress.inline.hpp:272	b8709f37ba5cd078345b0d59f8ca1d6fab52c968a1818538f191163fe8af0ab7	/root/cj_build/reference/jdk/src/hotspot/share/gc/z/zAddress.inline.hpp:49
is_old_load_good	runtime/src/Common/ColourPredicates.h:138	runtime/src/Heap/z/zAddress.inline.hpp:277	5b5f8011da19d5381d5f4a601f78a539232252e9649088538f88c4ab4679a231	/root/cj_build/reference/jdk/src/hotspot/share/gc/z/zAddress.inline.hpp:49
is_mark_bad	runtime/src/Common/ColourPredicates.h:146	runtime/src/Heap/z/zAddress.inline.hpp:285	af963ea72e9560d224e8eb7fee6504abb7ec8029b89042aea9613d89d407f0a9	/root/cj_build/reference/jdk/src/hotspot/share/gc/z/zAddress.inline.hpp:49
is_mark_good	runtime/src/Common/ColourPredicates.h:152	runtime/src/Heap/z/zAddress.inline.hpp:291	28d522548fe934f529b16b3014bc4fa66cab785b596a7d03872a53947d58f43f	/root/cj_build/reference/jdk/src/hotspot/share/gc/z/zAddress.inline.hpp:49
is_mark_good_or_null	runtime/src/Common/ColourPredicates.h:158	runtime/src/Heap/z/zAddress.inline.hpp:297	4435635fe8a4dd07c82699796c0efe3b0c096e1f759be9a5250d25f260c21675	/root/cj_build/reference/jdk/src/hotspot/share/gc/z/zAddress.inline.hpp:49
is_store_bad	runtime/src/Common/ColourPredicates.h:171	runtime/src/Heap/z/zAddress.inline.hpp:310	4a1793cff5d1f611b5da91a0a506661173390c588ab27e7fad5d5fec74dbd657	/root/cj_build/reference/jdk/src/hotspot/share/gc/z/zAddress.inline.hpp:49
is_store_good	runtime/src/Common/ColourPredicates.h:177	runtime/src/Heap/z/zAddress.inline.hpp:316	5b6508de1a85365e9d92674e6b8b0b01270ecd13f47908f085428ea1398d7682	/root/cj_build/reference/jdk/src/hotspot/share/gc/z/zAddress.inline.hpp:49
is_store_good_or_null	runtime/src/Common/ColourPredicates.h:183	runtime/src/Heap/z/zAddress.inline.hpp:322	a6973ea02dbe5617cb43aee852639191e01a7441ab07215f36dd005b3417a943	/root/cj_build/reference/jdk/src/hotspot/share/gc/z/zAddress.inline.hpp:49
is_marked_finalizable	runtime/src/Common/ColourPredicates.h:196	runtime/src/Heap/z/zAddress.inline.hpp:335	c04d48a366541765250c2dc79f9112bc131b53f57268b37b37ea24b9880bd73e	/root/cj_build/reference/jdk/src/hotspot/share/gc/z/zAddress.inline.hpp:49
is_marked_old	runtime/src/Common/ColourPredicates.h:204	runtime/src/Heap/z/zAddress.inline.hpp:343	79fed03d852aa24225498cfcce1dfcbc0c35f5545dc444982eeb6f0de9fbfe2c	/root/cj_build/reference/jdk/src/hotspot/share/gc/z/zAddress.inline.hpp:49
is_marked_young	runtime/src/Common/ColourPredicates.h:212	runtime/src/Heap/z/zAddress.inline.hpp:351	7021633bb1ef6e430fa26b10e84f9ba98d7897895ce2cdb0e264ccd0d76fd9b6	/root/cj_build/reference/jdk/src/hotspot/share/gc/z/zAddress.inline.hpp:49
is_marked_any_old	runtime/src/Common/ColourPredicates.h:221	runtime/src/Heap/z/zAddress.inline.hpp:360	0fb470053c4781878575ad3be1dd73427b4673b887378d95521e90fd468ecd80	/root/cj_build/reference/jdk/src/hotspot/share/gc/z/zAddress.inline.hpp:49
is_remembered_exact	runtime/src/Common/ColourPredicates.h:228	runtime/src/Heap/z/zAddress.inline.hpp:367	c69fd39e5aceb9d04d2939c03bbdf40505cca6b797bd00b0b910fc7b4a418a00	/root/cj_build/reference/jdk/src/hotspot/share/gc/z/zAddress.inline.hpp:49
raw	runtime/src/Common/ColourTypes.h:44	runtime/src/Heap/z/zAddress.inline.hpp:54	a7ef0f3e80c8717fd4f03acb93e5d8ccf373704afc4a78c0dc93efd126bb849f	/root/cj_build/reference/jdk/src/hotspot/share/gc/z/zAddress.inline.hpp:49
raw	runtime/src/Common/ColourTypes.h:45	runtime/src/Heap/z/zAddress.inline.hpp:55	45be4349733aa262d4163f2ef27821db45614fda6d802356510f198acb9eb347	/root/cj_build/reference/jdk/src/hotspot/share/gc/z/zAddress.inline.hpp:49
raw	runtime/src/Common/ColourTypes.h:46	runtime/src/Heap/z/zAddress.inline.hpp:56	a683495ca842a25d24f49aab25a7544a1679185cd5d3e4066114e50cca91901e	/root/cj_build/reference/jdk/src/hotspot/share/gc/z/zAddress.inline.hpp:49
raw	runtime/src/Common/ColourTypes.h:47	runtime/src/Heap/z/zAddress.inline.hpp:57	8b8b0ea9a7f2ac00d024ceccee9bc1ad6f4f52c22755cf89cb8a350c4f325410	/root/cj_build/reference/jdk/src/hotspot/share/gc/z/zAddress.inline.hpp:49
to_zpointer	runtime/src/Common/ColourTypes.h:52	runtime/src/Heap/z/zAddress.inline.hpp:62	a49a47b5c3a139f37c67d4b22e10ee64b072a97200e1baeb575154f930142779	/root/cj_build/reference/jdk/src/hotspot/share/gc/z/zAddress.inline.hpp:49
to_zaddress_unsafe	runtime/src/Common/ColourTypes.h:56	runtime/src/Heap/z/zAddress.inline.hpp:66	9f698f3c072bc712132b5405ba2eaf40ebdbc659351b093a7f4686dbcf38722e	/root/cj_build/reference/jdk/src/hotspot/share/gc/z/zAddress.inline.hpp:49
to_zaddress	runtime/src/Common/ColourTypes.h:60	runtime/src/Heap/z/zAddress.inline.hpp:70	d96b1f855aa5bb5be550e3bdc1bee3c033f46ef99ee9784827067bef5d04c692	/root/cj_build/reference/jdk/src/hotspot/share/gc/z/zAddress.inline.hpp:49
safe	runtime/src/Common/ColourTypes.h:66	runtime/src/Heap/z/zAddress.inline.hpp:76	5ea2ba7f0ae6b139723cae1f69c272f4be84ae21371f1180e40c683d86822c45	/root/cj_build/reference/jdk/src/hotspot/share/gc/z/zAddress.inline.hpp:49
uncolor_bits	runtime/src/Common/ColourTypes.h:71	runtime/src/Heap/z/zAddress.inline.hpp:81	f6b0d8956a6be6f4be83b2978b092fc74ceea952ade30dffc9ddf37c0b9313d0	/root/cj_build/reference/jdk/src/hotspot/share/gc/z/zAddress.inline.hpp:49
if	runtime/src/Common/ColourTypes.h:88	runtime/src/Heap/z/zAddress.inline.hpp:98	4158726e58eb89aaab2f79525680135257d36f7393ff000f3f5cdc44d01fc08a	/root/cj_build/reference/jdk/src/hotspot/share/gc/z/zAddress.inline.hpp:49
to_object	runtime/src/Common/ColourTypes.h:85	runtime/src/Heap/z/zAddress.inline.hpp:95	06a8931e4a71f38341d8ffae47fabad1b24a6acdc114856a3660cf749a0f9cb5	/root/cj_build/reference/jdk/src/hotspot/share/gc/z/zAddress.inline.hpp:49
from_object	runtime/src/Common/ColourTypes.h:95	runtime/src/Heap/z/zAddress.inline.hpp:105	424fbe0d7d549af560579c5364ac122ce20834c219aa8ca00efbb3a2c2ad7a1e	/root/cj_build/reference/jdk/src/hotspot/share/gc/z/zAddress.inline.hpp:49
from_region_addr	runtime/src/Common/ColourTypes.h:108	runtime/src/Heap/z/zAddress.inline.hpp:118	ab5d71714cc2df2587ebcc8a52a14e53369e0b23d686b7a86cba85324e86d29e	/root/cj_build/reference/jdk/src/hotspot/share/gc/z/zAddress.inline.hpp:49
from_alloc_addr	runtime/src/Common/ColourTypes.h:116	runtime/src/Heap/z/zAddress.inline.hpp:126	ab5d71714cc2df2587ebcc8a52a14e53369e0b23d686b7a86cba85324e86d29e	/root/cj_build/reference/jdk/src/hotspot/share/gc/z/zAddress.inline.hpp:49
from_native_ref	runtime/src/Common/ColourTypes.h:129	runtime/src/Heap/z/zAddress.inline.hpp:139	5e63525144779b4ae8c9f01fad7d2560b41e95ae273c91c6176373761f40c7f4	/root/cj_build/reference/jdk/src/hotspot/share/gc/z/zAddress.inline.hpp:49
from_native_ref	runtime/src/Common/ColourTypes.h:138	runtime/src/Heap/z/zAddress.inline.hpp:148	90bb21e28c3c7be98495242906952a5fd72345e3c991214139b14901743b1883	/root/cj_build/reference/jdk/src/hotspot/share/gc/z/zAddress.inline.hpp:49
as_abi_ref_slot	runtime/src/Common/ColourTypes.h:146	runtime/src/Heap/z/zAddress.inline.hpp:156	90a388bdf9d819f92890e8585c762317331e97880d1cd2c56c7ff5aca0c228f7	/root/cj_build/reference/jdk/src/hotspot/share/gc/z/zAddress.inline.hpp:49
is_null	runtime/src/Common/ColourTypes.h:151	runtime/src/Heap/z/zAddress.inline.hpp:161	f158f11fe376603226ad0a872cdefe5a5485e254845c2b2adc91be54db7a9e84	/root/cj_build/reference/jdk/src/hotspot/share/gc/z/zAddress.inline.hpp:49
is_null	runtime/src/Common/ColourTypes.h:152	runtime/src/Heap/z/zAddress.inline.hpp:162	e97bdbec282e2b307126c43f30bd0237d15a0a7327cfad7a857d60a4194562f1	/root/cj_build/reference/jdk/src/hotspot/share/gc/z/zAddress.inline.hpp:49
is_null	runtime/src/Common/ColourTypes.h:153	runtime/src/Heap/z/zAddress.inline.hpp:163	1be0828fe7ca1cf3fdf48b138006aadb4a372359e0ab6ea3c7578a371945a025	/root/cj_build/reference/jdk/src/hotspot/share/gc/z/zAddress.inline.hpp:49
GetSize	runtime/src/Heap/Allocator/AllocationStallQueue.h:49	runtime/src/Heap/z/zPageAllocator.hpp:50	f96e7f5d97bb379cd5be90f2f0d6b169a24b63c87deb554af08607dfbafd0878	/root/cj_build/reference/jdk/src/hotspot/share/gc/z/zPageAllocator.hpp:45
Init	runtime/src/ObjectManager.h:26	runtime/src/Heap/z/zGeneration.cpp:795	44136fa355b3678a1146ad16f7e8649e94fb4fc21fe77e8310c060f61caaff8a	/root/cj_build/reference/jdk/src/hotspot/share/gc/z/zGeneration.cpp:69
Fini	runtime/src/StackManager.cpp:97	runtime/src/Heap/z/zCollectedHeap.hpp:47	44136fa355b3678a1146ad16f7e8649e94fb4fc21fe77e8310c060f61caaff8a	/root/cj_build/reference/jdk/src/hotspot/share/gc/z/zCollectedHeap.hpp:35
Sample	runtime/src/Heap/Allocator/AllocBuffer.h:26	runtime/src/Heap/z/zTLABUsage.hpp:23	5b49a4dd2ad74117d06b2c2354dfe8c49357590351d3272b999b63ed1f9ac042	/root/cj_build/reference/jdk/src/hotspot/share/gc/z/zTLABUsage.hpp:43
Average	runtime/src/Heap/Allocator/AllocBuffer.h:31	runtime/src/Heap/z/zTLABUsage.hpp:28	9276a7dbe05c6399cc6b1b96b4c249750d9524c3b510113f2ea0cfb6f79bf6e9	/root/cj_build/reference/jdk/src/hotspot/share/gc/z/zTLABUsage.hpp:43
Used	runtime/src/Heap/Allocator/AllocBuffer.h:45	runtime/src/Heap/z/zTLABUsage.hpp:42	8643a186974d6eca229163a53b10bfc3a7ec49d29d7c936067832c827221eda6	/root/cj_build/reference/jdk/src/hotspot/share/gc/z/zTLABUsage.hpp:43
Update	runtime/src/Heap/Allocator/AllocBuffer.h:47	runtime/src/Heap/z/zTLABUsage.hpp:44	f846438c35416752bd37cfe753db0a6a49884ae1df95f6320de3bf0d3cce9550	/root/cj_build/reference/jdk/src/hotspot/share/gc/z/zTLABUsage.hpp:43
AllocBuffer	runtime/src/Heap/Allocator/AllocBuffer.h:60	runtime/src/Heap/z/zThreadLocalAllocBuffer.hpp:27	44136fa355b3678a1146ad16f7e8649e94fb4fc21fe77e8310c060f61caaff8a	/root/cj_build/reference/jdk/src/hotspot/share/gc/z/zThreadLocalAllocBuffer.hpp:31
GetRegion	runtime/src/Heap/Allocator/AllocBuffer.h:68	runtime/src/Heap/z/zThreadLocalAllocBuffer.hpp:35	1b840e603012a6a96bf7feb6aea38999543e2cfcc4cfdaf38e2060274345db0b	/root/cj_build/reference/jdk/src/hotspot/share/gc/z/zThreadLocalAllocBuffer.hpp:31
GetTlRawPointerRegions	runtime/src/Heap/Allocator/AllocBuffer.h:69	runtime/src/Heap/z/zThreadLocalAllocBuffer.hpp:36	d98c34f8742e07c69787d8b454823d651b00b7843628ab936d94ed468526f6f8	/root/cj_build/reference/jdk/src/hotspot/share/gc/z/zThreadLocalAllocBuffer.hpp:31
GetTlLargeRawPointerRegions	runtime/src/Heap/Allocator/AllocBuffer.h:70	runtime/src/Heap/z/zThreadLocalAllocBuffer.hpp:37	f658071fc87daebf9a11b2f1ce1b390d3fe2f9085a4c1b7173d0e9f98d627ffe	/root/cj_build/reference/jdk/src/hotspot/share/gc/z/zThreadLocalAllocBuffer.hpp:31
GetPreparedRegion	runtime/src/Heap/Allocator/AllocBuffer.h:71	runtime/src/Heap/z/zThreadLocalAllocBuffer.hpp:38	533e1887e0eecabd15c2a2758121e5aa4c442484723ee17d3a54629e2a883c86	/root/cj_build/reference/jdk/src/hotspot/share/gc/z/zThreadLocalAllocBuffer.hpp:31
SetPreparedRegion	runtime/src/Heap/Allocator/AllocBuffer.h:80	runtime/src/Heap/z/zThreadLocalAllocBuffer.hpp:47	f52c2e4376c8facd25a554fbde1e683481385333c1b1d0b543a03eb664eedb56	/root/cj_build/reference/jdk/src/hotspot/share/gc/z/zThreadLocalAllocBuffer.hpp:31
PushYoungAllocBlack	runtime/src/Heap/Allocator/AllocBuffer.h:89	runtime/src/Heap/z/zThreadLocalAllocBuffer.hpp:56	6bea9ddffabb3bf875f7da96726af87123b82b6b4fa69e5b742ce94a24d06520	/root/cj_build/reference/jdk/src/hotspot/share/gc/z/zThreadLocalAllocBuffer.hpp:31
YoungAllocBlackCount	runtime/src/Heap/Allocator/AllocBuffer.h:94	runtime/src/Heap/z/zThreadLocalAllocBuffer.hpp:61	f799bf9b33d189d4fd6495937e7f9d139db849431af457c27827ddee9c69e438	/root/cj_build/reference/jdk/src/hotspot/share/gc/z/zThreadLocalAllocBuffer.hpp:31
for	runtime/src/Heap/Allocator/AllocBuffer.h:110	runtime/src/Heap/z/zThreadLocalAllocBuffer.hpp:77	a42cb95fca98a0ff1f194b0514f7265657b28673aa08ab1f04547aca9bcc98cc	/root/cj_build/reference/jdk/src/hotspot/share/gc/z/zThreadLocalAllocBuffer.hpp:31
for	runtime/src/Heap/Allocator/AllocBuffer.h:128	runtime/src/Heap/z/zThreadLocalAllocBuffer.hpp:95	e35d4e1a8cc167e5a6fe433a3f0ac5e18767a9e46677d95bbb74f3fdb06d8172	/root/cj_build/reference/jdk/src/hotspot/share/gc/z/zThreadLocalAllocBuffer.hpp:31
PushY2yDirtyHolder	runtime/src/Heap/Allocator/AllocBuffer.h:149	runtime/src/Heap/z/zThreadLocalAllocBuffer.hpp:116	3f74522dc2d624926a8ca744a1e397531739dc7090f4f7894de68bde3ff49cec	/root/cj_build/reference/jdk/src/hotspot/share/gc/z/zThreadLocalAllocBuffer.hpp:31
if	runtime/src/Heap/Allocator/AllocBuffer.h:163	runtime/src/Heap/z/zThreadLocalAllocBuffer.hpp:130	af4aa627db390be64d795eaf6d17660ae0c2d87dc7337f1b2853c90c479e1a1f	/root/cj_build/reference/jdk/src/hotspot/share/gc/z/zThreadLocalAllocBuffer.hpp:31
Y2yDirtyHolderCount	runtime/src/Heap/Allocator/AllocBuffer.h:175	runtime/src/Heap/z/zThreadLocalAllocBuffer.hpp:142	fc6c9e60a8e88068fe5eda3a67cb6926fdc9ebfc57a03e8af723bb5382157828	/root/cj_build/reference/jdk/src/hotspot/share/gc/z/zThreadLocalAllocBuffer.hpp:31
PushY2yDirtySlot	runtime/src/Heap/Allocator/AllocBuffer.h:186	runtime/src/Heap/z/zThreadLocalAllocBuffer.hpp:153	28b8015aa7d266cedeafdbf8c6457be2748432f97d6d3c0bd60763379238e815	/root/cj_build/reference/jdk/src/hotspot/share/gc/z/zThreadLocalAllocBuffer.hpp:31
Y2yDirtySlotCount	runtime/src/Heap/Allocator/AllocBuffer.h:207	runtime/src/Heap/z/zThreadLocalAllocBuffer.hpp:174	112df1e35139d93a2db82e7b120f780046caae664801c0dcbe4daaf6e84349eb	/root/cj_build/reference/jdk/src/hotspot/share/gc/z/zThreadLocalAllocBuffer.hpp:31
SetY2yDirtyHolderMergeHookForTest	runtime/src/Heap/Allocator/AllocBuffer.h:215	runtime/src/Heap/z/zThreadLocalAllocBuffer.hpp:182	9f9e6db3de71e9157a8685c81912b90e64ab82229ca340041b0d2b8b8701c584	/root/cj_build/reference/jdk/src/hotspot/share/gc/z/zThreadLocalAllocBuffer.hpp:31
SetYoungAllocBlackHandoffHookForTest	runtime/src/Heap/Allocator/AllocBuffer.h:230	runtime/src/Heap/z/zThreadLocalAllocBuffer.hpp:197	f6bc09b39524d917be9c55d86c10011bee3c4102ce4bec9dce0b81b09bd48f3f	/root/cj_build/reference/jdk/src/hotspot/share/gc/z/zThreadLocalAllocBuffer.hpp:31
FireHandoffHook	runtime/src/Heap/Allocator/AllocBuffer.h:242	runtime/src/Heap/z/zThreadLocalAllocBuffer.hpp:209	69f99bbc8ad9884d0ecaeaa8f875aa74764a2e1aacb9fcc5726b4fa5b7c560d9	/root/cj_build/reference/jdk/src/hotspot/share/gc/z/zThreadLocalAllocBuffer.hpp:31
<lambda-or-initializer>	runtime/src/Heap/Allocator/AllocBuffer.h:283	runtime/src/Heap/z/zThreadLocalAllocBuffer.hpp:250	d1de736d4f17a5a86cd7c06b11b98be2b2e9f5324c69b6bc9f223e66e9a30cbd	/root/cj_build/reference/jdk/src/hotspot/share/gc/z/zThreadLocalAllocBuffer.hpp:31
<lambda-or-initializer>	runtime/src/Heap/Allocator/AllocBuffer.h:288	runtime/src/Heap/z/zThreadLocalAllocBuffer.hpp:255	d1de736d4f17a5a86cd7c06b11b98be2b2e9f5324c69b6bc9f223e66e9a30cbd	/root/cj_build/reference/jdk/src/hotspot/share/gc/z/zPage.cpp:33
<lambda-or-initializer>	runtime/src/Heap/Allocator/zPage.cpp:75	runtime/src/Heap/Allocator/zPage.cpp:138	d1de736d4f17a5a86cd7c06b11b98be2b2e9f5324c69b6bc9f223e66e9a30cbd	ZGC 无独立对应定义；原地保留，归 #228 / A06 / 对应机制包
AllocationStallRequest	runtime/src/Heap/Allocator/AllocationStallQueue.h:45	runtime/src/Heap/z/zPageAllocator.hpp:46	44136fa355b3678a1146ad16f7e8649e94fb4fc21fe77e8310c060f61caaff8a	/root/cj_build/reference/jdk/src/hotspot/share/gc/z/zPageAllocator.hpp:45
GetRole	runtime/src/Heap/Allocator/AllocationStallQueue.h:50	runtime/src/Heap/z/zPageAllocator.hpp:51	c0456da581c8df54424c53c38466252fe86cc01948f314420d2882d395c406aa	/root/cj_build/reference/jdk/src/hotspot/share/gc/z/zPageAllocator.hpp:45
ExpectsPhysicalMemory	runtime/src/Heap/Allocator/AllocationStallQueue.h:51	runtime/src/Heap/z/zPageAllocator.hpp:52	5bad30f8163e26458077bd20234c84ca4366610777c78e0ca6b8755cb4ff5e77	/root/cj_build/reference/jdk/src/hotspot/share/gc/z/zPageAllocator.hpp:45
ClearsPayload	runtime/src/Heap/Allocator/AllocationStallQueue.h:52	runtime/src/Heap/z/zPageAllocator.hpp:53	b4f690a19127198047686ca2f2c37a9ccb6f28291296e8840812b508da7827e8	/root/cj_build/reference/jdk/src/hotspot/share/gc/z/zPageAllocator.hpp:45
Memory	runtime/src/Heap/Allocator/AllocationStallQueue.h:53	runtime/src/Heap/z/zPageAllocator.hpp:54	b3e6654c365c08dd4461323ae07f9c116bd5685add3977aec72ab9dc2ecc8d5a	/root/cj_build/reference/jdk/src/hotspot/share/gc/z/zPageAllocator.hpp:45
Memory	runtime/src/Heap/Allocator/AllocationStallQueue.h:54	runtime/src/Heap/z/zPageAllocator.hpp:55	b3e6654c365c08dd4461323ae07f9c116bd5685add3977aec72ab9dc2ecc8d5a	/root/cj_build/reference/jdk/src/hotspot/share/gc/z/zPageAllocator.hpp:45
Wait	runtime/src/Heap/Allocator/AllocationStallQueue.h:56	runtime/src/Heap/z/zPageAllocator.hpp:57	44136fa355b3678a1146ad16f7e8649e94fb4fc21fe77e8310c060f61caaff8a	/root/cj_build/reference/jdk/src/hotspot/share/gc/z/zPageAllocator.hpp:45
<lambda-or-initializer>	runtime/src/Heap/Allocator/AllocationStallQueue.h:57	runtime/src/Heap/z/zPageAllocator.hpp:58	813b72905e95eb638f7fed1d72d30edd79bba91ddf5eea0809e2ba62b6223578	/root/cj_build/reference/jdk/src/hotspot/share/gc/z/zPageAllocator.hpp:45
Satisfy	runtime/src/Heap/Allocator/AllocationStallQueue.h:67	runtime/src/Heap/z/zPageAllocator.hpp:68	75c959309fda9293b56bfd7ec4d304ab04d0cd8cba50bbcfacb4c290cd5f3ed6	/root/cj_build/reference/jdk/src/hotspot/share/gc/z/zPageAllocator.hpp:45
AllocationStallQueue	runtime/src/Heap/Allocator/AllocationStallQueue.h:98	runtime/src/Heap/z/zPageAllocator.hpp:99	44136fa355b3678a1146ad16f7e8649e94fb4fc21fe77e8310c060f61caaff8a	/root/cj_build/reference/jdk/src/hotspot/share/gc/z/zPageAllocator.hpp:45
EnqueueLocked	runtime/src/Heap/Allocator/AllocationStallQueue.h:102	runtime/src/Heap/z/zPageAllocator.hpp:103	04bee75d2d715d10688ebb92922b771335bdd8d5974e56cc6abb9da4d7f5d049	/root/cj_build/reference/jdk/src/hotspot/share/gc/z/zPageAllocator.hpp:45
IsStalling	runtime/src/Heap/Allocator/AllocationStallQueue.h:115	runtime/src/Heap/z/zPageAllocator.hpp:116	feb5f3d1b48176320525bf6361ad44cc92272a3e4b88c3e20359b9076b794fb5	/root/cj_build/reference/jdk/src/hotspot/share/gc/z/zPageAllocator.hpp:45
CaptureWaveBoundary	runtime/src/Heap/Allocator/AllocationStallQueue.h:121	runtime/src/Heap/z/zPageAllocator.hpp:122	2167b94e01ec0ac656744db94379592e4b1b57b8df769a01c91700416d888f1c	/root/cj_build/reference/jdk/src/hotspot/share/gc/z/zPageAllocator.hpp:45
SatisfyAvailable	runtime/src/Heap/Allocator/AllocationStallQueue.h:127	runtime/src/Heap/z/zPageAllocator.hpp:128	682af8ab906fb211f477ded354626bc98545380bc0ad2b3e88459a3f6fa445a6	/root/cj_build/reference/jdk/src/hotspot/share/gc/z/zPageAllocator.hpp:45
SatisfyAvailableLocked	runtime/src/Heap/Allocator/AllocationStallQueue.h:133	runtime/src/Heap/z/zPageAllocator.hpp:134	e5fe307dd06c65616e2e532959097adeefe4f6d340e30a03306cad560e15016b	/root/cj_build/reference/jdk/src/hotspot/share/gc/z/zPageAllocator.hpp:45
CompleteWave	runtime/src/Heap/Allocator/AllocationStallQueue.h:152	runtime/src/Heap/z/zPageAllocator.hpp:153	0b621f113f427561ff8cb32f1ef13dde2480a85c9966d103c53b6537f6d67cb4	/root/cj_build/reference/jdk/src/hotspot/share/gc/z/zPageAllocator.hpp:45
Pending	runtime/src/Heap/Allocator/AllocationStallQueue.h:172	runtime/src/Heap/z/zPageAllocator.hpp:173	5d0e1129ee8f0105c69dec0c2c3cb925c6b50c7bd9cf67d04e30303f0321eee5	/root/cj_build/reference/jdk/src/hotspot/share/gc/z/zPageAllocator.hpp:45
EnqueuedCount	runtime/src/Heap/Allocator/AllocationStallQueue.h:177	runtime/src/Heap/z/zPageAllocator.hpp:178	499ee6978f9ef0477400049adedec2952d06878d65bd48670179a806a6ff09eb	/root/cj_build/reference/jdk/src/hotspot/share/gc/z/zPageAllocator.hpp:45
DequeuedCount	runtime/src/Heap/Allocator/AllocationStallQueue.h:182	runtime/src/Heap/z/zPageAllocator.hpp:183	b72d6db96d51414cbd76da748cdbe6604c24e7310da3289a51f6b1dce4dfe702	/root/cj_build/reference/jdk/src/hotspot/share/gc/z/zPageAllocator.hpp:45
SatisfiedCount	runtime/src/Heap/Allocator/AllocationStallQueue.h:187	runtime/src/Heap/z/zPageAllocator.hpp:188	f9516fbe953a004456474e317737cc1399f8c57646a362e4153f31f2894dc8da	/root/cj_build/reference/jdk/src/hotspot/share/gc/z/zPageAllocator.hpp:45
FailedCount	runtime/src/Heap/Allocator/AllocationStallQueue.h:192	runtime/src/Heap/z/zPageAllocator.hpp:193	700f6d412af33bc9d8fd08013565106634bf838de13adb63d783a7f1dd1f211c	/root/cj_build/reference/jdk/src/hotspot/share/gc/z/zPageAllocator.hpp:45
<lambda-or-initializer>	runtime/src/Heap/Allocator/AllocationStallQueue.h:204	runtime/src/Heap/z/zPageAllocator.hpp:205	73a2e0a0f1b09f9235e5b405a175b9953003703c6fedef624ab16a736ba388fb	/root/cj_build/reference/jdk/src/hotspot/share/gc/z/zPageAllocator.hpp:45
SizeClass	runtime/src/Heap/Allocator/CartesianTree.cpp:16	runtime/src/Heap/z/zMappedCache.cpp:11	b1838af482c0b3fda4be47e776d9ff0022bfe8e0d6ab1ebb807865158cba5d60	/root/cj_build/reference/jdk/src/hotspot/share/gc/z/zMappedCache.cpp:36
AddEntry	runtime/src/Heap/Allocator/CartesianTree.cpp:24	runtime/src/Heap/z/zMappedCache.cpp:19	2db7e94850bd3057920f3285c12d446b3a6425b9538b7c2f91cec0fe031a690e	/root/cj_build/reference/jdk/src/hotspot/share/gc/z/zMappedCache.cpp:36
EraseEntry	runtime/src/Heap/Allocator/CartesianTree.cpp:36	runtime/src/Heap/z/zMappedCache.cpp:31	5f669c0f5baa5c4ecab4341f55bc18ea225428dd06e1cc4d1e47893e9ca2c24c	/root/cj_build/reference/jdk/src/hotspot/share/gc/z/zMappedCache.cpp:36
Insert	runtime/src/Heap/Allocator/CartesianTree.cpp:44	runtime/src/Heap/z/zMappedCache.cpp:39	6ede0bfb7c3779a1353814a7e4a847fe3eadc3b2785bc335e762242935d9f5a3	/root/cj_build/reference/jdk/src/hotspot/share/gc/z/zMappedCache.cpp:36
Remove	runtime/src/Heap/Allocator/CartesianTree.cpp:69	runtime/src/Heap/z/zMappedCache.cpp:64	e733cce227bfc53742af0747cd91110fd8ba03acb9e2b34be8b17fffc74b92f4	/root/cj_build/reference/jdk/src/hotspot/share/gc/z/zMappedCache.cpp:36
<lambda-or-initializer>	runtime/src/Heap/Allocator/CartesianTree.cpp:88	runtime/src/Heap/z/zMappedCache.cpp:83	c4ab0c29f96079fcddd9716c717e708cdb7471ed47d2d55ba495b69dc4605632	/root/cj_build/reference/jdk/src/hotspot/share/gc/z/zMappedCache.cpp:36
<lambda-or-initializer>	runtime/src/Heap/Allocator/CartesianTree.cpp:91	runtime/src/Heap/z/zMappedCache.cpp:86	f80ade4366f432bb010102350ccde8c7881f1fcc5164474241740c8bf8706e1e	/root/cj_build/reference/jdk/src/hotspot/share/gc/z/zMappedCache.cpp:36
Select	runtime/src/Heap/Allocator/CartesianTree.cpp:82	runtime/src/Heap/z/zMappedCache.cpp:77	60e5d466ad7dac32ab47b64227d1f291dbe8663556adebd9d32524afe6a5c358	/root/cj_build/reference/jdk/src/hotspot/share/gc/z/zMappedCache.cpp:36
RemoveContiguous	runtime/src/Heap/Allocator/CartesianTree.cpp:105	runtime/src/Heap/z/zMappedCache.cpp:100	9f029d2b1d848f6d2b003422acc6a17cbf10ff905759037e73532970cb1529dd	/root/cj_build/reference/jdk/src/hotspot/share/gc/z/zMappedCache.cpp:36
RemoveDiscontiguous	runtime/src/Heap/Allocator/CartesianTree.cpp:114	runtime/src/Heap/z/zMappedCache.cpp:109	d9fd3222037062042c415e6ed660e26c9d48fc7337ff2ac2b12f56e1faa50055	/root/cj_build/reference/jdk/src/hotspot/share/gc/z/zMappedCache.cpp:36
RemoveForUncommit	runtime/src/Heap/Allocator/CartesianTree.cpp:126	runtime/src/Heap/z/zMappedCache.cpp:121	694381141a150fcbda10b7c2f7d96f4b17e43a298777f6dc3e1e51ccc9ba23f3	/root/cj_build/reference/jdk/src/hotspot/share/gc/z/zMappedCache.cpp:36
MaxExtent	runtime/src/Heap/Allocator/CartesianTree.cpp:138	runtime/src/Heap/z/zMappedCache.cpp:133	88596dc89ed5a6ab48cb1300b898edfc3cf8602de1e8ff72ad8f8fa343ec7a8f	/root/cj_build/reference/jdk/src/hotspot/share/gc/z/zMappedCache.cpp:36
IsNull	runtime/src/Heap/Allocator/CartesianTree.h:55	runtime/src/Heap/z/zMappedCache.hpp:22	826f341508bd1a8a722468afdcde2d472a5b33669c143cab0e9d7d31a523b0cd	/root/cj_build/reference/jdk/src/hotspot/share/gc/z/zMappedCache.hpp:35
SetRefresh	runtime/src/Heap/Allocator/CartesianTree.h:58	runtime/src/Heap/z/zMappedCache.hpp:25	37ffe619ef7fb540a24b2da2d444a72a6b23a22c56eaa41ce36434b41cd87e50	/root/cj_build/reference/jdk/src/hotspot/share/gc/z/zMappedCache.hpp:35
Size	runtime/src/Heap/Allocator/CartesianTree.h:63	runtime/src/Heap/z/zMappedCache.hpp:30	f96e7f5d97bb379cd5be90f2f0d6b169a24b63c87deb554af08607dfbafd0878	/root/cj_build/reference/jdk/src/hotspot/share/gc/z/zMappedCache.hpp:35
MinSizeWatermark	runtime/src/Heap/Allocator/CartesianTree.h:64	runtime/src/Heap/z/zMappedCache.cpp:142	3848e17425c21175206ebf5c79138fd727269c60b8416f816874b4438d26cf59	/root/cj_build/reference/jdk/src/hotspot/share/gc/z/zMappedCache.hpp:35
ResetMinSizeWatermark	runtime/src/Heap/Allocator/CartesianTree.h:65	runtime/src/Heap/z/zMappedCache.cpp:146	0c25b0caae484bcf39db403bcc1c4aacc7128aacc24043e63883cfb02b9c106c	/root/cj_build/reference/jdk/src/hotspot/share/gc/z/zMappedCache.hpp:35
EntryCount	runtime/src/Heap/Allocator/CartesianTree.h:66	runtime/src/Heap/z/zMappedCache.hpp:33	27b7b31533b366382fe618f798f3ce504adcba3b2f609851c604a6e5eba15c7d	/root/cj_build/reference/jdk/src/hotspot/share/gc/z/zMappedCache.hpp:35
LastUsedNs	runtime/src/Heap/Allocator/CartesianTree.h:68	runtime/src/Heap/z/zMappedCache.hpp:35	bfa6053fa132f1d86567a965e0d1c77c9b95b69f9d6988d73a03c60e9b08fd6b	/root/cj_build/reference/jdk/src/hotspot/share/gc/z/zMappedCache.hpp:35
ForwardingAllocator	runtime/src/Heap/Allocator/ForwardingAllocator.h:24	runtime/src/Heap/z/zForwardingAllocator.cpp:11	44136fa355b3678a1146ad16f7e8649e94fb4fc21fe77e8310c060f61caaff8a	/root/cj_build/reference/jdk/src/hotspot/share/gc/z/zForwardingAllocator.cpp:27
~ForwardingAllocator	runtime/src/Heap/Allocator/ForwardingAllocator.h:25	runtime/src/Heap/z/zForwardingAllocator.cpp:16	8ff79c17bd9a87b6a8d2c82d0e9cf26e2bdb9786b76c2138c860e1bbb1a1cc74	/root/cj_build/reference/jdk/src/hotspot/share/gc/z/zForwardingAllocator.cpp:27
aligned_size	runtime/src/Heap/Allocator/ForwardingAllocator.h:30	runtime/src/Heap/z/zForwardingAllocator.inline.hpp:11	43a567f3ad30a773871e8beb9fb84e5454ca77ccf5cfb65e2d64afccc8ccdca0	/root/cj_build/reference/jdk/src/hotspot/share/gc/z/zForwardingAllocator.inline.hpp:31
add_to_budget	runtime/src/Heap/Allocator/ForwardingAllocator.h:40	runtime/src/Heap/z/zForwardingAllocator.inline.hpp:23	fa0c9eee2d1a283760e6a6fbca053913048395706096a4e7e74422adfcab6982	/root/cj_build/reference/jdk/src/hotspot/share/gc/z/zForwardingAllocator.inline.hpp:31
valid	runtime/src/Heap/Allocator/ForwardingAllocator.h:49	runtime/src/Heap/z/zForwardingAllocator.inline.hpp:35	9b018f0b12ccbe8216adf2cc8c1561fe8e967b73f367d09daa6b69e3c69485f8	/root/cj_build/reference/jdk/src/hotspot/share/gc/z/zForwardingAllocator.inline.hpp:31
capacity	runtime/src/Heap/Allocator/ForwardingAllocator.h:50	runtime/src/Heap/z/zForwardingAllocator.inline.hpp:40	12ec1f760c9df853a06bc7d93018a09edee06960d24ca3bc3fa135d66c8c33a5	/root/cj_build/reference/jdk/src/hotspot/share/gc/z/zForwardingAllocator.inline.hpp:31
contains_for_test	runtime/src/Heap/Allocator/ForwardingAllocator.h:53	runtime/src/Heap/z/zForwardingAllocator.hpp:36	dd81a796d66be65b46351f3317e9afa6a3026c0d3d5b4d26f4d8ff699edef25d	/root/cj_build/reference/jdk/src/hotspot/share/gc/z/zForwardingAllocator.hpp:30
used	runtime/src/Heap/Allocator/ForwardingAllocator.h:59	runtime/src/Heap/z/zForwardingAllocator.inline.hpp:45	5838e5192b4db1fec1e259c942a4839e3ab392fd6cd525557360ca65029bcecf	/root/cj_build/reference/jdk/src/hotspot/share/gc/z/zForwardingAllocator.inline.hpp:31
<lambda-or-initializer>	runtime/src/Heap/Allocator/ForwardingAllocator.h:68	runtime/src/Heap/z/zForwardingAllocator.inline.hpp:56	368ee2ca6a245063be01f00c8e76b4b7765ae17b5b6d4d3d019243bd85254d08	/root/cj_build/reference/jdk/src/hotspot/share/gc/z/zForwardingAllocator.inline.hpp:31
allocate	runtime/src/Heap/Allocator/ForwardingAllocator.h:62	runtime/src/Heap/z/zForwardingAllocator.inline.hpp:50	6f0b1b81377e2be2004aff62ff8198588baa0db9a33f37ee84e5a29c07d17716	/root/cj_build/reference/jdk/src/hotspot/share/gc/z/zForwardingAllocator.inline.hpp:31
ForwardingEntry	runtime/src/Heap/Allocator/ForwardingEntry.h:34	runtime/src/Heap/z/zForwardingEntry.hpp:34	44136fa355b3678a1146ad16f7e8649e94fb4fc21fe77e8310c060f61caaff8a	/root/cj_build/reference/jdk/src/hotspot/share/gc/z/zForwardingEntry.hpp:49
ForwardingEntry	runtime/src/Heap/Allocator/ForwardingEntry.h:38	runtime/src/Heap/z/zForwardingEntry.hpp:38	9265619237dc049c9efd5c01a5c74a7e99db1a67aa7ef3e2e396e54563e1bc57	/root/cj_build/reference/jdk/src/hotspot/share/gc/z/zForwardingEntry.hpp:49
populated	runtime/src/Heap/Allocator/ForwardingEntry.h:41	runtime/src/Heap/z/zForwardingEntry.hpp:41	57e88aef7cff4e18d575ab1db5cdd7a1f2a46919fcc8bd9125b30052bc246e3e	/root/cj_build/reference/jdk/src/hotspot/share/gc/z/zForwardingEntry.hpp:49
to_offset	runtime/src/Heap/Allocator/ForwardingEntry.h:42	runtime/src/Heap/z/zForwardingEntry.hpp:42	31a0dff1a3744a3e99f26abbb335b7108c2317d595cd80fe3504676450107375	/root/cj_build/reference/jdk/src/hotspot/share/gc/z/zForwardingEntry.hpp:49
from_index	runtime/src/Heap/Allocator/ForwardingEntry.h:43	runtime/src/Heap/z/zForwardingEntry.hpp:43	7f20f8438a13a4c47f691b1ea010674d3ce1d4db145328aa991ed5ebf9521ad3	/root/cj_build/reference/jdk/src/hotspot/share/gc/z/zForwardingEntry.hpp:49
raw	runtime/src/Heap/Allocator/ForwardingEntry.h:44	runtime/src/Heap/z/zForwardingEntry.hpp:44	f9ef2663fbef3933d5e56b520d38322863ee3507d36fcb6339d907b33c6a2c0b	/root/cj_build/reference/jdk/src/hotspot/share/gc/z/zForwardingEntry.hpp:49
FromRaw	runtime/src/Heap/Allocator/ForwardingEntry.h:46	runtime/src/Heap/z/zForwardingEntry.hpp:46	778b900536d4d2543fb99dcedbeae64ce0bab16df5f498cbd7c41d8e77a02dc4	/root/cj_build/reference/jdk/src/hotspot/share/gc/z/zForwardingEntry.hpp:49
ZHashUint32	runtime/src/Heap/Allocator/ForwardingEntry.h:60	runtime/src/Heap/z/zForwardingEntry.hpp:60	781e3cbf208d21860975072dc6a1db42833b5a81d0f1f9174191874fce81431a	/root/cj_build/reference/jdk/src/hotspot/share/gc/z/zForwardingEntry.hpp:49
FreeRegionManager	runtime/src/Heap/Allocator/FreeRegionManager.h:30	runtime/src/Heap/z/zPageAllocator.hpp:245	44136fa355b3678a1146ad16f7e8649e94fb4fc21fe77e8310c060f61caaff8a	/root/cj_build/reference/jdk/src/hotspot/share/gc/z/zPageAllocator.hpp:45
~FreeRegionManager	runtime/src/Heap/Allocator/FreeRegionManager.h:32	runtime/src/Heap/z/zPageAllocator.hpp:247	2cd1a152c7c2cc69187f9b2f7ad38367d456a4ade52f83ab2958c7643879c5bc	/root/cj_build/reference/jdk/src/hotspot/share/gc/z/zPageAllocator.hpp:45
MaterializePageMemory	runtime/src/Heap/Allocator/FreeRegionManager.h:41	runtime/src/Heap/z/zPageAllocator.hpp:256	cbec10a2649bd8af817b15475e5fe8791bd92221774950e33136facf133502c5	/root/cj_build/reference/jdk/src/hotspot/share/gc/z/zPageAllocator.hpp:45
AddMarkQuarantineUnits	runtime/src/Heap/Allocator/FreeRegionManager.h:74	runtime/src/Heap/z/zPageAllocator.hpp:289	af31795fe25608fa537532e896b3dc7c21eb8ee1240f32c45121011b468f71ef	/root/cj_build/reference/jdk/src/hotspot/share/gc/z/zPageAllocator.hpp:45
GetMarkQuarantineUnitCount	runtime/src/Heap/Allocator/FreeRegionManager.h:87	runtime/src/Heap/z/zPageAllocator.hpp:302	6b16d60dcee4cfc34e7f1143887b96d43a229ea19e9cf733601d5ceabee6ddfa	/root/cj_build/reference/jdk/src/hotspot/share/gc/z/zPageAllocator.hpp:45
ExtentReadyForReleasedCache	runtime/src/Heap/Allocator/FreeRegionManager.h:93	runtime/src/Heap/z/zPageAllocator.hpp:308	85b320b28a4fce1abe70e66301074755a5dc27ae759ab31a77510fa13bc5517d	/root/cj_build/reference/jdk/src/hotspot/share/gc/z/zPageAllocator.hpp:45
PrehandleReleasedUnit	runtime/src/Heap/Allocator/FreeRegionManager.h:117	runtime/src/Heap/z/zPageAllocator.hpp:332	d8b7f2861de73e8c27a69c0e601beee1a4fafa1786e58683e7d3f3002e78fb26	/root/cj_build/reference/jdk/src/hotspot/share/gc/z/zPageAllocator.hpp:45
Partition	runtime/src/Heap/Allocator/FreeRegionManager.h:130	runtime/src/Heap/z/zPageAllocator.hpp:345	44136fa355b3678a1146ad16f7e8649e94fb4fc21fe77e8310c060f61caaff8a	/root/cj_build/reference/jdk/src/hotspot/share/gc/z/zPageAllocator.hpp:45
AddOverflows	runtime/src/Heap/Allocator/MemMap.cpp:49	runtime/src/Heap/z/zRangeRegistry.inline.hpp:20	47a54444e924c11c85f991f44650db8c68d5377969a5853adfff91ec03c414fd	/root/cj_build/reference/jdk/src/hotspot/share/gc/z/zRangeRegistry.inline.hpp:34
AddOverflows	runtime/src/Heap/Allocator/RangeRegistry.inline.h:20	runtime/src/Heap/z/zVirtualMemory.inline.hpp:19	47a54444e924c11c85f991f44650db8c68d5377969a5853adfff91ec03c414fd	/root/cj_build/reference/jdk/src/hotspot/share/gc/z/zVirtualMemory.inline.hpp:35
if	runtime/src/Heap/Allocator/MemMap.cpp:65	runtime/src/Heap/z/zVirtualMemoryManager.cpp:56	09e520a90c2e55bad884e9e5588dc3ba99e6f3ff50e813548bc0591a18dbcac8	/root/cj_build/reference/jdk/src/hotspot/share/gc/z/zVirtualMemoryManager.cpp:39
if	runtime/src/Heap/Allocator/MemMap.cpp:79	runtime/src/Heap/z/zVirtualMemoryManager.cpp:70	0e7a1bf2c5a9ec53a807403d8b989dfa27f43d3d81fc95f22ebef20e114eb248	/root/cj_build/reference/jdk/src/hotspot/share/gc/z/zVirtualMemoryManager.cpp:39
Reserve	runtime/src/Heap/Allocator/MemMap.cpp:56	runtime/src/Heap/z/zVirtualMemoryManager.cpp:47	549abb892ade5fc3e9bfc8f69b8ab5fe47c32446cf313283f13d38706b01b661	/root/cj_build/reference/jdk/src/hotspot/share/gc/z/zVirtualMemoryManager.cpp:39
Commit	runtime/src/Heap/Allocator/MemMap.cpp:110	runtime/src/Heap/z/zVirtualMemoryManager.cpp:101	397e5a50af49227ec2dab5444c6e22512c4ff7319e4cb24edd0913de932cd09f	/root/cj_build/reference/jdk/src/hotspot/share/gc/z/zVirtualMemoryManager.cpp:39
CommitBacking	runtime/src/Heap/Allocator/MemMap.cpp:117	runtime/src/Heap/z/zVirtualMemoryManager.cpp:108	ec573d2d3f5909620ce2d535d439efe6f0c516b08b10f3a5b74b37654c3c442f	/root/cj_build/reference/jdk/src/hotspot/share/gc/z/zVirtualMemoryManager.cpp:39
CanRemapBacking	runtime/src/Heap/Allocator/MemMap.cpp:153	runtime/src/Heap/z/zVirtualMemoryManager.cpp:144	617573b1687e543bf276c66f5d206a531d5f897a8a32f35c7d3c138ca70b3315	/root/cj_build/reference/jdk/src/hotspot/share/gc/z/zVirtualMemoryManager.cpp:39
MapBacking	runtime/src/Heap/Allocator/MemMap.cpp:162	runtime/src/Heap/z/zVirtualMemoryManager.cpp:153	cfebbaaed2c38b84436612a396351c93431f0a4982e79d686c216e1856c39544	/root/cj_build/reference/jdk/src/hotspot/share/gc/z/zVirtualMemoryManager.cpp:39
UnmapBacking	runtime/src/Heap/Allocator/MemMap.cpp:177	runtime/src/Heap/z/zVirtualMemoryManager.cpp:168	3ad96410f5efa3d7afec7f0ec445c4365c2682b8ee800952fdb34d9c5b3197ab	/root/cj_build/reference/jdk/src/hotspot/share/gc/z/zVirtualMemoryManager.cpp:39
Protect	runtime/src/Heap/Allocator/MemMap.cpp:189	runtime/src/Heap/z/zVirtualMemoryManager.cpp:180	1592aeb46928ca664a41062739cd286341c44af6f74978ff6d43712234e2c68a	/root/cj_build/reference/jdk/src/hotspot/share/gc/z/zVirtualMemoryManager.cpp:39
Release	runtime/src/Heap/Allocator/MemMap.cpp:207	runtime/src/Heap/z/zVirtualMemoryManager.cpp:198	2c98e8d0e5e9687ef6663174ce519a8080940bd0a7aafae9c2ced992572bce19	/root/cj_build/reference/jdk/src/hotspot/share/gc/z/zVirtualMemoryManager.cpp:39
if	runtime/src/Heap/Allocator/MemMap.cpp:235	runtime/src/Heap/z/zVirtualMemoryManager.cpp:226	6515cbe0195080720546558819d43f8dcaea6f3cda1ba59a8e54ba493e896606	/root/cj_build/reference/jdk/src/hotspot/share/gc/z/zVirtualMemoryManager.cpp:39
<lambda-or-initializer>	runtime/src/Heap/Allocator/MemMap.cpp:238	runtime/src/Heap/z/zVirtualMemoryManager.cpp:229	976b58beb8291d1174b37970bd0ca3c110cd1b5321645d962ba2242096746421	/root/cj_build/reference/jdk/src/hotspot/share/gc/z/zVirtualMemoryManager.cpp:39
Unreserve	runtime/src/Heap/Allocator/MemMap.cpp:230	runtime/src/Heap/z/zVirtualMemoryManager.cpp:221	dd93c399ed7b3bf6f8d338888c760c8c38ec64b6bdb20a9c1fde20a91f8f253f	/root/cj_build/reference/jdk/src/hotspot/share/gc/z/zVirtualMemoryManager.cpp:39
FindFile	runtime/src/Heap/Allocator/MemMap.cpp:259	runtime/src/Heap/z/zVirtualMemoryManager.cpp:250	f785f7d561f0f7e52cf928d321521afc619733e6d16a424ed2d5116564d0088d	/root/cj_build/reference/jdk/src/hotspot/share/gc/z/zVirtualMemoryManager.cpp:39
<lambda-or-initializer>	runtime/src/Heap/Allocator/MemMap.cpp:274	runtime/src/Heap/z/zVirtualMemoryManager.cpp:265	47e0ecaa5f0f83e1c74d4ab252d6bbfa95cbfa2336695361e7951330261ad521	/root/cj_build/reference/jdk/src/hotspot/share/gc/z/zVirtualMemoryManager.cpp:39
FillHoleCompat	runtime/src/Heap/Allocator/MemMap.cpp:269	runtime/src/Heap/z/zVirtualMemoryManager.cpp:260	e325d145921978cb1ac51fdc8ecba5965a909d7fe6cd0fb1668ba1bb057ccf18	/root/cj_build/reference/jdk/src/hotspot/share/gc/z/zVirtualMemoryManager.cpp:39
FillHole	runtime/src/Heap/Allocator/MemMap.cpp:283	runtime/src/Heap/z/zVirtualMemoryManager.cpp:274	f14e067af733aa4ee0da099f293ea2b02afbec68b13d61999ad7805d97f52e37	/root/cj_build/reference/jdk/src/hotspot/share/gc/z/zVirtualMemoryManager.cpp:39
Fallocate	runtime/src/Heap/Allocator/MemMap.cpp:298	runtime/src/Heap/z/zVirtualMemoryManager.cpp:289	cbf449a997341e6aaee23ed8e579cb478bae60788596dec591c8d32e1c646d20	/root/cj_build/reference/jdk/src/hotspot/share/gc/z/zVirtualMemoryManager.cpp:39
CommitFileRange	runtime/src/Heap/Allocator/MemMap.cpp:319	runtime/src/Heap/z/zVirtualMemoryManager.cpp:310	a87a21c97d9c9b194ae5d0658f458fd64ce14a4370cf5edf313848d268295fb2	/root/cj_build/reference/jdk/src/hotspot/share/gc/z/zVirtualMemoryManager.cpp:39
<lambda-or-initializer>	runtime/src/Heap/Allocator/MemMap.cpp:337	runtime/src/Heap/z/zVirtualMemoryManager.cpp:328	39a44a049ea91b571c1373b5d03f2b6b6a083de22f0d5935161917e820236659	/root/cj_build/reference/jdk/src/hotspot/share/gc/z/zVirtualMemoryManager.cpp:39
CommitFile	runtime/src/Heap/Allocator/MemMap.cpp:331	runtime/src/Heap/z/zVirtualMemoryManager.cpp:322	d8da50fcf6ccb097db40dde4b8e433c2ad56fd22e695d6178d5a586a2e47d732	/root/cj_build/reference/jdk/src/hotspot/share/gc/z/zVirtualMemoryManager.cpp:39
NativeBackend	runtime/src/Heap/Allocator/MemMap.cpp:353	runtime/src/Heap/z/zVirtualMemoryManager.cpp:344	8a36d10d78cd9f790e97eab6de5d7fb9298bf866605aa4a4ee983b3ef746c2d4	/root/cj_build/reference/jdk/src/hotspot/share/gc/z/zVirtualMemoryManager.cpp:39
Seal	runtime/src/Heap/Allocator/MemMap.cpp:361	runtime/src/Heap/z/zAddressSpaceLimit.cpp:41	4f61791dab3477d331b35ab61a3165fc5fdb5268732bda472a7fe68964a9b974	/root/cj_build/reference/jdk/src/hotspot/share/gc/z/zAddressSpaceLimit.cpp:33
SealProcessBudget	runtime/src/Heap/Allocator/MemMap.cpp:373	runtime/src/Heap/z/zAddressSpaceLimit.cpp:53	c64a94e9fbfafff78e34ce6b4db5837d228ff0d9aefee635f58263a7bb7604e0	/root/cj_build/reference/jdk/src/hotspot/share/gc/z/zAddressSpaceLimit.cpp:33
Seal	runtime/src/Heap/Allocator/MemMap.cpp:393	runtime/src/Heap/z/zNUMA.cpp:41	bb23c0466ee270272a07a237e1a9f6995694d8c1fe4395d95bb1053adc0ef31f	/root/cj_build/reference/jdk/src/hotspot/share/gc/z/zNUMA.cpp:29
<lambda-or-initializer>	runtime/src/Heap/Allocator/MemMap.cpp:412	runtime/src/Heap/z/zNUMA.cpp:60	6059a30b5c1e3587ec5cd1445821c4e32865c3e94de66de1eb54be8ed273f287	/root/cj_build/reference/jdk/src/hotspot/share/gc/z/zNUMA.cpp:29
SealProcessTopology	runtime/src/Heap/Allocator/MemMap.cpp:406	runtime/src/Heap/z/zNUMA.cpp:54	a42fade961fb1d0a6c93403a1af9e81219c715f0064071aeb154deedd7c0736e	/root/cj_build/reference/jdk/src/hotspot/share/gc/z/zNUMA.cpp:29
Contains	runtime/src/Heap/Allocator/MemMap.cpp:423	runtime/src/Heap/z/zNUMA.cpp:71	d3e5b1e7099ba308e718b79572119afc2cdad4b07d54c3b3af168a05541dbff9	/root/cj_build/reference/jdk/src/hotspot/share/gc/z/zNUMA.cpp:29
lower_bound	runtime/src/Heap/Allocator/MemMap.cpp:433	runtime/src/Heap/z/zVirtualMemoryManager.cpp:357	65dc0ae9ca280a48952c52e453c85efb83404ac27d95218524c70f42a0616b68	/root/cj_build/reference/jdk/src/hotspot/share/gc/z/zVirtualMemoryManager.cpp:39
Insert	runtime/src/Heap/Allocator/MemMap.cpp:428	runtime/src/Heap/z/zVirtualMemoryManager.cpp:352	992c6540454ab74f514537e1f8bc637c4573a84b77ca780c4c3c552d2f9f9127	/root/cj_build/reference/jdk/src/hotspot/share/gc/z/zVirtualMemoryManager.cpp:39
Contains	runtime/src/Heap/Allocator/MemMap.cpp:445	runtime/src/Heap/z/zVirtualMemoryManager.cpp:369	71ce0cf20da58aec85b46549ee6a44d9e03de9fa920351964f4ea3fd8c7c8e5d	/root/cj_build/reference/jdk/src/hotspot/share/gc/z/zVirtualMemoryManager.cpp:39
TotalSize	runtime/src/Heap/Allocator/MemMap.cpp:467	runtime/src/Heap/z/zVirtualMemoryManager.cpp:391	2293e7e048c764088b87d23f4566257f8bd862cf97f8841ddb3d279449cdb5ef	/root/cj_build/reference/jdk/src/hotspot/share/gc/z/zVirtualMemoryManager.cpp:39
Initialize	runtime/src/Heap/Allocator/MemMap.cpp:476	runtime/src/Heap/z/zPhysicalMemoryManager.cpp:41	6ac392a1cc7892e7f3dbf4a3ff4fb3df3f45e69324e51a82e8010215912fa203	/root/cj_build/reference/jdk/src/hotspot/share/gc/z/zPhysicalMemoryManager.cpp:48
Owns	runtime/src/Heap/Allocator/MemMap.cpp:519	runtime/src/Heap/z/zPhysicalMemoryManager.cpp:84	81d46aa9a1a04a6ccc34d6b80084ae9ce456cba36cc32036f2e725c7595a8edc	/root/cj_build/reference/jdk/src/hotspot/share/gc/z/zPhysicalMemoryManager.cpp:48
IsValidRange	runtime/src/Heap/Allocator/MemMap.cpp:533	runtime/src/Heap/z/zVirtualMemoryManager.cpp:400	72e45c9b6c9f88bde11262184d99778621b127b96e6743c860c881df406ff440	/root/cj_build/reference/jdk/src/hotspot/share/gc/z/zVirtualMemoryManager.cpp:39
<lambda-or-initializer>	runtime/src/Heap/Allocator/MemMap.cpp:553	runtime/src/Heap/z/zVirtualMemoryManager.cpp:420	7faa917c11d15518545ed2e6e8221a522dda9ebfa151f1a31308b611adb4dbdb	/root/cj_build/reference/jdk/src/hotspot/share/gc/z/zVirtualMemoryManager.cpp:39
<lambda-or-initializer>	runtime/src/Heap/Allocator/MemMap.cpp:571	runtime/src/Heap/z/zVirtualMemoryManager.cpp:438	438f956396188c8a658974de8656d7cfa7152203e90b9741b37e7aaf21ee0f4a	/root/cj_build/reference/jdk/src/hotspot/share/gc/z/zVirtualMemoryManager.cpp:39
TryMapMemory	runtime/src/Heap/Allocator/MemMap.cpp:540	runtime/src/Heap/z/zVirtualMemoryManager.cpp:407	8e0063968099f1ceed2eb34fe04a6a3f7dd96396051403901e2ca3d906236bd5	/root/cj_build/reference/jdk/src/hotspot/share/gc/z/zVirtualMemoryManager.cpp:39
MapMemory	runtime/src/Heap/Allocator/MemMap.cpp:620	runtime/src/Heap/z/zVirtualMemoryManager.cpp:487	1b2bb215b297a1f1400c2dd853efb8ed761bb3ebec595e6c716ac4132473660d	/root/cj_build/reference/jdk/src/hotspot/share/gc/z/zVirtualMemoryManager.cpp:39
MapMemory	runtime/src/Heap/Allocator/MemMap.cpp:628	runtime/src/Heap/z/zVirtualMemoryManager.cpp:495	01cfdedbce7bd338535f1ba0c223a42bb32bbcecea3b8be80ae7be77f668ccf0	/root/cj_build/reference/jdk/src/hotspot/share/gc/z/zVirtualMemoryManager.cpp:39
MemMap	runtime/src/Heap/Allocator/MemMap.cpp:640	runtime/src/Heap/z/zVirtualMemoryManager.cpp:507	0235dfa3876be062a4b2e2bb09db94911db801c67bb932504fb9b53a0c2dc55e	/root/cj_build/reference/jdk/src/hotspot/share/gc/z/zVirtualMemoryManager.cpp:39
sort	runtime/src/Heap/Allocator/MemMap.cpp:651	runtime/src/Heap/z/zPhysicalMemoryManager.cpp:143	89528745bc3fba347464cf33d2f4a34d4542954d632207f1f415f000f8340c77	/root/cj_build/reference/jdk/src/hotspot/share/gc/z/zPhysicalMemoryManager.cpp:48
FindFreeBacking	runtime/src/Heap/Allocator/MemMap.cpp:646	runtime/src/Heap/z/zPhysicalMemoryManager.cpp:138	0dc664c7d8cc4dacd6ac9e1700d1013ddc0428f25a938330e492ad5a8f3e86f2	/root/cj_build/reference/jdk/src/hotspot/share/gc/z/zPhysicalMemoryManager.cpp:48
<lambda-or-initializer>	runtime/src/Heap/Allocator/MemMap.cpp:676	runtime/src/Heap/z/zPhysicalMemoryManager.cpp:168	998c7368352ac49bca6d2cb921da226fa204253e89d3dff17ae3d9aef1497476	/root/cj_build/reference/jdk/src/hotspot/share/gc/z/zPhysicalMemoryManager.cpp:48
SplitBackingAt	runtime/src/Heap/Allocator/MemMap.cpp:675	runtime/src/Heap/z/zPhysicalMemoryManager.cpp:167	0f6348a89d20ef237ac69f65b7942f950143efbebcc79fc66a53c6c83003850f	/root/cj_build/reference/jdk/src/hotspot/share/gc/z/zPhysicalMemoryManager.cpp:48
find_if	runtime/src/Heap/Allocator/MemMap.cpp:703	runtime/src/Heap/z/zPhysicalMemoryManager.cpp:195	45f0f64d3f0d2839c8fe0dfa5238d3967a8b8defd84f90020e0d6b20a9cb3491	/root/cj_build/reference/jdk/src/hotspot/share/gc/z/zPhysicalMemoryManager.cpp:48
ApplyByPartition	runtime/src/Heap/Allocator/MemMap.cpp:688	runtime/src/Heap/z/zPhysicalMemoryManager.cpp:180	a760374f647aa84647445ba7136b4d6abd741907e15fbba4d778cda1918eb0a7	/root/cj_build/reference/jdk/src/hotspot/share/gc/z/zPhysicalMemoryManager.cpp:48
sort	runtime/src/Heap/Allocator/MemMap.cpp:787	runtime/src/Heap/z/zPhysicalMemoryManager.cpp:279	f6a17cf4695f7091f43e8fe36b65aa0888bb579be1b01843b68a3004e1d2175b	/root/cj_build/reference/jdk/src/hotspot/share/gc/z/zPhysicalMemoryManager.cpp:48
StashSegments	runtime/src/Heap/Allocator/MemMap.cpp:761	runtime/src/Heap/z/zPhysicalMemoryManager.cpp:253	c991400a6910a38dd88344129adac0f897756ccca25ae9b9f8b101106f90e6ca	/root/cj_build/reference/jdk/src/hotspot/share/gc/z/zPhysicalMemoryManager.cpp:48
find_if	runtime/src/Heap/Allocator/MemMap.cpp:810	runtime/src/Heap/z/zPhysicalMemoryManager.cpp:302	42730c6559ac6403c0e2718be41d60dda60941b9b4eba9f0615d88f3c6464dc4	/root/cj_build/reference/jdk/src/hotspot/share/gc/z/zPhysicalMemoryManager.cpp:48
RestoreSegments	runtime/src/Heap/Allocator/MemMap.cpp:794	runtime/src/Heap/z/zPhysicalMemoryManager.cpp:286	7d0bab07feffa0cc7f64b98dda89063670c6ba1393f2b295718472250b388aff	/root/cj_build/reference/jdk/src/hotspot/share/gc/z/zPhysicalMemoryManager.cpp:48
GetCommittedSize	runtime/src/Heap/Allocator/MemMap.cpp:838	runtime/src/Heap/z/zPhysicalMemoryManager.cpp:330	42f364a7921c647cc66ff199b775ca3b9075e6365d3ad634645812dcc0f5664b	/root/cj_build/reference/jdk/src/hotspot/share/gc/z/zPhysicalMemoryManager.cpp:48
GetCommittedSize	runtime/src/Heap/Allocator/MemMap.cpp:846	runtime/src/Heap/z/zPhysicalMemoryManager.cpp:338	b8e554512fc0934ffce311417d34766532d0588bf53d7427dc1dedc23c3a9d99	/root/cj_build/reference/jdk/src/hotspot/share/gc/z/zPhysicalMemoryManager.cpp:48
CommitMemory	runtime/src/Heap/Allocator/MemMap.cpp:860	runtime/src/Heap/z/zPhysicalMemoryManager.cpp:352	35ebf1200a62952dc303e95fd64ef0a7e376c127adaaa5fb0aba942de2328ef6	/root/cj_build/reference/jdk/src/hotspot/share/gc/z/zPhysicalMemoryManager.cpp:48
CommitMemory	runtime/src/Heap/Allocator/MemMap.cpp:865	runtime/src/Heap/z/zPhysicalMemoryManager.cpp:357	e0d421e425db9d9184a3e5a764955df10d97a8933ed5edab139f0e908eae595f	/root/cj_build/reference/jdk/src/hotspot/share/gc/z/zPhysicalMemoryManager.cpp:48
ReleaseMemory	runtime/src/Heap/Allocator/MemMap.cpp:870	runtime/src/Heap/z/zPhysicalMemoryManager.cpp:362	43fcdca8e8125382873732da93ff1feac843cb29873e3aa3fbd2df61540c0415	/root/cj_build/reference/jdk/src/hotspot/share/gc/z/zPhysicalMemoryManager.cpp:48
ReleaseMemory	runtime/src/Heap/Allocator/MemMap.cpp:875	runtime/src/Heap/z/zPhysicalMemoryManager.cpp:367	1d0851e399337b4076e023b8ee6dbdf6e919b92239011134c0c346fea5a59543	/root/cj_build/reference/jdk/src/hotspot/share/gc/z/zPhysicalMemoryManager.cpp:48
ReleaseMemoryDeferred	runtime/src/Heap/Allocator/MemMap.cpp:880	runtime/src/Heap/z/zPhysicalMemoryManager.cpp:372	1f1d6bacd4e547ae6a747ffad8c8467c0435bf55ed270190ab7c4a1a00fb9a63	/root/cj_build/reference/jdk/src/hotspot/share/gc/z/zPhysicalMemoryManager.cpp:48
PublishMemoryRelease	runtime/src/Heap/Allocator/MemMap.cpp:886	runtime/src/Heap/z/zPhysicalMemoryManager.cpp:378	6e8f0b38f1b1bca75284b93acb32ae770d1441d675e1a3508facbb8f096a01b5	/root/cj_build/reference/jdk/src/hotspot/share/gc/z/zPhysicalMemoryManager.cpp:48
ProtectMemory	runtime/src/Heap/Allocator/MemMap.cpp:908	runtime/src/Heap/z/zPhysicalMemoryManager.cpp:400	95ec0d34f3b4cf2387f44dba41e45d501648314c9e5bb9ec2f99833661790dbb	/root/cj_build/reference/jdk/src/hotspot/share/gc/z/zPhysicalMemoryManager.cpp:48
~MemMap	runtime/src/Heap/Allocator/MemMap.cpp:933	runtime/src/Heap/z/zVirtualMemoryManager.cpp:513	fdc16e6f0b0e7fcf77eeca7323c76004b97324b129ce2ce597ade69ff3a13a66	/root/cj_build/reference/jdk/src/hotspot/share/gc/z/zVirtualMemoryManager.cpp:39
IsSealed	runtime/src/Heap/Allocator/MemMap.h:33	runtime/src/Heap/z/zNUMA.hpp:17	9f70004d7e144980e399ea9ec5473f3e9467ac2a6286e1a5060b6baccc447d4d	/root/cj_build/reference/jdk/src/hotspot/share/gc/z/zNUMA.hpp:31
IsSealed	runtime/src/Heap/Allocator/MemMap.h:49	runtime/src/Heap/z/zAddressSpaceLimit.hpp:15	9f70004d7e144980e399ea9ec5473f3e9467ac2a6286e1a5060b6baccc447d4d	/root/cj_build/reference/jdk/src/hotspot/share/gc/z/zAddressSpaceLimit.hpp:30
Allows	runtime/src/Heap/Allocator/MemMap.h:34	runtime/src/Heap/z/zAddressSpaceLimit.hpp:16	ba9c16182b6cf1ca40375096120aea2cee440540e41153179d5b40e396564ab7	/root/cj_build/reference/jdk/src/hotspot/share/gc/z/zAddressSpaceLimit.hpp:30
AvailableBytes	runtime/src/Heap/Allocator/MemMap.h:35	runtime/src/Heap/z/zAddressSpaceLimit.hpp:17	191fdbc192ac1f7de44fcb4cf6d876a41670f208634a226c3023899b7cef2883	/root/cj_build/reference/jdk/src/hotspot/share/gc/z/zAddressSpaceLimit.hpp:30
SafeBytes	runtime/src/Heap/Allocator/MemMap.h:36	runtime/src/Heap/z/zAddressSpaceLimit.hpp:18	b463efd0dc054f5655faab4d85b7a2eae271e03d170414c74bba813583f1ada7	/root/cj_build/reference/jdk/src/hotspot/share/gc/z/zAddressSpaceLimit.hpp:30
Count	runtime/src/Heap/Allocator/MemMap.h:50	runtime/src/Heap/z/zNUMA.inline.hpp:11	0023f19985bdbdd39843c4f96b73243e96562d25e43faaad20cdb38e05e99326	/root/cj_build/reference/jdk/src/hotspot/share/gc/z/zNUMA.hpp:31
NodeAt	runtime/src/Heap/Allocator/MemMap.h:51	runtime/src/Heap/z/zNUMA.hpp:19	5dbc49bef06a8035eb0775e1a7b8196cf09190948a1cab0554e1ad82ab0e5aa1	/root/cj_build/reference/jdk/src/hotspot/share/gc/z/zNUMA.hpp:31
End	runtime/src/Heap/Allocator/MemMap.h:63	runtime/src/Heap/z/zVirtualMemoryManager.hpp:159	9c9883e23cf34b0d9f43c65aa9d85abc2ef8a97f6ddcaeb5d5aaa07927e04601	/root/cj_build/reference/jdk/src/hotspot/share/gc/z/zVirtualMemoryManager.hpp:35
End	runtime/src/Heap/Allocator/MemMap.h:208	runtime/src/Heap/z/zVirtualMemory.hpp:15	9c9883e23cf34b0d9f43c65aa9d85abc2ef8a97f6ddcaeb5d5aaa07927e04601	/root/cj_build/reference/jdk/src/hotspot/share/gc/z/zVirtualMemory.hpp:31
IsNull	runtime/src/Heap/Allocator/MemMap.h:64	runtime/src/Heap/z/zVirtualMemory.hpp:16	f9e55a2b3b35ec7821316696203347affa4f317807a7e3c4e89d5d78ce816f8f	/root/cj_build/reference/jdk/src/hotspot/share/gc/z/zVirtualMemory.hpp:31
Ranges	runtime/src/Heap/Allocator/MemMap.h:72	runtime/src/Heap/z/zVirtualMemoryManager.hpp:38	2edb0021ce6226cefa56cdd867dcfec000627747712368a212076b562e8be23a	/root/cj_build/reference/jdk/src/hotspot/share/gc/z/zVirtualMemoryManager.hpp:35
Ranges	runtime/src/Heap/Allocator/MemMap.h:87	runtime/src/Heap/z/zPhysicalMemoryManager.hpp:22	2edb0021ce6226cefa56cdd867dcfec000627747712368a212076b562e8be23a	/root/cj_build/reference/jdk/src/hotspot/share/gc/z/zPhysicalMemoryManager.hpp:36
CommitBacking	runtime/src/Heap/Allocator/MemMap.h:103	runtime/src/Heap/z/zVirtualMemoryManager.hpp:54	62f3a2c8cd35974674752f3caa8077a5df12670346d768ea55f5521ec5e65a23	/root/cj_build/reference/jdk/src/hotspot/share/gc/z/zVirtualMemoryManager.hpp:35
MapBacking	runtime/src/Heap/Allocator/MemMap.h:104	runtime/src/Heap/z/zVirtualMemoryManager.hpp:55	8ea75f69dcfdeb1178de3cd28d4efdb8f0c88c9a63769037e553ecef265e735e	/root/cj_build/reference/jdk/src/hotspot/share/gc/z/zVirtualMemoryManager.hpp:35
UnmapBacking	runtime/src/Heap/Allocator/MemMap.h:105	runtime/src/Heap/z/zVirtualMemoryManager.hpp:56	b48df3a0d50249a5a6977b8a461d1f0e024d031643d2223a4f834663b2690762	/root/cj_build/reference/jdk/src/hotspot/share/gc/z/zVirtualMemoryManager.hpp:35
CanRemapBacking	runtime/src/Heap/Allocator/MemMap.h:106	runtime/src/Heap/z/zVirtualMemoryManager.hpp:57	6515cbe0195080720546558819d43f8dcaea6f3cda1ba59a8e54ba493e896606	/root/cj_build/reference/jdk/src/hotspot/share/gc/z/zVirtualMemoryManager.hpp:35
DestroyMemMap	runtime/src/Heap/Allocator/MemMap.h:143	runtime/src/Heap/z/zVirtualMemoryManager.hpp:94	b0182369e6ae2c02e58b589572df9bfce5d941020efe441dc3b8eee9cd120509	/root/cj_build/reference/jdk/src/hotspot/share/gc/z/zVirtualMemoryManager.hpp:35
GetBaseAddr	runtime/src/Heap/Allocator/MemMap.h:173	runtime/src/Heap/z/zVirtualMemoryManager.hpp:124	e8cbee6d6f9a76987cd357a427bbfb50cb6c3fd45f304f38a56b692073c997c4	/root/cj_build/reference/jdk/src/hotspot/share/gc/z/zVirtualMemoryManager.hpp:35
GetCurrEnd	runtime/src/Heap/Allocator/MemMap.h:174	runtime/src/Heap/z/zVirtualMemoryManager.hpp:125	44fc040f5ae5ae8776be862a6c31a7cd1cee35fd2ba980eb72c9816ee79168d2	/root/cj_build/reference/jdk/src/hotspot/share/gc/z/zVirtualMemoryManager.hpp:35
GetMappedEndAddr	runtime/src/Heap/Allocator/MemMap.h:175	runtime/src/Heap/z/zVirtualMemoryManager.hpp:126	0402da54b949c8f7c387af3fc26e1293262f32eec8ad3805c135c60e6c23368d	/root/cj_build/reference/jdk/src/hotspot/share/gc/z/zVirtualMemoryManager.hpp:35
GetCurrSize	runtime/src/Heap/Allocator/MemMap.h:176	runtime/src/Heap/z/zVirtualMemoryManager.hpp:127	00f05e36d5ef243409e5a7eb0b7bfbedee932124ae1bb5ab1c3c195b27039906	/root/cj_build/reference/jdk/src/hotspot/share/gc/z/zVirtualMemoryManager.hpp:35
GetMappedSize	runtime/src/Heap/Allocator/MemMap.h:177	runtime/src/Heap/z/zVirtualMemoryManager.hpp:128	9946a4be7aafa4d6711d5d4fcb47db2a4c5a9fac5c9761eb1f51c13fb7aae3a4	/root/cj_build/reference/jdk/src/hotspot/share/gc/z/zVirtualMemoryManager.hpp:35
GetReservationRegistry	runtime/src/Heap/Allocator/MemMap.h:178	runtime/src/Heap/z/zVirtualMemoryManager.hpp:129	c0b3d5a6b71efbb2a36d0cac13b15f1e7cb1da99681604c35b858f56cec2d535	/root/cj_build/reference/jdk/src/hotspot/share/gc/z/zVirtualMemoryManager.hpp:35
GetNumaPartitionRegistry	runtime/src/Heap/Allocator/MemMap.h:179	runtime/src/Heap/z/zVirtualMemoryManager.hpp:130	17e70f6aac59a55b68f23b7b26ac117998e75fa26ca44f72336cf35684abdb01	/root/cj_build/reference/jdk/src/hotspot/share/gc/z/zVirtualMemoryManager.hpp:35
PageAgeRange	runtime/src/Heap/Allocator/PageAge.h:40	runtime/src/Heap/z/zPageAge.hpp:40	44136fa355b3678a1146ad16f7e8649e94fb4fc21fe77e8310c060f61caaff8a	/root/cj_build/reference/jdk/src/hotspot/share/gc/z/zPageAge.hpp:30
PageAgeRange	runtime/src/Heap/Allocator/PageAge.h:74	runtime/src/Heap/z/zPageAge.hpp:74	44136fa355b3678a1146ad16f7e8649e94fb4fc21fe77e8310c060f61caaff8a	/root/cj_build/reference/jdk/src/hotspot/share/gc/z/zPageAge.hpp:30
create	runtime/src/Heap/Allocator/PageAge.h:44	runtime/src/Heap/z/zPageAge.hpp:44	27c4aba4c58853307a866bda52aa0ed862d37306374acde508076f09e070911c	/root/cj_build/reference/jdk/src/hotspot/share/gc/z/zPageAge.hpp:30
first	runtime/src/Heap/Allocator/PageAge.h:48	runtime/src/Heap/z/zPageAge.hpp:48	47120a588470d6f9d4a18c7b9ecebd198e166fa3886d90837cb33f72c526e5f7	/root/cj_build/reference/jdk/src/hotspot/share/gc/z/zPageAge.hpp:30
last	runtime/src/Heap/Allocator/PageAge.h:51	runtime/src/Heap/z/zPageAge.hpp:51	036dc3c29857e964ef7a26df46505e0ab6015c796d92696ec2c382e5d33cb978	/root/cj_build/reference/jdk/src/hotspot/share/gc/z/zPageAge.hpp:30
iterator	runtime/src/Heap/Allocator/PageAge.h:57	runtime/src/Heap/z/zPageAge.hpp:57	44136fa355b3678a1146ad16f7e8649e94fb4fc21fe77e8310c060f61caaff8a	/root/cj_build/reference/jdk/src/hotspot/share/gc/z/zPageAge.hpp:30
<lambda-or-initializer>	runtime/src/Heap/Allocator/PageAge.h:58	runtime/src/Heap/z/zPageAge.hpp:58	dfca221b7618a295e04045c9323bb3ac9b9fd2579d617ec7a4b7c62d25dfb50d	/root/cj_build/reference/jdk/src/hotspot/share/gc/z/zPageAge.hpp:30
<lambda-or-initializer>	runtime/src/Heap/Allocator/PageAge.h:60	runtime/src/Heap/z/zPageAge.hpp:60	ea565fc0f44e05a95284c2fe13758cef45255f47cf09e8de8215538820ca4f26	/root/cj_build/reference/jdk/src/hotspot/share/gc/z/zPageAge.hpp:30
<lambda-or-initializer>	runtime/src/Heap/Allocator/PageAge.h:64	runtime/src/Heap/z/zPageAge.hpp:64	cba3df6afc346a02ffd7b336947f4514146b017b1ce96cfa35add467dff473be	/root/cj_build/reference/jdk/src/hotspot/share/gc/z/zPageAge.hpp:30
begin	runtime/src/Heap/Allocator/PageAge.h:70	runtime/src/Heap/z/zPageAge.hpp:70	5948ab78e3e7745f4018c97e8d6061bb4fa4d97bcd1fbd8095a7abb3418b5ce4	/root/cj_build/reference/jdk/src/hotspot/share/gc/z/zPageAge.hpp:30
end	runtime/src/Heap/Allocator/PageAge.h:71	runtime/src/Heap/z/zPageAge.hpp:71	eec9b6e7f0a2f4508ebb5c381fd1d74e891c9a4ab2e526a4641cce9f8c9d6d98	/root/cj_build/reference/jdk/src/hotspot/share/gc/z/zPageAge.hpp:30
untype	runtime/src/Heap/Allocator/PageAge.h:87	runtime/src/Heap/z/zPageAge.inline.hpp:10	34e41954ce757ce8033b30b256cc81939763eba11b1e04efbffa067b8951d41e	/root/cj_build/reference/jdk/src/hotspot/share/gc/z/zPageAge.inline.hpp:32
to_pageage	runtime/src/Heap/Allocator/PageAge.h:90	runtime/src/Heap/z/zPageAge.inline.hpp:13	d59d1dc81beccd60434482f161bc97e27328db702aa530b6425550080e6a7a03	/root/cj_build/reference/jdk/src/hotspot/share/gc/z/zPageAge.inline.hpp:32
<lambda-or-initializer>	runtime/src/Heap/Allocator/PageAge.h:95	runtime/src/Heap/z/zPageAge.inline.hpp:18	7dc55c69b937920c64a90c11118d58ed120cfe7e9f285da10a3415a2f6467550	/root/cj_build/reference/jdk/src/hotspot/share/gc/z/zPageAge.inline.hpp:32
<lambda-or-initializer>	runtime/src/Heap/Allocator/PageAge.h:100	runtime/src/Heap/z/zPageAge.inline.hpp:23	e2199eabedd9d2fed34b3eca2ed497486ae4cf3cad45145853bdeca398ce761c	/root/cj_build/reference/jdk/src/hotspot/share/gc/z/zPageAge.inline.hpp:32
Range	runtime/src/Heap/Allocator/RangeRegistry.inline.h:25	runtime/src/Heap/z/zRangeRegistry.inline.hpp:25	44136fa355b3678a1146ad16f7e8649e94fb4fc21fe77e8310c060f61caaff8a	/root/cj_build/reference/jdk/src/hotspot/share/gc/z/zRangeRegistry.inline.hpp:34
IsNull	runtime/src/Heap/Allocator/RangeRegistry.inline.h:28	runtime/src/Heap/z/zRangeRegistry.inline.hpp:28	0c1a3aee54849d326ec5a984da677f3ddbbad1817ffc7f42de6f3acd7a159af7	/root/cj_build/reference/jdk/src/hotspot/share/gc/z/zRangeRegistry.inline.hpp:34
IsValid	runtime/src/Heap/Allocator/RangeRegistry.inline.h:33	runtime/src/Heap/z/zRangeRegistry.inline.hpp:33	5569cc5f7e9f2a0eb85b676757a43ecbc4627ac293653ddb54f27295c69f10d0	/root/cj_build/reference/jdk/src/hotspot/share/gc/z/zRangeRegistry.inline.hpp:34
Start	runtime/src/Heap/Allocator/RangeRegistry.inline.h:38	runtime/src/Heap/z/zRangeRegistry.inline.hpp:38	66f35f4dc58a80faf998fbabc00ccd243492d7c290014c97b7ce8c3022a16058	/root/cj_build/reference/jdk/src/hotspot/share/gc/z/zRangeRegistry.inline.hpp:34
End	runtime/src/Heap/Allocator/RangeRegistry.inline.h:43	runtime/src/Heap/z/zRangeRegistry.inline.hpp:43	57def66086cb60f92fa8a26fc71ae6972e49835a978854088f98a5605cbb55a9	/root/cj_build/reference/jdk/src/hotspot/share/gc/z/zRangeRegistry.inline.hpp:34
Size	runtime/src/Heap/Allocator/RangeRegistry.inline.h:48	runtime/src/Heap/z/zRangeRegistry.inline.hpp:48	e41a78e972a4dce78836c262e4c43e33449ee124522af0dbad9f4126e941d722	/root/cj_build/reference/jdk/src/hotspot/share/gc/z/zRangeRegistry.inline.hpp:34
Contains	runtime/src/Heap/Allocator/RangeRegistry.inline.h:53	runtime/src/Heap/z/zRangeRegistry.inline.hpp:53	1331fd7b5e0207d6af67002bfe89a799e1e2e8f272ebc067051d3ea70a03288e	/root/cj_build/reference/jdk/src/hotspot/share/gc/z/zRangeRegistry.inline.hpp:34
AdjacentTo	runtime/src/Heap/Allocator/RangeRegistry.inline.h:58	runtime/src/Heap/z/zRangeRegistry.inline.hpp:58	2702fa4564962f2a01e1f86893b19233c094a88949d719d9b8fc888359cdfd11	/root/cj_build/reference/jdk/src/hotspot/share/gc/z/zRangeRegistry.inline.hpp:34
GrowFromFront	runtime/src/Heap/Allocator/RangeRegistry.inline.h:63	runtime/src/Heap/z/zRangeRegistry.inline.hpp:63	edb6d3eee35f7d54df77e318f768d95b1018904c8bab3d598e5f0c18604c9146	/root/cj_build/reference/jdk/src/hotspot/share/gc/z/zRangeRegistry.inline.hpp:34
GrowFromBack	runtime/src/Heap/Allocator/RangeRegistry.inline.h:73	runtime/src/Heap/z/zRangeRegistry.inline.hpp:73	fcd501a048175f6cc881e3ba81e7b401246fa85662e58af50a1ee89006bddfa1	/root/cj_build/reference/jdk/src/hotspot/share/gc/z/zRangeRegistry.inline.hpp:34
ShrinkFromFront	runtime/src/Heap/Allocator/RangeRegistry.inline.h:82	runtime/src/Heap/z/zRangeRegistry.inline.hpp:82	c0dc575bec99fa212126bd9fb016f5d3db98743602c15e9c850f65571b83c277	/root/cj_build/reference/jdk/src/hotspot/share/gc/z/zRangeRegistry.inline.hpp:34
ShrinkFromBack	runtime/src/Heap/Allocator/RangeRegistry.inline.h:93	runtime/src/Heap/z/zRangeRegistry.inline.hpp:93	8c57fb26b8176e512ad2243c20ab736e97164301c5c15c9fb45287728a106f1f	/root/cj_build/reference/jdk/src/hotspot/share/gc/z/zRangeRegistry.inline.hpp:34
Partition	runtime/src/Heap/Allocator/RangeRegistry.inline.h:102	runtime/src/Heap/z/zRangeRegistry.inline.hpp:102	8be23bf0a1ec5b10c89317c1bca7f2b71a45417f7f6f7843bf47c80be0800f56	/root/cj_build/reference/jdk/src/hotspot/share/gc/z/zRangeRegistry.inline.hpp:34
FirstPart	runtime/src/Heap/Allocator/RangeRegistry.inline.h:110	runtime/src/Heap/z/zRangeRegistry.inline.hpp:110	e4ed2f87b5c30d2860990cf979967c62b746ece2216c1748522362d43474249e	/root/cj_build/reference/jdk/src/hotspot/share/gc/z/zRangeRegistry.inline.hpp:34
LastPart	runtime/src/Heap/Allocator/RangeRegistry.inline.h:115	runtime/src/Heap/z/zRangeRegistry.inline.hpp:115	417efa941cf3e72eeedfec2ae809ab8894cd77fa7fd382055757fec7d8335317	/root/cj_build/reference/jdk/src/hotspot/share/gc/z/zRangeRegistry.inline.hpp:34
<lambda-or-initializer>	runtime/src/Heap/Allocator/RangeRegistry.inline.h:123	runtime/src/Heap/z/zRangeRegistry.inline.hpp:123	d9a55ed9ebb2d6e8bbf799bb589f45808bd2f6516eb0a5999ce56c945ce19130	/root/cj_build/reference/jdk/src/hotspot/share/gc/z/zRangeRegistry.inline.hpp:34
<lambda-or-initializer>	runtime/src/Heap/Allocator/RangeRegistry.inline.h:128	runtime/src/Heap/z/zRangeRegistry.inline.hpp:128	64808dd36685b16510fc82663ed616b0fe70747bf3cb41eef98000c45b040cf8	/root/cj_build/reference/jdk/src/hotspot/share/gc/z/zRangeRegistry.inline.hpp:34
RegisterCallbacks	runtime/src/Heap/Allocator/RangeRegistry.inline.h:133	runtime/src/Heap/z/zRangeRegistry.inline.hpp:133	232354431e088247a6699882df2cc43776cc7837ea9f4f652baff8dbd4037870	/root/cj_build/reference/jdk/src/hotspot/share/gc/z/zRangeRegistry.inline.hpp:34
RegisterRange	runtime/src/Heap/Allocator/RangeRegistry.inline.h:139	runtime/src/Heap/z/zRangeRegistry.inline.hpp:139	f76b2034a6a395d4d0245e9a6f5b8745a9d97867512794d34d693d40e9db7ff6	/root/cj_build/reference/jdk/src/hotspot/share/gc/z/zRangeRegistry.inline.hpp:34
Insert	runtime/src/Heap/Allocator/RangeRegistry.inline.h:145	runtime/src/Heap/z/zRangeRegistry.inline.hpp:145	4bf10ceb324bc3b9327f010b4dbffd1549784e2fc9d92dd265dfd43ee5d69023	/root/cj_build/reference/jdk/src/hotspot/share/gc/z/zRangeRegistry.inline.hpp:34
lower_bound	runtime/src/Heap/Allocator/RangeRegistry.inline.h:157	runtime/src/Heap/z/zRangeRegistry.inline.hpp:157	d5deb544075a9fb41b5425799fbc685cadb85a5e11ea13444ca3209c547d7ef7	/root/cj_build/reference/jdk/src/hotspot/share/gc/z/zRangeRegistry.inline.hpp:34
InsertLocked	runtime/src/Heap/Allocator/RangeRegistry.inline.h:151	runtime/src/Heap/z/zRangeRegistry.inline.hpp:151	dbd0af355f980a6cde87b50039dcad6ef70a0293e14234dc4cdae6683e1e8585	/root/cj_build/reference/jdk/src/hotspot/share/gc/z/zRangeRegistry.inline.hpp:34
GrowFromFrontLocked	runtime/src/Heap/Allocator/RangeRegistry.inline.h:185	runtime/src/Heap/z/zRangeRegistry.inline.hpp:185	ff221ed8fe4ce6f098869c88c63c0c66d0452e3dd48986031d7f8fb984c7bb9e	/root/cj_build/reference/jdk/src/hotspot/share/gc/z/zRangeRegistry.inline.hpp:34
GrowFromBackLocked	runtime/src/Heap/Allocator/RangeRegistry.inline.h:195	runtime/src/Heap/z/zRangeRegistry.inline.hpp:195	0d614d15ad0fca21aa3732d633c7fadc2c33200bdbbc1628f302a88a06119155	/root/cj_build/reference/jdk/src/hotspot/share/gc/z/zRangeRegistry.inline.hpp:34
ShrinkFromFrontLocked	runtime/src/Heap/Allocator/RangeRegistry.inline.h:205	runtime/src/Heap/z/zRangeRegistry.inline.hpp:205	c6bb495051bfeef033099221762fa403684762391e0c7837b54e6f71267120f7	/root/cj_build/reference/jdk/src/hotspot/share/gc/z/zRangeRegistry.inline.hpp:34
ShrinkFromBackLocked	runtime/src/Heap/Allocator/RangeRegistry.inline.h:215	runtime/src/Heap/z/zRangeRegistry.inline.hpp:215	cea2dd684a664e0a251ef3f0690661b2689d5b8d803f2489853df96b5491829b	/root/cj_build/reference/jdk/src/hotspot/share/gc/z/zRangeRegistry.inline.hpp:34
PrepareForHandOutLocked	runtime/src/Heap/Allocator/RangeRegistry.inline.h:225	runtime/src/Heap/z/zRangeRegistry.inline.hpp:225	d546f0943f22a46d959617a1fa145684c343936a3b734f6ac9888f850226b567	/root/cj_build/reference/jdk/src/hotspot/share/gc/z/zRangeRegistry.inline.hpp:34
<lambda-or-initializer>	runtime/src/Heap/Allocator/RangeRegistry.inline.h:237	runtime/src/Heap/z/zRangeRegistry.inline.hpp:237	e5d549c984f99e5361d9551ecf4baae0a09e5f3afd69f432ff41f4628bd8add5	/root/cj_build/reference/jdk/src/hotspot/share/gc/z/zRangeRegistry.inline.hpp:34
ClaimLow	runtime/src/Heap/Allocator/RangeRegistry.inline.h:232	runtime/src/Heap/z/zRangeRegistry.inline.hpp:232	02eca82af37c3fb43d6a85f4b2842f60065fe186fcd403e6479d27de0aa0270b	/root/cj_build/reference/jdk/src/hotspot/share/gc/z/zRangeRegistry.inline.hpp:34
<lambda-or-initializer>	runtime/src/Heap/Allocator/RangeRegistry.inline.h:260	runtime/src/Heap/z/zRangeRegistry.inline.hpp:260	6624201b496141c1a1a8359432d3b036305029a0db7135a6b3061652728667f5	/root/cj_build/reference/jdk/src/hotspot/share/gc/z/zRangeRegistry.inline.hpp:34
ClaimHigh	runtime/src/Heap/Allocator/RangeRegistry.inline.h:255	runtime/src/Heap/z/zRangeRegistry.inline.hpp:255	6451deeb388ff2d6bf6bbf1bd6c5667c8276fd581e634724b9189dca9bf301bc	/root/cj_build/reference/jdk/src/hotspot/share/gc/z/zRangeRegistry.inline.hpp:34
IsEmpty	runtime/src/Heap/Allocator/RangeRegistry.inline.h:279	runtime/src/Heap/z/zRangeRegistry.inline.hpp:279	8b997109fed199522d833a803d7c58276f1be27dbf364c4ef9346e08b377e0be	/root/cj_build/reference/jdk/src/hotspot/share/gc/z/zRangeRegistry.inline.hpp:34
IsContiguous	runtime/src/Heap/Allocator/RangeRegistry.inline.h:285	runtime/src/Heap/z/zRangeRegistry.inline.hpp:285	345f195b7d608aa9ea46ea7f5cef67c79d1172a5587d27db028fcf36a48daf82	/root/cj_build/reference/jdk/src/hotspot/share/gc/z/zRangeRegistry.inline.hpp:34
upper_bound	runtime/src/Heap/Allocator/RangeRegistry.inline.h:297	runtime/src/Heap/z/zRangeRegistry.inline.hpp:297	59882a25dfa0a0a75f4016d5280d89be3a617c5b3eaafcae2b777625945a52d3	/root/cj_build/reference/jdk/src/hotspot/share/gc/z/zRangeRegistry.inline.hpp:34
Contains	runtime/src/Heap/Allocator/RangeRegistry.inline.h:291	runtime/src/Heap/z/zRangeRegistry.inline.hpp:291	62953fe38221b88183ff16453c457c80ef1f4a63cc743d28ea474fb60b9964a9	/root/cj_build/reference/jdk/src/hotspot/share/gc/z/zRangeRegistry.inline.hpp:34
TotalSize	runtime/src/Heap/Allocator/RangeRegistry.inline.h:305	runtime/src/Heap/z/zRangeRegistry.inline.hpp:305	c474ab22b684b5ff9c1e8f705cd8e3deb477675af0039d0b0bfda2790f7f5547	/root/cj_build/reference/jdk/src/hotspot/share/gc/z/zRangeRegistry.inline.hpp:34
Snapshot	runtime/src/Heap/Allocator/RangeRegistry.inline.h:315	runtime/src/Heap/z/zRangeRegistry.inline.hpp:315	1077b412f7d7c0ed8670db143efefe98b37d10b7d3b4005403ae3023e24c12b7	/root/cj_build/reference/jdk/src/hotspot/share/gc/z/zRangeRegistry.inline.hpp:34
RegionList	runtime/src/Heap/Allocator/RegionList.h:17	runtime/src/Heap/z/zList.hpp:12	44136fa355b3678a1146ad16f7e8649e94fb4fc21fe77e8310c060f61caaff8a	/root/cj_build/reference/jdk/src/hotspot/share/gc/z/zList.hpp:31
DeleteRegion	runtime/src/Heap/Allocator/RegionList.h:25	runtime/src/Heap/z/zList.hpp:20	d4ab698a6615e700974382762b1c5125f3452b4a269e39af9e648675be4ef27c	/root/cj_build/reference/jdk/src/hotspot/share/gc/z/zList.hpp:31
TryDeleteRegion	runtime/src/Heap/Allocator/RegionList.h:35	runtime/src/Heap/z/zList.hpp:30	34bfd6676a64e853134b97f75820b7b00d2899d5c70a479f254ae4c8cb561242	/root/cj_build/reference/jdk/src/hotspot/share/gc/z/zList.hpp:31
DecCounts	runtime/src/Heap/Allocator/RegionList.h:58	runtime/src/Heap/z/zList.hpp:53	653dd99135cfceffc88b5a6b05c1abf8e713da12cb3d909e20c9160ec8d2e943	/root/cj_build/reference/jdk/src/hotspot/share/gc/z/zList.hpp:31
IncCounts	runtime/src/Heap/Allocator/RegionList.h:68	runtime/src/Heap/z/zList.hpp:63	ffcb93473b20c18e00433547b91b81e0d4ace91ef538cb3cc17b5790168635b2	/root/cj_build/reference/jdk/src/hotspot/share/gc/z/zList.hpp:31
GetHeadRegion	runtime/src/Heap/Allocator/RegionList.h:75	runtime/src/Heap/z/zList.hpp:70	347a988ec6b689c44bc80a0232d2cf51afd2998d9bfe612b70a7cb8a7e1f76f7	/root/cj_build/reference/jdk/src/hotspot/share/gc/z/zList.hpp:31
ClearList	runtime/src/Heap/Allocator/RegionList.h:78	runtime/src/Heap/z/zList.hpp:73	abd114f67487ca71e9096904bedcb97ccfbf23559e57560792355376b0ea8084	/root/cj_build/reference/jdk/src/hotspot/share/gc/z/zList.hpp:31
GetTailRegion	runtime/src/Heap/Allocator/RegionList.h:85	runtime/src/Heap/z/zList.hpp:80	459818728d5ebb9461ef04906197eed0638686eba6aea9340dcb1e37f2fcc239	/root/cj_build/reference/jdk/src/hotspot/share/gc/z/zList.hpp:31
TakeHeadRegion	runtime/src/Heap/Allocator/RegionList.h:88	runtime/src/Heap/z/zList.hpp:83	c01273f8cd489ce09a9e31d8a72a246eb053b701f6060a3032c57a5db7f57d75	/root/cj_build/reference/jdk/src/hotspot/share/gc/z/zList.hpp:31
TakeHeadRegion	runtime/src/Heap/Allocator/RegionList.h:97	runtime/src/Heap/z/zList.hpp:92	c446c2cbfc8b3cd5a1d72761d6df4092927fbda88f11c2f86d3b5c7b388270ab	/root/cj_build/reference/jdk/src/hotspot/share/gc/z/zList.hpp:31
GetUnitCount	runtime/src/Heap/Allocator/RegionList.h:106	runtime/src/Heap/z/zList.hpp:101	cfd6c29c4bbb1839cb1537fc6e1d3da06f1ba266200db77bb1e5235c218c81c4	/root/cj_build/reference/jdk/src/hotspot/share/gc/z/zList.hpp:31
GetRegionCount	runtime/src/Heap/Allocator/RegionList.h:108	runtime/src/Heap/z/zList.hpp:103	e152ce9021e6c12bc7c5d801255b9b00a5400bc777f72726f5fb94129eb871f5	/root/cj_build/reference/jdk/src/hotspot/share/gc/z/zList.hpp:31
GetAllocatedSize	runtime/src/Heap/Allocator/RegionList.h:111	runtime/src/Heap/z/zList.hpp:106	6a72211e7dbdb097c036ff060e6430ad26fc0dc821547c7b35efeb57cc2b9952	/root/cj_build/reference/jdk/src/hotspot/share/gc/z/zList.hpp:31
VisitAllRegions	runtime/src/Heap/Allocator/RegionList.h:119	runtime/src/Heap/z/zList.hpp:114	72deda21f1e6c3eb59173f770a4d66ae0e53f48b4f3503adfe1b55fd1519479b	/root/cj_build/reference/jdk/src/hotspot/share/gc/z/zList.hpp:31
VisitAllGhostRegions	runtime/src/Heap/Allocator/RegionList.h:131	runtime/src/Heap/z/zList.hpp:126	3fda9be6f056fc09f698ba53470719c229375d8c83c3348849295863c1621462	/root/cj_build/reference/jdk/src/hotspot/share/gc/z/zList.hpp:31
GetNextRegion	runtime/src/Heap/Allocator/RegionList.h:149	runtime/src/Heap/z/zList.hpp:144	cffa08626d6fa0af8b44a0d27b016e243dd88e614b556a674534446f41e83172	/root/cj_build/reference/jdk/src/hotspot/share/gc/z/zList.hpp:31
SetElementType	runtime/src/Heap/Allocator/RegionList.h:147	runtime/src/Heap/z/zList.hpp:142	508f09a016375fd40a8c402e92df6121a332ecdc142d83ef70fb040ce473975f	/root/cj_build/reference/jdk/src/hotspot/share/gc/z/zList.hpp:31
GetNextRegion	runtime/src/Heap/Allocator/RegionList.h:157	runtime/src/Heap/z/zList.hpp:152	e38e68c63ddfcaf5aa0b583727551bb986ff212ba0d9b16f9d7f71739fbcdb38	/root/cj_build/reference/jdk/src/hotspot/share/gc/z/zList.hpp:31
ClearTraceRegionFlag	runtime/src/Heap/Allocator/RegionList.h:155	runtime/src/Heap/z/zList.hpp:150	f9282d0f9d163c24c6ed1bbb8eccce48cf4064255de094b0ed3fc6850b0bd6be	/root/cj_build/reference/jdk/src/hotspot/share/gc/z/zList.hpp:31
GetListMutex	runtime/src/Heap/Allocator/RegionList.h:162	runtime/src/Heap/z/zList.hpp:157	4fd64ab8c8be4df9a7c43c6d28600576f5ee4f5ebbdfe36a12a20dcbe3a545ad	/root/cj_build/reference/jdk/src/hotspot/share/gc/z/zList.hpp:31
GetNextRegion	runtime/src/Heap/Allocator/RegionList.h:168	runtime/src/Heap/z/zList.hpp:163	6a81b823a0996afe36b23901cb9338c823a63198d530916835c34d9069629649	/root/cj_build/reference/jdk/src/hotspot/share/gc/z/zList.hpp:31
MoveTo	runtime/src/Heap/Allocator/RegionList.h:165	runtime/src/Heap/z/zList.hpp:160	c80c0868aa38f9e2529f7c252456cc01a21612d3658931f4f6706a8f76835d74	/root/cj_build/reference/jdk/src/hotspot/share/gc/z/zList.hpp:31
CopyListTo	runtime/src/Heap/Allocator/RegionList.h:175	runtime/src/Heap/z/zList.hpp:170	951c98a729e03b71c72d4f38f5a323dd55f88fd1e685e18d479a5df8f74a6413	/root/cj_build/reference/jdk/src/hotspot/share/gc/z/zList.hpp:31
AssignWith	runtime/src/Heap/Allocator/RegionList.h:196	runtime/src/Heap/z/zList.hpp:191	7be35147dc942a23c2a7c049fe901416c06f712d3b334662ff69b3bd94249da4	/root/cj_build/reference/jdk/src/hotspot/share/gc/z/zList.hpp:31
GetNextRegion	runtime/src/Heap/Allocator/RegionList.h:209	runtime/src/Heap/z/zList.hpp:204	be788392d3ccd8ac86456e77eadd98774dd2b302b6170535fb4faf6d42e172b1	/root/cj_build/reference/jdk/src/hotspot/share/gc/z/zList.hpp:31
CountAllocatedSize	runtime/src/Heap/Allocator/RegionList.h:206	runtime/src/Heap/z/zList.hpp:201	18cd08e8399e42128e4e7edb7c44e654a5660e47b87b9dfd7b5b0228c17624c4	/root/cj_build/reference/jdk/src/hotspot/share/gc/z/zList.hpp:31
VerifyRegion	runtime/src/Heap/Allocator/RegionList.h:217	runtime/src/Heap/z/zList.hpp:212	7d5eb9081286ef604d40ef8046848a7282403bda058c10f37266d1e387a347ec	/root/cj_build/reference/jdk/src/hotspot/share/gc/z/zList.hpp:31
RegionIsInRelocationSet	runtime/src/Heap/Allocator/RegionSpace.cpp:37	runtime/src/Heap/z/zThreadLocalAllocBuffer.cpp:40	3d03db6224f534a885d679804ef747c618ede51bdc53d448b7e8b0555c29d3d0	/root/cj_build/reference/jdk/src/hotspot/share/gc/z/zThreadLocalAllocBuffer.cpp:33
NoteAllocIntoCSet	runtime/src/Heap/Allocator/RegionSpace.cpp:48	runtime/src/Heap/Allocator/RegionSpace.cpp:95	ac147b25278ec4f927a46739ec2c5d55eb437439dbfb7f34e7139635ccac7261	ZGC 无独立对应定义；原地保留，归 #228 / A06 / 对应机制包
AllocIntoCSetCount	runtime/src/Heap/Allocator/RegionSpace.cpp:56	runtime/src/Heap/Allocator/RegionSpace.cpp:101	0876229e19070f33f56d2709cf2aff64ef1d63084dcb94389d2136ad4e6c0d0c	ZGC 无独立对应定义；原地保留，归 #228 / A06 / 对应机制包
AllocIntoCSetRetiredCount	runtime/src/Heap/Allocator/RegionSpace.cpp:61	runtime/src/Heap/Allocator/RegionSpace.cpp:106	ef1adb75c831e740b1425cedaad908e797f5c107dc87e4d6c847197d29e58398	ZGC 无独立对应定义；原地保留，归 #228 / A06 / 对应机制包
TryAllocateOnce	runtime/src/Heap/Allocator/RegionSpace.cpp:65	runtime/src/Heap/z/zObjectAllocator.cpp:430	b846618434254070759ce7df771c6e4af8eb1ea3d1e493abfff89b3f46945947	/root/cj_build/reference/jdk/src/hotspot/share/gc/z/zObjectAllocator.cpp:40
Allocate	runtime/src/Heap/Allocator/RegionSpace.cpp:81	runtime/src/Heap/z/zObjectAllocator.cpp:446	f218a70c21e76a49ed9b6e84e5480b84e920ba1468cceba96007c81b25422c13	/root/cj_build/reference/jdk/src/hotspot/share/gc/z/zObjectAllocator.cpp:40
Init	runtime/src/Heap/Allocator/RegionSpace.cpp:106	runtime/src/Heap/z/zPageAllocator.cpp:1180	21e6c62af52ce8c32855d3b5edf6deb86298d2beab88a0984e860e5bb93a8fcd	/root/cj_build/reference/jdk/src/hotspot/share/gc/z/zPageAllocator.cpp:68
GetOrCreateAllocBuffer	runtime/src/Heap/Allocator/RegionSpace.cpp:163	runtime/src/Heap/z/zThreadLocalAllocBuffer.cpp:87	326dd864cb2bbb1633c054ac24280516215e1780f144a5b9ee21c0ba57da1c03	/root/cj_build/reference/jdk/src/hotspot/share/gc/z/zThreadLocalAllocBuffer.cpp:33
GetAllocBuffer	runtime/src/Heap/Allocator/RegionSpace.cpp:175	runtime/src/Heap/z/zThreadLocalAllocBuffer.cpp:99	f131aa56146eee7578e787e8ec19f4079c0e76f6947a03b8b46e57f97a82cd0e	/root/cj_build/reference/jdk/src/hotspot/share/gc/z/zThreadLocalAllocBuffer.cpp:33
~AllocBuffer	runtime/src/Heap/Allocator/RegionSpace.cpp:178	runtime/src/Heap/z/zThreadLocalAllocBuffer.cpp:102	61b3eedf443c1768faffbafb1bb1bf91ac149885593c6083e041f70e16eaca62	/root/cj_build/reference/jdk/src/hotspot/share/gc/z/zThreadLocalAllocBuffer.cpp:33
Init	runtime/src/Heap/Allocator/RegionSpace.cpp:183	runtime/src/Heap/z/zThreadLocalAllocBuffer.cpp:107	2588c31a12ea9d93425fcd1be5e92dfb6bd5b78338eefc842b3c197e0843b306	/root/cj_build/reference/jdk/src/hotspot/share/gc/z/zThreadLocalAllocBuffer.cpp:33
Fini	runtime/src/Heap/Allocator/RegionSpace.cpp:194	runtime/src/Heap/z/zThreadLocalAllocBuffer.cpp:118	bfb458fc1838df998e2686eb7168a04b4888be5ab6d99fa71a343b85f657d703	/root/cj_build/reference/jdk/src/hotspot/share/gc/z/zThreadLocalAllocBuffer.cpp:33
SetRegion	runtime/src/Heap/Allocator/RegionSpace.cpp:208	runtime/src/Heap/z/zThreadLocalAllocBuffer.cpp:132	efe9b756792cf388e4604c40da31b5b126e8b5f6b8ca34f0840f32d613b6816b	/root/cj_build/reference/jdk/src/hotspot/share/gc/z/zThreadLocalAllocBuffer.cpp:33
RetireTLAB	runtime/src/Heap/Allocator/RegionSpace.cpp:222	runtime/src/Heap/z/zThreadLocalAllocBuffer.cpp:146	9bc322448f81c4ad43c144c34aeb134054408e106f9738605da866783f8f0799	/root/cj_build/reference/jdk/src/hotspot/share/gc/z/zThreadLocalAllocBuffer.cpp:33
ClearRegion	runtime/src/Heap/Allocator/RegionSpace.cpp:236	runtime/src/Heap/z/zThreadLocalAllocBuffer.cpp:160	4d41a59f1cf677687ed355e8f7d2e8db227e3d64000076c5bf16b73656cf4b3e	/root/cj_build/reference/jdk/src/hotspot/share/gc/z/zThreadLocalAllocBuffer.cpp:33
min	runtime/src/Heap/Allocator/RegionSpace.cpp:249	runtime/src/Heap/z/zThreadLocalAllocBuffer.cpp:173	79bc9b3597a171a403b40fdc3ce66d411aa88ffdf527e2766465408430cfda51	/root/cj_build/reference/jdk/src/hotspot/share/gc/z/zThreadLocalAllocBuffer.cpp:33
ComputeTLABSize	runtime/src/Heap/Allocator/RegionSpace.cpp:243	runtime/src/Heap/z/zThreadLocalAllocBuffer.cpp:167	f50311f7d642dbe5a2ae8d13575867f4674a01f560f33ce9325b2f010745f3c0	/root/cj_build/reference/jdk/src/hotspot/share/gc/z/zThreadLocalAllocBuffer.cpp:33
Sample	runtime/src/Heap/Allocator/RegionSpace.cpp:263	runtime/src/Heap/z/zTLABUsage.cpp:38	cd80994abb0d1e0465acdc560717676578c1774f461babbe67b4b131497a6305	/root/cj_build/reference/jdk/src/hotspot/share/gc/z/zTLABUsage.cpp:27
Sample	runtime/src/Heap/Allocator/zObjectAllocator.cpp:102	runtime/src/Heap/z/zObjectAllocator.cpp:102	cd80994abb0d1e0465acdc560717676578c1774f461babbe67b4b131497a6305	/root/cj_build/reference/jdk/src/hotspot/share/gc/z/zObjectAllocator.cpp:40
AccumulateTLABStatistics	runtime/src/Heap/Allocator/RegionSpace.cpp:258	runtime/src/Heap/z/zTLABUsage.cpp:33	6d3ac294b152cd2df3805bd8112d083d42faa593018124faef90d29901e02b41	/root/cj_build/reference/jdk/src/hotspot/share/gc/z/zTLABUsage.cpp:27
ResizeTLAB	runtime/src/Heap/Allocator/RegionSpace.cpp:274	runtime/src/Heap/z/zThreadLocalAllocBuffer.cpp:182	75d1983ffc6090057b08354885481d423a467d8779d841c60acc6ad95ce891e1	/root/cj_build/reference/jdk/src/hotspot/share/gc/z/zThreadLocalAllocBuffer.cpp:33
Allocate	runtime/src/Heap/Allocator/RegionSpace.cpp:286	runtime/src/Heap/z/zThreadLocalAllocBuffer.cpp:194	6fc4727daa27a038735102630cd647e86fb3a3e3dc7679173b20c956f3e673a8	/root/cj_build/reference/jdk/src/hotspot/share/gc/z/zThreadLocalAllocBuffer.cpp:33
AllocateImpl	runtime/src/Heap/Allocator/RegionSpace.cpp:417	runtime/src/Heap/z/zThreadLocalAllocBuffer.cpp:325	33e3e491c75e94cf27693d9fd14e4265afe874de72690c66592602fd76c6c7bf	/root/cj_build/reference/jdk/src/hotspot/share/gc/z/zThreadLocalAllocBuffer.cpp:33
AllocateRawPointerObject	runtime/src/Heap/Allocator/RegionSpace.cpp:506	runtime/src/Heap/z/zThreadLocalAllocBuffer.cpp:414	f4dbb1c31072c837efcdbcfaae65186c07e183a3d601927ee40947c3861444b4	/root/cj_build/reference/jdk/src/hotspot/share/gc/z/zThreadLocalAllocBuffer.cpp:33
CommitRawPointerRegions	runtime/src/Heap/Allocator/RegionSpace.cpp:537	runtime/src/Heap/z/zThreadLocalAllocBuffer.cpp:445	08298f26f5734f6576e2f840edbd54ee281048598d2ef7aa916cf92b1c6be6c3	/root/cj_build/reference/jdk/src/hotspot/share/gc/z/zThreadLocalAllocBuffer.cpp:33
FlushRegion	runtime/src/Heap/Allocator/RegionSpace.cpp:567	runtime/src/Heap/z/zThreadLocalAllocBuffer.cpp:484	1293c99f447ad119ce72ca18e7319a7ee67ea6c63e4c9fba201dd6e35ebbea33	/root/cj_build/reference/jdk/src/hotspot/share/gc/z/zThreadLocalAllocBuffer.cpp:33
object_size	runtime/src/Heap/Allocator/ZAttachedArray.h:24	runtime/src/Heap/z/zAttachedArray.inline.hpp:12	5c86622a0d4fc676dfbf229a186139fb449bb23cb8c5f9617e50223b2d693f21	/root/cj_build/reference/jdk/src/hotspot/share/gc/z/zAttachedArray.inline.hpp:32
array_size	runtime/src/Heap/Allocator/ZAttachedArray.h:29	runtime/src/Heap/z/zAttachedArray.inline.hpp:21	59473d810887512c668f420d84fd9e8d620ba700437054c600040a11b823a5f9	/root/cj_build/reference/jdk/src/hotspot/share/gc/z/zAttachedArray.inline.hpp:32
allocation_size	runtime/src/Heap/Allocator/ZAttachedArray.h:33	runtime/src/Heap/z/zAttachedArray.inline.hpp:27	4725525b43e8514d39b55d1d56208fe2d42cc5976a8c37057b8392a7d5a6e2d5	/root/cj_build/reference/jdk/src/hotspot/share/gc/z/zAttachedArray.inline.hpp:32
initialize	runtime/src/Heap/Allocator/ZAttachedArray.h:42	runtime/src/Heap/z/zAttachedArray.inline.hpp:39	3ad6f73695c7022bd4dda47b14f7036677d7b4770c362847c2c090635183a278	/root/cj_build/reference/jdk/src/hotspot/share/gc/z/zAttachedArray.inline.hpp:32
alloc	runtime/src/Heap/Allocator/ZAttachedArray.h:48	runtime/src/Heap/z/zAttachedArray.inline.hpp:48	8e4000e122d30a6f0cd35e03981d793727c144a36618b65aa1048417be069965	/root/cj_build/reference/jdk/src/hotspot/share/gc/z/zAttachedArray.inline.hpp:32
free	runtime/src/Heap/Allocator/ZAttachedArray.h:61	runtime/src/Heap/z/zAttachedArray.inline.hpp:65	e805441ff2ca2ba3756ea09661b571a05dddff29e04631beee82a0c800e99bc2	/root/cj_build/reference/jdk/src/hotspot/share/gc/z/zAttachedArray.inline.hpp:32
ZAttachedArray	runtime/src/Heap/Allocator/ZAttachedArray.h:63	runtime/src/Heap/z/zAttachedArray.inline.hpp:85	44136fa355b3678a1146ad16f7e8649e94fb4fc21fe77e8310c060f61caaff8a	/root/cj_build/reference/jdk/src/hotspot/share/gc/z/zAttachedArray.inline.hpp:32
length	runtime/src/Heap/Allocator/ZAttachedArray.h:65	runtime/src/Heap/z/zAttachedArray.inline.hpp:71	d2f2a4e71eb2d3b706e43d555232f4fea1beb87096fad365a251ce69605288e2	/root/cj_build/reference/jdk/src/hotspot/share/gc/z/zAttachedArray.inline.hpp:32
operator	runtime/src/Heap/Allocator/ZAttachedArray.h:68	runtime/src/Heap/z/zAttachedArray.inline.hpp:77	cf32ad13d366c60fe085ff44e78cf807874a93611c98d0385bbcc04583ed6a74	/root/cj_build/reference/jdk/src/hotspot/share/gc/z/zAttachedArray.inline.hpp:32
claim_level_size	runtime/src/Heap/Allocator/ZGranuleMap.h:34	runtime/src/Heap/z/zIndexDistributor.inline.hpp:19	6689cd3ef3dffa4fb8553a8ae49e86df4f2e036929ba534d656e3c3ceaf9c6e8	/root/cj_build/reference/jdk/src/hotspot/share/gc/z/zIndexDistributor.hpp:29
claim_level_end_index	runtime/src/Heap/Allocator/ZGranuleMap.h:39	runtime/src/Heap/z/zIndexDistributor.inline.hpp:24	1d8a45791a25df5541ee7be7c477624e38f2efcda1c5abb0c7bafaa52f7b27f3	/root/cj_build/reference/jdk/src/hotspot/share/gc/z/zIndexDistributor.hpp:29
<lambda-or-initializer>	runtime/src/Heap/Allocator/ZGranuleMap.h:48	runtime/src/Heap/z/zIndexDistributor.inline.hpp:65	c0222fe82f6846d68b62d325718c2a8618e7db3ca11c513473231e615adf6e6e	/root/cj_build/reference/jdk/src/hotspot/share/gc/z/zIndexDistributor.inline.hpp:37
claim_level_index	runtime/src/Heap/Allocator/ZGranuleMap.h:45	runtime/src/Heap/z/zIndexDistributor.inline.hpp:62	92d7b33ad0d25f1f8d1445ca702742a4d70c49d03c85cd41a0a6d3acda48d592	/root/cj_build/reference/jdk/src/hotspot/share/gc/z/zIndexDistributor.inline.hpp:37
claim_index	runtime/src/Heap/Allocator/ZGranuleMap.h:55	runtime/src/Heap/z/zIndexDistributor.inline.hpp:74	5ecc10c101516b8bb863acd4fbf935a393dcf98d3fef5ec05b5cfff0b6d63cad	/root/cj_build/reference/jdk/src/hotspot/share/gc/z/zIndexDistributor.inline.hpp:37
level_segment_size	runtime/src/Heap/Allocator/ZGranuleMap.h:60	runtime/src/Heap/z/zIndexDistributor.inline.hpp:81	69e5bb7a170bb83bf9f1ae707dfc962fd017ccb2fe8e354a01f542149ffb6023	/root/cj_build/reference/jdk/src/hotspot/share/gc/z/zIndexDistributor.inline.hpp:37
claim_and_do	runtime/src/Heap/Allocator/ZGranuleMap.h:66	runtime/src/Heap/z/zIndexDistributor.inline.hpp:100	61b2633a9b66f6db4ff84298ef93b7afadbab9fc2bcf4b0343efb13d9e813a66	/root/cj_build/reference/jdk/src/hotspot/share/gc/z/zIndexDistributor.inline.hpp:37
<lambda-or-initializer>	runtime/src/Heap/Allocator/ZGranuleMap.h:83	runtime/src/Heap/z/zIndexDistributor.inline.hpp:119	0e2bae2288da80ffd9867d9622726c12fec931f1a352ef3227319a3fd8caf1c0	/root/cj_build/reference/jdk/src/hotspot/share/gc/z/zIndexDistributor.inline.hpp:37
steal_and_do	runtime/src/Heap/Allocator/ZGranuleMap.h:82	runtime/src/Heap/z/zIndexDistributor.inline.hpp:118	765da4ea952a8898629f89804334c6cc5e2d8eaaf09cc3bcdc2c02747b9fe503	/root/cj_build/reference/jdk/src/hotspot/share/gc/z/zIndexDistributor.inline.hpp:37
<lambda-or-initializer>	runtime/src/Heap/Allocator/ZGranuleMap.h:96	runtime/src/Heap/z/zIndexDistributor.inline.hpp:143	a962f7a36a5b28492157f5873a8789a3e9744986ea6360fe36c430fb61032493	/root/cj_build/reference/jdk/src/hotspot/share/gc/z/zIndexDistributor.inline.hpp:37
<lambda-or-initializer>	runtime/src/Heap/Allocator/ZGranuleMap.h:108	runtime/src/Heap/z/zIndexDistributor.inline.hpp:155	017f5df5704da8a64a2b89ceb10f8ea8e167e2549adda8b01b75297e77dafceb	/root/cj_build/reference/jdk/src/hotspot/share/gc/z/zIndexDistributor.inline.hpp:37
ZIndexDistributorClaimTree	runtime/src/Heap/Allocator/ZGranuleMap.h:94	runtime/src/Heap/z/zIndexDistributor.inline.hpp:141	2c13a8254a2db6b2ff241b5e5d07031660f5b0da4218774578556c331689b9a4	/root/cj_build/reference/jdk/src/hotspot/share/gc/z/zIndexDistributor.inline.hpp:37
~ZIndexDistributorClaimTree	runtime/src/Heap/Allocator/ZGranuleMap.h:113	runtime/src/Heap/z/zIndexDistributor.inline.hpp:44	8e2a4f31dfe8878cc1580cb75219a02bac721d1b70bb6001b5b0760753bce93f	/root/cj_build/reference/jdk/src/hotspot/share/gc/z/zIndexDistributor.hpp:29
do_indices	runtime/src/Heap/Allocator/ZGranuleMap.h:119	runtime/src/Heap/z/zIndexDistributor.inline.hpp:132	ed9d5d2fe5984720bcad8bd706913e3e9d5da4363f055c1abb04b8839552bc45	/root/cj_build/reference/jdk/src/hotspot/share/gc/z/zIndexDistributor.inline.hpp:37
get_count	runtime/src/Heap/Allocator/ZGranuleMap.h:126	runtime/src/Heap/z/zIndexDistributor.inline.hpp:88	b3ebc6e4395c548e264b6600adac9f2b6fe730a0f9fa0e109d94360ced60e11b	/root/cj_build/reference/jdk/src/hotspot/share/gc/z/zIndexDistributor.inline.hpp:37
ZGranuleMap	runtime/src/Heap/Allocator/ZGranuleMap.h:145	runtime/src/Heap/z/zGranuleMap.hpp:31	44136fa355b3678a1146ad16f7e8649e94fb4fc21fe77e8310c060f61caaff8a	/root/cj_build/reference/jdk/src/hotspot/share/gc/z/zGranuleMap.hpp:31
Initialize	runtime/src/Heap/Allocator/ZGranuleMap.h:148	runtime/src/Heap/z/zGranuleMap.hpp:34	a169f652e2c9a31c520ffdbc016729f7178b1161d7177a456f3b87a0086d6f76	/root/cj_build/reference/jdk/src/hotspot/share/gc/z/zGranuleMap.hpp:31
~ZGranuleMap	runtime/src/Heap/Allocator/ZGranuleMap.h:172	runtime/src/Heap/z/zGranuleMap.hpp:58	ac064a97e89cdadcbaaaceb329f6b080b121975a188ce78b5345888bee343849	/root/cj_build/reference/jdk/src/hotspot/share/gc/z/zGranuleMap.hpp:31
Reset	runtime/src/Heap/Allocator/ZGranuleMap.h:178	runtime/src/Heap/z/zGranuleMap.hpp:64	fee1bf2ed4c13b2c0f7bc3b9a41aeee9d47aef5277099b7652a2be20e3026555	/root/cj_build/reference/jdk/src/hotspot/share/gc/z/zGranuleMap.hpp:31
ResetForTest	runtime/src/Heap/Allocator/ZGranuleMap.h:187	runtime/src/Heap/z/zGranuleMap.hpp:73	5ad9acebe03118df662a406f8b58dcc2c0f5050befe08040f4ce257bc8fff934	/root/cj_build/reference/jdk/src/hotspot/share/gc/z/zGranuleMap.hpp:31
Ready	runtime/src/Heap/Allocator/ZGranuleMap.h:190	runtime/src/Heap/z/zGranuleMap.hpp:76	1237fb3a5de089e929d09d1aa1f7dcb530cb2e14b0e63292ba1dbd286ddb1374	/root/cj_build/reference/jdk/src/hotspot/share/gc/z/zGranuleMap.hpp:31
offset_for_address	runtime/src/Heap/Allocator/ZGranuleMap.h:196	runtime/src/Heap/z/zGranuleMap.hpp:82	eb171414396f552b5abd88d58a97f2f6976b17bb5c513a4f8ded1974e487f458	/root/cj_build/reference/jdk/src/hotspot/share/gc/z/zGranuleMap.hpp:31
get	runtime/src/Heap/Allocator/ZGranuleMap.h:211	runtime/src/Heap/z/zGranuleMap.inline.hpp:12	a159ec97625c6275a256d6bcc1a65311f9bec98b96f36911a12d1e4a976d947c	/root/cj_build/reference/jdk/src/hotspot/share/gc/z/zGranuleMap.inline.hpp:37
put	runtime/src/Heap/Allocator/ZGranuleMap.h:216	runtime/src/Heap/z/zGranuleMap.inline.hpp:20	c858fe5cffb58f2d399d12992ae3a72a317d35ed72854a6969b165ee11b39ac5	/root/cj_build/reference/jdk/src/hotspot/share/gc/z/zGranuleMap.inline.hpp:37
<lambda-or-initializer>	runtime/src/Heap/Allocator/ZGranuleMap.h:226	runtime/src/Heap/z/zGranuleMap.inline.hpp:33	7a4f294591fe597f5c71829424b252552c8f9013c1d3b025a1567dbc4c1e117d	/root/cj_build/reference/jdk/src/hotspot/share/gc/z/zGranuleMap.inline.hpp:37
put	runtime/src/Heap/Allocator/ZGranuleMap.h:221	runtime/src/Heap/z/zGranuleMap.inline.hpp:28	97a824bdee577403c7524e443d1beb72aab079f72e01d482c60b6d4329f864e4	/root/cj_build/reference/jdk/src/hotspot/share/gc/z/zGranuleMap.inline.hpp:37
compare_exchange	runtime/src/Heap/Allocator/ZGranuleMap.h:232	runtime/src/Heap/z/zGranuleMap.inline.hpp:42	b4bab9ab1ecfb4519c6d73978a1e185a3d36bc7839d72c5f60a59ded00cc36db	/root/cj_build/reference/jdk/src/hotspot/share/gc/z/zGranuleMap.inline.hpp:37
exchange	runtime/src/Heap/Allocator/ZGranuleMap.h:238	runtime/src/Heap/z/zGranuleMap.inline.hpp:51	169822425fdbace78102458b70e7c7762eb61144d2763402f739e809296be35d	/root/cj_build/reference/jdk/src/hotspot/share/gc/z/zGranuleMap.inline.hpp:37
granule	runtime/src/Heap/Allocator/ZGranuleMap.h:242	runtime/src/Heap/z/zGranuleMap.inline.hpp:59	d2097657c9d466d55c7aa738ee0313a0b1226d4c2876a397a86da98e68b6ad60	/root/cj_build/reference/jdk/src/hotspot/share/gc/z/zGranuleMap.inline.hpp:37
size	runtime/src/Heap/Allocator/ZGranuleMap.h:243	runtime/src/Heap/z/zGranuleMap.inline.hpp:65	35292fd0501272bd7487e0c89c8a301bfcb88d85ebfff75242ce35a779d01443	/root/cj_build/reference/jdk/src/hotspot/share/gc/z/zGranuleMap.inline.hpp:37
size	runtime/src/Heap/Collector/ZForwarding.h:122	runtime/src/Heap/z/zForwarding.inline.hpp:100	35292fd0501272bd7487e0c89c8a301bfcb88d85ebfff75242ce35a779d01443	/root/cj_build/reference/jdk/src/hotspot/share/gc/z/zForwarding.hpp:37
base	runtime/src/Heap/Allocator/ZGranuleMap.h:244	runtime/src/Heap/z/zGranuleMap.inline.hpp:71	9893c42f9c3deb1abda4dbc884a7abfebdaff2ff5977da79f5a09ac4a6161f3d	/root/cj_build/reference/jdk/src/hotspot/share/gc/z/zGranuleMap.inline.hpp:37
<lambda-or-initializer>	runtime/src/Heap/Allocator/ZGranuleMap.h:250	runtime/src/Heap/z/zGranuleMap.hpp:114	b0a1eb729cea9889386a31d8909acb363899511683a7025a22147d71091340ad	/root/cj_build/reference/jdk/src/hotspot/share/gc/z/zGranuleMap.hpp:31
visit_unique	runtime/src/Heap/Allocator/ZGranuleMap.h:248	runtime/src/Heap/z/zGranuleMap.hpp:112	c837788cd37d2647dbf3d7cb614436ddfa51b84f2d83360620dddaf46b0c21db	/root/cj_build/reference/jdk/src/hotspot/share/gc/z/zGranuleMap.hpp:31
at	runtime/src/Heap/Allocator/ZGranuleMap.h:260	runtime/src/Heap/z/zGranuleMap.inline.hpp:77	49dda463f1e393bb2e754212b05aaf342585cbce8d81b7a0ab08e2244dbb4670	/root/cj_build/reference/jdk/src/hotspot/share/gc/z/zGranuleMap.inline.hpp:37
index_for_offset	runtime/src/Heap/Allocator/ZGranuleMap.h:269	runtime/src/Heap/z/zGranuleMap.inline.hpp:88	341b224d39383983a76cbe8ccbaf380c0799062e66f650c7bdfc8d6a99229dc1	/root/cj_build/reference/jdk/src/hotspot/share/gc/z/zGranuleMap.inline.hpp:37
ZPageTableParallelIterator	runtime/src/Heap/Allocator/ZGranuleMap.h:288	runtime/src/Heap/z/zPageTable.inline.hpp:14	44136fa355b3678a1146ad16f7e8649e94fb4fc21fe77e8310c060f61caaff8a	/root/cj_build/reference/jdk/src/hotspot/share/gc/z/zPageTable.inline.hpp:36
do_indices	runtime/src/Heap/Allocator/ZGranuleMap.h:293	runtime/src/Heap/z/zPageTable.inline.hpp:22	9c26715a64a1a1c30e09c67b6e1d4701e2814ef2284fb783c7f28d85125b8faa	/root/cj_build/reference/jdk/src/hotspot/share/gc/z/zPageTable.inline.hpp:36
do_pages	runtime/src/Heap/Allocator/ZGranuleMap.h:292	runtime/src/Heap/z/zPageTable.inline.hpp:21	66819cc47727150ad89be1f10d7877e6594c6d07679d5ddf9d4e62576c08711f	/root/cj_build/reference/jdk/src/hotspot/share/gc/z/zPageTable.inline.hpp:36
Owner	runtime/src/Heap/Allocator/zForwardingTable.hpp:34	runtime/src/Heap/z/zForwardingTable.hpp:34	44136fa355b3678a1146ad16f7e8649e94fb4fc21fe77e8310c060f61caaff8a	/root/cj_build/reference/jdk/src/hotspot/share/gc/z/zForwardingTable.hpp:30
bool	runtime/src/Heap/Allocator/zForwardingTable.hpp:35	runtime/src/Heap/z/zForwardingTable.hpp:35	dcfbd9faebe94f4a5f24bc0611d0ad0234926833945d7bc761c553a735f8cbef	/root/cj_build/reference/jdk/src/hotspot/share/gc/z/zForwardingTable.hpp:30
bool	runtime/src/Heap/Allocator/zForwardingTable.hpp:54	runtime/src/Heap/z/zForwardingTable.hpp:54	dcfbd9faebe94f4a5f24bc0611d0ad0234926833945d7bc761c553a735f8cbef	/root/cj_build/reference/jdk/src/hotspot/share/gc/z/zForwardingTable.hpp:30
get	runtime/src/Heap/Allocator/zForwardingTable.hpp:36	runtime/src/Heap/z/zForwardingTable.hpp:36	af633e431a3cc395de0d98a57887fde363bc9425b55836b3d2f2bb3102e82e2d	/root/cj_build/reference/jdk/src/hotspot/share/gc/z/zForwardingTable.hpp:30
<lambda-or-initializer>	runtime/src/Heap/Allocator/zForwardingTable.hpp:37	runtime/src/Heap/z/zForwardingTable.hpp:37	af633e431a3cc395de0d98a57887fde363bc9425b55836b3d2f2bb3102e82e2d	/root/cj_build/reference/jdk/src/hotspot/share/gc/z/zForwardingTable.hpp:30
Publication	runtime/src/Heap/Allocator/zForwardingTable.hpp:50	runtime/src/Heap/z/zForwardingTable.hpp:50	44136fa355b3678a1146ad16f7e8649e94fb4fc21fe77e8310c060f61caaff8a	/root/cj_build/reference/jdk/src/hotspot/share/gc/z/zForwardingTable.hpp:30
Publication	runtime/src/Heap/Allocator/zForwardingTable.hpp:60	runtime/src/Heap/z/zForwardingTable.hpp:60	44136fa355b3678a1146ad16f7e8649e94fb4fc21fe77e8310c060f61caaff8a	/root/cj_build/reference/jdk/src/hotspot/share/gc/z/zForwardingTable.hpp:30
Get	runtime/src/Heap/Allocator/zForwardingTable.hpp:143	runtime/src/Heap/z/zForwardingTable.inline.hpp:11	ec6524696f37d2fbcd7a4cf52e6151e2fd1dbb8115381594cccbdf0e028b4e39	/root/cj_build/reference/jdk/src/hotspot/share/gc/z/zForwardingTable.hpp:30
max	runtime/src/Heap/Allocator/zObjectAllocator.cpp:63	runtime/src/Heap/z/zObjectAllocator.cpp:63	cd80994abb0d1e0465acdc560717676578c1774f461babbe67b4b131497a6305	/root/cj_build/reference/jdk/src/hotspot/share/gc/z/zObjectAllocator.cpp:40
max	runtime/src/Heap/Allocator/zObjectAllocator.cpp:92	runtime/src/Heap/z/zObjectAllocator.cpp:92	cd80994abb0d1e0465acdc560717676578c1774f461babbe67b4b131497a6305	/root/cj_build/reference/jdk/src/hotspot/share/gc/z/zObjectAllocator.cpp:40
InitializeTLAB	runtime/src/Heap/Allocator/zObjectAllocator.cpp:61	runtime/src/Heap/z/zObjectAllocator.cpp:61	f087aac1a59c4f563412493236637f0697f6dc3b9c982abedbb56c28c14caccc	/root/cj_build/reference/jdk/src/hotspot/share/gc/z/zObjectAllocator.cpp:40
ResetTLABUsage	runtime/src/Heap/Allocator/zObjectAllocator.cpp:71	runtime/src/Heap/z/zObjectAllocator.cpp:71	6fcc73bf516e3ab7ccb79253c904a07de58bee41fe738cfee312fc4451f96b22	/root/cj_build/reference/jdk/src/hotspot/share/gc/z/zObjectAllocator.cpp:40
GetHeap	runtime/src/Heap/Allocator/zObjectAllocator.cpp:94	runtime/src/Heap/z/zObjectAllocator.cpp:94	de2bceba712127c0356321dfc159d1170ef75524aa8a59a03725e616994246f6	/root/cj_build/reference/jdk/src/hotspot/share/gc/z/zObjectAllocator.cpp:40
PublishTLABStatistics	runtime/src/Heap/Allocator/zObjectAllocator.cpp:87	runtime/src/Heap/z/zObjectAllocator.cpp:87	8fd564ec404c7e2478e2021327707e018b3afef0bfb647a284cdb4039c84116c	/root/cj_build/reference/jdk/src/hotspot/share/gc/z/zObjectAllocator.cpp:40
RetireTLABStatistics	runtime/src/Heap/Allocator/zObjectAllocator.cpp:111	runtime/src/Heap/z/zObjectAllocator.cpp:111	8c051437bc0760d68e512ace029b02083bcdc47a006f97209f09f718691d6022	/root/cj_build/reference/jdk/src/hotspot/share/gc/z/zObjectAllocator.cpp:40
SharedPageCPUCount	runtime/src/Heap/Allocator/zObjectAllocator.cpp:119	runtime/src/Heap/z/zObjectAllocator.cpp:119	14cabc05b605e48f56ea2bd2fe9989c0f7fee15de7fe23b09b56e190b3163311	/root/cj_build/reference/jdk/src/hotspot/share/gc/z/zObjectAllocator.cpp:40
ProcessorMap	runtime/src/Heap/Allocator/zObjectAllocator.cpp:146	runtime/src/Heap/z/zObjectAllocator.cpp:146	eb0cd9f0b7836874171acd0294838a030e39554b9b3e596076bb30589631e5ec	/root/cj_build/reference/jdk/src/hotspot/share/gc/z/zObjectAllocator.cpp:40
CurrentSharedPageCPU	runtime/src/Heap/Allocator/zObjectAllocator.cpp:131	runtime/src/Heap/z/zObjectAllocator.cpp:131	6c2e7eb59a64877e8160af31fc16054f923dc57b074e86cb87d1c624e4809594	/root/cj_build/reference/jdk/src/hotspot/share/gc/z/zObjectAllocator.cpp:40
PerAgeObjectAllocator	runtime/src/Heap/Allocator/zObjectAllocator.cpp:170	runtime/src/Heap/z/zObjectAllocator.cpp:170	44136fa355b3678a1146ad16f7e8649e94fb4fc21fe77e8310c060f61caaff8a	/root/cj_build/reference/jdk/src/hotspot/share/gc/z/zObjectAllocator.cpp:40
IsSmallEdenPage	runtime/src/Heap/Allocator/zObjectAllocator.cpp:174	runtime/src/Heap/z/zObjectAllocator.cpp:174	f9af8e31d1f709fba3c3444d15279a280555d378ad23d7fb91ef1d73bb1a5baf	/root/cj_build/reference/jdk/src/hotspot/share/gc/z/zObjectAllocator.cpp:40
AllocateSharedPage	runtime/src/Heap/Allocator/zObjectAllocator.cpp:182	runtime/src/Heap/z/zObjectAllocator.cpp:182	2df7905076056db6379078f4cde3267b3cb79bcb2926c820958fd8fa551e628b	/root/cj_build/reference/jdk/src/hotspot/share/gc/z/zObjectAllocator.cpp:40
UndoSharedPage	runtime/src/Heap/Allocator/zObjectAllocator.cpp:211	runtime/src/Heap/z/zObjectAllocator.cpp:211	a257324f8e4de58e195690c8f46ad263d73ee685a72a31916675d2a996b6fd47	/root/cj_build/reference/jdk/src/hotspot/share/gc/z/zObjectAllocator.cpp:40
<lambda-or-initializer>	runtime/src/Heap/Allocator/zObjectAllocator.cpp:255	runtime/src/Heap/z/zObjectAllocator.cpp:255	388eca5793084c150d7dfb6390631d1d2ee9d9651b5ae8129e90d406e00bc89a	/root/cj_build/reference/jdk/src/hotspot/share/gc/z/zObjectAllocator.cpp:40
AllocSharedObject	runtime/src/Heap/Allocator/zObjectAllocator.cpp:229	runtime/src/Heap/z/zObjectAllocator.cpp:229	57dc897204a624979ccbf8291c61b734cdc1be002b226ac5832939e7bc86ddb8	/root/cj_build/reference/jdk/src/hotspot/share/gc/z/zObjectAllocator.cpp:40
<lambda-or-initializer>	runtime/src/Heap/Allocator/zObjectAllocator.cpp:274	runtime/src/Heap/z/zObjectAllocator.cpp:274	f7b0f1204baf93007c1aa69f0f272350bc4eedf3b501ab6ab3ec92f73e7c4e25	/root/cj_build/reference/jdk/src/hotspot/share/gc/z/zObjectAllocator.cpp:40
RetireSharedPages	runtime/src/Heap/Allocator/zObjectAllocator.cpp:272	runtime/src/Heap/z/zObjectAllocator.cpp:272	bd12d03346c7ad136553e255911b24910298e20f4d6d2f1847972f9da096e866	/root/cj_build/reference/jdk/src/hotspot/share/gc/z/zObjectAllocator.cpp:40
AllocateThreadLocalRegion	runtime/src/Heap/Allocator/zObjectAllocator.cpp:282	runtime/src/Heap/z/zObjectAllocator.cpp:282	cfb2abb6fb8879a7d8d8feb81c00178f99358e15f299e49f5c6a5e2cbbe7ab28	/root/cj_build/reference/jdk/src/hotspot/share/gc/z/zObjectAllocator.cpp:40
UndoThreadLocalRegionAllocation	runtime/src/Heap/Allocator/zObjectAllocator.cpp:324	runtime/src/Heap/z/zObjectAllocator.cpp:324	73ae2fc7c6895474ffa935facd426b537d88f6cdfe84acc2fa3d2aaa4a92d42f	/root/cj_build/reference/jdk/src/hotspot/share/gc/z/zObjectAllocator.cpp:40
RequestForRegion	runtime/src/Heap/Allocator/zObjectAllocator.cpp:336	runtime/src/Heap/z/zObjectAllocator.cpp:336	137352ef5938b8c28c2fbc359bc5e27dbad76787d22016a8b3f110808f223ff9	/root/cj_build/reference/jdk/src/hotspot/share/gc/z/zObjectAllocator.cpp:40
AllocPinnedFromFreeList	runtime/src/Heap/Allocator/zObjectAllocator.cpp:365	runtime/src/Heap/z/zObjectAllocator.cpp:365	e919acd7f7cccd0ad48c8e77ea979ec6ff03dac1419b439ccd7291e94e97acc0	/root/cj_build/reference/jdk/src/hotspot/share/gc/z/zObjectAllocator.cpp:40
RegionManager	runtime/src/Heap/Allocator/zObjectAllocator.hpp:31	runtime/src/Heap/z/zObjectAllocator.cpp:481	65770fedbf9c06096970cd6044282319e9bc17e1e1ee854cbb64ce99315cf396	/root/cj_build/reference/jdk/src/hotspot/share/gc/z/zObjectAllocator.hpp:35
AllocPinned	runtime/src/Heap/Allocator/zObjectAllocator.hpp:40	runtime/src/Heap/z/zObjectAllocator.hpp:26	909333abb40bb5356972c1c1b32445f2190f61a96dcbbdc2903e51baf575eb4b	/root/cj_build/reference/jdk/src/hotspot/share/gc/z/zObjectAllocator.hpp:35
AllocLarge	runtime/src/Heap/Allocator/zObjectAllocator.hpp:101	runtime/src/Heap/z/zObjectAllocator.hpp:87	a0fb77883e50342700cc716e19f26004da3f6f9acd733723973ef944aa38b736	/root/cj_build/reference/jdk/src/hotspot/share/gc/z/zObjectAllocator.hpp:35
EnlistFullThreadLocalRegion	runtime/src/Heap/Allocator/zObjectAllocator.hpp:132	runtime/src/Heap/z/zObjectAllocator.hpp:118	cca7f296fa645bee665caa16f41509a03a4657cc282a141fe6d8e43a132220a3	/root/cj_build/reference/jdk/src/hotspot/share/gc/z/zObjectAllocator.hpp:35
RemoveThreadLocalRegion	runtime/src/Heap/Allocator/zObjectAllocator.hpp:148	runtime/src/Heap/z/zObjectAllocator.hpp:134	4d4c37e75ce88e727c79e78d5aa0590236a28474e55ec11d71e238ef89d7767d	/root/cj_build/reference/jdk/src/hotspot/share/gc/z/zObjectAllocator.hpp:35
SetGhostLookupTestHook	runtime/src/Heap/Allocator/zPage.cpp:80	runtime/src/Heap/Allocator/zPage.cpp:143	341380b195be829f983aa7551a294b86bf1659f7f4737af1ce62349f8980dbaf	ZGC 无独立对应定义；原地保留，归 #228 / A06 / 对应机制包
GhostLookupTestHookCalls	runtime/src/Heap/Allocator/zPage.cpp:86	runtime/src/Heap/Allocator/zPage.cpp:149	abd677c2a8c8c7a4f13a7ff5deda8f97b13566a291aa0f2044cf6e2b06e18b0e	ZGC 无独立对应定义；原地保留，归 #228 / A06 / 对应机制包
RunGhostLookupTestHook	runtime/src/Heap/Allocator/zPage.cpp:91	runtime/src/Heap/Allocator/zPage.cpp:154	b7d4e6ccc1f3157d9407b37545b63987d9d2401507c8da3e147e592e5dfc365f	ZGC 无独立对应定义；原地保留，归 #228 / A06 / 对应机制包
SetYoungRegionFlag	runtime/src/Heap/Allocator/zPage.cpp:115	runtime/src/Heap/z/zPage.cpp:90	2ceab601bf9060f15b49cd47b45f8577906969e06944d04e52bfcd5c7c4bffd3	/root/cj_build/reference/jdk/src/hotspot/share/gc/z/zPage.cpp:33
GetYoungRegionCount	runtime/src/Heap/Allocator/zPage.cpp:134	runtime/src/Heap/z/zPage.cpp:109	ef9ed1e2b7fe249b5c1a68161fb3e9ae70c6e6ab4f8291411977a79bac32db39	/root/cj_build/reference/jdk/src/hotspot/share/gc/z/zPage.cpp:33
GetYoungAllocatedSize	runtime/src/Heap/Allocator/zPage.cpp:139	runtime/src/Heap/z/zPage.cpp:114	edeb7be8f6ca80a209a39c78c2f269226a41b1bbf3ca6ab64a5a32a3f8507917	/root/cj_build/reference/jdk/src/hotspot/share/gc/z/zPage.cpp:33
HasYoungRegions	runtime/src/Heap/Allocator/zPage.cpp:144	runtime/src/Heap/z/zPage.cpp:119	2b73b3b3a93c4f0992a95f0a9e5d319fc83ee1b3913a527ab4c81d08d59807f2	/root/cj_build/reference/jdk/src/hotspot/share/gc/z/zPage.cpp:33
GetPageSize	runtime/src/Heap/Allocator/zPage.cpp:149	runtime/src/Heap/z/zPage.cpp:124	1167772305644e721290f3ff9f73fbdddefe206205d58c0664c43b3ef3205795	/root/cj_build/reference/jdk/src/hotspot/share/gc/z/zPage.cpp:33
DumpRegionInfo	runtime/src/Heap/Allocator/zPage.cpp:183	runtime/src/Heap/z/zPage.cpp:158	f7126ea7035f0ab04c8658a63fb82f33188c3d1d125aeb3882ebdcc8ba8e8dbf	/root/cj_build/reference/jdk/src/hotspot/share/gc/z/zPage.cpp:33
GetTypeName	runtime/src/Heap/Allocator/zPage.cpp:189	runtime/src/Heap/z/zPage.cpp:164	325fbab32fab8b52b0aca80545d71e67e23d534d574bce09c988ed45e3e7590b	/root/cj_build/reference/jdk/src/hotspot/share/gc/z/zPage.cpp:33
VisitAllObjects	runtime/src/Heap/Allocator/zPage.cpp:210	runtime/src/Heap/z/zPage.cpp:185	6367d2d73148c065445450d0a7c718cabd527d3cd2b328f7e0a340023897b58d	/root/cj_build/reference/jdk/src/hotspot/share/gc/z/zPage.cpp:33
VisitAllObjects	runtime/src/Heap/Allocator/zPage.cpp:247	runtime/src/Heap/z/zPage.cpp:222	0c7800e33d5298af84586147b638d64ae90c3695fb98c8cef51ffc3b8ea4acad	/root/cj_build/reference/jdk/src/hotspot/share/gc/z/zPage.cpp:33
ClearRelocationResiduals	runtime/src/Heap/Allocator/zPage.cpp:244	runtime/src/Heap/z/zPage.cpp:219	0b5eaa365800194b48996df2a360e84f645221146f816e90627129f7f1fcbe83	/root/cj_build/reference/jdk/src/hotspot/share/gc/z/zPage.cpp:33
<lambda-or-initializer>	runtime/src/Heap/Allocator/zPage.cpp:262	runtime/src/Heap/z/zPage.cpp:237	026f77d9799134d89645a89a00322b365f5f4511b809d547645cab9adf20b243	/root/cj_build/reference/jdk/src/hotspot/share/gc/z/zPage.cpp:33
<lambda-or-initializer>	runtime/src/Heap/Allocator/zPage.cpp:282	runtime/src/Heap/z/zPage.cpp:257	d09970312831d811d7f32c3c66ee7b935ad5abe0180346524ce866e2ecdff4a7	/root/cj_build/reference/jdk/src/hotspot/share/gc/z/zPage.cpp:33
<lambda-or-initializer>	runtime/src/Heap/Allocator/zPage.cpp:281	runtime/src/Heap/z/zPage.cpp:256	e53fed5879f3067b943162a3ae74dcaa7e2bb07e40e7aaa55aa8267033ebb8ee	/root/cj_build/reference/jdk/src/hotspot/share/gc/z/zPage.cpp:33
VisitLiveObjectsUntilFalse	runtime/src/Heap/Allocator/zPage.cpp:255	runtime/src/Heap/z/zPage.cpp:230	00c0664768ce7afee6817ac9023892c794e7faade4b3dcaff2e87b4053dcd1fd	/root/cj_build/reference/jdk/src/hotspot/share/gc/z/zPage.cpp:33
NoteEnrolPhase	runtime/src/Heap/Allocator/zPage.cpp:323	runtime/src/Heap/Allocator/zPage.cpp:60	a3891cb0ea427c90e16d485b50aae5e629bf0fc510400e2dd31b3a1179d3e8a9	ZGC 无独立对应定义；原地保留，归 #228 / A06 / 对应机制包
GetAtomicValue	runtime/src/Heap/Allocator/zPage.hpp:69	runtime/src/Heap/z/zBitField.hpp:16	37af5393ac76f3b863188de925d6c3d40a22b81564d8022d034f27865586df38	/root/cj_build/reference/jdk/src/hotspot/share/gc/z/zBitField.hpp:59
SetAtomicValue	runtime/src/Heap/Allocator/zPage.hpp:75	runtime/src/Heap/z/zBitField.hpp:22	fc381536fc0262bf8bcc113e9b0af40ee8709df3421c1581cd911d527ca6597d	/root/cj_build/reference/jdk/src/hotspot/share/gc/z/zBitField.hpp:59
FieldMask	runtime/src/Heap/Allocator/zPage.hpp:90	runtime/src/Heap/z/zBitField.hpp:37	554e2c95e96d122707cd38ae27de064d0d6be024bc9e163120962324cc2eeef2	/root/cj_build/reference/jdk/src/hotspot/share/gc/z/zBitField.hpp:59
IsMarkFaceSealed	runtime/src/Heap/Allocator/zPage.hpp:158	runtime/src/Heap/z/zPage.hpp:123	d5d2726147c08cafc354a517ddc307d9fa6049045b2cbdef1d5488542bbbaee0	/root/cj_build/reference/jdk/src/hotspot/share/gc/z/zPage.hpp:36
GetRegionLifeSeq	runtime/src/Heap/Allocator/zPage.hpp:167	runtime/src/Heap/z/zPage.hpp:132	bad63efe635efd3110a0aed7cb9d57fb0a7b5b359ba4db371883edab06c0690b	/root/cj_build/reference/jdk/src/hotspot/share/gc/z/zPage.hpp:36
GetRegionLifeId	runtime/src/Heap/Allocator/zPage.hpp:172	runtime/src/Heap/z/zPage.hpp:137	2fc2285d0a42e593290b147f239eec57e6602a516ee6f37fc748eb281abb9f5a	/root/cj_build/reference/jdk/src/hotspot/share/gc/z/zPage.hpp:36
RegionInfo	runtime/src/Heap/Allocator/zPage.hpp:209	runtime/src/Heap/z/zPage.cpp:321	a55a20f908e6217e8a3ca7c00a0ff5dbde5934a7d59f084ebed7585e65685706	/root/cj_build/reference/jdk/src/hotspot/share/gc/z/zPage.hpp:36
GetFromPageView	runtime/src/Heap/Allocator/zPage.hpp:225	runtime/src/Heap/z/zPage.hpp:186	865753ee2543d0308a333d9c046905b86ecb9fbd504b6af934153d422d1d1e12	/root/cj_build/reference/jdk/src/hotspot/share/gc/z/zPage.hpp:36
IsOwnerSurvivedObject	runtime/src/Heap/Allocator/zPage.hpp:261	runtime/src/Heap/z/zPage.hpp:222	c24c2eca5205ccb56959b6757c6724fa0036f49c51479574918446ae7ac459e2	/root/cj_build/reference/jdk/src/hotspot/share/gc/z/zPage.hpp:36
IsOwnerKnownEmpty	runtime/src/Heap/Allocator/zPage.hpp:277	runtime/src/Heap/z/zPage.hpp:238	309f1b6142d255e4b6e5c7a22d50817206a8b8dca6440b9485e17af05f8883d7	/root/cj_build/reference/jdk/src/hotspot/share/gc/z/zPage.hpp:36
GetOwnerMarkBitmap	runtime/src/Heap/Allocator/zPage.hpp:282	runtime/src/Heap/z/zPage.hpp:243	e025d332553b26f661352e9f80857ba61e7c387790dec97dcd95207ef119c43c	/root/cj_build/reference/jdk/src/hotspot/share/gc/z/zPage.hpp:36
IsRouteMarkedObject	runtime/src/Heap/Allocator/zPage.hpp:289	runtime/src/Heap/z/zPage.hpp:250	ee6e0a43b5ea141c33052aa46e52191c361a60c44d4a375b8dc15f551a0d62da	/root/cj_build/reference/jdk/src/hotspot/share/gc/z/zPage.hpp:36
GetRetainedLiveInfo	runtime/src/Heap/Allocator/zPage.hpp:313	runtime/src/Heap/z/zPage.hpp:274	41bb8ff2ecce9d461caf63e0538981c6017af039fcfccef74a2a2f518bf0c37f	/root/cj_build/reference/jdk/src/hotspot/share/gc/z/zPage.hpp:36
HasEverPreservedRetainedLiveInfo	runtime/src/Heap/Allocator/zPage.hpp:319	runtime/src/Heap/z/zPage.hpp:280	3c2c8870470e8142d54518bd4d269be085d73725b57cd1f7c13aca6a29cfe06c	/root/cj_build/reference/jdk/src/hotspot/share/gc/z/zPage.hpp:36
GetRetainedLiveInfoEpoch	runtime/src/Heap/Allocator/zPage.hpp:322	runtime/src/Heap/z/zPage.hpp:283	6b1706d5adaf6c74fe9c534af898b791cedd878ce69525ee865d722ecb1a1bf9	/root/cj_build/reference/jdk/src/hotspot/share/gc/z/zPage.hpp:36
GetRetainedLiveInfoCoveredUpTo	runtime/src/Heap/Allocator/zPage.hpp:327	runtime/src/Heap/z/zPage.hpp:288	11d088f4489613ede9dce8ec0247adefe15a520bd8e613b0f6b211fabbd6d6b4	/root/cj_build/reference/jdk/src/hotspot/share/gc/z/zPage.hpp:36
RetainedOwnCopyEnabled	runtime/src/Heap/Allocator/zPage.hpp:341	runtime/src/Heap/z/zPage.hpp:302	b48df3a0d50249a5a6977b8a461d1f0e024d031643d2223a4f834663b2690762	/root/cj_build/reference/jdk/src/hotspot/share/gc/z/zPage.hpp:36
HasRetainedMarkWords	runtime/src/Heap/Allocator/zPage.hpp:348	runtime/src/Heap/z/zPage.hpp:309	ee8e9bef14609b9368905e3bd68bb45f11cd929791b4cb1554a38b30f7cc7907	/root/cj_build/reference/jdk/src/hotspot/share/gc/z/zPage.hpp:36
GetRetainedClearCount	runtime/src/Heap/Allocator/zPage.hpp:359	runtime/src/Heap/z/zPage.hpp:320	f297a5a0aa680f507d678d360f3e0f92c8437888416e4a341912887262b364db	/root/cj_build/reference/jdk/src/hotspot/share/gc/z/zPage.hpp:36
GetRetainedLastOp	runtime/src/Heap/Allocator/zPage.hpp:361	runtime/src/Heap/z/zPage.hpp:322	9535002afe9c87203b36714bee9c72c101a804f68a661158ae0235f21bbd6696	/root/cj_build/reference/jdk/src/hotspot/share/gc/z/zPage.hpp:36
BeginRetainedPreserve	runtime/src/Heap/Allocator/zPage.hpp:367	runtime/src/Heap/z/zPage.hpp:328	99eaa15587c5484f735e1cc10bb6175797826875591e7d889dd78ebbfba4573c	/root/cj_build/reference/jdk/src/hotspot/share/gc/z/zPage.hpp:36
GetCensusBoundary	runtime/src/Heap/Allocator/zPage.hpp:374	runtime/src/Heap/z/zPage.hpp:335	98225909d81e57636177e81c143055aa9acf856c494862df8d8acbfb15bae8c6	/root/cj_build/reference/jdk/src/hotspot/share/gc/z/zPage.hpp:36
ResetCensusBoundary	runtime/src/Heap/Allocator/zPage.hpp:380	runtime/src/Heap/z/zPage.hpp:341	ec73f4a2c3ee0caafafb5b57b6a6d9cada7807dfb22519a31f57f128e17d0692	/root/cj_build/reference/jdk/src/hotspot/share/gc/z/zPage.hpp:36
GetOwnerGeneration	runtime/src/Heap/Allocator/zPage.hpp:417	runtime/src/Heap/z/zPage.inline.hpp:2585	c675910d507dfd6a1707e97286b49269235d3c23803369ba5f8477dd2d3b3de5	/root/cj_build/reference/jdk/src/hotspot/share/gc/z/zPage.hpp:36
MarkFaceMatchesOwner	runtime/src/Heap/Allocator/zPage.hpp:423	runtime/src/Heap/z/zPage.hpp:381	d2bf8a7fca26bde84412e60ad8c8fb12528f027cece269abd4cb6370519102c8	/root/cj_build/reference/jdk/src/hotspot/share/gc/z/zPage.hpp:36
PageIterationScope	runtime/src/Heap/Allocator/zPage.hpp:579	runtime/src/Heap/z/zPage.hpp:537	7281637d278dd1b15147d122fea273cf401aa42ac5f6b8d26e310e435990275b	/root/cj_build/reference/jdk/src/hotspot/share/gc/z/zPage.hpp:36
~PageIterationScope	runtime/src/Heap/Allocator/zPage.hpp:585	runtime/src/Heap/z/zPage.hpp:543	a141698eae4194dafc1849518dc8101003e45dde57bfc9c48824bfccef6911db	/root/cj_build/reference/jdk/src/hotspot/share/gc/z/zPage.hpp:36
Initialize	runtime/src/Heap/Allocator/zPage.hpp:610	runtime/src/Heap/z/zPage.hpp:568	fe0002bc40cc93c57ae594142cbb52145bfcc7382bb25c966f1e940d60590da1	/root/cj_build/reference/jdk/src/hotspot/share/gc/z/zPage.hpp:36
GetRegionInfo	runtime/src/Heap/Allocator/zPage.hpp:624	runtime/src/Heap/z/zPage.hpp:582	06e876c863535f9c44caa8b6c9f12818b7f6e5018224eb0aad0588f938bf94ea	/root/cj_build/reference/jdk/src/hotspot/share/gc/z/zPage.hpp:36
InGhostFromRegion	runtime/src/Heap/Allocator/zPage.hpp:635	runtime/src/Heap/z/zPage.hpp:593	cd0c5b228a6868174a4e2cd9a29ccb7f6c32c5935c31bc3b5a821732c3432c3e	/root/cj_build/reference/jdk/src/hotspot/share/gc/z/zPage.hpp:36
GetUnitAddress	runtime/src/Heap/Allocator/zPage.hpp:655	runtime/src/Heap/z/zPage.hpp:613	7cec60936536dd6c8c80b3b4502fe8901e132c600b1fd9349bb89c601ff51da1	/root/cj_build/reference/jdk/src/hotspot/share/gc/z/zPage.hpp:36
GetCommittedCapacity	runtime/src/Heap/Allocator/zPage.hpp:665	runtime/src/Heap/z/zPage.hpp:623	2b270c8eef08f176bab52883568878c62d4f08a0ae47ad522b2055ca7859819a	/root/cj_build/reference/jdk/src/hotspot/share/gc/z/zPage.hpp:36
ReleaseUnitsPartial	runtime/src/Heap/Allocator/zPage.hpp:674	runtime/src/Heap/z/zPage.hpp:632	07e30cca1cc6d35b1305f6aa0625a76004d1e0ebdef0c5389e343b5f6eee3c8e	/root/cj_build/reference/jdk/src/hotspot/share/gc/z/zPage.hpp:36
ReleaseUnitsDeferred	runtime/src/Heap/Allocator/zPage.hpp:679	runtime/src/Heap/z/zPage.hpp:637	0c3aec5a31e75402f88e6c4508b8677f91e164315bc4f763b13c329f8ec57925	/root/cj_build/reference/jdk/src/hotspot/share/gc/z/zPage.hpp:36
GetFirstObject	runtime/src/Heap/Allocator/zPage.hpp:687	runtime/src/Heap/z/zPage.hpp:645	06843572ef7eebadf7fe63dcc6f67e44a9d108c1e592166a99d6eb9626ce827e	/root/cj_build/reference/jdk/src/hotspot/share/gc/z/zPage.hpp:36
GetUnitCount	runtime/src/Heap/Allocator/zPage.hpp:698	runtime/src/Heap/z/zPage.hpp:656	94c6ac2e8d9d91b8a4e835df1f2ddcb6c5669279b016dc219b6aa070ee6d90ed	/root/cj_build/reference/jdk/src/hotspot/share/gc/z/zPage.hpp:36
GetGhostRegionUnitCount	runtime/src/Heap/Allocator/zPage.hpp:702	runtime/src/Heap/z/zPage.hpp:660	18d21539cec9bff041a68f0acad9db91fa693e80e4e9ddafa1e1ed97c349a648	/root/cj_build/reference/jdk/src/hotspot/share/gc/z/zPage.hpp:36
GetRegionAllocatedSize	runtime/src/Heap/Allocator/zPage.hpp:706	runtime/src/Heap/z/zPage.hpp:664	d67d201354e33a7b4d65797360bba77086f50c183573f65c5a0f2aa4bfdd3b33	/root/cj_build/reference/jdk/src/hotspot/share/gc/z/zPage.hpp:36
LoadRouteStartTable	runtime/src/Heap/Allocator/zPage.hpp:764	runtime/src/Heap/z/zPage.hpp:722	6f69d4baff0eca77558676b1daa0ae137db8a667606f8398db0498e9bb02d0b4	/root/cj_build/reference/jdk/src/hotspot/share/gc/z/zPage.hpp:36
generation_id	runtime/src/Heap/Allocator/zPage.hpp:789	runtime/src/Heap/z/zPage.inline.hpp:2578	2ad78b2797f8cb71cd2f59ac49b34a4c367afa6884e3c4b596a6e8a77adba834	/root/cj_build/reference/jdk/src/hotspot/share/gc/z/zPage.hpp:36
GetDispelGhostCount	runtime/src/Heap/Allocator/zPage.hpp:818	runtime/src/Heap/z/zPage.hpp:776	13260b6a42cee6a369d85b92a7afbf9bad9d37fcafb44ad9df2b2c1366081c55	/root/cj_build/reference/jdk/src/hotspot/share/gc/z/zPage.hpp:36
InjectDispelCountForTest	runtime/src/Heap/Allocator/zPage.hpp:824	runtime/src/Heap/z/zPage.hpp:782	252cf4cdec115abe860fb3323e20d4fe7c52d8a7a3190b2d198bc5ccd945184e	/root/cj_build/reference/jdk/src/hotspot/share/gc/z/zPage.hpp:36
TryLockReadFromRegion	runtime/src/Heap/Allocator/zPage.hpp:851	runtime/src/Heap/z/zPage.hpp:809	3c10041f96c0745b06866dd7af7cb03f5b81b342fa5170a2749bed733efc9078	/root/cj_build/reference/jdk/src/hotspot/share/gc/z/zPage.hpp:36
UnlockReadFromRegion	runtime/src/Heap/Allocator/zPage.hpp:853	runtime/src/Heap/z/zPage.hpp:811	c7fb025959ab67d92f28117be9fca7690d1693510939856332f0b9589bb23f29	/root/cj_build/reference/jdk/src/hotspot/share/gc/z/zPage.hpp:36
RetainScope	runtime/src/Heap/Allocator/zPage.hpp:859	runtime/src/Heap/z/zPage.hpp:817	44136fa355b3678a1146ad16f7e8649e94fb4fc21fe77e8310c060f61caaff8a	/root/cj_build/reference/jdk/src/hotspot/share/gc/z/zPage.hpp:36
RetainScope	runtime/src/Heap/Allocator/zPage.hpp:863	runtime/src/Heap/z/zPage.hpp:821	fd170d61cb619bc940fdf270435048aac04dd24fdf93688430c57e4323673617	/root/cj_build/reference/jdk/src/hotspot/share/gc/z/zPage.hpp:36
~RetainScope	runtime/src/Heap/Allocator/zPage.hpp:866	runtime/src/Heap/z/zPage.hpp:824	ddfba8736033777c0ce169fccca240a7239e81254ec8f44c56dfcf8fd1cc9103	/root/cj_build/reference/jdk/src/hotspot/share/gc/z/zPage.hpp:36
Release	runtime/src/Heap/Allocator/zPage.hpp:868	runtime/src/Heap/z/zPage.hpp:826	70d1a24a64eb46fd59b3559b4a6b3a21d0a6aaab71bef18d3a04ece699fc7a8a	/root/cj_build/reference/jdk/src/hotspot/share/gc/z/zPage.hpp:36
ok	runtime/src/Heap/Allocator/zPage.hpp:874	runtime/src/Heap/z/zPage.hpp:832	38b106f2eadf5e8663acd2ba8b49b9d104102a7feb42b1005699479fc7aa7790	/root/cj_build/reference/jdk/src/hotspot/share/gc/z/zPage.hpp:36
covers	runtime/src/Heap/Allocator/zPage.hpp:875	runtime/src/Heap/z/zPage.hpp:833	51df88ef04c3f2a76402d77861e5e2cb29b16645548205b71df0bb9f47401efa	/root/cj_build/reference/jdk/src/hotspot/share/gc/z/zPage.hpp:36
forwarding	runtime/src/Heap/Allocator/zPage.hpp:876	runtime/src/Heap/z/zPage.hpp:834	9152f288ef525f9a6747190041e738e6d298d0b495291221c47097084262fd35	/root/cj_build/reference/jdk/src/hotspot/share/gc/z/zPage.hpp:36
HoldForwarding	runtime/src/Heap/Allocator/zPage.hpp:877	runtime/src/Heap/z/zPage.hpp:835	5acd0771352a4b41b2e78ae7971e746582adbc9f214234975428997fe0471eaf	/root/cj_build/reference/jdk/src/hotspot/share/gc/z/zPage.hpp:36
SetForwardingFaceReset	runtime/src/Heap/Allocator/zPage.hpp:903	runtime/src/Heap/z/zPage.hpp:861	a72bc47b07aa10f6696c1602593711fe7bab0c125c8a8a9cb27e67e657151fef	/root/cj_build/reference/jdk/src/hotspot/share/gc/z/zPage.hpp:36
ClearForwardingFaceReset	runtime/src/Heap/Allocator/zPage.hpp:908	runtime/src/Heap/z/zPage.hpp:866	6f0ab141c18ec1eddbe4ad8c155ba2ce9ee417c975a01f47c54e22e91e9f5ff7	/root/cj_build/reference/jdk/src/hotspot/share/gc/z/zPage.hpp:36
PeekForwardingOwner	runtime/src/Heap/Allocator/zPage.hpp:921	runtime/src/Heap/z/zPage.hpp:879	584b9e640ffafccc037b262dc70f368927e57507f9f87e5c92a433c327c4a22a	/root/cj_build/reference/jdk/src/hotspot/share/gc/z/zPage.hpp:36
CopyInflightWord	runtime/src/Heap/Allocator/zPage.hpp:926	runtime/src/Heap/z/zPage.hpp:884	10c5425dcd44d656309e4bf865e252a196e5a56815b9dcc301cd53e6575bec3c	/root/cj_build/reference/jdk/src/hotspot/share/gc/z/zPage.hpp:36
LockWriteRegion	runtime/src/Heap/Allocator/zPage.hpp:934	runtime/src/Heap/z/zPage.hpp:892	0d8955498d9169a7582ce4ce5b1daf7ddd010a13da0b2c9350b68d4b1709ff26	/root/cj_build/reference/jdk/src/hotspot/share/gc/z/zPage.hpp:36
UnlockWriteRegion	runtime/src/Heap/Allocator/zPage.hpp:936	runtime/src/Heap/z/zPage.hpp:894	f071f6f82bd4b8459c8454c47e2c3e9deb1cd230b0deb030f5ed861532328479	/root/cj_build/reference/jdk/src/hotspot/share/gc/z/zPage.hpp:36
~InPlaceClaimScope	runtime/src/Heap/Allocator/zPage.hpp:944	runtime/src/Heap/z/zPage.hpp:902	0294ea206962653ead439bc45e124c87109223ad1eb2b91ac5dfd7b0a7ec3d83	/root/cj_build/reference/jdk/src/hotspot/share/gc/z/zPage.hpp:36
SetUnitRole	runtime/src/Heap/Allocator/zPage.hpp:962	runtime/src/Heap/z/zPage.hpp:920	84a25b828464f52ae8856207bc8c43e2458c5851979dcf71df94abff993a599b	/root/cj_build/reference/jdk/src/hotspot/share/gc/z/zPage.hpp:36
SetUnitRole0	runtime/src/Heap/Allocator/zPage.hpp:966	runtime/src/Heap/z/zPage.hpp:924	296e3ceb802ddf77f530dd31f5e47d09dc8e71ecc0db5448456e87c4ce67d3ae	/root/cj_build/reference/jdk/src/hotspot/share/gc/z/zPage.hpp:36
SetNotRelocatableThisCycle	runtime/src/Heap/Allocator/zPage.hpp:973	runtime/src/Heap/z/zPage.hpp:931	2f898520229ee7ddcceebba62d4636ec85859f1db090e99bfa8bd5034fad7607	/root/cj_build/reference/jdk/src/hotspot/share/gc/z/zPage.hpp:36
IsNotRelocatableThisCycle	runtime/src/Heap/Allocator/zPage.hpp:977	runtime/src/Heap/z/zPage.hpp:935	f70946184e6b0605da6ff3d7a453673275f3a8cbef54e6c37512c045add45cd7	/root/cj_build/reference/jdk/src/hotspot/share/gc/z/zPage.hpp:36
IsRouteDestHeld	runtime/src/Heap/Allocator/zPage.hpp:983	runtime/src/Heap/z/zPage.hpp:941	d23b681a075c29ff82f26a3a041178fae43dccaef8d1103fde55e63dc56a42d1	/root/cj_build/reference/jdk/src/hotspot/share/gc/z/zPage.hpp:36
SetOldMarkedRegionFlag	runtime/src/Heap/Allocator/zPage.hpp:989	runtime/src/Heap/z/zPage.hpp:947	4d025dd4c5f1cfbb9daae3c96a6af41b3f0dea5669eca7886db0c46b4b8f1453	/root/cj_build/reference/jdk/src/hotspot/share/gc/z/zPage.hpp:36
SetEnqueuedRegionFlag	runtime/src/Heap/Allocator/zPage.hpp:994	runtime/src/Heap/z/zPage.hpp:952	a1d39053a8d1a9a062a5843d816aab111fdb08fabee54c0368ae7374758c7e13	/root/cj_build/reference/jdk/src/hotspot/share/gc/z/zPage.hpp:36
SetResurrectedRegionFlag	runtime/src/Heap/Allocator/zPage.hpp:998	runtime/src/Heap/z/zPage.hpp:956	dee4de63a331d6f1b795fd4e95d805f1f2989b5112be92ea9860b745f6a99f41	/root/cj_build/reference/jdk/src/hotspot/share/gc/z/zPage.hpp:36
IsYoungRegion	runtime/src/Heap/Allocator/zPage.hpp:1005	runtime/src/Heap/z/zPage.inline.hpp:2592	bc71abc8f16547d8af29f605b8e2c941944b0d32a17c7b912a9e2778992caf5b	/root/cj_build/reference/jdk/src/hotspot/share/gc/z/zPage.hpp:36
GetUnitRole	runtime/src/Heap/Allocator/zPage.hpp:1023	runtime/src/Heap/z/zPage.hpp:978	d01bd68e560662c5b82a309f5eef5a22226cce4c645cbb0178586615dc9f63a6	/root/cj_build/reference/jdk/src/hotspot/share/gc/z/zPage.hpp:36
GetUnitRole	runtime/src/Heap/Allocator/zPage.hpp:1453	runtime/src/Heap/z/zPage.hpp:1408	d01bd68e560662c5b82a309f5eef5a22226cce4c645cbb0178586615dc9f63a6	/root/cj_build/reference/jdk/src/hotspot/share/gc/z/zPage.hpp:36
GetUnitIdx	runtime/src/Heap/Allocator/zPage.hpp:1025	runtime/src/Heap/z/zPage.hpp:980	481bfda1cc9c84db5e95867ef95917ed1fb51e53eef6147a6aefe4386e9ec737	/root/cj_build/reference/jdk/src/hotspot/share/gc/z/zPage.hpp:36
GetRegionStart	runtime/src/Heap/Allocator/zPage.hpp:1027	runtime/src/Heap/z/zPage.inline.hpp:2598	e0796759d6721309ba0721a87d9ed2086fd69913b4769bbbcb4dcd74b5eda7b8	/root/cj_build/reference/jdk/src/hotspot/share/gc/z/zPage.hpp:36
GetRegionEnd	runtime/src/Heap/Allocator/zPage.hpp:1029	runtime/src/Heap/z/zPage.inline.hpp:2602	34dd0bf407bb9c34c11d86f7ddc394b86da06b827347ed7a6caa9c1ac5de9dec	/root/cj_build/reference/jdk/src/hotspot/share/gc/z/zPage.hpp:36
SetRegionAllocPtr	runtime/src/Heap/Allocator/zPage.hpp:1031	runtime/src/Heap/z/zPage.hpp:986	90f7376ee29d48bdcc32c57514c1be2633e775599d7338e09baeb4b8f14571b5	/root/cj_build/reference/jdk/src/hotspot/share/gc/z/zPage.hpp:36
GetRegionAllocPtr	runtime/src/Heap/Allocator/zPage.hpp:1033	runtime/src/Heap/z/zPage.inline.hpp:2606	a0b6318bf87cfe759ab29735720ffec62b90b1c3e1425b4108bf2d4e7741b171	/root/cj_build/reference/jdk/src/hotspot/share/gc/z/zPage.hpp:36
GetMarkStartAllocPtr	runtime/src/Heap/Allocator/zPage.hpp:1035	runtime/src/Heap/z/zPage.hpp:990	8557f6904b0d752b421f61c5c814c598104c23e83c4160d40c34a0104f6b5258	/root/cj_build/reference/jdk/src/hotspot/share/gc/z/zPage.hpp:36
GetRawPointerObjectCount	runtime/src/Heap/Allocator/zPage.hpp:1050	runtime/src/Heap/z/zPage.hpp:1005	535365b36feda720bc17a55300935365aa3afe7ad60b921f51a786a1403ea7ff	/root/cj_build/reference/jdk/src/hotspot/share/gc/z/zPage.hpp:36
IsTraceRegion	runtime/src/Heap/Allocator/zPage.hpp:1065	runtime/src/Heap/z/zPage.hpp:1020	0095cc4e09574b6ba4254abf44795511337afa243195c72dedccdcdfebf746e7	/root/cj_build/reference/jdk/src/hotspot/share/gc/z/zPage.hpp:36
IsSmallRegion	runtime/src/Heap/Allocator/zPage.hpp:1068	runtime/src/Heap/z/zPage.inline.hpp:2610	e057a97de450eab0e89fb78cd0cf6a57e4538899c70332223d2c7ceffc45608e	/root/cj_build/reference/jdk/src/hotspot/share/gc/z/zPage.hpp:36
IsLargeRegion	runtime/src/Heap/Allocator/zPage.hpp:1070	runtime/src/Heap/z/zPage.inline.hpp:2614	7fe0b90ecc4017eb9f5cf928de5bd19bc78ef5ffd6e0baf54ae9ddd63b4cc3dd	/root/cj_build/reference/jdk/src/hotspot/share/gc/z/zPage.hpp:36
IsThreadLocalRegion	runtime/src/Heap/Allocator/zPage.hpp:1073	runtime/src/Heap/z/zPage.hpp:1028	9e78c98e068a596a20f5b02d41f9e5f445d05791dbdd14e42bd9148e9b819e49	/root/cj_build/reference/jdk/src/hotspot/share/gc/z/zPage.hpp:36
GetRegionListOwner	runtime/src/Heap/Allocator/zPage.hpp:1083	runtime/src/Heap/z/zPage.hpp:1038	ae633284408892de8d049019a14ee5b99d9fc75629b0187913d287c095f8b358	/root/cj_build/reference/jdk/src/hotspot/share/gc/z/zPage.hpp:36
SetRegionListOwner	runtime/src/Heap/Allocator/zPage.hpp:1085	runtime/src/Heap/z/zPage.hpp:1040	77c709ba28c759f517d6931626376c96259fef63d9e2a5b1279e48c71f3afc68	/root/cj_build/reference/jdk/src/hotspot/share/gc/z/zPage.hpp:36
IsFromRegion	runtime/src/Heap/Allocator/zPage.hpp:1095	runtime/src/Heap/z/zPage.hpp:1050	79c87d8de3d92860a974e708351e35068c0513c345a10a9057401b99cb0279a5	/root/cj_build/reference/jdk/src/hotspot/share/gc/z/zPage.hpp:36
IsLoneFromRegion	runtime/src/Heap/Allocator/zPage.hpp:1096	runtime/src/Heap/z/zPage.hpp:1051	0a8919170fce9f7695d55a49feb58a35317b533dfd637b712515b38966443170	/root/cj_build/reference/jdk/src/hotspot/share/gc/z/zPage.hpp:36
IsToRegion	runtime/src/Heap/Allocator/zPage.hpp:1099	runtime/src/Heap/z/zPage.hpp:1054	307fd52072bfe6ab78a3242df901f51daed4b25f71a2ad8810fb8c40e7ba16d3	/root/cj_build/reference/jdk/src/hotspot/share/gc/z/zPage.hpp:36
IsGarbageRegion	runtime/src/Heap/Allocator/zPage.hpp:1101	runtime/src/Heap/z/zPage.hpp:1056	0488fc2494af243a795ebe6a3305711fe79989c0b8ee5e9f4dd000fd6c5c0bed	/root/cj_build/reference/jdk/src/hotspot/share/gc/z/zPage.hpp:36
IsFreeRegion	runtime/src/Heap/Allocator/zPage.hpp:1102	runtime/src/Heap/z/zPage.hpp:1057	b9e8f2c85db3237f77ddf1a1305244c13f5134163ba3710b4bd80d88d5f0199a	/root/cj_build/reference/jdk/src/hotspot/share/gc/z/zPage.hpp:36
IsLiveCountAuthoritative	runtime/src/Heap/Allocator/zPage.hpp:1123	runtime/src/Heap/z/zPage.hpp:1078	b73e8bb880ae84be7f804ccee4f03698f3843876551c7e9b0824be93f57ce339	/root/cj_build/reference/jdk/src/hotspot/share/gc/z/zPage.hpp:36
alignas	runtime/src/Heap/Allocator/zPage.hpp:1283	runtime/src/Heap/z/zPage.hpp:1238	44136fa355b3678a1146ad16f7e8649e94fb4fc21fe77e8310c060f61caaff8a	/root/cj_build/reference/jdk/src/hotspot/share/gc/z/zPage.hpp:36
GetUnitIdxAt	runtime/src/Heap/Allocator/zPage.hpp:1344	runtime/src/Heap/z/zPage.hpp:1299	6c16aad1024852166aa72e379d083e284df259e86c3257909f0d35d2c7ee4f84	/root/cj_build/reference/jdk/src/hotspot/share/gc/z/zPage.hpp:36
GetUnitInfoAt	runtime/src/Heap/Allocator/zPage.hpp:1351	runtime/src/Heap/z/zPage.hpp:1306	830c707fd5361f347ea02e2d82eafcfa0815712b03289c6671e2425479e805ee	/root/cj_build/reference/jdk/src/hotspot/share/gc/z/zPage.hpp:36
GetUnitAddress	runtime/src/Heap/Allocator/zPage.hpp:1357	runtime/src/Heap/z/zPage.hpp:1312	2ac15f035ef12be3b76ed59e127fc85912dbccb895dd780ed465f8446773dd8c	/root/cj_build/reference/jdk/src/hotspot/share/gc/z/zPage.hpp:36
GetUnitInfo	runtime/src/Heap/Allocator/zPage.hpp:1369	runtime/src/Heap/z/zPage.hpp:1324	75dc84f57ebdfa0502b70270b6cb8412b33451ff6ae6ae5aae5bcc394d836827	/root/cj_build/reference/jdk/src/hotspot/share/gc/z/zPage.hpp:36
GetUnitIdx	runtime/src/Heap/Allocator/zPage.hpp:1375	runtime/src/Heap/z/zPage.hpp:1330	9ff79a6b6da3d871c7d85f4b879557d37c69956faea6308236b7dc055ce977be	/root/cj_build/reference/jdk/src/hotspot/share/gc/z/zPage.hpp:36
SetUnitRole	runtime/src/Heap/Allocator/zPage.hpp:1395	runtime/src/Heap/z/zPage.hpp:1350	5ea2c43bdd8da20e85669e448c39d1f2350d83e47159d48f7c289cbb9f268511	/root/cj_build/reference/jdk/src/hotspot/share/gc/z/zPage.hpp:36
SetUnitRole0	runtime/src/Heap/Allocator/zPage.hpp:1399	runtime/src/Heap/z/zPage.hpp:1354	0f2f20ab814949681df7927f55d4bf8b411294a604b3a119ab857dd47f9b3585	/root/cj_build/reference/jdk/src/hotspot/share/gc/z/zPage.hpp:36
SetRegionType	runtime/src/Heap/Allocator/zPage.hpp:1403	runtime/src/Heap/z/zPage.hpp:1358	6aa277f0eef23242bff20e8287e0a17dde580a8865e2f0bea9f04abff9f940f8	/root/cj_build/reference/jdk/src/hotspot/share/gc/z/zPage.hpp:36
SetTraceRegionFlag	runtime/src/Heap/Allocator/zPage.hpp:1408	runtime/src/Heap/z/zPage.hpp:1363	ec1ff80235b247af962e875ee37402d24842d612db55548247f7826aa7b929ab	/root/cj_build/reference/jdk/src/hotspot/share/gc/z/zPage.hpp:36
SetInGhostRegion	runtime/src/Heap/Allocator/zPage.hpp:1412	runtime/src/Heap/z/zPage.hpp:1367	a1e1c65331ac7ba0552b5f2cac3b1aa939a3329991dfc65f93e6db45d2183a1a	/root/cj_build/reference/jdk/src/hotspot/share/gc/z/zPage.hpp:36
SetOldMarkedRegionFlag	runtime/src/Heap/Allocator/zPage.hpp:1420	runtime/src/Heap/z/zPage.hpp:1375	d91d21fec1bd74a9db7a471380da411e11764e2d30c5beae077b15a99ea46260	/root/cj_build/reference/jdk/src/hotspot/share/gc/z/zPage.hpp:36
SetEnqueuedRegionFlag	runtime/src/Heap/Allocator/zPage.hpp:1425	runtime/src/Heap/z/zPage.hpp:1380	7af738424e86fe2dd910e7e004e2c14304e0410440ad799acea79168484e094d	/root/cj_build/reference/jdk/src/hotspot/share/gc/z/zPage.hpp:36
SetResurrectedRegionFlag	runtime/src/Heap/Allocator/zPage.hpp:1430	runtime/src/Heap/z/zPage.hpp:1385	7b4a8a27b13b558d792c0f0eb0f62e5e5eb48e73faa7fd9b2c356e3c24daac63	/root/cj_build/reference/jdk/src/hotspot/share/gc/z/zPage.hpp:36
InitSubordinateUnit	runtime/src/Heap/Allocator/zPage.hpp:1439	runtime/src/Heap/z/zPage.hpp:1394	7ea94f2b9e3f9f470eb9fd9252d41c55d90077afa558b4c1b9fa375f36d5f1ff	/root/cj_build/reference/jdk/src/hotspot/share/gc/z/zPage.hpp:36
ToFreeRegion	runtime/src/Heap/Allocator/zPage.hpp:1445	runtime/src/Heap/z/zPage.hpp:1400	a24a31af41a9a3cbd232698a6049a8848bfbf016d0c77c03e17cc092c541bc93	/root/cj_build/reference/jdk/src/hotspot/share/gc/z/zPage.hpp:36
ClearUnit	runtime/src/Heap/Allocator/zPage.hpp:1447	runtime/src/Heap/z/zPage.hpp:1402	91363cc186382c49961b8098675c1b9402448ef3d7f47cd74409116629d3b2a2	/root/cj_build/reference/jdk/src/hotspot/share/gc/z/zPage.hpp:36
ReleaseUnit	runtime/src/Heap/Allocator/zPage.hpp:1449	runtime/src/Heap/z/zPage.hpp:1404	34d61fe4ed4d60b612063b1e44b4454cdc0d701fcf8a353800704348eda47c60	/root/cj_build/reference/jdk/src/hotspot/share/gc/z/zPage.hpp:36
GetMetadata	runtime/src/Heap/Allocator/zPage.hpp:1451	runtime/src/Heap/z/zPage.hpp:1406	21573020100b86a319a9c087be845069842ac51bc21408b508789923995dfde3	/root/cj_build/reference/jdk/src/hotspot/share/gc/z/zPage.hpp:36
UnitInfoArray	runtime/src/Heap/Allocator/zPage.hpp:1461	runtime/src/Heap/z/zPage.hpp:1416	ce4c4fb3c46b68fe985aec919bd8e996e1e15810ac6f11b6e25b8f3022f12b08	/root/cj_build/reference/jdk/src/hotspot/share/gc/z/zPage.hpp:36
<lambda-or-initializer>	runtime/src/Heap/Allocator/zPage.hpp:1468	runtime/src/Heap/z/zPage.hpp:1423	f28b98e20fb9c7a1b94cff7b1ed0564514864aa92198a3ae0049c19e94e850b6	/root/cj_build/reference/jdk/src/hotspot/share/gc/z/zPage.hpp:36
LoadUnitRole	runtime/src/Heap/Allocator/zPage.hpp:1482	runtime/src/Heap/z/zPage.hpp:1437	f3fcf87993d771ca843c66a65773e805db93e0b2692cfc8d82157cdda5d6c843	/root/cj_build/reference/jdk/src/hotspot/share/gc/z/zPage.hpp:36
RelocateObserve	runtime/src/Heap/Allocator/zPage.inline.hpp:15	runtime/src/Heap/Allocator/RegionInfo.h:12	b3f2950a922a8e6336493ec4cd38e927b7b3c2bca1f4111883aa6f690dca3ea1	ZGC 无独立对应定义；原地保留，归 #228 / A06 / 对应机制包
SetMarkFaceSealed	runtime/src/Heap/Allocator/zPage.inline.hpp:34	runtime/src/Heap/z/zPage.inline.hpp:17	b32f1bdaf765fbc71fd9c0f4ed73e6d66c4c666884d20164c959a95cd78e18f1	/root/cj_build/reference/jdk/src/hotspot/share/gc/z/zPage.inline.hpp:41
GetMarkSnapshotEpoch	runtime/src/Heap/Allocator/zPage.inline.hpp:45	runtime/src/Heap/z/zPage.inline.hpp:28	972a52cd051760106a47f19e8bff4ef8c75153cf816acf349991f854c1a192e9	/root/cj_build/reference/jdk/src/hotspot/share/gc/z/zPage.inline.hpp:41
GetMarkView	runtime/src/Heap/Allocator/zPage.inline.hpp:52	runtime/src/Heap/z/zPage.inline.hpp:35	11f1df5d11461cda59910d3e0681efa5df7168e3b7fdeaf900c587612599ab87	/root/cj_build/reference/jdk/src/hotspot/share/gc/z/zPage.inline.hpp:41
ValidateMarkView	runtime/src/Heap/Allocator/zPage.inline.hpp:64	runtime/src/Heap/z/zPage.inline.hpp:47	3e7e197e866be4492cff8b101ccd14b4432cf6d8e8cb668a32567721181b26bb	/root/cj_build/reference/jdk/src/hotspot/share/gc/z/zPage.inline.hpp:41
IsCompacted	runtime/src/Heap/Allocator/zPage.inline.hpp:70	runtime/src/Heap/z/zPage.inline.hpp:53	a1ae2ccd2324521c566f870543c4cadc0f6edbbeef5276f746d86f0b246feea1	/root/cj_build/reference/jdk/src/hotspot/share/gc/z/zPage.inline.hpp:41
IsRoutingState	runtime/src/Heap/Allocator/zPage.inline.hpp:76	runtime/src/Heap/z/zPage.inline.hpp:59	d8613271b95d245dd181da3c78c6947276daf6353e05b2605d68e57721a5db89	/root/cj_build/reference/jdk/src/hotspot/share/gc/z/zPage.inline.hpp:41
EnrolBeforeFlip	runtime/src/Heap/Allocator/zPage.inline.hpp:82	runtime/src/Heap/Allocator/RegionInfo.h:31	ee636d3032b3c90507c4c8162b544b8876e25d97c6a053301a6ed767b60c1454	ZGC 无独立对应定义；原地保留，归 #228 / A06 / 对应机制包
EnrolAfterFlip	runtime/src/Heap/Allocator/zPage.inline.hpp:88	runtime/src/Heap/Allocator/RegionInfo.h:37	ee636d3032b3c90507c4c8162b544b8876e25d97c6a053301a6ed767b60c1454	ZGC 无独立对应定义；原地保留，归 #228 / A06 / 对应机制包
NullRegion	runtime/src/Heap/Allocator/zPage.inline.hpp:94	runtime/src/Heap/z/zPage.inline.hpp:69	57844523ce83db81c3ac5d53d0aa1b1baa5cf9bb2b8f75872df3368d2d8fc47d	/root/cj_build/reference/jdk/src/hotspot/share/gc/z/zPage.inline.hpp:41
GetLiveInfo	runtime/src/Heap/Allocator/zPage.inline.hpp:100	runtime/src/Heap/z/zPage.inline.hpp:75	e78d96bf6a676a3418c0c0492fc4142e16f5d790e89bb6d0458bda3ee5572649	/root/cj_build/reference/jdk/src/hotspot/share/gc/z/zPage.inline.hpp:41
GetLiveInfo	runtime/src/Heap/Allocator/zPage.inline.hpp:106	runtime/src/Heap/z/zPage.inline.hpp:81	e78d96bf6a676a3418c0c0492fc4142e16f5d790e89bb6d0458bda3ee5572649	/root/cj_build/reference/jdk/src/hotspot/share/gc/z/zPage.inline.hpp:41
GetLiveInfoForView	runtime/src/Heap/Allocator/zPage.inline.hpp:113	runtime/src/Heap/z/zPage.inline.hpp:88	d03916b1db7f0c2fcb625e0baee2eda76de3aaaa749370e46c7dd01579cbb9bb	/root/cj_build/reference/jdk/src/hotspot/share/gc/z/zPage.inline.hpp:41
GetFromPageCarrier	runtime/src/Heap/Allocator/zPage.inline.hpp:127	runtime/src/Heap/z/zPage.inline.hpp:102	f0dd5d196a9baef4b60a9871584f6ec35d3bea38c014236b58abe81afb1155d2	/root/cj_build/reference/jdk/src/hotspot/share/gc/z/zPage.inline.hpp:41
HasFromPageMetadata	runtime/src/Heap/Allocator/zPage.inline.hpp:133	runtime/src/Heap/z/zPage.inline.hpp:108	b9de196cca0aa41778e2f6c3803a9c0097be27bc291a964487aca5c7bf0c3cc0	/root/cj_build/reference/jdk/src/hotspot/share/gc/z/zPage.inline.hpp:41
GetLiveInfo0ForProbe	runtime/src/Heap/Allocator/zPage.inline.hpp:139	runtime/src/Heap/Allocator/RegionInfo.h:43	54a5d0e02f34db819174d81a8b8ace31b76e5bc1702d2fd2fa9f66c279f08151	ZGC 无独立对应定义；原地保留，归 #228 / A06 / 对应机制包
GetRouteMarkGeneration	runtime/src/Heap/Allocator/zPage.inline.hpp:145	runtime/src/Heap/z/zPage.inline.hpp:116	bf249c7fef3c8ec52e2ba06776b080649ec01a898a0fd5207c3f58dba46fa9ba	/root/cj_build/reference/jdk/src/hotspot/share/gc/z/zPage.inline.hpp:41
GetRouteMarkView	runtime/src/Heap/Allocator/zPage.inline.hpp:152	runtime/src/Heap/z/zPage.inline.hpp:123	e08661a98c1b5de2c2a00cbe03f97d75f720b4502895266a3e686e1e402159dc	/root/cj_build/reference/jdk/src/hotspot/share/gc/z/zPage.inline.hpp:41
GetMarkEpoch	runtime/src/Heap/Allocator/zPage.inline.hpp:165	runtime/src/Heap/z/zPage.inline.hpp:136	9aa6cdc456c98c3b2aeb55a2dd2605abf0286ba7c2f4ecd38d92224e9d99e9bb	/root/cj_build/reference/jdk/src/hotspot/share/gc/z/zPage.inline.hpp:41
GetMarkBitmap	runtime/src/Heap/Allocator/zPage.inline.hpp:175	runtime/src/Heap/z/zPage.inline.hpp:146	3ab9af60d33cb9f57de938af2a230557a3ed43e90b80b80bd650038f6d3f4b62	/root/cj_build/reference/jdk/src/hotspot/share/gc/z/zPage.inline.hpp:41
IsSurvivedObject	runtime/src/Heap/Allocator/zPage.inline.hpp:191	runtime/src/Heap/z/zPage.inline.hpp:162	c6f469746a94cda2728f65b09cb70d30da53c03edd80d9d8a756879c8b140559	/root/cj_build/reference/jdk/src/hotspot/share/gc/z/zPage.inline.hpp:41
FromPageAllocatedAfterMarkStart	runtime/src/Heap/Allocator/zPage.inline.hpp:200	runtime/src/Heap/z/zPage.inline.hpp:171	a5e20001d85676cd743a43cf795ceeb2d48c083144d3c5512380d31203715ff4	/root/cj_build/reference/jdk/src/hotspot/share/gc/z/zPage.inline.hpp:41
HasFromPageMarkStartAllocGap	runtime/src/Heap/Allocator/zPage.inline.hpp:207	runtime/src/Heap/z/zPage.inline.hpp:178	a2f7d62a6ed7e7f899fa3b4d9c7fd3eec6009e2171d77fb0253fc101d602bd00	/root/cj_build/reference/jdk/src/hotspot/share/gc/z/zPage.inline.hpp:41
IsFromPageSurvivedObject	runtime/src/Heap/Allocator/zPage.inline.hpp:215	runtime/src/Heap/z/zPage.inline.hpp:186	ea3f93841ea3b9ac0b9dbfab70645c825faaa5349cba271d19694a6ab2289f15	/root/cj_build/reference/jdk/src/hotspot/share/gc/z/zPage.inline.hpp:41
IsRouteSurvivedObject	runtime/src/Heap/Allocator/zPage.inline.hpp:227	runtime/src/Heap/z/zPage.inline.hpp:198	a2e0bdebfce32dfe0e2bb5e40214572f7a50a118a06f88f6c42eafd648c1c85d	/root/cj_build/reference/jdk/src/hotspot/share/gc/z/zPage.inline.hpp:41
IsRouteMarkedObject	runtime/src/Heap/Allocator/zPage.inline.hpp:251	runtime/src/Heap/z/zPage.inline.hpp:222	5069119045bb2985d99d587a09fe32951287d39fc947fae73d302fae4919f821	/root/cj_build/reference/jdk/src/hotspot/share/gc/z/zPage.inline.hpp:41
IsRouteKnownEmpty	runtime/src/Heap/Allocator/zPage.inline.hpp:288	runtime/src/Heap/z/zPage.inline.hpp:259	994446a0b340ba40af99e96f933fbdc8a83db2aba248459d57f1d7acd4b60be7	/root/cj_build/reference/jdk/src/hotspot/share/gc/z/zPage.inline.hpp:41
GetRouteMarkBitmap	runtime/src/Heap/Allocator/zPage.inline.hpp:304	runtime/src/Heap/z/zPage.inline.hpp:275	b31ec0795db4dd017535b80600f69a3c4cb11e01f873c535655fa90bee169ad3	/root/cj_build/reference/jdk/src/hotspot/share/gc/z/zPage.inline.hpp:41
GetRouteMarkEpoch	runtime/src/Heap/Allocator/zPage.inline.hpp:315	runtime/src/Heap/z/zPage.inline.hpp:286	19666654aa7a0eea33df939e53d91cb441393a5a2455de4c3ea5c3dec07d706b	/root/cj_build/reference/jdk/src/hotspot/share/gc/z/zPage.inline.hpp:41
GetRouteMarkSnapshotEpoch	runtime/src/Heap/Allocator/zPage.inline.hpp:323	runtime/src/Heap/z/zPage.inline.hpp:294	f158091b97ea4e286a69d355d58caf176116b7a12352325afe05f9eded0f2f49	/root/cj_build/reference/jdk/src/hotspot/share/gc/z/zPage.inline.hpp:41
RecomputeRouteBitmapLiveBytes	runtime/src/Heap/Allocator/zPage.inline.hpp:329	runtime/src/Heap/z/zPage.inline.hpp:300	0b20f8e0e30c4bd953aa663581face714625e9c89867a87049f8a24df2596f3b	/root/cj_build/reference/jdk/src/hotspot/share/gc/z/zPage.inline.hpp:41
GetRouteBitmapLiveBytes	runtime/src/Heap/Allocator/zPage.inline.hpp:340	runtime/src/Heap/z/zPage.inline.hpp:311	33c6a9bcf334f356fb7928394a07536879e73ac392bc88c50a0545cf6e3eb0b1	/root/cj_build/reference/jdk/src/hotspot/share/gc/z/zPage.inline.hpp:41
BindLiveInfo0FromLiveIfNull	runtime/src/Heap/Allocator/zPage.inline.hpp:353	runtime/src/Heap/z/zPage.inline.hpp:324	b2948f0399c600c75b8303d63878036d743b1903aa7fa64d830ea300d6de1737	/root/cj_build/reference/jdk/src/hotspot/share/gc/z/zPage.inline.hpp:41
IsRetainedLifeCurrent	runtime/src/Heap/Allocator/zPage.inline.hpp:373	runtime/src/Heap/z/zPage.inline.hpp:344	5defc890f2325d438e0bc508b564148fac454ecae291bded27fd52780ac6d514	/root/cj_build/reference/jdk/src/hotspot/share/gc/z/zPage.inline.hpp:41
GetRetainedLiveInfoState	runtime/src/Heap/Allocator/zPage.inline.hpp:386	runtime/src/Heap/z/zPage.inline.hpp:357	b68ddb0a61b01b271b69dce6833248c29d8c4cb8ea6c9b698a52ec367be35c74	/root/cj_build/reference/jdk/src/hotspot/share/gc/z/zPage.inline.hpp:41
StampRetainedSnapshot	runtime/src/Heap/Allocator/zPage.inline.hpp:400	runtime/src/Heap/z/zPage.inline.hpp:371	9f142985b6445a41d7dac955498249fc1cc2bb4c7c619cac9f30c6681b0cd9a0	/root/cj_build/reference/jdk/src/hotspot/share/gc/z/zPage.inline.hpp:41
<lambda-or-initializer>	runtime/src/Heap/Allocator/zPage.inline.hpp:438	runtime/src/Heap/z/zPage.inline.hpp:409	4718b0eb01d2fc1fb7d6bbae1316f2a4c1b188b5c55afada244d12c8d30ffa65	/root/cj_build/reference/jdk/src/hotspot/share/gc/z/zPage.inline.hpp:41
CaptureRetainedMarkWords	runtime/src/Heap/Allocator/zPage.inline.hpp:406	runtime/src/Heap/z/zPage.inline.hpp:377	27ec5071e9e1c7221da576c58b2cf2f3f929fae134d3abd78479e949edc92f27	/root/cj_build/reference/jdk/src/hotspot/share/gc/z/zPage.inline.hpp:41
RetainedMarkWordsSay	runtime/src/Heap/Allocator/zPage.inline.hpp:453	runtime/src/Heap/z/zPage.inline.hpp:424	9a3848db31eb9d46916607916c64ff9b0d575f7173abc752e9be4b74234b014b	/root/cj_build/reference/jdk/src/hotspot/share/gc/z/zPage.inline.hpp:41
FreeRetainedMarkWords	runtime/src/Heap/Allocator/zPage.inline.hpp:470	runtime/src/Heap/z/zPage.inline.hpp:441	cd047e8d370c897064a1a1097c31b313c67035b7c7576b9ad063f002483806b3	/root/cj_build/reference/jdk/src/hotspot/share/gc/z/zPage.inline.hpp:41
GetRetainedPreserveCount	runtime/src/Heap/Allocator/zPage.inline.hpp:479	runtime/src/Heap/z/zPage.inline.hpp:450	81c8b4b73ac7ee04315a11ace1b689e1977af4b88aa196fe32b2d5d26e5a3382	/root/cj_build/reference/jdk/src/hotspot/share/gc/z/zPage.inline.hpp:41
PreserveRetainedLiveInfo	runtime/src/Heap/Allocator/zPage.inline.hpp:485	runtime/src/Heap/z/zPage.inline.hpp:456	a4e44239578ec32be95fb108cd51cbaf9840934faa4c6b1e20014fe9a5639d23	/root/cj_build/reference/jdk/src/hotspot/share/gc/z/zPage.inline.hpp:41
StampCensusBoundary	runtime/src/Heap/Allocator/zPage.inline.hpp:530	runtime/src/Heap/z/zPage.inline.hpp:501	b99ff125dfdd34f035a1cc5d2b63deb8ee9e71fe8ed76f1c560475d6a9431d48	/root/cj_build/reference/jdk/src/hotspot/share/gc/z/zPage.inline.hpp:41
PreserveRetainedLiveInfoUpTo	runtime/src/Heap/Allocator/zPage.inline.hpp:537	runtime/src/Heap/z/zPage.inline.hpp:508	5543f9a9138b24ff7a4edc903580a23b9580d6dfcd07eedbec3dfb3f2cf8512a	/root/cj_build/reference/jdk/src/hotspot/share/gc/z/zPage.inline.hpp:41
PreserveRetainedLiveInfo	runtime/src/Heap/Allocator/zPage.inline.hpp:575	runtime/src/Heap/z/zPage.inline.hpp:546	17b92c2add0c97cf17a2c56109aa7f7af6354f02b8ee919af1be6ad66f83769b	/root/cj_build/reference/jdk/src/hotspot/share/gc/z/zPage.inline.hpp:41
NoteRetainedPreserve	runtime/src/Heap/Allocator/zPage.inline.hpp:590	runtime/src/Heap/z/zPage.inline.hpp:561	d8b78e624b023792d95e57bbd827858549e7ecae268ec054a435665c23da368d	/root/cj_build/reference/jdk/src/hotspot/share/gc/z/zPage.inline.hpp:41
NoteRetainedClear	runtime/src/Heap/Allocator/zPage.inline.hpp:615	runtime/src/Heap/z/zPage.inline.hpp:586	f1ef3433be038acdb007fb918d0b3b56637a89085521af22609914ee59ed2b2b	/root/cj_build/reference/jdk/src/hotspot/share/gc/z/zPage.inline.hpp:41
IsRetainedSnapshotValid	runtime/src/Heap/Allocator/zPage.inline.hpp:624	runtime/src/Heap/z/zPage.inline.hpp:595	a56d775b9e39bd1933bd741042bcb76460255c3c172699890576af9347caf02d	/root/cj_build/reference/jdk/src/hotspot/share/gc/z/zPage.inline.hpp:41
InitializeLiveInfo	runtime/src/Heap/Allocator/zPage.inline.hpp:643	runtime/src/Heap/z/zPage.inline.hpp:614	e6a3ab51d067e4c1372d80ba158b8a0da3a55db205f577710a0b98b86b71c237	/root/cj_build/reference/jdk/src/hotspot/share/gc/z/zPage.inline.hpp:41
GetMarkBitmap	runtime/src/Heap/Allocator/zPage.inline.hpp:653	runtime/src/Heap/z/zPage.inline.hpp:624	6ea4c6c8c807889b393f1c7f4892d4c8d2dfc4b3b9895435a15153d6142e3c4f	/root/cj_build/reference/jdk/src/hotspot/share/gc/z/zPage.inline.hpp:41
<lambda-or-initializer>	runtime/src/Heap/Allocator/zPage.inline.hpp:679	runtime/src/Heap/z/zPage.inline.hpp:650	4f862dbba45ed01e1f84f0b1a38ecd4783d4847e019c3e8e55663a692d438b4a	/root/cj_build/reference/jdk/src/hotspot/share/gc/z/zPage.inline.hpp:41
GetOrAllocMarkBitmap	runtime/src/Heap/Allocator/zPage.inline.hpp:672	runtime/src/Heap/z/zPage.inline.hpp:643	37ea2d6ebc0e0e0d6b1c2df47f3313ce36df8cb83f69a42de77d99dd4e806386	/root/cj_build/reference/jdk/src/hotspot/share/gc/z/zPage.inline.hpp:41
GetResurrectBitmap	runtime/src/Heap/Allocator/zPage.inline.hpp:705	runtime/src/Heap/z/zPage.inline.hpp:676	5eee161baa97fc7f77d75be6790e14bf1226868e9ee90651721a9188a4233624	/root/cj_build/reference/jdk/src/hotspot/share/gc/z/zPage.inline.hpp:41
GetEnqueueBitmap	runtime/src/Heap/Allocator/zPage.inline.hpp:715	runtime/src/Heap/z/zPage.inline.hpp:686	4c4927b23715accc475c506badb0e8b2bb6e96268868c40c50f89719162014d0	/root/cj_build/reference/jdk/src/hotspot/share/gc/z/zPage.inline.hpp:41
GetMarkedRegionFlag	runtime/src/Heap/Allocator/zPage.inline.hpp:726	runtime/src/Heap/z/zPage.inline.hpp:697	bb3f95d32f2220a75aab238733104fecfbe401de70d9aea98715c7db884b6814	/root/cj_build/reference/jdk/src/hotspot/share/gc/z/zPage.inline.hpp:41
SetMarkedRegionFlag	runtime/src/Heap/Allocator/zPage.inline.hpp:747	runtime/src/Heap/z/zPage.inline.hpp:718	9cad08e5ad3763c2cc109166908dd344fd53a10675134dfc2fa6a79afdd8eb4a	/root/cj_build/reference/jdk/src/hotspot/share/gc/z/zPage.inline.hpp:41
ResetMarkBit	runtime/src/Heap/Allocator/zPage.inline.hpp:762	runtime/src/Heap/z/zPage.inline.hpp:733	3a0de5957559f917e940f225612edfe1447a9257acb54853af2698924a0fff93	/root/cj_build/reference/jdk/src/hotspot/share/gc/z/zPage.inline.hpp:41
<lambda-or-initializer>	runtime/src/Heap/Allocator/zPage.inline.hpp:777	runtime/src/Heap/Allocator/RegionInfo.h:50	9767722de3b93e5d247b9f8139ac5f6dfe2e302832ec0227526079b8f41dc836	ZGC 无独立对应定义；原地保留，归 #228 / A06 / 对应机制包
PageOwnerVerifyCountOnly	runtime/src/Heap/Allocator/zPage.inline.hpp:776	runtime/src/Heap/Allocator/RegionInfo.h:49	e379e0d662eed9379176bdf33e6baa33cc8458ec92a95b6caf5c1511b66fba3c	ZGC 无独立对应定义；原地保留，归 #228 / A06 / 对应机制包
PageOwnerMismatchAttempts	runtime/src/Heap/Allocator/zPage.inline.hpp:785	runtime/src/Heap/Allocator/RegionInfo.h:58	d12c8a6cbb1bbe35acdc63c44c2e2926aeed849594bdda9e6640681898d74797	ZGC 无独立对应定义；原地保留，归 #228 / A06 / 对应机制包
PageOwnerMismatchFirstPaints	runtime/src/Heap/Allocator/zPage.inline.hpp:791	runtime/src/Heap/Allocator/RegionInfo.h:64	d12c8a6cbb1bbe35acdc63c44c2e2926aeed849594bdda9e6640681898d74797	ZGC 无独立对应定义；原地保留，归 #228 / A06 / 对应机制包
ReportPageOwnerVerifyCounts	runtime/src/Heap/Allocator/zPage.inline.hpp:797	runtime/src/Heap/Allocator/RegionInfo.h:70	16abed2dd7306d66e05bb6fb11067fffb30e14f96425b125af28277e01778175	ZGC 无独立对应定义；原地保留，归 #228 / A06 / 对应机制包
atexit	runtime/src/Heap/Allocator/zPage.inline.hpp:808	runtime/src/Heap/Allocator/RegionInfo.h:81	89a72eff4edf859ac5759bb4ea90f11b487000eb78577935a22923a88248f436	ZGC 无独立对应定义；原地保留，归 #228 / A06 / 对应机制包
<lambda-or-initializer>	runtime/src/Heap/Allocator/zPage.inline.hpp:807	runtime/src/Heap/Allocator/RegionInfo.h:80	06ddf9e514fc176ab388c6452c3accf3d71a0b8c81f447f83f06fbaf45613976	ZGC 无独立对应定义；原地保留，归 #228 / A06 / 对应机制包
EnsurePageOwnerVerifyAtexit	runtime/src/Heap/Allocator/zPage.inline.hpp:806	runtime/src/Heap/Allocator/RegionInfo.h:79	24990061eebc198ba3a2fe00a0c05ab6b524f125c657548355da77941e9c6a9e	ZGC 无独立对应定义；原地保留，归 #228 / A06 / 对应机制包
VerifyMarkFaceOwner	runtime/src/Heap/Allocator/zPage.inline.hpp:816	runtime/src/Heap/z/zPage.inline.hpp:758	31fd4ce4d957dd3b492f7c71e31418cc610d5a1d4435bbd6dbe2812e1eb9285e	/root/cj_build/reference/jdk/src/hotspot/share/gc/z/zPage.inline.hpp:41
NotePageOwnerFirstPaint	runtime/src/Heap/Allocator/zPage.inline.hpp:840	runtime/src/Heap/Allocator/RegionInfo.h:89	841cbee597800192b0ce0ec2052746fcd15f98e8b8da73d681897c7735ef68a5	ZGC 无独立对应定义；原地保留，归 #228 / A06 / 对应机制包
MarkLargeObject	runtime/src/Heap/Allocator/zPage.inline.hpp:848	runtime/src/Heap/z/zPage.inline.hpp:783	710afdee1a02836b98f7d03ec77be29108e90c2f6f593924b2ba2f7e5990a8e2	/root/cj_build/reference/jdk/src/hotspot/share/gc/z/zPage.inline.hpp:41
MarkObject	runtime/src/Heap/Allocator/zPage.inline.hpp:870	runtime/src/Heap/z/zPage.inline.hpp:805	e00e8b57965a7165fec253fd496aadf92c34cfcbebedd8146ad0d93aa2c2e88f	/root/cj_build/reference/jdk/src/hotspot/share/gc/z/zPage.inline.hpp:41
MarkObject	runtime/src/Heap/Allocator/zPage.inline.hpp:904	runtime/src/Heap/z/zPage.inline.hpp:839	3645772de0c7e78ef11f7ea493a41b81ca724649aede5cd7bef28a8dd5f4b91f	/root/cj_build/reference/jdk/src/hotspot/share/gc/z/zPage.inline.hpp:41
MarkObjectWithLiveClaim	runtime/src/Heap/Allocator/zPage.inline.hpp:912	runtime/src/Heap/z/zPage.inline.hpp:847	baddcb08a0b4b9b0eca2fa30ca2c3f290d47426fcf182c8c02bd404661f6f74f	/root/cj_build/reference/jdk/src/hotspot/share/gc/z/zPage.inline.hpp:41
MarkObjectByOwner	runtime/src/Heap/Allocator/zPage.inline.hpp:941	runtime/src/Heap/z/zPage.inline.hpp:876	48702071e24e0f1aa60d26b21ecb6ad56dc3296fca67c3393f0c5b1db402dc97	/root/cj_build/reference/jdk/src/hotspot/share/gc/z/zPage.inline.hpp:41
MarkObjectByOwner	runtime/src/Heap/Allocator/zPage.inline.hpp:949	runtime/src/Heap/z/zPage.inline.hpp:884	ae102da597a9892cc9732829667cd82239a7691daee49c993a30f1ad6cf4b84f	/root/cj_build/reference/jdk/src/hotspot/share/gc/z/zPage.inline.hpp:41
MarkObjectByOwnerWithLiveClaim	runtime/src/Heap/Allocator/zPage.inline.hpp:958	runtime/src/Heap/z/zPage.inline.hpp:893	95c220838b8ea4993af220669af51fe3858916d8fc3b6df591bf6562bbe1ad1a	/root/cj_build/reference/jdk/src/hotspot/share/gc/z/zPage.inline.hpp:41
ResurrectObject	runtime/src/Heap/Allocator/zPage.inline.hpp:966	runtime/src/Heap/z/zPage.inline.hpp:901	d6f399a5545e205b9dc23efabe914773527abeb8446059a3bfe1fee366261a78	/root/cj_build/reference/jdk/src/hotspot/share/gc/z/zPage.inline.hpp:41
ResurrectObjectWithLiveClaim	runtime/src/Heap/Allocator/zPage.inline.hpp:973	runtime/src/Heap/z/zPage.inline.hpp:908	7cede23abd68c4d4c3ee53a65aa2fd271d3fbbb22de51af656118f004e91e72e	/root/cj_build/reference/jdk/src/hotspot/share/gc/z/zPage.inline.hpp:41
EnqueueObject	runtime/src/Heap/Allocator/zPage.inline.hpp:995	runtime/src/Heap/z/zPage.inline.hpp:930	e4ac53160821c99945740d2838d83107541bb6d6a1bfdfa18906bd12bfd2ca4a	/root/cj_build/reference/jdk/src/hotspot/share/gc/z/zPage.inline.hpp:41
IsResurrectedObject	runtime/src/Heap/Allocator/zPage.inline.hpp:1028	runtime/src/Heap/z/zPage.inline.hpp:963	b306969daf150750fe54aefbd0343328af41599ddee495434df164fe93ac776d	/root/cj_build/reference/jdk/src/hotspot/share/gc/z/zPage.inline.hpp:41
IsResurrectedObject	runtime/src/Heap/Allocator/zPage.inline.hpp:1038	runtime/src/Heap/z/zPage.inline.hpp:973	8fd8abbfde8848444fdc02e256a2f1404f540959a5974212b45ddb29c8601c12	/root/cj_build/reference/jdk/src/hotspot/share/gc/z/zPage.inline.hpp:41
ReportMarkEpochCounts	runtime/src/Heap/Allocator/zPage.inline.hpp:1047	runtime/src/Heap/Allocator/RegionInfo.h:96	4f89152c04df559eff9d4d9189d08c5d0bc69a7988638d60fc3c8fef71313ffd	ZGC 无独立对应定义；原地保留，归 #228 / A06 / 对应机制包
atexit	runtime/src/Heap/Allocator/zPage.inline.hpp:1058	runtime/src/Heap/Allocator/RegionInfo.h:107	0b111758d0f6c43ade6ad7ef5863a2580b20ba9c06029634750829c2f559f110	ZGC 无独立对应定义；原地保留，归 #228 / A06 / 对应机制包
EnsureMarkEpochAtexit	runtime/src/Heap/Allocator/zPage.inline.hpp:1055	runtime/src/Heap/Allocator/RegionInfo.h:104	87537003c2c1c2b42012478bf0fce0613ac27f8ab89a8cf93144d8c5871bc47d	ZGC 无独立对应定义；原地保留，归 #228 / A06 / 对应机制包
NoteMarkEpochOnRead	runtime/src/Heap/Allocator/zPage.inline.hpp:1064	runtime/src/Heap/z/zPage.inline.hpp:987	7623ccab4886d1ba9b070d1db7f3a319d8b46fbd9dd2431dd4b99c1500a55df7	/root/cj_build/reference/jdk/src/hotspot/share/gc/z/zPage.inline.hpp:41
IsMarkedObject	runtime/src/Heap/Allocator/zPage.inline.hpp:1101	runtime/src/Heap/z/zPage.inline.hpp:1024	e704dcee7c80786cef3c5dba45fc3facea31f6e879e8e11e7f4b507d8b3c3a56	/root/cj_build/reference/jdk/src/hotspot/share/gc/z/zPage.inline.hpp:41
IsMarkedObject	runtime/src/Heap/Allocator/zPage.inline.hpp:1128	runtime/src/Heap/z/zPage.inline.hpp:1051	9370c556fdc6d60708e279c96072f95c2f27c4ee8518d824832e96888ccf052e	/root/cj_build/reference/jdk/src/hotspot/share/gc/z/zPage.inline.hpp:41
IsSurvivedObject	runtime/src/Heap/Allocator/zPage.inline.hpp:1153	runtime/src/Heap/z/zPage.inline.hpp:1076	a18c80a252bfd87d9f30a9953d24be5dc1ff199075fe20162589ca10ea6ccd16	/root/cj_build/reference/jdk/src/hotspot/share/gc/z/zPage.inline.hpp:41
IsEnqueuedObject	runtime/src/Heap/Allocator/zPage.inline.hpp:1186	runtime/src/Heap/z/zPage.inline.hpp:1109	36952aa3e8470df5da088742aa5a7c22bb3ef863fd3b7c98f9b701a57fee28d7	/root/cj_build/reference/jdk/src/hotspot/share/gc/z/zPage.inline.hpp:41
GetAddressOffset	runtime/src/Heap/Allocator/zPage.inline.hpp:1195	runtime/src/Heap/z/zPage.inline.hpp:1118	74f4eece5beea245f6f86dbb9ca5eabc7e00e2b8284c69c9942ade2998f60dc9	/root/cj_build/reference/jdk/src/hotspot/share/gc/z/zPage.inline.hpp:41
RetirePage	runtime/src/Heap/Allocator/zPage.inline.hpp:1201	runtime/src/Heap/z/zPage.inline.hpp:1124	4b0dffa835692d1001e3f84932b11c56dd3e86f909f259b79a275cd91e797637	/root/cj_build/reference/jdk/src/hotspot/share/gc/z/zPage.inline.hpp:41
IndexedUnitCount	runtime/src/Heap/Allocator/zPage.inline.hpp:1221	runtime/src/Heap/z/zPage.inline.hpp:1144	01d1c24ade86151b3f585fbe8db2e7c52c7a48764dbdc992dd9a4b1613a00a89	/root/cj_build/reference/jdk/src/hotspot/share/gc/z/zPage.inline.hpp:41
InitializeSegments	runtime/src/Heap/Allocator/zPage.inline.hpp:1238	runtime/src/Heap/z/zPage.inline.hpp:1161	6383f3f082329f28a74089308e00b097688450aca3f3fbd9a2694a165b18b3e0	/root/cj_build/reference/jdk/src/hotspot/share/gc/z/zPage.inline.hpp:41
upper_bound	runtime/src/Heap/Allocator/zPage.inline.hpp:1275	runtime/src/Heap/z/zPage.inline.hpp:1198	0ea75651c4d203a5437dfe24204ed193df91bb7414f82e21028d075a72d2b2ac	/root/cj_build/reference/jdk/src/hotspot/share/gc/z/zPage.inline.hpp:41
FindUnitIndex	runtime/src/Heap/Allocator/zPage.inline.hpp:1273	runtime/src/Heap/z/zPage.inline.hpp:1196	4f158a3f3f24d748c792b61095be00019fe20620632ea0519b55b1d7d9c2f835	/root/cj_build/reference/jdk/src/hotspot/share/gc/z/zPage.inline.hpp:41
ContainsUnitRange	runtime/src/Heap/Allocator/zPage.inline.hpp:1285	runtime/src/Heap/z/zPage.inline.hpp:1208	68be632407a138bd8d9d84e0b28c6210ba8a5a006c97c47058861ff42f0bcc26	/root/cj_build/reference/jdk/src/hotspot/share/gc/z/zPage.inline.hpp:41
VisitPageOwners	runtime/src/Heap/Allocator/zPage.inline.hpp:1295	runtime/src/Heap/z/zPage.inline.hpp:1218	bbe1483b8b4d86133cc587cd989c7d77cf01e5799ac41705a3431a9946082d57	/root/cj_build/reference/jdk/src/hotspot/share/gc/z/zPage.inline.hpp:41
TryGetRegionInfoAt	runtime/src/Heap/Allocator/zPage.inline.hpp:1303	runtime/src/Heap/z/zPage.inline.hpp:1226	0c5508ba926cf595047e1f8078e2285437792c1d0c38c901995f6b8fa90025ca	/root/cj_build/reference/jdk/src/hotspot/share/gc/z/zPage.inline.hpp:41
GetRegionInfoAt	runtime/src/Heap/Allocator/zPage.inline.hpp:1309	runtime/src/Heap/z/zPage.inline.hpp:1232	68541bbee724cef67730cb3db1331e09e2cc9cb5be46fbfe0103597e1edf6029	/root/cj_build/reference/jdk/src/hotspot/share/gc/z/zPage.inline.hpp:41
GetGhostFromRegionAt	runtime/src/Heap/Allocator/zPage.inline.hpp:1316	runtime/src/Heap/z/zPage.inline.hpp:1239	fe0d9d5bc1659796392879efce4e9cfe5f60f02884e7e2dfd6aded40b232d8b4	/root/cj_build/reference/jdk/src/hotspot/share/gc/z/zPage.inline.hpp:41
InitFreeRegion	runtime/src/Heap/Allocator/zPage.inline.hpp:1340	runtime/src/Heap/z/zPage.inline.hpp:1263	2cd756d3b92dc791ac0c2080cd996bfffac8d7b85f4eb8bb30841439e4f5ee69	/root/cj_build/reference/jdk/src/hotspot/share/gc/z/zPage.inline.hpp:41
InitRegion	runtime/src/Heap/Allocator/zPage.inline.hpp:1346	runtime/src/Heap/z/zPage.inline.hpp:1269	26063da2659bca1ba08aedfdb77ac8cb307eaa0d1fadbd61b5e8c992c9b50801	/root/cj_build/reference/jdk/src/hotspot/share/gc/z/zPage.inline.hpp:41
InitRegionAt	runtime/src/Heap/Allocator/zPage.inline.hpp:1353	runtime/src/Heap/z/zPage.inline.hpp:1276	fdb39495aaa3d13425e50703280674da418ec2f466cf8d4b9402c6a9a2168395	/root/cj_build/reference/jdk/src/hotspot/share/gc/z/zPage.inline.hpp:41
WaitCopiedBeforePayloadWipe	runtime/src/Heap/Allocator/zPage.inline.hpp:1359	runtime/src/Heap/z/zPage.inline.hpp:1282	e99dc11e06079e709223277b542689ffb0b6a926cc9ff355ad16406a07b0e5db	/root/cj_build/reference/jdk/src/hotspot/share/gc/z/zPage.inline.hpp:41
ClearUnits	runtime/src/Heap/Allocator/zPage.inline.hpp:1369	runtime/src/Heap/z/zPage.inline.hpp:1292	8a3232e4e26b11b14a9fe23d8de14cf9b7219b06bd2b0b7a6e3f500a1e115217	/root/cj_build/reference/jdk/src/hotspot/share/gc/z/zPage.inline.hpp:41
CommitUnits	runtime/src/Heap/Allocator/zPage.inline.hpp:1386	runtime/src/Heap/z/zPage.inline.hpp:1309	68212aafa022e0e4199916b0baca90abae0ea67981c047166566fb77c751c088	/root/cj_build/reference/jdk/src/hotspot/share/gc/z/zPage.inline.hpp:41
GetCommittedUnitBytes	runtime/src/Heap/Allocator/zPage.inline.hpp:1395	runtime/src/Heap/z/zPage.inline.hpp:1318	ddab9d0a7812920e037a90a208e2199a9d80704a1dbea6a4e3adfeda0993b387	/root/cj_build/reference/jdk/src/hotspot/share/gc/z/zPage.inline.hpp:41
ReleaseUnits	runtime/src/Heap/Allocator/zPage.inline.hpp:1401	runtime/src/Heap/z/zPage.inline.hpp:1324	40989d69ac94ac96882ef7a98034049db71f61fdb99743339db3a7c3e7fea334	/root/cj_build/reference/jdk/src/hotspot/share/gc/z/zPage.inline.hpp:41
PublishUnitsRelease	runtime/src/Heap/Allocator/zPage.inline.hpp:1408	runtime/src/Heap/z/zPage.inline.hpp:1331	b125624efc52ca62bd41f47c3bc4eeaa38bafd6bc732082c8074f99323d6630a	/root/cj_build/reference/jdk/src/hotspot/share/gc/z/zPage.inline.hpp:41
if	runtime/src/Heap/Allocator/zPage.inline.hpp:1427	runtime/src/Heap/z/zPage.inline.hpp:1350	f10d89a7a1d7b23c0f9ead10a0cd97125b80c3d566f55be3f7c4204ff6716e9f	/root/cj_build/reference/jdk/src/hotspot/share/gc/z/zPage.inline.hpp:41
ReleaseUnitsPartialImpl	runtime/src/Heap/Allocator/zPage.inline.hpp:1414	runtime/src/Heap/z/zPage.inline.hpp:1337	94b35d0d4e85a9572534f27332e96c262528d008d622f6e48c6a1893efaceb89	/root/cj_build/reference/jdk/src/hotspot/share/gc/z/zPage.inline.hpp:41
IsEmpty	runtime/src/Heap/Allocator/zPage.inline.hpp:1435	runtime/src/Heap/z/zPage.inline.hpp:1358	5a7cf35f1279ea982e5e07a0ef8073c95d46ead10622c799425bbfa6e607e222	/root/cj_build/reference/jdk/src/hotspot/share/gc/z/zPage.inline.hpp:41
GetRegionSize	runtime/src/Heap/Allocator/zPage.inline.hpp:1441	runtime/src/Heap/z/zPage.inline.hpp:1364	fb5d8dc264ec1f9704f861149a05d3cab22fbe79b9687cbd6d9db21b85af4b66	/root/cj_build/reference/jdk/src/hotspot/share/gc/z/zPage.inline.hpp:41
GetRegionSizeForDetachCheck	runtime/src/Heap/Allocator/zPage.inline.hpp:1448	runtime/src/Heap/z/zPage.inline.hpp:1371	0b2e92ff66ee37e72727237e1373038e23b04f7971cb2b8e28bb86c3ae2f705a	/root/cj_build/reference/jdk/src/hotspot/share/gc/z/zPage.inline.hpp:41
GetGhostRegionSize	runtime/src/Heap/Allocator/zPage.inline.hpp:1455	runtime/src/Heap/z/zPage.inline.hpp:1378	9fce5408935a8b4f93edc2d6220ce663a432b6158f8a452006b52afeb2f4fee8	/root/cj_build/reference/jdk/src/hotspot/share/gc/z/zPage.inline.hpp:41
GetAvailableSize	runtime/src/Heap/Allocator/zPage.inline.hpp:1464	runtime/src/Heap/z/zPage.inline.hpp:1387	6590db00fe79b1ae9daf982996139a3bba14e01b564bc6bf99c1fad99d8ff234	/root/cj_build/reference/jdk/src/hotspot/share/gc/z/zPage.inline.hpp:41
GetLiveStartBitmap	runtime/src/Heap/Allocator/zPage.inline.hpp:1470	runtime/src/Heap/z/zPage.inline.hpp:1393	45f48199dc863a02fd2f68ca545400877dc646a8e608cbb3bba8d38b08be43b2	/root/cj_build/reference/jdk/src/hotspot/share/gc/z/zPage.inline.hpp:41
<lambda-or-initializer>	runtime/src/Heap/Allocator/zPage.inline.hpp:1503	runtime/src/Heap/z/zPage.inline.hpp:1426	e53cca51e1b0e9abf4af18310b138aca25c54ad5a4e464818f8d432261df543a	/root/cj_build/reference/jdk/src/hotspot/share/gc/z/zPage.inline.hpp:41
FindLiveObjectStart	runtime/src/Heap/Allocator/zPage.inline.hpp:1479	runtime/src/Heap/z/zPage.inline.hpp:1402	3e91dac7ba03d6a14ae605f9c2fb48d21ed43bee61e4c27d463a17a43dfd943a	/root/cj_build/reference/jdk/src/hotspot/share/gc/z/zPage.inline.hpp:41
fromPageLargeMarked	runtime/src/Heap/Allocator/zPage.inline.hpp:1515	runtime/src/Heap/z/zPage.inline.hpp:1438	2ade241a16f593a8b00fcde24ab1f8d4d6c02536d61335deb10202f1dda9df96	/root/cj_build/reference/jdk/src/hotspot/share/gc/z/zPage.inline.hpp:41
<lambda-or-initializer>	runtime/src/Heap/Allocator/zPage.inline.hpp:1542	runtime/src/Heap/z/zPage.inline.hpp:1465	67bfaf0de1c9c6b9309e110592c71940d91addb7bcd65fd6f17dde83f281ecea	/root/cj_build/reference/jdk/src/hotspot/share/gc/z/zPage.inline.hpp:41
CollectLiveObjectStarts	runtime/src/Heap/Allocator/zPage.inline.hpp:1521	runtime/src/Heap/z/zPage.inline.hpp:1444	0698c85cc5999fe3680d713053326365f35a77a066db5e298269e0b9170d7c0b	/root/cj_build/reference/jdk/src/hotspot/share/gc/z/zPage.inline.hpp:41
<lambda-or-initializer>	runtime/src/Heap/Allocator/zPage.inline.hpp:1555	runtime/src/Heap/z/zPage.inline.hpp:1478	fee5a34322526ad7b0ef578c8e19b5d82d64d0b21902ad12886a39662d8e454e	/root/cj_build/reference/jdk/src/hotspot/share/gc/z/zPage.inline.hpp:41
InitFreeUnits	runtime/src/Heap/Allocator/zPage.inline.hpp:1550	runtime/src/Heap/z/zPage.inline.hpp:1473	e2ba5196102868c971cffd311e215ac42b0d46c1cff785faa05871ce6bb904eb	/root/cj_build/reference/jdk/src/hotspot/share/gc/z/zPage.inline.hpp:41
AdmitForRoute	runtime/src/Heap/Allocator/zPage.inline.hpp:1561	runtime/src/Heap/z/zPage.inline.hpp:1484	e172f652b4b8fdcc7b522704f9e67b4aa4462a9be29b37dfdd5c44263fcabcd2	/root/cj_build/reference/jdk/src/hotspot/share/gc/z/zPage.inline.hpp:41
GetRoute	runtime/src/Heap/Allocator/zPage.inline.hpp:1597	runtime/src/Heap/z/zPage.inline.hpp:1520	357acc96b10003a1c690b7947e74ff918321f075a32de5212428c351f29cd4ce	/root/cj_build/reference/jdk/src/hotspot/share/gc/z/zPage.inline.hpp:41
FreeCompactRouteTable	runtime/src/Heap/Allocator/zPage.inline.hpp:1609	runtime/src/Heap/z/zPage.inline.hpp:1532	b14e9a1cc99d3e87772f887a412b492f4cc39b3b4ee1426f1db283619975e07c	/root/cj_build/reference/jdk/src/hotspot/share/gc/z/zPage.inline.hpp:41
EnsureCompactRouteTable	runtime/src/Heap/Allocator/zPage.inline.hpp:1618	runtime/src/Heap/z/zPage.inline.hpp:1541	d1ce4aaa26432938142331e05b99aa704bcaeb00bb345fc644ba1aa96c18ecce	/root/cj_build/reference/jdk/src/hotspot/share/gc/z/zPage.inline.hpp:41
RecordCompactRoute	runtime/src/Heap/Allocator/zPage.inline.hpp:1630	runtime/src/Heap/z/zPage.inline.hpp:1553	b26546bd2ab61ce6235b46587281a36b64e6a21a98d95232656bc300d791b6d5	/root/cj_build/reference/jdk/src/hotspot/share/gc/z/zPage.inline.hpp:41
EnsureRouteStartTable	runtime/src/Heap/Allocator/zPage.inline.hpp:1639	runtime/src/Heap/z/zPage.inline.hpp:1562	09a1db840764e756ce46893d4567726c52d1d29856c4f1f5ae4a5f37fbb6599e	/root/cj_build/reference/jdk/src/hotspot/share/gc/z/zPage.inline.hpp:41
RecordRouteStart	runtime/src/Heap/Allocator/zPage.inline.hpp:1651	runtime/src/Heap/z/zPage.inline.hpp:1574	fae1f9b5f175371afa8662c4f2d7f00ed4535ad544bdaa825900ad4cec323abf	/root/cj_build/reference/jdk/src/hotspot/share/gc/z/zPage.inline.hpp:41
ResetRouteStartTable	runtime/src/Heap/Allocator/zPage.inline.hpp:1659	runtime/src/Heap/z/zPage.inline.hpp:1582	6a6619ddc74ba705672250e64fcf5ae5d5bb20a4ca9185e6e37ad0e154b0648f	/root/cj_build/reference/jdk/src/hotspot/share/gc/z/zPage.inline.hpp:41
FreeRouteStartTable	runtime/src/Heap/Allocator/zPage.inline.hpp:1667	runtime/src/Heap/z/zPage.inline.hpp:1590	0729746c8438bf4c18a3170a5ff7e00f25824ac070e22655dc3a99f541725e46	/root/cj_build/reference/jdk/src/hotspot/share/gc/z/zPage.inline.hpp:41
LookupCompactRoute	runtime/src/Heap/Allocator/zPage.inline.hpp:1674	runtime/src/Heap/z/zPage.inline.hpp:1597	f47cb913cb8121c4b15ff343487d82fca7907efb5853602d02c65750c022ddef	/root/cj_build/reference/jdk/src/hotspot/share/gc/z/zPage.inline.hpp:41
any_of	runtime/src/Heap/Allocator/zPage.inline.hpp:1694	runtime/src/Heap/z/zPage.inline.hpp:1617	b293b149710400c5c6a932718800875caeba39b9102283840007d13c98591b07	/root/cj_build/reference/jdk/src/hotspot/share/gc/z/zPage.inline.hpp:41
IsCompactRouteDestination	runtime/src/Heap/Allocator/zPage.inline.hpp:1683	runtime/src/Heap/z/zPage.inline.hpp:1606	fe3bccfec087d86fbc74525bc3d10a2c5d6235eaaafb3e2710ef2445e0001e79	/root/cj_build/reference/jdk/src/hotspot/share/gc/z/zPage.inline.hpp:41
AdvanceCompactRouteTableGracePeriod	runtime/src/Heap/Allocator/zPage.inline.hpp:1698	runtime/src/Heap/z/zPage.inline.hpp:1621	55705dd6efdddaeff6a6cb31255f101256fda3f614028fcf623ebc4725763b85	/root/cj_build/reference/jdk/src/hotspot/share/gc/z/zPage.inline.hpp:41
GetRouteForProbe	runtime/src/Heap/Allocator/zPage.inline.hpp:1721	runtime/src/Heap/Allocator/RegionInfo.h:112	89f8e98fc79d4c670653bef65a93672a8224ab7225ba933077c2d5c0e1fed4eb	ZGC 无独立对应定义；原地保留，归 #228 / A06 / 对应机制包
PublishFromPageMetadata	runtime/src/Heap/Allocator/zPage.inline.hpp:1731	runtime/src/Heap/z/zPage.inline.hpp:1647	652c005f1cef7e4eb8347f8a16d5b3b1f305dfb9e712cbcedc724d0a420f43cc	/root/cj_build/reference/jdk/src/hotspot/share/gc/z/zPage.inline.hpp:41
<lambda-or-initializer>	runtime/src/Heap/Allocator/zPage.inline.hpp:1762	runtime/src/Heap/z/zPage.inline.hpp:1678	5ae9b7a1d01d43842b27c42d6c545833e2f1d94e25199f04c560577195d86483	/root/cj_build/reference/jdk/src/hotspot/share/gc/z/zPage.inline.hpp:41
PublishForwardingCarrier	runtime/src/Heap/Allocator/zPage.inline.hpp:1745	runtime/src/Heap/z/zPage.inline.hpp:1661	02b790fdd6719aaf4bb6f3c7fd5c5c78613b6bddcae2ca6c74e558cc0fbf3f3e	/root/cj_build/reference/jdk/src/hotspot/share/gc/z/zPage.inline.hpp:41
VisitLiveObjectsUntilFalse	runtime/src/Heap/Allocator/zPage.inline.hpp:1821	runtime/src/Heap/z/zPage.inline.hpp:1737	cbb32c9ba15943a08970b3f2be219b7a04d65144ce6b513208cdee487091d7a6	/root/cj_build/reference/jdk/src/hotspot/share/gc/z/zPage.inline.hpp:41
PrepareForwardableRegion	runtime/src/Heap/Allocator/zPage.inline.hpp:1775	runtime/src/Heap/z/zPage.inline.hpp:1691	80120bb787f56dbd623332edf8940f1c20c28014600d4e8b4ea7d871ea07c115	/root/cj_build/reference/jdk/src/hotspot/share/gc/z/zPage.inline.hpp:41
<lambda-or-initializer>	runtime/src/Heap/Allocator/zPage.inline.hpp:1836	runtime/src/Heap/z/zPage.inline.hpp:1752	cabfbc6beb48338b4fa43643b3e3203a0c3c3095182ebfe026faf79dcf0f2861	/root/cj_build/reference/jdk/src/hotspot/share/gc/z/zPage.inline.hpp:41
ClearGhostRegionBit	runtime/src/Heap/Allocator/zPage.inline.hpp:1828	runtime/src/Heap/z/zPage.inline.hpp:1744	239b7fccc28f99a20ac2a8ad13893f069a198a34607e16f2c2112335c4a42d7d	/root/cj_build/reference/jdk/src/hotspot/share/gc/z/zPage.inline.hpp:41
<lambda-or-initializer>	runtime/src/Heap/Allocator/zPage.inline.hpp:1847	runtime/src/Heap/z/zPage.inline.hpp:1763	06417c79f08053bf1316765e812b82f9be23f8c27469f1f5bfc4acfbac9606ac	/root/cj_build/reference/jdk/src/hotspot/share/gc/z/zPage.inline.hpp:41
ClearGhostFromRegionBits	runtime/src/Heap/Allocator/zPage.inline.hpp:1843	runtime/src/Heap/z/zPage.inline.hpp:1759	1f170d589c1114d7846ae51e4f7d0dd9517c3ecd373eb3aecb4b78c001c0ba73	/root/cj_build/reference/jdk/src/hotspot/share/gc/z/zPage.inline.hpp:41
DispelGhostFromRegion	runtime/src/Heap/Allocator/zPage.inline.hpp:1853	runtime/src/Heap/z/zPage.inline.hpp:1769	6707501deb782a3bd1742ffca210d80efc12d50f10561be9d743bac199931511	/root/cj_build/reference/jdk/src/hotspot/share/gc/z/zPage.inline.hpp:41
IsGhostFromRegion	runtime/src/Heap/Allocator/zPage.inline.hpp:1889	runtime/src/Heap/z/zPage.inline.hpp:1805	f70200b7f2336ce967e8deebf3cbe68268099b471ccc99854d0aacbf185c3eb0	/root/cj_build/reference/jdk/src/hotspot/share/gc/z/zPage.inline.hpp:41
<lambda-or-initializer>	runtime/src/Heap/Allocator/zPage.inline.hpp:1902	runtime/src/Heap/z/zPage.inline.hpp:1818	0901c9672115e97157ef7e4348d295f775841ce9e08f590f79e0f323976c6071	/root/cj_build/reference/jdk/src/hotspot/share/gc/z/zPage.inline.hpp:41
AssertGhostClearedAfterReuse	runtime/src/Heap/Allocator/zPage.inline.hpp:1899	runtime/src/Heap/z/zPage.inline.hpp:1815	1c9cf530b5669d3fb82a6a4cac13cebcb05cb8db7fbd56d9ce4dc34a476af8a4	/root/cj_build/reference/jdk/src/hotspot/share/gc/z/zPage.inline.hpp:41
ClearLiveInfo	runtime/src/Heap/Allocator/zPage.inline.hpp:1910	runtime/src/Heap/z/zPage.inline.hpp:1826	42b69061632cde0c89f56f688312616022fc86a374763b2ef7a240c0c0a2defa	/root/cj_build/reference/jdk/src/hotspot/share/gc/z/zPage.inline.hpp:41
RetainForwarding	runtime/src/Heap/Allocator/zPage.inline.hpp:1943	runtime/src/Heap/z/zPage.inline.hpp:1859	3e59502be37b0ebdfb213a33f118a96db330bb3a97e884a35a156087a764bd76	/root/cj_build/reference/jdk/src/hotspot/share/gc/z/zPage.inline.hpp:41
ReleaseForwarding	runtime/src/Heap/Allocator/zPage.inline.hpp:1949	runtime/src/Heap/z/zPage.inline.hpp:1865	5e753a5d48d6d9b69c2791655be55dab49eaeb379c0ad0640c59d4d6721bf2d0	/root/cj_build/reference/jdk/src/hotspot/share/gc/z/zPage.inline.hpp:41
ClaimForwarding	runtime/src/Heap/Allocator/zPage.inline.hpp:1956	runtime/src/Heap/z/zPage.inline.hpp:1872	aa82ea3e89455432b34cf94764c39ae75465614d6914aaa759b13a45434cf2e5	/root/cj_build/reference/jdk/src/hotspot/share/gc/z/zPage.inline.hpp:41
MarkForwardingDone	runtime/src/Heap/Allocator/zPage.inline.hpp:1962	runtime/src/Heap/z/zPage.inline.hpp:1878	3f1790a932c95c6d0d749ebdc29a54519d3d8b98352d4988675582cd1a451942	/root/cj_build/reference/jdk/src/hotspot/share/gc/z/zPage.inline.hpp:41
IsForwardingDone	runtime/src/Heap/Allocator/zPage.inline.hpp:1968	runtime/src/Heap/z/zPage.inline.hpp:1884	2924d07708275fdfcb613b82b9366f57e7115145527f5603e0cd3ab0035e3061	/root/cj_build/reference/jdk/src/hotspot/share/gc/z/zPage.inline.hpp:41
IsForwardingFaceCurrent	runtime/src/Heap/Allocator/zPage.inline.hpp:1974	runtime/src/Heap/z/zPage.inline.hpp:1890	34f9c471dfac51485110c96e089e8d060f03b257a7287e3438659a96a7ac3fbf	/root/cj_build/reference/jdk/src/hotspot/share/gc/z/zPage.inline.hpp:41
IsForwardingFaceReset	runtime/src/Heap/Allocator/zPage.inline.hpp:1998	runtime/src/Heap/z/zPage.inline.hpp:1914	78824f5163807d93cb037ae029ce3a57a3064a23644c5c20251fca42c767fc1c	/root/cj_build/reference/jdk/src/hotspot/share/gc/z/zPage.inline.hpp:41
ClearCurrentMarkFace	runtime/src/Heap/Allocator/zPage.inline.hpp:2004	runtime/src/Heap/z/zPage.inline.hpp:1920	13ceb8054fd021f201c242baaca7d6a049c1d015365b9ab8c6e76ade829688fb	/root/cj_build/reference/jdk/src/hotspot/share/gc/z/zPage.inline.hpp:41
IsCurrentFacePublished	runtime/src/Heap/Allocator/zPage.inline.hpp:2012	runtime/src/Heap/z/zPage.inline.hpp:1928	7087e5728725bb0e2bd2181923ca60ae32657bcca7c192fd6faf8be289f99c0d	/root/cj_build/reference/jdk/src/hotspot/share/gc/z/zPage.inline.hpp:41
ForwardingRefCount	runtime/src/Heap/Allocator/zPage.inline.hpp:2020	runtime/src/Heap/z/zPage.inline.hpp:1936	977c797cccf88c9649bad7e2813a808e88d225ec5e6f262b64fe8ecfbbb5fff7	/root/cj_build/reference/jdk/src/hotspot/share/gc/z/zPage.inline.hpp:41
ForwardingClaimed	runtime/src/Heap/Allocator/zPage.inline.hpp:2026	runtime/src/Heap/z/zPage.inline.hpp:1942	81af867a0df7573a1eef29007b2637e8e974aa736d6b4c02e73b3fbb68377646	/root/cj_build/reference/jdk/src/hotspot/share/gc/z/zPage.inline.hpp:41
SetRegionType	runtime/src/Heap/Allocator/zPage.inline.hpp:2032	runtime/src/Heap/z/zPage.inline.hpp:1948	272bc1ea881a074b45fbd2cba7fc0d75d1d4c69374d7cec538e037199cf99307	/root/cj_build/reference/jdk/src/hotspot/share/gc/z/zPage.inline.hpp:41
SetTraceRegionFlag	runtime/src/Heap/Allocator/zPage.inline.hpp:2038	runtime/src/Heap/z/zPage.inline.hpp:1954	07a190c2088686f1bdb35a2915fe58549a439b5dc4511260b3887def19c60e7a	/root/cj_build/reference/jdk/src/hotspot/share/gc/z/zPage.inline.hpp:41
SetRouteDestHold	runtime/src/Heap/Allocator/zPage.inline.hpp:2052	runtime/src/Heap/z/zPage.inline.hpp:1968	4a879656db186080ea02367352e916bf1ccc55ed69027747ec378d20d3026e45	/root/cj_build/reference/jdk/src/hotspot/share/gc/z/zPage.inline.hpp:41
SetInGhostRegion	runtime/src/Heap/Allocator/zPage.inline.hpp:2059	runtime/src/Heap/z/zPage.inline.hpp:1975	4b195821622233b42fee80ed1c5b8de672574f4a7a5b1c74a8e104817f93ef59	/root/cj_build/reference/jdk/src/hotspot/share/gc/z/zPage.inline.hpp:41
PromoteYoungRegion	runtime/src/Heap/Allocator/zPage.inline.hpp:2068	runtime/src/Heap/z/zPage.inline.hpp:1984	c111f3e2b5166b1dda8703f475d9dc7eee7e0eb61e12a8470377869c6864a996	/root/cj_build/reference/jdk/src/hotspot/share/gc/z/zPage.inline.hpp:41
SetYoungAge	runtime/src/Heap/Allocator/zPage.inline.hpp:2086	runtime/src/Heap/z/zPage.inline.hpp:2002	1c508c81ae5281b03cd3bd01811b32d00da1c7eee677e8b8b049f91d827d693a	/root/cj_build/reference/jdk/src/hotspot/share/gc/z/zPage.inline.hpp:41
GetYoungAge	runtime/src/Heap/Allocator/zPage.inline.hpp:2092	runtime/src/Heap/z/zPage.inline.hpp:2008	d4f54dd9105c7acd448d1f8d7f0d69b4b33e0f04cbccb357993172731f2b5313	/root/cj_build/reference/jdk/src/hotspot/share/gc/z/zPage.inline.hpp:41
GetRegionType	runtime/src/Heap/Allocator/zPage.inline.hpp:2099	runtime/src/Heap/z/zPage.inline.hpp:2015	3d0541346f69d1d28d7b734d3a958e0c237c0ccbaa96a5173e6e05736ec84e4d	/root/cj_build/reference/jdk/src/hotspot/share/gc/z/zPage.inline.hpp:41
AllocatedAfterMarkStart	runtime/src/Heap/Allocator/zPage.inline.hpp:2105	runtime/src/Heap/z/zPage.inline.hpp:2021	f25a4366ed1a3fbb5eb625e933d0c8658cef6edacab88fab4d1848bb1d7d2d60	/root/cj_build/reference/jdk/src/hotspot/share/gc/z/zPage.inline.hpp:41
HasMarkStartAllocGap	runtime/src/Heap/Allocator/zPage.inline.hpp:2118	runtime/src/Heap/z/zPage.inline.hpp:2034	53c127e0c8f52f74213145afd0ec09a4b76d263d1e59b359778ae78f7ece4155	/root/cj_build/reference/jdk/src/hotspot/share/gc/z/zPage.inline.hpp:41
IncRawPointerObjectCount	runtime/src/Heap/Allocator/zPage.inline.hpp:2127	runtime/src/Heap/z/zPage.inline.hpp:2043	74a01b65d2ecbb096e47cfcec33f6d7775764bbe50cb779988d2a4aa65da21e3	/root/cj_build/reference/jdk/src/hotspot/share/gc/z/zPage.inline.hpp:41
DecRawPointerObjectCount	runtime/src/Heap/Allocator/zPage.inline.hpp:2135	runtime/src/Heap/z/zPage.inline.hpp:2051	c3d17706be54e92c226b44c9de6f3d70d5228e3238efc7072a71dc7ae9a01c6e	/root/cj_build/reference/jdk/src/hotspot/share/gc/z/zPage.inline.hpp:41
CompareAndSwapRawPointerObjectCount	runtime/src/Heap/Allocator/zPage.inline.hpp:2142	runtime/src/Heap/z/zPage.inline.hpp:2058	0ed3635b3edecc33d04b098e5206734414577464a2b64a7e6ebaeda5c7976976	/root/cj_build/reference/jdk/src/hotspot/share/gc/z/zPage.inline.hpp:41
Alloc	runtime/src/Heap/Allocator/zPage.inline.hpp:2148	runtime/src/Heap/z/zPage.inline.hpp:2064	176b6233c0134e1690fe5c8e24689067f02103842de24dbbc61b8fdec757d761	/root/cj_build/reference/jdk/src/hotspot/share/gc/z/zPage.inline.hpp:41
<lambda-or-initializer>	runtime/src/Heap/Allocator/zPage.inline.hpp:2165	runtime/src/Heap/z/zPage.inline.hpp:2081	9dbb0a48b4827e05bcb8d50098935785a321a6c0f75977f6f2be6233fa5c74c7	/root/cj_build/reference/jdk/src/hotspot/share/gc/z/zPage.inline.hpp:41
AtomicAlloc	runtime/src/Heap/Allocator/zPage.inline.hpp:2160	runtime/src/Heap/z/zPage.inline.hpp:2076	39e4e5cb2801e999f224881135e3fcca33aceb9acc0174f8872959a8589753f5	/root/cj_build/reference/jdk/src/hotspot/share/gc/z/zPage.inline.hpp:41
UndoAllocObjectAtomic	runtime/src/Heap/Allocator/zPage.inline.hpp:2178	runtime/src/Heap/z/zPage.inline.hpp:2094	32f821ddf0eeeb15497191dcef0a49adca76f80a542d077d696e261f9674c67a	/root/cj_build/reference/jdk/src/hotspot/share/gc/z/zPage.inline.hpp:41
IsPinnedRegion	runtime/src/Heap/Allocator/zPage.inline.hpp:2185	runtime/src/Heap/z/zPage.inline.hpp:2101	e784b21945c145eb367c57eb85b9fc43f52c69e9b7d5fe0e3b2939217b77f645	/root/cj_build/reference/jdk/src/hotspot/share/gc/z/zPage.inline.hpp:41
GetPrevRegion	runtime/src/Heap/Allocator/zPage.inline.hpp:2191	runtime/src/Heap/z/zPage.inline.hpp:2107	be6a48d6ac98809ecdc4335ecbef341a2af0320df1be02002b3a81086d94ea17	/root/cj_build/reference/jdk/src/hotspot/share/gc/z/zPage.inline.hpp:41
SetPrevRegion	runtime/src/Heap/Allocator/zPage.inline.hpp:2199	runtime/src/Heap/z/zPage.inline.hpp:2115	0932650675013801d0949d795b60725d3cd5afa7c0f94f4b22188498d9a06950	/root/cj_build/reference/jdk/src/hotspot/share/gc/z/zPage.inline.hpp:41
GetNextRegion	runtime/src/Heap/Allocator/zPage.inline.hpp:2210	runtime/src/Heap/z/zPage.inline.hpp:2126	40b80d422607264bdf30fc7eb030ce4d2dff2cf5a1df5f6ec9eb2c3740bdaac4	/root/cj_build/reference/jdk/src/hotspot/share/gc/z/zPage.inline.hpp:41
GetNextGhostRegion	runtime/src/Heap/Allocator/zPage.inline.hpp:2219	runtime/src/Heap/z/zPage.inline.hpp:2135	075ec4da31afe07aeaf02d724c7e84ad338f057441f2173f56befb556dddc6aa	/root/cj_build/reference/jdk/src/hotspot/share/gc/z/zPage.inline.hpp:41
SetNextRegion	runtime/src/Heap/Allocator/zPage.inline.hpp:2228	runtime/src/Heap/z/zPage.inline.hpp:2144	fd5aa6ef0e2c0fafc486a17520d6496e1d683503df3176ad7f2d8ed7da04dd85	/root/cj_build/reference/jdk/src/hotspot/share/gc/z/zPage.inline.hpp:41
IsUnmovableFromRegion	runtime/src/Heap/Allocator/zPage.inline.hpp:2239	runtime/src/Heap/z/zPage.inline.hpp:2155	b4019b275605f11167445c1d0f204dbe50596924edb9edabcf31e338663b3a3c	/root/cj_build/reference/jdk/src/hotspot/share/gc/z/zPage.inline.hpp:41
IsValidRegion	runtime/src/Heap/Allocator/zPage.inline.hpp:2245	runtime/src/Heap/z/zPage.inline.hpp:2161	fbe6332b8b0489fbd5fa408a09ab6d7ae3f94999980f6dfd042d29481707d527	/root/cj_build/reference/jdk/src/hotspot/share/gc/z/zPage.inline.hpp:41
GetCurrentLiveMap	runtime/src/Heap/Allocator/zPage.inline.hpp:2251	runtime/src/Heap/z/zPage.inline.hpp:2167	7fedf6c577dc084ec66d27ecb78a68ee2d04c8685a179afcbbc0bd9c112696f9	/root/cj_build/reference/jdk/src/hotspot/share/gc/z/zPage.inline.hpp:41
GetLiveByteCount	runtime/src/Heap/Allocator/zPage.inline.hpp:2262	runtime/src/Heap/z/zPage.inline.hpp:2178	b20ec2fda14d0ffc9c0c8080545d567ec860c66656b9841a79f74f05eae7a12d	/root/cj_build/reference/jdk/src/hotspot/share/gc/z/zPage.inline.hpp:41
GetLiveObjectCount	runtime/src/Heap/Allocator/zPage.inline.hpp:2268	runtime/src/Heap/z/zPage.inline.hpp:2184	707eff490d302463c0670c61c8bf74c3c3524300e296cb50d6d9acd9af687988	/root/cj_build/reference/jdk/src/hotspot/share/gc/z/zPage.inline.hpp:41
AddLiveCounts	runtime/src/Heap/Allocator/zPage.inline.hpp:2274	runtime/src/Heap/z/zPage.inline.hpp:2190	aaf284446c708cc3becff2d0d28db8f4508222fe8bb0966629e7e4d3a36aaa53	/root/cj_build/reference/jdk/src/hotspot/share/gc/z/zPage.inline.hpp:41
atexit	runtime/src/Heap/Allocator/zPage.inline.hpp:2322	runtime/src/Heap/z/zPage.inline.hpp:2238	7776717445a5ca487e2009184f15f317ee1acc8cf314c3ca24bd12ef69550996	/root/cj_build/reference/jdk/src/hotspot/share/gc/z/zPage.inline.hpp:41
IsKnownEmpty	runtime/src/Heap/Allocator/zPage.inline.hpp:2281	runtime/src/Heap/z/zPage.inline.hpp:2197	904d36038a2e2c03b10973b2107b66804259c94cad8ad14d3bf481fd5a7edea0	/root/cj_build/reference/jdk/src/hotspot/share/gc/z/zPage.inline.hpp:41
IsKnownYoungEmpty	runtime/src/Heap/Allocator/zPage.inline.hpp:2363	runtime/src/Heap/z/zPage.inline.hpp:2279	dbec287e02254a58474d43c89580d51587b5709a2b7f49e29482105fa5171a3c	/root/cj_build/reference/jdk/src/hotspot/share/gc/z/zPage.inline.hpp:41
IsSafeKnownEmpty	runtime/src/Heap/Allocator/zPage.inline.hpp:2393	runtime/src/Heap/z/zPage.inline.hpp:2309	dac15092ab6cf81b7e0b20f987ea9eebd6ae1623d46ab05292c4f2ce45c11ead	/root/cj_build/reference/jdk/src/hotspot/share/gc/z/zPage.inline.hpp:41
IsSafeKnownYoungEmpty	runtime/src/Heap/Allocator/zPage.inline.hpp:2407	runtime/src/Heap/z/zPage.inline.hpp:2323	48d0f7874f575b5c031432a40c43ab83250c7940e0cf50a962403dc2d605b780	/root/cj_build/reference/jdk/src/hotspot/share/gc/z/zPage.inline.hpp:41
ResetLiveMapAfterForward	runtime/src/Heap/Allocator/zPage.inline.hpp:2420	runtime/src/Heap/z/zPage.inline.hpp:2336	54dfe17e4dbfaaed5f8278f48c489ef4747222221c36313fd30531a2dfc2fcfa	/root/cj_build/reference/jdk/src/hotspot/share/gc/z/zPage.inline.hpp:41
atexit	runtime/src/Heap/Allocator/zPage.inline.hpp:2456	runtime/src/Heap/z/zPage.inline.hpp:2372	23396063c3bffed385f5ba591a8af59de6ac58dedafa38ff8d2b943288d8c4e6	/root/cj_build/reference/jdk/src/hotspot/share/gc/z/zPage.inline.hpp:41
VerifyLiveBooks	runtime/src/Heap/Allocator/zPage.inline.hpp:2438	runtime/src/Heap/z/zPage.inline.hpp:2354	efbd3182e9638dde141d152db5f764867601863ab148fe1f43b411b956b4a89f	/root/cj_build/reference/jdk/src/hotspot/share/gc/z/zPage.inline.hpp:41
RemoveFromList	runtime/src/Heap/Allocator/zPage.inline.hpp:2473	runtime/src/Heap/z/zPage.inline.hpp:2389	92518507fbfaf3401a5cf12499e6de80364f9f0aa0984acc931bc138f4805efc	/root/cj_build/reference/jdk/src/hotspot/share/gc/z/zPage.inline.hpp:41
LoadCompactRouteTable	runtime/src/Heap/Allocator/zPage.inline.hpp:2487	runtime/src/Heap/z/zPage.inline.hpp:2403	20db65d6a60af895782e6e00db12b423c8b233ac00c1f5807d50609894e5582f	/root/cj_build/reference/jdk/src/hotspot/share/gc/z/zPage.inline.hpp:41
CompactRouteTableRetireMutex	runtime/src/Heap/Allocator/zPage.inline.hpp:2493	runtime/src/Heap/z/zPage.inline.hpp:2409	5788a54d3de1a109dda7de15676b85800b393c7fccdd49ee7c7a52e44d1a0dae	/root/cj_build/reference/jdk/src/hotspot/share/gc/z/zPage.inline.hpp:41
CompactRouteTableGraceGeneration	runtime/src/Heap/Allocator/zPage.inline.hpp:2499	runtime/src/Heap/z/zPage.inline.hpp:2415	f01b602accc867e9b17d5efe98045645c793e95ea0f0f0aa506164c37c28c3df	/root/cj_build/reference/jdk/src/hotspot/share/gc/z/zPage.inline.hpp:41
RetiredCompactRouteTables	runtime/src/Heap/Allocator/zPage.inline.hpp:2505	runtime/src/Heap/z/zPage.inline.hpp:2421	8aaa7e78d17a2af676537fe43033350355172ad5c511fba530bbe6010804de6c	/root/cj_build/reference/jdk/src/hotspot/share/gc/z/zPage.inline.hpp:41
RetiredCompactRouteTables	runtime/src/Heap/Allocator/zPage.inline.hpp:2513	runtime/src/Heap/z/zPage.inline.hpp:2429	e08bed71db1e86dccbdffaf66b2de40ca9d462b8b95a144cbf391520bc07d364	/root/cj_build/reference/jdk/src/hotspot/share/gc/z/zPage.inline.hpp:41
RetireCompactRouteTable	runtime/src/Heap/Allocator/zPage.inline.hpp:2511	runtime/src/Heap/z/zPage.inline.hpp:2427	b81fdfc556459d4101aae24001a6e143788e390ddad4aeadd76d9388c95a4731	/root/cj_build/reference/jdk/src/hotspot/share/gc/z/zPage.inline.hpp:41
CheckObjectSize	runtime/src/Heap/Allocator/zPage.inline.hpp:2518	runtime/src/Heap/z/zPage.inline.hpp:2434	1b6387c92006870a776413717cb2e51d5a444d2cb1785e7144863d5020c38fad	/root/cj_build/reference/jdk/src/hotspot/share/gc/z/zPage.inline.hpp:41
ReportTypeInfoInHeap	runtime/src/Heap/Allocator/zPage.inline.hpp:2535	runtime/src/Heap/Allocator/RegionInfo.h:122	f4f005c03b3e6ad4c8c0daa8b6ae979bf36adf69346a54ed7d3f7354cddda496	ZGC 无独立对应定义；原地保留，归 #228 / A06 / 对应机制包
ReportInvalidObjectSize	runtime/src/Heap/Allocator/zPage.inline.hpp:2553	runtime/src/Heap/Allocator/RegionInfo.h:140	56e22d04f414d8ef057a7f47648003ca3dea182d7702ea13defd59f1b859afca	ZGC 无独立对应定义；原地保留，归 #228 / A06 / 对应机制包
LoadUnitRole0	runtime/src/Heap/Allocator/zPage.inline.hpp:2569	runtime/src/Heap/z/zPage.inline.hpp:2453	e0f4ed890254d3861c762fd8c0af1cd2a433c002ac26f02e0f45499653f49802	/root/cj_build/reference/jdk/src/hotspot/share/gc/z/zPage.inline.hpp:41
<lambda-or-initializer>	runtime/src/Heap/Allocator/zPage.inline.hpp:2577	runtime/src/Heap/z/zPage.inline.hpp:2461	074f26970d5de3fa499cbcb8014435a3c294059df605f6de8eed3181150f41e3	/root/cj_build/reference/jdk/src/hotspot/share/gc/z/zPage.inline.hpp:41
BumpRegionLifeId	runtime/src/Heap/Allocator/zPage.inline.hpp:2575	runtime/src/Heap/z/zPage.inline.hpp:2459	a6612aceb50dec8fa5a166b09d62192e2d6f39b674cb78dce44001b0400185b1	/root/cj_build/reference/jdk/src/hotspot/share/gc/z/zPage.inline.hpp:41
InitRegionInfo	runtime/src/Heap/Allocator/zPage.inline.hpp:2595	runtime/src/Heap/z/zPage.inline.hpp:2479	14474ffeb01d05b6573b312619703787613366b3c39daea034abe791dcbc96b1	/root/cj_build/reference/jdk/src/hotspot/share/gc/z/zPage.inline.hpp:41
<lambda-or-initializer>	runtime/src/Heap/Allocator/zPage.inline.hpp:2678	runtime/src/Heap/z/zPage.inline.hpp:2562	4cb7b181fb2995c0d34ba97cdce81b85d7d7542d7ef885748682450364325fb5	/root/cj_build/reference/jdk/src/hotspot/share/gc/z/zPage.inline.hpp:41
InitRegion	runtime/src/Heap/Allocator/zPage.inline.hpp:2669	runtime/src/Heap/z/zPage.inline.hpp:2553	20606f2c5358d04cd2713f405e3f5165c19036d12faeaac545699acf95f74c9a	/root/cj_build/reference/jdk/src/hotspot/share/gc/z/zPage.inline.hpp:41
Enqueue	runtime/src/Heap/Allocator/zPageAllocator.cpp:71	runtime/src/Heap/Allocator/zPageAllocator.cpp:67	d62f5f12f03674f7b2daed07696047ae2ea776bc82f1f8aebd77fe56562f8501	ZGC 无独立对应定义；原地保留，归 #228 / A06 / 对应机制包
Dequeue	runtime/src/Heap/Allocator/zPageAllocator.cpp:84	runtime/src/Heap/Allocator/zPageAllocator.cpp:80	7217874bbd856cbed2fee71e55c952003e5f693539ed39fa90ac322521d45929	ZGC 无独立对应定义；原地保留，归 #228 / A06 / 对应机制包
Report	runtime/src/Heap/Allocator/zPageAllocator.cpp:95	runtime/src/Heap/Allocator/zPageAllocator.cpp:91	a7fc9e255408b571dfa7abc35bac87cad6c0e5626c5a427fba2421289243911f	ZGC 无独立对应定义；原地保留，归 #228 / A06 / 对应机制包
GetNextRegion	runtime/src/Heap/Allocator/zPageAllocator.cpp:127	runtime/src/Heap/z/zList.inline.hpp:29	b0445b34dd1e31adc051e7147f152c31953a931624877dd6153b5eb03a7f634c	/root/cj_build/reference/jdk/src/hotspot/share/gc/z/zList.inline.hpp:32
MergeRegionList	runtime/src/Heap/Allocator/zPageAllocator.cpp:108	runtime/src/Heap/z/zList.inline.hpp:10	0b550730311dfb66193d042bc49c303e69f9f459d75b90adb71b1ffc0508c491	/root/cj_build/reference/jdk/src/hotspot/share/gc/z/zList.inline.hpp:32
PrependRegion	runtime/src/Heap/Allocator/zPageAllocator.cpp:133	runtime/src/Heap/z/zList.inline.hpp:35	77f12b8a2235a3600c374f45669881dc039b1ec87f99039d3f49760eceedd1ee	/root/cj_build/reference/jdk/src/hotspot/share/gc/z/zList.inline.hpp:32
PrependRegionLocked	runtime/src/Heap/Allocator/zPageAllocator.cpp:139	runtime/src/Heap/z/zList.inline.hpp:41	3a02fb10169bd47cd3826e76400f468363b41dbaaf05199140371ee9495625ed	/root/cj_build/reference/jdk/src/hotspot/share/gc/z/zList.inline.hpp:32
DeleteRegionLocked	runtime/src/Heap/Allocator/zPageAllocator.cpp:165	runtime/src/Heap/z/zList.inline.hpp:67	a7217b81ed3a3a5c9f2c8f1d637328403a30a8896ea3b5f10e3dfe21bdb65576	/root/cj_build/reference/jdk/src/hotspot/share/gc/z/zList.inline.hpp:32
GetNextRegion	runtime/src/Heap/Allocator/zPageAllocator.cpp:214	runtime/src/Heap/z/zPageAllocator.cpp:70	932d59499d65e9cf56212ee2cd5ab4989c9cc0a37c49c9873f4465d4df5c3f42	/root/cj_build/reference/jdk/src/hotspot/share/gc/z/zPageAllocator.cpp:68
DumpRegionList	runtime/src/Heap/Allocator/zPageAllocator.cpp:211	runtime/src/Heap/z/zPageAllocator.cpp:67	5dbad61b4958f3012582d5100b1385d5cbf08ee836b55eb64118ed0c605c4847	/root/cj_build/reference/jdk/src/hotspot/share/gc/z/zPageAllocator.cpp:68
find_if	runtime/src/Heap/Allocator/zPageAllocator.cpp:229	runtime/src/Heap/z/zPageAllocator.cpp:85	af3867a8abab2b66ef3f03ca5607d15aa935eea9ca061998ac1eca09282cb169	/root/cj_build/reference/jdk/src/hotspot/share/gc/z/zPageAllocator.cpp:68
SetRefresh	runtime/src/Heap/Allocator/zPageAllocator.cpp:235	runtime/src/Heap/z/zPageAllocator.cpp:91	3056c4133dce6aa8eaaa7399426b9fbda5b47f48f31b6be156af9189b80f45ef	/root/cj_build/reference/jdk/src/hotspot/share/gc/z/zPageAllocator.cpp:68
push_back	runtime/src/Heap/Allocator/zPageAllocator.cpp:244	runtime/src/Heap/z/zPageAllocator.cpp:100	a90570dee0c1068d3185f177b69024d32cd0939d8ec49841e7376e213cce6b75	/root/cj_build/reference/jdk/src/hotspot/share/gc/z/zPageAllocator.cpp:68
Initialize	runtime/src/Heap/Allocator/zPageAllocator.cpp:223	runtime/src/Heap/z/zPageAllocator.cpp:79	2729f51bd354fef43747ffb95888d7a98c1c9f566afda709c8dfad3acbec43f2	/root/cj_build/reference/jdk/src/hotspot/share/gc/z/zPageAllocator.cpp:68
PartitionFor	runtime/src/Heap/Allocator/zPageAllocator.cpp:251	runtime/src/Heap/z/zPageAllocator.cpp:107	342c240f248aa6e03a2a5d66cbcb7e92b87a7ca87cba2edbc986cdb0d2c8519c	/root/cj_build/reference/jdk/src/hotspot/share/gc/z/zPageAllocator.cpp:68
InsertCommitted	runtime/src/Heap/Allocator/zPageAllocator.cpp:262	runtime/src/Heap/z/zPageAllocator.cpp:118	3cbf76f8f00b9bff8a99b237541f544c4fb2a973850fe5dce832afa87800f5f4	/root/cj_build/reference/jdk/src/hotspot/share/gc/z/zPageAllocator.cpp:68
ReturnMemory	runtime/src/Heap/Allocator/zPageAllocator.cpp:269	runtime/src/Heap/z/zPageAllocator.cpp:125	48fcf86c70b4456319423d4a02ade2985fae294371cf2a15388be249a990984b	/root/cj_build/reference/jdk/src/hotspot/share/gc/z/zPageAllocator.cpp:68
AddGarbageUnits	runtime/src/Heap/Allocator/zPageAllocator.cpp:293	runtime/src/Heap/z/zPageAllocator.cpp:149	66a2dfaf401579d1d39cc9921d6f16bdec9664233aca79276438c698560a29eb	/root/cj_build/reference/jdk/src/hotspot/share/gc/z/zPageAllocator.cpp:68
AddReleaseUnits	runtime/src/Heap/Allocator/zPageAllocator.cpp:301	runtime/src/Heap/z/zPageAllocator.cpp:157	66a2dfaf401579d1d39cc9921d6f16bdec9664233aca79276438c698560a29eb	/root/cj_build/reference/jdk/src/hotspot/share/gc/z/zPageAllocator.cpp:68
ReleaseMarkQuarantineToDirty	runtime/src/Heap/Allocator/zPageAllocator.cpp:309	runtime/src/Heap/z/zPageAllocator.cpp:165	435af52bc88fecdb6f788771b4f32facc76ad899d08d3ab9af569fcf8a1543ba	/root/cj_build/reference/jdk/src/hotspot/share/gc/z/zPageAllocator.cpp:68
<lambda-or-initializer>	runtime/src/Heap/Allocator/zPageAllocator.cpp:328	runtime/src/Heap/z/zPageAllocator.cpp:184	09b1a4684750d3a884b0c771f05cf9dba2369dc7593f4ef7aaf71bed9679f7b9	/root/cj_build/reference/jdk/src/hotspot/share/gc/z/zPageAllocator.cpp:68
ClaimPageMemory	runtime/src/Heap/Allocator/zPageAllocator.cpp:325	runtime/src/Heap/z/zPageAllocator.cpp:181	2ec6ab5a5d08d3c02d482526d87c2b20b4b391aa1005ad1ef67cc706def61650	/root/cj_build/reference/jdk/src/hotspot/share/gc/z/zPageAllocator.cpp:68
PreparePageMemory	runtime/src/Heap/Allocator/zPageAllocator.cpp:370	runtime/src/Heap/z/zPageAllocator.cpp:226	e8eab660bbd83a9f50d1be71db96cb0b8a77513cbcf334624761a565669710f3	/root/cj_build/reference/jdk/src/hotspot/share/gc/z/zPageAllocator.cpp:68
GetDirtyUnitCount	runtime/src/Heap/Allocator/zPageAllocator.cpp:425	runtime/src/Heap/z/zPageAllocator.cpp:281	13f7f70a6fc51d0cbb95f7157810e25b09fd3ef40442974e123e61ea33b5101b	/root/cj_build/reference/jdk/src/hotspot/share/gc/z/zPageAllocator.cpp:68
GetVirtualUnitCount	runtime/src/Heap/Allocator/zPageAllocator.cpp:433	runtime/src/Heap/z/zPageAllocator.cpp:289	1adb058ecc160dea26918171877f51708c1563fd1270c01d2edaa455cd0874eb	/root/cj_build/reference/jdk/src/hotspot/share/gc/z/zPageAllocator.cpp:68
GetDirtyMaxBlock	runtime/src/Heap/Allocator/zPageAllocator.cpp:441	runtime/src/Heap/z/zPageAllocator.cpp:297	035e064922671de6fcfd5b5bf8c68acadc37e329a9164ce74a7470e1f4918d7b	/root/cj_build/reference/jdk/src/hotspot/share/gc/z/zPageAllocator.cpp:68
GetVirtualMaxBlock	runtime/src/Heap/Allocator/zPageAllocator.cpp:449	runtime/src/Heap/z/zPageAllocator.cpp:305	e7ba2f499d75e9043d944a2c5defe0ead68eb7f6c1a9efdb98916a87f5269c86	/root/cj_build/reference/jdk/src/hotspot/share/gc/z/zPageAllocator.cpp:68
GetDirtyNodeCount	runtime/src/Heap/Allocator/zPageAllocator.cpp:459	runtime/src/Heap/z/zPageAllocator.cpp:315	4c2c4e387c4c339c33ef0b022d1d02648423c6d48b34264210686c3c74abac9a	/root/cj_build/reference/jdk/src/hotspot/share/gc/z/zPageAllocator.cpp:68
GetVirtualNodeCount	runtime/src/Heap/Allocator/zPageAllocator.cpp:467	runtime/src/Heap/z/zPageAllocator.cpp:323	6f769d6a28d1a79e8df085b0eeace57cd1bfaa97515599b43bf255f72a4ad866	/root/cj_build/reference/jdk/src/hotspot/share/gc/z/zPageAllocator.cpp:68
<lambda-or-initializer>	runtime/src/Heap/Allocator/zPageAllocator.cpp:486	runtime/src/Heap/z/zPageAllocator.cpp:342	5176c6c5d5a81c17eaa04fb8a783b7dbec80029ca28a125092bc793f3be31757	/root/cj_build/reference/jdk/src/hotspot/share/gc/z/zPageAllocator.cpp:68
TakeUncommitMemory	runtime/src/Heap/Allocator/zPageAllocator.cpp:475	runtime/src/Heap/z/zPageAllocator.cpp:331	d1afe97be4b407588bd102322b47edb5b896a2773efba52827e7ffcc8e2b48eb	/root/cj_build/reference/jdk/src/hotspot/share/gc/z/zPageAllocator.cpp:68
ReturnUncommitMemory	runtime/src/Heap/Allocator/zPageAllocator.cpp:509	runtime/src/Heap/z/zPageAllocator.cpp:365	5fb61e21ea8c10172b279573f73afd1e8a6fc7f8d86606c034e9c50b16fe4152	/root/cj_build/reference/jdk/src/hotspot/share/gc/z/zPageAllocator.cpp:68
SetMaxUnitCountForRegion	runtime/src/Heap/Allocator/zPageAllocator.cpp:515	runtime/src/Heap/z/zPageAllocator.cpp:371	875ed76ff06f045c156c14730ad101a226b1f588f783eec0c88cc6690baa04c6	/root/cj_build/reference/jdk/src/hotspot/share/gc/z/zPageAllocator.cpp:68
SetMaxUnitCountForPinnedRegion	runtime/src/Heap/Allocator/zPageAllocator.cpp:520	runtime/src/Heap/z/zPageAllocator.cpp:376	cbcb1c7900cd42c775958ae6afacf32a1b739d1327f20243455dfff2d6387c4f	/root/cj_build/reference/jdk/src/hotspot/share/gc/z/zPageAllocator.cpp:68
SetLargeObjectThreshold	runtime/src/Heap/Allocator/zPageAllocator.cpp:538	runtime/src/Heap/z/zPageAllocator.cpp:394	4e905a6f3b281d64caf453e12334dd6b1373489d994346ad8c07e812e69d54f9	/root/cj_build/reference/jdk/src/hotspot/share/gc/z/zPageAllocator.cpp:68
SetGarbageThreshold	runtime/src/Heap/Allocator/zPageAllocator.cpp:560	runtime/src/Heap/z/zPageAllocator.cpp:416	c6c7ab2e96c20ee48a1e5559bb3dd863762991f7baeec4e99bbe59ef6f6afa9f	/root/cj_build/reference/jdk/src/hotspot/share/gc/z/zPageAllocator.cpp:68
SetCacheRatio	runtime/src/Heap/Allocator/zPageAllocator.cpp:566	runtime/src/Heap/z/zPageAllocator.cpp:422	eb3b8ddbdf9b7bac8ee06db29bb1462128837cea57ce4585615e990410e4d1f8	/root/cj_build/reference/jdk/src/hotspot/share/gc/z/zPageAllocator.cpp:68
Initialize	runtime/src/Heap/Allocator/zPageAllocator.cpp:586	runtime/src/Heap/z/zPageAllocator.cpp:442	8b291e645c5ba57359e66ccc0cbb0c5811b52f53b45104c873b4c87676ff79f9	/root/cj_build/reference/jdk/src/hotspot/share/gc/z/zPageAllocator.cpp:68
InitializeSegments	runtime/src/Heap/Allocator/zPageAllocator.cpp:594	runtime/src/Heap/z/zPageAllocator.cpp:450	563dd291fb961890aa4722fef1060b907633bf03069d4d3ea1d21e5f52e51ec1	/root/cj_build/reference/jdk/src/hotspot/share/gc/z/zPageAllocator.cpp:68
ScrubRememberedSetForRegion	runtime/src/Heap/Allocator/zPageAllocator.cpp:635	runtime/src/Heap/z/zPageAllocator.cpp:491	0be3a77a7647743d54340a086908916f70a649024046aed6e7f62ab911dccc77	/root/cj_build/reference/jdk/src/hotspot/share/gc/z/zPageAllocator.cpp:68
DumpScrubCostAndReset	runtime/src/Heap/Allocator/zPageAllocator.cpp:645	runtime/src/Heap/z/zPageAllocator.cpp:501	00ae073fffc796df8d00f624564de1664a9cda8a1e01badb9c7067113621ce96	/root/cj_build/reference/jdk/src/hotspot/share/gc/z/zPageAllocator.cpp:68
ReclaimRegion	runtime/src/Heap/Allocator/zPageAllocator.cpp:650	runtime/src/Heap/z/zPageAllocator.cpp:506	6b6b168ec8de22a00bbc582ceab8d37e89ce21ea09cbe86adb22a4114cfbcf1c	/root/cj_build/reference/jdk/src/hotspot/share/gc/z/zPageAllocator.cpp:68
ReclaimRetiredRegion	runtime/src/Heap/Allocator/zPageAllocator.cpp:655	runtime/src/Heap/z/zPageAllocator.cpp:511	dad62e94e3fe552895da8c5cde1233c85748bee896bdcd428d315bdcd6614ed7	/root/cj_build/reference/jdk/src/hotspot/share/gc/z/zPageAllocator.cpp:68
if	runtime/src/Heap/Allocator/zPageAllocator.cpp:688	runtime/src/Heap/z/zPageAllocator.cpp:544	ac255a4b6392027b74348030e7eb2f75236bf9d405cff975e77ebefc663368c9	/root/cj_build/reference/jdk/src/hotspot/share/gc/z/zPageAllocator.cpp:68
if	runtime/src/Heap/Allocator/zPageAllocator.cpp:694	runtime/src/Heap/z/zPageAllocator.cpp:550	a82349ccdb756e1ea0bd9e32660b1cc79f94574528b2035ca3c425314c5f2452	/root/cj_build/reference/jdk/src/hotspot/share/gc/z/zPageAllocator.cpp:68
Wait	runtime/src/Heap/Allocator/zPageAllocator.cpp:709	runtime/src/Heap/z/zPageAllocator.cpp:565	7dc3399e4ff90382579129208d991b07bb71430917c33b5e95570f9179b04ef5	/root/cj_build/reference/jdk/src/hotspot/share/gc/z/zPageAllocator.cpp:68
void	runtime/src/Heap/Allocator/zPageAllocator.cpp:710	runtime/src/Heap/z/zPageAllocator.cpp:566	44136fa355b3678a1146ad16f7e8649e94fb4fc21fe77e8310c060f61caaff8a	/root/cj_build/reference/jdk/src/hotspot/share/gc/z/zPageAllocator.cpp:68
StallAllocation	runtime/src/Heap/Allocator/zPageAllocator.cpp:683	runtime/src/Heap/z/zPageAllocator.cpp:539	d97168410cef20c1bda1efbde1c0a9ddff4d129a039788718e5e322befc4dd2f	/root/cj_build/reference/jdk/src/hotspot/share/gc/z/zPageAllocator.cpp:68
ReturnPageMemory	runtime/src/Heap/Allocator/zPageAllocator.cpp:721	runtime/src/Heap/z/zPageAllocator.cpp:577	331bbc11ef878c5bffdafd9dd744309bc4d0390278e72f160e906466e3b08c95	/root/cj_build/reference/jdk/src/hotspot/share/gc/z/zPageAllocator.cpp:68
SatisfyAvailableLocked	runtime/src/Heap/Allocator/zPageAllocator.cpp:754	runtime/src/Heap/z/zPageAllocator.cpp:610	cadf0c2273d9660e01606ea41f2a985f6e709575a924f09846b24372b19a62ad	/root/cj_build/reference/jdk/src/hotspot/share/gc/z/zPageAllocator.cpp:68
ReturnRetiredPageMemory	runtime/src/Heap/Allocator/zPageAllocator.cpp:737	runtime/src/Heap/z/zPageAllocator.cpp:593	4109e21eeef824f28b65895e727cd24b2c820a4bf3f7fa1b3d220bd5020d9d14	/root/cj_build/reference/jdk/src/hotspot/share/gc/z/zPageAllocator.cpp:68
SetAllocationStallTestHooks	runtime/src/Heap/Allocator/zPageAllocator.cpp:763	runtime/src/Heap/Allocator/zPageAllocator.cpp:108	b58e311dd83b0610768f4fa66b2d21c63da636269e3d4bc31ffbea10371b9da3	ZGC 无独立对应；#228 / A06，原 Allocator 层保留
PendingStalledAllocations	runtime/src/Heap/Allocator/zPageAllocator.cpp:769	runtime/src/Heap/Allocator/zPageAllocator.cpp:114	f451a775a2ded153c182737d8f624683747c8f98c53e4375784dff82390b53a0	ZGC 无独立对应；#228 / A06，原 Allocator 层保留
EnqueuedStalledAllocations	runtime/src/Heap/Allocator/zPageAllocator.cpp:770	runtime/src/Heap/Allocator/zPageAllocator.cpp:115	c76d038cb243575e4898b417a7b1650bb7d0fc570d3cbfef260df7de9b40c5d5	ZGC 无独立对应；#228 / A06，原 Allocator 层保留
DequeuedStalledAllocations	runtime/src/Heap/Allocator/zPageAllocator.cpp:771	runtime/src/Heap/Allocator/zPageAllocator.cpp:116	467b70ba623870f805198011464733a206b19f69fbca0eac24aeaf3e90449b3d	ZGC 无独立对应；#228 / A06，原 Allocator 层保留
SatisfiedStalledAllocations	runtime/src/Heap/Allocator/zPageAllocator.cpp:772	runtime/src/Heap/Allocator/zPageAllocator.cpp:117	20b9c7360dfb6b3df7be36f620f0915e5826004cb67b23cee4376cc22631b871	ZGC 无独立对应；#228 / A06，原 Allocator 层保留
FailedStalledAllocations	runtime/src/Heap/Allocator/zPageAllocator.cpp:773	runtime/src/Heap/Allocator/zPageAllocator.cpp:118	2b9d7af235cf5c6d1ca7daa29123ac00db3a2da18d6aaac31f317ecdd6533e61	ZGC 无独立对应；#228 / A06，原 Allocator 层保留
SatisfyAvailable	runtime/src/Heap/Allocator/zPageAllocator.cpp:780	runtime/src/Heap/z/zPageAllocator.cpp:621	cadf0c2273d9660e01606ea41f2a985f6e709575a924f09846b24372b19a62ad	/root/cj_build/reference/jdk/src/hotspot/share/gc/z/zPageAllocator.cpp:68
SatisfyStalledAllocations	runtime/src/Heap/Allocator/zPageAllocator.cpp:777	runtime/src/Heap/z/zPageAllocator.cpp:618	b76b53ed29ea8a7306df97400782c3b3756a4d19e7b2c795f119bc3fd555b168	/root/cj_build/reference/jdk/src/hotspot/share/gc/z/zPageAllocator.cpp:68
ClaimAllocationLocked	runtime/src/Heap/Allocator/zPageAllocator.cpp:786	runtime/src/Heap/z/zPageAllocator.cpp:627	99daf710be11099bc5f9c5370547eae447f4f732bfabb0d02e03f346f91df052	/root/cj_build/reference/jdk/src/hotspot/share/gc/z/zPageAllocator.cpp:68
ReclaimRegionToMarkQuarantine	runtime/src/Heap/Allocator/zPageAllocator.cpp:799	runtime/src/Heap/z/zPageAllocator.cpp:640	5558eaa2a5870fc8e9ef4bf95e625a0d3e4aa82877536fc24702de5fe1396c63	/root/cj_build/reference/jdk/src/hotspot/share/gc/z/zPageAllocator.cpp:68
ReclaimRetiredRegionToMarkQuarantine	runtime/src/Heap/Allocator/zPageAllocator.cpp:804	runtime/src/Heap/z/zPageAllocator.cpp:645	ffa1cd92930d1c910f0162c5aa4a6c0fdac8febc0888e0be6c8776e9d1b7f809	/root/cj_build/reference/jdk/src/hotspot/share/gc/z/zPageAllocator.cpp:68
ReleaseRegion	runtime/src/Heap/Allocator/zPageAllocator.cpp:826	runtime/src/Heap/z/zPageAllocator.cpp:667	cd491681e18fd64a6f6e3922c58f3df952add62f38d3d09c83e5d16f3e91c781	/root/cj_build/reference/jdk/src/hotspot/share/gc/z/zPageAllocator.cpp:68
ReleaseRetiredRegion	runtime/src/Heap/Allocator/zPageAllocator.cpp:833	runtime/src/Heap/z/zPageAllocator.cpp:674	d5630c2b9beb2a7b91c5d745e99351c8a84438d38f226d5198d6891780c85e13	/root/cj_build/reference/jdk/src/hotspot/share/gc/z/zPageAllocator.cpp:68
VisitPageOwners	runtime/src/Heap/Allocator/zPageAllocator.cpp:863	runtime/src/Heap/z/zPageAllocator.cpp:704	c46ede6e9e588a6b3127cc23840905903a2af5d1955b4911ab3708fb270db5b7	/root/cj_build/reference/jdk/src/hotspot/share/gc/z/zPageAllocator.cpp:68
PromoteAllRegions	runtime/src/Heap/Allocator/zPageAllocator.cpp:862	runtime/src/Heap/z/zPageAllocator.cpp:703	ef77a890c9f0a86b6521e85c9c58499decb799e2c83bcbdba2c6210f97a6b89f	/root/cj_build/reference/jdk/src/hotspot/share/gc/z/zPageAllocator.cpp:68
SatisfyAvailableLocked	runtime/src/Heap/Allocator/zPageAllocator.cpp:941	runtime/src/Heap/z/zPageAllocator.cpp:782	d5936f6e3df64fbf4f231877d4acdc506e2c0c96dc309da29a499976e067b821	/root/cj_build/reference/jdk/src/hotspot/share/gc/z/zPageAllocator.cpp:68
TakeRegion	runtime/src/Heap/Allocator/zPageAllocator.cpp:885	runtime/src/Heap/z/zPageAllocator.cpp:726	c6fe5929e0189abe3a2c6134ff0826fb27b8c8ce73c716c22ffbcffca8946829	/root/cj_build/reference/jdk/src/hotspot/share/gc/z/zPageAllocator.cpp:68
VisitAllObjects	runtime/src/Heap/Allocator/zPageAllocator.cpp:975	runtime/src/Heap/z/zPageAllocator.cpp:816	ca65cee386a64ad43f22bc4cb16539aa47fb66ad6be9892dc5ab55aa3d01f00e	/root/cj_build/reference/jdk/src/hotspot/share/gc/z/zPageAllocator.cpp:68
CollectFreePinnedSlots	runtime/src/Heap/Allocator/zPageAllocator.cpp:964	runtime/src/Heap/z/zPageAllocator.cpp:805	d311c835f4bbeeaeb4fb3d4921e6a5d53a550bf7e61f52f035d5292299955781	/root/cj_build/reference/jdk/src/hotspot/share/gc/z/zPageAllocator.cpp:68
<lambda-or-initializer>	runtime/src/Heap/Allocator/zPageAllocator.cpp:1014	runtime/src/Heap/z/zPageAllocator.cpp:855	c23b3d9a79bf2fb3c72abdd2ccf957955805b727e8393828d29ba1f605d27517	/root/cj_build/reference/jdk/src/hotspot/share/gc/z/zPageAllocator.cpp:68
CollectPinnedGarbage	runtime/src/Heap/Allocator/zPageAllocator.cpp:993	runtime/src/Heap/z/zPageAllocator.cpp:834	d5f3db6428d41064f428ffd121a017b0fdd91a83aac158525da824f874e3f2f2	/root/cj_build/reference/jdk/src/hotspot/share/gc/z/zPageAllocator.cpp:68
CollectLargeGarbage	runtime/src/Heap/Allocator/zPageAllocator.cpp:1030	runtime/src/Heap/z/zPageAllocator.cpp:871	33584c3ae61ebe38f4a5e2fe2fd8f9fcc989901a959ea56541512f56cf8b5234	/root/cj_build/reference/jdk/src/hotspot/share/gc/z/zPageAllocator.cpp:68
VisitPageOwners	runtime/src/Heap/Allocator/zPageAllocator.cpp:1086	runtime/src/Heap/z/zPageAllocator.cpp:927	c8d7aefc4fe7734e906b62993b3ce6963212abadf36025657730330511c53946	/root/cj_build/reference/jdk/src/hotspot/share/gc/z/zPageAllocator.cpp:68
DumpRegionInfo	runtime/src/Heap/Allocator/zPageAllocator.cpp:1082	runtime/src/Heap/z/zPageAllocator.cpp:923	b855d4a4b9abc13d5e55b7e4f9eb089f7006a8c4e5bb5d562de22c4a8d4b421b	/root/cj_build/reference/jdk/src/hotspot/share/gc/z/zPageAllocator.cpp:68
<lambda-or-initializer>	runtime/src/Heap/Allocator/zPageAllocator.cpp:1121	runtime/src/Heap/z/zPageAllocator.cpp:962	de5a45027dba4d0e938306ebed0a24992191e3fa875a0c1ab9e0a64dbe56b175	/root/cj_build/reference/jdk/src/hotspot/share/gc/z/zPageAllocator.cpp:68
DumpRegionStats	runtime/src/Heap/Allocator/zPageAllocator.cpp:1095	runtime/src/Heap/z/zPageAllocator.cpp:936	3a96fdd61ce43109b3057d5e68e2d8dcebd6c0aee0db26a21d215c3b93e244b5	/root/cj_build/reference/jdk/src/hotspot/share/gc/z/zPageAllocator.cpp:68
PopFront	runtime/src/Heap/Allocator/zPageAllocator.hpp:97	runtime/src/Heap/z/zPageAllocator.hpp:452	3ad35acd7c376e9eff28d1138f1ee9c3a509ef9b2d89249986cc1149dbf29f8f	/root/cj_build/reference/jdk/src/hotspot/share/gc/z/zPageAllocator.hpp:45
PushFront	runtime/src/Heap/Allocator/zPageAllocator.hpp:110	runtime/src/Heap/z/zPageAllocator.hpp:465	ccc86e0b66867085755999e3e2f057405775e046704c503fac7ca69c5e2cce0e	/root/cj_build/reference/jdk/src/hotspot/share/gc/z/zPageAllocator.hpp:45
Clear	runtime/src/Heap/Allocator/zPageAllocator.hpp:131	runtime/src/Heap/z/zPageAllocator.hpp:486	258ced9cbd54bff04a64f191cbf4a560606e1744eaeb0bfa18536bc51d822869	/root/cj_build/reference/jdk/src/hotspot/share/gc/z/zPageAllocator.hpp:45
VisitPageOwners	runtime/src/Heap/Allocator/zPageAllocator.hpp:165	runtime/src/Heap/z/zPageAllocator.hpp:520	b9e01669106194884f31eaa8706bea10023d1b065fccb8d5ed3d1a7136b922d3	/root/cj_build/reference/jdk/src/hotspot/share/gc/z/zPageAllocator.hpp:45
GetCommittedCapacity	runtime/src/Heap/Allocator/zPageAllocator.hpp:169	runtime/src/Heap/z/zPageAllocator.hpp:524	7a2c1bee7c02994c031a906c14623c783368d36f77b3052e00e5671600750d73	/root/cj_build/reference/jdk/src/hotspot/share/gc/z/zPageAllocator.hpp:45
GetHeapCapacity	runtime/src/Heap/Allocator/zPageAllocator.hpp:171	runtime/src/Heap/z/zPageAllocator.hpp:526	a87361e17e54b9d22b213565d42bfe8df50de7b6172991eb6998c17607a18021	/root/cj_build/reference/jdk/src/hotspot/share/gc/z/zPageAllocator.hpp:45
GetTLABUsed	runtime/src/Heap/Allocator/zPageAllocator.hpp:194	runtime/src/Heap/z/zPageAllocator.hpp:549	ddd5a1f773d00933a6bb6a46a31c0df50398d53ed068e4504b7e010169681776	/root/cj_build/reference/jdk/src/hotspot/share/gc/z/zPageAllocator.hpp:45
GetTLABCapacity	runtime/src/Heap/Allocator/zPageAllocator.hpp:195	runtime/src/Heap/z/zPageAllocator.hpp:550	42b61054d74cfef97149e24b8840db42683576bce6d5799e91bcce5908a3a696	/root/cj_build/reference/jdk/src/hotspot/share/gc/z/zPageAllocator.hpp:45
GetRelocationRequestQueue	runtime/src/Heap/Allocator/zPageAllocator.hpp:207	runtime/src/Heap/z/zPageAllocator.hpp:562	024a359f61a33df508e90e5314e3b9c0ab6e26954fd0e9094577ad643f8c7845	/root/cj_build/reference/jdk/src/hotspot/share/gc/z/zPageAllocator.hpp:45
IsAllocationStalling	runtime/src/Heap/Allocator/zPageAllocator.hpp:212	runtime/src/Heap/z/zPageAllocator.hpp:567	d2cd715f276323ef16b67c2a98fd53ad7bf9e40089f3c2b84ee462fb5d37b8d6	/root/cj_build/reference/jdk/src/hotspot/share/gc/z/zPageAllocator.hpp:45
RelocationStarted	runtime/src/Heap/Allocator/zPageAllocator.hpp:230	runtime/src/Heap/z/zPageAllocator.hpp:585	decf0500634ea33cbcb81edb73ad164c94aaf2210a550d38bee345e8925b00c5	/root/cj_build/reference/jdk/src/hotspot/share/gc/z/zPageAllocator.hpp:45
GenerationMayRelocateYoung	runtime/src/Heap/Allocator/zPageAllocator.hpp:269	runtime/src/Heap/z/zPageAllocator.hpp:624	51be0b06ab05649478a480d0adc6ae03070d24d625b6d60ee464c2eca216b58f	/root/cj_build/reference/jdk/src/hotspot/share/gc/z/zPageAllocator.hpp:45
GetInactiveZone	runtime/src/Heap/Allocator/zPageAllocator.hpp:279	runtime/src/Heap/z/zPageAllocator.hpp:634	6ee51a8e42567f3c4d3bab9e431e6ef84e9ad1c67f34797094aad353cefc1fe0	/root/cj_build/reference/jdk/src/hotspot/share/gc/z/zPageAllocator.hpp:45
GetCacheRatio	runtime/src/Heap/Allocator/zPageAllocator.hpp:282	runtime/src/Heap/z/zPageAllocator.hpp:637	4a6cae94e0b5565bbc5a4076f6e50b50563fa0c553c7d1f4052805790a36b1a6	/root/cj_build/reference/jdk/src/hotspot/share/gc/z/zPageAllocator.hpp:45
GetRegionHeapStart	runtime/src/Heap/Allocator/zPageAllocator.hpp:285	runtime/src/Heap/z/zPageAllocator.hpp:640	9b85f4de2a7d8c6786123e4bd1fc3f69c10bca26639b5773f844717851044e40	/root/cj_build/reference/jdk/src/hotspot/share/gc/z/zPageAllocator.hpp:45
MergeRawPointerPinnedRegions	runtime/src/Heap/Allocator/zPageAllocator.hpp:315	runtime/src/Heap/z/zPageAllocator.hpp:670	a30186623b91bbd50d3077ce6dc2686dee7ddc236d947a24c788512696af9287	/root/cj_build/reference/jdk/src/hotspot/share/gc/z/zPageAllocator.hpp:45
GetThreadLocalRegionSize	runtime/src/Heap/Allocator/zPageAllocator.hpp:322	runtime/src/Heap/z/zPageAllocator.hpp:677	0540f464102e2119ff3472f2f34050c336b21c616db40330cd394e4a7656cba6	/root/cj_build/reference/jdk/src/hotspot/share/gc/z/zPageAllocator.hpp:45
IsKnownEmptyForView	runtime/src/Heap/Allocator/zPageAllocator.hpp:329	runtime/src/Heap/z/zPageAllocator.hpp:684	0aff23e16cd96185263f0d4a9a51cc9d8df226990d527b5abf4baf6498174b4b	/root/cj_build/reference/jdk/src/hotspot/share/gc/z/zPageAllocator.hpp:45
IsKnownEmptyForView	runtime/src/Heap/Allocator/zPageAllocator.hpp:334	runtime/src/Heap/z/zPageAllocator.hpp:689	ddbf425b3fa768a0cd6b2fdbda4bd97e0808f17a41e2cc2620c84d394e8529f7	/root/cj_build/reference/jdk/src/hotspot/share/gc/z/zPageAllocator.hpp:45
GetUsedRegionSize	runtime/src/Heap/Allocator/zPageAllocator.hpp:375	runtime/src/Heap/z/zPageAllocator.hpp:730	78a954e3b678e745d1a6c5f95b772c54f8ef8fd54a3556d24c123a8d86a38247	/root/cj_build/reference/jdk/src/hotspot/share/gc/z/zPageAllocator.hpp:45
GetDirtyUnitCount	runtime/src/Heap/Allocator/zPageAllocator.hpp:383	runtime/src/Heap/z/zPageAllocator.hpp:738	6541b72c625196dc4e98e1759528f2f1c5e726cea6de227368f9d1f4e41fb5e4	/root/cj_build/reference/jdk/src/hotspot/share/gc/z/zPageAllocator.hpp:45
GetGarbageUnitCount	runtime/src/Heap/Allocator/zPageAllocator.hpp:384	runtime/src/Heap/z/zPageAllocator.hpp:739	e3eea092b1b7f2e616a5040a95ce341e39509639ba672620bee79e05a3b27571	/root/cj_build/reference/jdk/src/hotspot/share/gc/z/zPageAllocator.hpp:45
GetInactiveUnitCount	runtime/src/Heap/Allocator/zPageAllocator.hpp:385	runtime/src/Heap/z/zPageAllocator.hpp:740	e7f707e145b6d61b76666c66bad1d36f5019f8f679443d9b4e0cb1a0eaa80cc6	/root/cj_build/reference/jdk/src/hotspot/share/gc/z/zPageAllocator.hpp:45
GetActiveUnitCount	runtime/src/Heap/Allocator/zPageAllocator.hpp:387	runtime/src/Heap/z/zPageAllocator.hpp:742	d95b4cbb278084a7490247c4e8b1ebcb07e3e49129bf30f8ec26403433f36a29	/root/cj_build/reference/jdk/src/hotspot/share/gc/z/zPageAllocator.hpp:45
GetLargeObjectSize	runtime/src/Heap/Allocator/zPageAllocator.hpp:390	runtime/src/Heap/z/zPageAllocator.hpp:745	8cb752bbc5c34231c8bf725218f5385eb1c32d6705213b274284a4e07177f03f	/root/cj_build/reference/jdk/src/hotspot/share/gc/z/zPageAllocator.hpp:45
GetFromSpaceSize	runtime/src/Heap/Allocator/zPageAllocator.hpp:396	runtime/src/Heap/z/zPageAllocator.hpp:751	920771dbc2242ae63167b2dcb786a42009157994ce9706629af6cad899242f44	/root/cj_build/reference/jdk/src/hotspot/share/gc/z/zPageAllocator.hpp:45
GetPinnedSpaceSize	runtime/src/Heap/Allocator/zPageAllocator.hpp:399	runtime/src/Heap/z/zPageAllocator.hpp:754	2e5ff5f280574a8a88d93b494d49b90e1dc7ffadc7dfa1a566c8cfaf80727bca	/root/cj_build/reference/jdk/src/hotspot/share/gc/z/zPageAllocator.hpp:45
GetLargeObjectThreshold	runtime/src/Heap/Allocator/zPageAllocator.hpp:403	runtime/src/Heap/z/zPageAllocator.hpp:758	2ecce3c2881f479691492512b4802fdd22255af40ac1b5b3bdac80e51c996044	/root/cj_build/reference/jdk/src/hotspot/share/gc/z/zPageAllocator.hpp:45
ClearFreePinnedSlots	runtime/src/Heap/Allocator/zPageAllocator.hpp:405	runtime/src/Heap/z/zPageAllocator.hpp:760	39156df04e26846d2b532371de685951970d8947381308908b3f50a56ade1d1a	/root/cj_build/reference/jdk/src/hotspot/share/gc/z/zPageAllocator.hpp:45
visibility	runtime/src/Heap/Allocator/zPageAllocator.inline.hpp:15	runtime/src/Heap/z/zPageAllocator.inline.hpp:15	b7d071c06851dc49e9d12b403d8713f6fa03120d46a8b5fa0f3dbd773363b80a	/root/cj_build/reference/jdk/src/hotspot/share/gc/z/zPageAllocator.inline.hpp:29
visibility	runtime/src/Heap/Allocator/zPageAllocator.inline.hpp:30	runtime/src/Heap/z/zPageAllocator.inline.hpp:30	9efeadc0cd43ef5dfcaf2a7e0ff9b0a064526059ffd8a680a7f999e40394e1f2	/root/cj_build/reference/jdk/src/hotspot/share/gc/z/zPageAllocator.inline.hpp:29
visibility	runtime/src/Heap/Allocator/zPageAllocator.inline.hpp:41	runtime/src/Heap/z/zPageAllocator.inline.hpp:41	10fec1115cd35067dee018856607dc7f432fa9582edc76716f8075226de9f8e0	/root/cj_build/reference/jdk/src/hotspot/share/gc/z/zPageAllocator.inline.hpp:29
if	runtime/src/Heap/Allocator/zPageAllocator.inline.hpp:142	runtime/src/Heap/z/zPageAllocator.inline.hpp:142	f32feb41782579bc3a70baffd3461c59e48bf1a35b6fee7c024f8a6830ae41a9	/root/cj_build/reference/jdk/src/hotspot/share/gc/z/zPageAllocator.inline.hpp:29
CollectRegion	runtime/src/Heap/Allocator/zPageAllocator.inline.hpp:55	runtime/src/Heap/z/zPageAllocator.inline.hpp:55	4bd97d21d71b749bf6b1204103964ad3e99e7d87c3df9c2e3103c6063d708235	/root/cj_build/reference/jdk/src/hotspot/share/gc/z/zPageAllocator.inline.hpp:29
<lambda-or-initializer>	runtime/src/Heap/Allocator/zPageAllocator.inline.hpp:172	runtime/src/Heap/z/zPageAllocator.inline.hpp:172	b57fde160af1ffcce588d74d6b1401103004a3c10efdbfe668058c7b1de17d32	/root/cj_build/reference/jdk/src/hotspot/share/gc/z/zPageAllocator.inline.hpp:29
AddRawPointerObject	runtime/src/Heap/Allocator/zPageAllocator.inline.hpp:160	runtime/src/Heap/z/zPageAllocator.inline.hpp:160	73b96bf1848747c15f561bb9075f94562a46a646ff948e41e66b53b9ad16a5ae	/root/cj_build/reference/jdk/src/hotspot/share/gc/z/zPageAllocator.inline.hpp:29
RemoveRawPointerObject	runtime/src/Heap/Allocator/zPageAllocator.inline.hpp:195	runtime/src/Heap/z/zPageAllocator.inline.hpp:195	cf7773598f32eec0301532819a5c5aa11d5612b7d15139bf3542ce363250df27	/root/cj_build/reference/jdk/src/hotspot/share/gc/z/zPageAllocator.inline.hpp:29
ReclaimGarbageRegions	runtime/src/Heap/Allocator/zPageAllocator.inline.hpp:203	runtime/src/Heap/z/zPageAllocator.inline.hpp:203	78ceffbd9f569631fc7151479119197d9c0781a162b4e7ae0066dd991d8fffde	/root/cj_build/reference/jdk/src/hotspot/share/gc/z/zPageAllocator.inline.hpp:29
GetRecentAllocatedSize	runtime/src/Heap/Allocator/zPageAllocator.inline.hpp:215	runtime/src/Heap/z/zPageAllocator.inline.hpp:215	8ae04cdf6beab5e7268b0f3a13b698c3759cc7cb424ff484f0210efcc7129ff2	/root/cj_build/reference/jdk/src/hotspot/share/gc/z/zPageAllocator.inline.hpp:29
GetSurvivedSize	runtime/src/Heap/Allocator/zPageAllocator.inline.hpp:221	runtime/src/Heap/z/zPageAllocator.inline.hpp:221	2e27563f1053b51bbdda1d34d082f55395c6af81db731a0d6f10c7763298322b	/root/cj_build/reference/jdk/src/hotspot/share/gc/z/zPageAllocator.inline.hpp:29
GetUsedUnitCount	runtime/src/Heap/Allocator/zPageAllocator.inline.hpp:227	runtime/src/Heap/z/zPageAllocator.inline.hpp:227	55fbb1f19398941975dfd578dabba4648e450c5da46ce482461dfbfb24abb1d6	/root/cj_build/reference/jdk/src/hotspot/share/gc/z/zPageAllocator.inline.hpp:29
<lambda-or-initializer>	runtime/src/Heap/Allocator/zPageAllocator.inline.hpp:240	runtime/src/Heap/z/zPageAllocator.inline.hpp:240	2aa38694c829c576b1500c330925012aeb6e439ee13084c4cb608f1457346929	/root/cj_build/reference/jdk/src/hotspot/share/gc/z/zPageAllocator.inline.hpp:29
GetAllocatedSize	runtime/src/Heap/Allocator/zPageAllocator.inline.hpp:238	runtime/src/Heap/z/zPageAllocator.inline.hpp:238	e8ffd7a6746c07db6a5a08df7f42cf4bf999f16e8d2c7bc0c8c57e72209a637d	/root/cj_build/reference/jdk/src/hotspot/share/gc/z/zPageAllocator.inline.hpp:29
MergeRawPointerRegions	runtime/src/Heap/Allocator/zPageAllocator.inline.hpp:258	runtime/src/Heap/z/zPageAllocator.inline.hpp:258	9493af130803b883c460008107ef1a13663b717daff8e36e9ebec1da3e5e262d	/root/cj_build/reference/jdk/src/hotspot/share/gc/z/zPageAllocator.inline.hpp:29
HandleTraceRegions	runtime/src/Heap/Allocator/zPageAllocator.inline.hpp:267	runtime/src/Heap/z/zPageAllocator.inline.hpp:267	84618acc2b8c670391dc79e42c87ccffb538c311854a4e862eecd01ed3172255	/root/cj_build/reference/jdk/src/hotspot/share/gc/z/zPageAllocator.inline.hpp:29
PrepareTrace	runtime/src/Heap/Allocator/zPageAllocator.inline.hpp:283	runtime/src/Heap/z/zPageAllocator.inline.hpp:283	9d8f324129d0ca8b814fcc0db01f388ea5eb985dcd84ef77865aa9f08874552f	/root/cj_build/reference/jdk/src/hotspot/share/gc/z/zPageAllocator.inline.hpp:29
ReleaseMarkQuarantine	runtime/src/Heap/Allocator/zPageAllocator.inline.hpp:292	runtime/src/Heap/z/zPageAllocator.inline.hpp:292	b4730d01f826632ad1dbf24b9d5803b44a48e604068bad19ab7f598fd8b5529f	/root/cj_build/reference/jdk/src/hotspot/share/gc/z/zPageAllocator.inline.hpp:29
ClearAllLiveInfo	runtime/src/Heap/Allocator/zPageAllocator.inline.hpp:306	runtime/src/Heap/z/zPageAllocator.inline.hpp:306	ba80d7395d2bd76d304d48e727d19b95632cdbcb87cc46454fed7ff5eded2169	/root/cj_build/reference/jdk/src/hotspot/share/gc/z/zPageAllocator.inline.hpp:29
VisitAllRegions	runtime/src/Heap/Allocator/zPageAllocator.inline.hpp:323	runtime/src/Heap/z/zPageAllocator.inline.hpp:323	f1e3f28410804c26c8422e8c294e2e2b24d4153a3df6b65d0a380f0ebfaec3bd	/root/cj_build/reference/jdk/src/hotspot/share/gc/z/zPageAllocator.inline.hpp:29
<lambda-or-initializer>	runtime/src/Heap/Allocator/zPageAllocator.inline.hpp:322	runtime/src/Heap/z/zPageAllocator.inline.hpp:322	01efd08c745776b137593f03e38684d084724aadbef6a1d77cf174e9822a8c86	/root/cj_build/reference/jdk/src/hotspot/share/gc/z/zPageAllocator.inline.hpp:29
VisitAllGhostRegions	runtime/src/Heap/Allocator/zPageAllocator.inline.hpp:329	runtime/src/Heap/z/zPageAllocator.inline.hpp:329	ba2bdc2313a4b0ed1659ffacd2db971fd74f8e8f33b9c6d3cb8f49a08a0cc29b	/root/cj_build/reference/jdk/src/hotspot/share/gc/z/zPageAllocator.inline.hpp:29
VisitAllManagedRegionsForProbe	runtime/src/Heap/Allocator/zPageAllocator.inline.hpp:321	runtime/src/Heap/z/zPageAllocator.inline.hpp:321	9a6b06911df1b29ec8a0cfc0818280134cf30e342fb8119d8784951ed632eff2	/root/cj_build/reference/jdk/src/hotspot/share/gc/z/zPageAllocator.inline.hpp:29
GetNextRegion	runtime/src/Heap/Allocator/zPageAllocator.inline.hpp:347	runtime/src/Heap/z/zPageAllocator.inline.hpp:347	fb1877ca9be20053cc08067fe0eb407bd586a35f9f9abad797d7de12f052925b	/root/cj_build/reference/jdk/src/hotspot/share/gc/z/zPageAllocator.inline.hpp:29
TakeReclaimableGarbageRegion	runtime/src/Heap/Allocator/zPageAllocator.inline.hpp:342	runtime/src/Heap/z/zPageAllocator.inline.hpp:342	6f9afd084e1128737ef24d9122ff3ab7cc3abea0a33bac01f416ababef9d365c	/root/cj_build/reference/jdk/src/hotspot/share/gc/z/zPageAllocator.inline.hpp:29
GetNextRegion	runtime/src/Heap/Allocator/zPageAllocator.inline.hpp:374	runtime/src/Heap/z/zPageAllocator.inline.hpp:374	46a817c6dd39609e6355d4c1f96f268129b496b4e2b56f68a7666d2d758532d3	/root/cj_build/reference/jdk/src/hotspot/share/gc/z/zPageAllocator.inline.hpp:29
TryTakeGarbageRegionAfterDispel	runtime/src/Heap/Allocator/zPageAllocator.inline.hpp:371	runtime/src/Heap/z/zPageAllocator.inline.hpp:371	3874d09097811288bd60c79b25c307232e17f1626a7e59fb19e2e4cf1b0107e7	/root/cj_build/reference/jdk/src/hotspot/share/gc/z/zPageAllocator.inline.hpp:29
GetNextRegion	runtime/src/Heap/Allocator/zPageAllocator.inline.hpp:400	runtime/src/Heap/z/zPageAllocator.inline.hpp:400	0f2b371b57cd03de402923d3addda4af0e536639a998187ffbfd370b963cf121	/root/cj_build/reference/jdk/src/hotspot/share/gc/z/zPageAllocator.inline.hpp:29
GetGatedGarbageBytes	runtime/src/Heap/Allocator/zPageAllocator.inline.hpp:396	runtime/src/Heap/z/zPageAllocator.inline.hpp:396	a4be36516fe1e89ddceac6f831e2e3e465081932e0d0df5cd23f0f8e37908cf8	/root/cj_build/reference/jdk/src/hotspot/share/gc/z/zPageAllocator.inline.hpp:29
LockRegionListInSaferegion	runtime/src/Heap/Allocator/zPageAllocator.inline.hpp:409	runtime/src/Heap/z/zPageAllocator.inline.hpp:409	139b45f998658ab7dc48e677e59b265ccaa66bb7a05c7fd3be32b71bbb518fec	/root/cj_build/reference/jdk/src/hotspot/share/gc/z/zPageAllocator.inline.hpp:29
AllocPinnedLocked	runtime/src/Heap/Allocator/zPageAllocator.inline.hpp:416	runtime/src/Heap/z/zPageAllocator.inline.hpp:416	81e1994ebd1877fb541c58a99a395a57b17cbc6f44c1e8c736cf6d243965f137	/root/cj_build/reference/jdk/src/hotspot/share/gc/z/zPageAllocator.inline.hpp:29
VisitAllRegions	runtime/src/Heap/Allocator/zPageAllocator.inline.hpp:433	runtime/src/Heap/z/zPageAllocator.inline.hpp:433	babeaaa05cae63e6098b00844b4d964b04ea6cee31b9b3b8f43d6d3aec286740	/root/cj_build/reference/jdk/src/hotspot/share/gc/z/zPageAllocator.inline.hpp:29
ClearLiveInfo	runtime/src/Heap/Allocator/zPageAllocator.inline.hpp:430	runtime/src/Heap/z/zPageAllocator.inline.hpp:430	6beafbbd8062be1cdea9869e3b0f265e52a3aadb5ae2a29e88d04592df1ef427	/root/cj_build/reference/jdk/src/hotspot/share/gc/z/zPageAllocator.inline.hpp:29
TagHugePage	runtime/src/Heap/Allocator/zPageAllocator.inline.hpp:440	runtime/src/Heap/z/zPageAllocator.inline.hpp:440	fdb04d67173b5a451e67d7c6af5fadde0911c4aaf46c02f68ef6fb7a4b2950d1	/root/cj_build/reference/jdk/src/hotspot/share/gc/z/zPageAllocator.inline.hpp:29
UntagHugePage	runtime/src/Heap/Allocator/zPageAllocator.inline.hpp:450	runtime/src/Heap/z/zPageAllocator.inline.hpp:450	9c1eba5f238741028a26e3cbdcb33a206ed7e60e1823ad0251e22572e425bcdd	/root/cj_build/reference/jdk/src/hotspot/share/gc/z/zPageAllocator.inline.hpp:29
AssertBarrierTransitionMonotonicity	runtime/src/Heap/Barrier/Barrier.cpp:37	runtime/src/Heap/z/zBarrier.cpp:37	25ac7f5fc539ee7ad28dc0418096029edda7bc3432b0133501d8c3ee62a48966	/root/cj_build/reference/jdk/src/hotspot/share/gc/z/zBarrier.cpp:36
ColourLoadGood	runtime/src/Heap/Barrier/Barrier.cpp:62	runtime/src/Heap/z/zBarrier.cpp:62	267bdff6dbb248c4bf05c8853c7ce2b3ca486276b640a8572e5280ffa77b7c98	/root/cj_build/reference/jdk/src/hotspot/share/gc/z/zBarrier.cpp:36
CopyReferenceSlots	runtime/src/Heap/Barrier/Barrier.cpp:77	runtime/src/Heap/z/zBarrier.cpp:77	f6d5ed459db9d5dcb87c72e86a29679ae316dfed30bbdf9241dc43d050d774b3	/root/cj_build/reference/jdk/src/hotspot/share/gc/z/zBarrier.cpp:36
WriteI8	runtime/src/Heap/Barrier/Barrier.cpp:127	runtime/src/Heap/z/zBarrier.cpp:127	127cb1fd90957a46d16f933e7935ea708a9c69e6f28ce7de4bfc931a06b411ea	/root/cj_build/reference/jdk/src/hotspot/share/gc/z/zBarrier.cpp:36
WriteI16	runtime/src/Heap/Barrier/Barrier.cpp:129	runtime/src/Heap/z/zBarrier.cpp:129	127cb1fd90957a46d16f933e7935ea708a9c69e6f28ce7de4bfc931a06b411ea	/root/cj_build/reference/jdk/src/hotspot/share/gc/z/zBarrier.cpp:36
WriteI32	runtime/src/Heap/Barrier/Barrier.cpp:131	runtime/src/Heap/z/zBarrier.cpp:131	127cb1fd90957a46d16f933e7935ea708a9c69e6f28ce7de4bfc931a06b411ea	/root/cj_build/reference/jdk/src/hotspot/share/gc/z/zBarrier.cpp:36
WriteI64	runtime/src/Heap/Barrier/Barrier.cpp:133	runtime/src/Heap/z/zBarrier.cpp:133	127cb1fd90957a46d16f933e7935ea708a9c69e6f28ce7de4bfc931a06b411ea	/root/cj_build/reference/jdk/src/hotspot/share/gc/z/zBarrier.cpp:36
WriteF32	runtime/src/Heap/Barrier/Barrier.cpp:135	runtime/src/Heap/z/zBarrier.cpp:135	127cb1fd90957a46d16f933e7935ea708a9c69e6f28ce7de4bfc931a06b411ea	/root/cj_build/reference/jdk/src/hotspot/share/gc/z/zBarrier.cpp:36
WriteF64	runtime/src/Heap/Barrier/Barrier.cpp:137	runtime/src/Heap/z/zBarrier.cpp:137	127cb1fd90957a46d16f933e7935ea708a9c69e6f28ce7de4bfc931a06b411ea	/root/cj_build/reference/jdk/src/hotspot/share/gc/z/zBarrier.cpp:36
<lambda-or-initializer>	runtime/src/Heap/Barrier/Barrier.cpp:147	runtime/src/Heap/z/zBarrier.cpp:147	0d2aa1d838d387ca0998938072a6172eefbd7f3a529115f332bab07bd9fa7e1f	/root/cj_build/reference/jdk/src/hotspot/share/gc/z/zBarrier.cpp:36
StoreBarrier	runtime/src/Heap/Barrier/Barrier.cpp:144	runtime/src/Heap/z/zBarrier.cpp:144	7ec95dd9bffcd57532bc344cd2a62c6d21e25b70997e56ec1d8a9044943d8243	/root/cj_build/reference/jdk/src/hotspot/share/gc/z/zBarrier.cpp:36
WriteReference	runtime/src/Heap/Barrier/Barrier.cpp:181	runtime/src/Heap/z/zBarrier.cpp:181	cbb835f27aef8b9151c2cb9d8a6fd6e56b473b344d80c5998b7fffc5f28a7ac2	/root/cj_build/reference/jdk/src/hotspot/share/gc/z/zBarrier.cpp:36
PostWriteReference	runtime/src/Heap/Barrier/Barrier.cpp:189	runtime/src/Heap/z/zBarrier.cpp:189	0f0b7ec3b9672ff8e9401e4e8bae606ba36c326e3b5f3706afde6aed87d681e5	/root/cj_build/reference/jdk/src/hotspot/share/gc/z/zBarrier.cpp:36
WriteReferenceImpl	runtime/src/Heap/Barrier/Barrier.cpp:208	runtime/src/Heap/z/zBarrier.cpp:208	31936e0f979109bbcf7ac4f2eee8e1fa86fcf6a6a6bdc7f6c686b5dc0f19b6a1	/root/cj_build/reference/jdk/src/hotspot/share/gc/z/zBarrier.cpp:36
WriteStruct	runtime/src/Heap/Barrier/Barrier.cpp:214	runtime/src/Heap/z/zBarrier.cpp:214	0402308a71bb60bff5999b94d8df88e952f2de069f43fcb81d109473b2579caa	/root/cj_build/reference/jdk/src/hotspot/share/gc/z/zBarrier.cpp:36
WriteStructImpl	runtime/src/Heap/Barrier/Barrier.cpp:219	runtime/src/Heap/z/zBarrier.cpp:219	4573b30fabe7556f513dacabeca7315f9e453f742a865f1229c443e9c45bbcc0	/root/cj_build/reference/jdk/src/hotspot/share/gc/z/zBarrier.cpp:36
<lambda-or-initializer>	runtime/src/Heap/Barrier/Barrier.cpp:240	runtime/src/Heap/z/zBarrier.cpp:240	23d4dd57a73f1920243fcb94f65347604a31a3c3f512547414fdd142d720ae25	/root/cj_build/reference/jdk/src/hotspot/share/gc/z/zBarrier.cpp:36
NativeStoreBarrier	runtime/src/Heap/Barrier/Barrier.cpp:238	runtime/src/Heap/z/zBarrier.cpp:238	f0bc5fc55beeaae58f9c167852134d30002cf16e1315d4c5cefc04929006b643	/root/cj_build/reference/jdk/src/hotspot/share/gc/z/zBarrier.cpp:36
WriteStaticRef	runtime/src/Heap/Barrier/Barrier.cpp:259	runtime/src/Heap/z/zBarrier.cpp:259	56f58b7594a2b5c92405c54ca73e37fec8feacb44b2c2efd35f548c02d76c7c4	/root/cj_build/reference/jdk/src/hotspot/share/gc/z/zBarrier.cpp:36
ReadStaticRef	runtime/src/Heap/Barrier/Barrier.cpp:265	runtime/src/Heap/z/zBarrier.cpp:265	5ab713ad669d91acac5c13c2488984ef247c0b7d0565f751d960c9a680a3f9e8	/root/cj_build/reference/jdk/src/hotspot/share/gc/z/zBarrier.cpp:36
ReadPlainRoot	runtime/src/Heap/Barrier/Barrier.cpp:272	runtime/src/Heap/z/zBarrier.cpp:272	6a75536bc5feaa2f7cdd03114c00a7ed3a13110990b46b2ef2cd52bc9cd30dd7	/root/cj_build/reference/jdk/src/hotspot/share/gc/z/zBarrier.cpp:36
WritePlainRoot	runtime/src/Heap/Barrier/Barrier.cpp:277	runtime/src/Heap/z/zBarrier.cpp:277	9c810c8cb8c1d48425a8894cde0fe45f27b242f6683968c170ab21cc4b80a8ff	/root/cj_build/reference/jdk/src/hotspot/share/gc/z/zBarrier.cpp:36
ForEachBitmapWordInRange	runtime/src/Heap/Barrier/Barrier.cpp:284	runtime/src/Heap/z/zBarrier.cpp:284	278ec4d83b9d2ca09c7ae4a9bbe5ba2002661d7ea8185ab363c71e7e6df4e5f8	/root/cj_build/reference/jdk/src/hotspot/share/gc/z/zBarrier.cpp:36
ForEachBitmapWordInRange	runtime/src/Heap/Barrier/Barrier.cpp:579	runtime/src/Heap/z/zBarrier.cpp:579	278ec4d83b9d2ca09c7ae4a9bbe5ba2002661d7ea8185ab363c71e7e6df4e5f8	/root/cj_build/reference/jdk/src/hotspot/share/gc/z/zBarrier.cpp:36
WriteStaticStruct	runtime/src/Heap/Barrier/Barrier.cpp:282	runtime/src/Heap/z/zBarrier.cpp:282	15c491a980bb008ff1e119dffbf9d16385da5175a3652efa0deec46c1105b431	/root/cj_build/reference/jdk/src/hotspot/share/gc/z/zBarrier.cpp:36
<lambda-or-initializer>	runtime/src/Heap/Barrier/Barrier.cpp:300	runtime/src/Heap/z/zBarrier.cpp:300	5cfa71a3f3235c7a7a37fe10046a5b984660a7732bb5cbe084a1f7d8f966fa60	/root/cj_build/reference/jdk/src/hotspot/share/gc/z/zBarrier.cpp:36
LoadBarrier	runtime/src/Heap/Barrier/Barrier.cpp:299	runtime/src/Heap/z/zBarrier.cpp:299	bbc0a9a9762670ef4a21f8930e3f3abc3bc23f1b56500a8f0fd0e0185d7d132b	/root/cj_build/reference/jdk/src/hotspot/share/gc/z/zBarrier.cpp:36
ReadReference	runtime/src/Heap/Barrier/Barrier.cpp:340	runtime/src/Heap/z/zBarrier.cpp:340	06631f39f5eaee3d446e697db98a8c88e29dfd6e942b0e849565646c8a494898	/root/cj_build/reference/jdk/src/hotspot/share/gc/z/zBarrier.cpp:36
ReadWeakRef	runtime/src/Heap/Barrier/Barrier.cpp:345	runtime/src/Heap/z/zBarrier.cpp:345	d643b39048bd22498299b2edb9acabeef862fc702ba5966bd07dfd10bf01325b	/root/cj_build/reference/jdk/src/hotspot/share/gc/z/zBarrier.cpp:36
ReadPhantomRef	runtime/src/Heap/Barrier/Barrier.cpp:350	runtime/src/Heap/z/zBarrier.cpp:350	2ce54fce89bf915bfac83d826e4d301e74578cee7f8307c940b93ba6af862337	/root/cj_build/reference/jdk/src/hotspot/share/gc/z/zBarrier.cpp:36
AtomicWriteReference	runtime/src/Heap/Barrier/Barrier.cpp:356	runtime/src/Heap/z/zBarrier.cpp:356	1b07980e4150eacfe935b82567a508d44ac7663a2250a374cc4021edd60e8ea9	/root/cj_build/reference/jdk/src/hotspot/share/gc/z/zBarrier.cpp:36
AtomicWriteReferenceImpl	runtime/src/Heap/Barrier/Barrier.cpp:367	runtime/src/Heap/z/zBarrier.cpp:367	3644701e6c28f9427b08d2a2093c6f5b675f28dbcde47bda8b99d66878f877eb	/root/cj_build/reference/jdk/src/hotspot/share/gc/z/zBarrier.cpp:36
AtomicSwapReference	runtime/src/Heap/Barrier/Barrier.cpp:374	runtime/src/Heap/z/zBarrier.cpp:374	ba4d3fe75b6fbcf48c31d988bf6ee4855d4ac90e784b39dad3440c6d12930e92	/root/cj_build/reference/jdk/src/hotspot/share/gc/z/zBarrier.cpp:36
AtomicSwapReferenceImpl	runtime/src/Heap/Barrier/Barrier.cpp:385	runtime/src/Heap/z/zBarrier.cpp:385	b43487da59f9adb49af078a43e1a8efeacae02ceff36973b27d513b7d12f4ea5	/root/cj_build/reference/jdk/src/hotspot/share/gc/z/zBarrier.cpp:36
AtomicReadReference	runtime/src/Heap/Barrier/Barrier.cpp:393	runtime/src/Heap/z/zBarrier.cpp:393	700ab9f0b0283ee33fe57c7958d99a500c0025d243075c6d114aca38459c19ec	/root/cj_build/reference/jdk/src/hotspot/share/gc/z/zBarrier.cpp:36
CompareAndSwapReference	runtime/src/Heap/Barrier/Barrier.cpp:399	runtime/src/Heap/z/zBarrier.cpp:399	2af8c8bb838c22ccdee94746b791495f54b475cee6ecdc1b105ca2f8be7a1731	/root/cj_build/reference/jdk/src/hotspot/share/gc/z/zBarrier.cpp:36
CompareAndSwapReferenceImpl	runtime/src/Heap/Barrier/Barrier.cpp:410	runtime/src/Heap/z/zBarrier.cpp:410	66d7ce53576df64ce87d8f6bacba8254465cb1cae9efe107cfe84e73bf54a34c	/root/cj_build/reference/jdk/src/hotspot/share/gc/z/zBarrier.cpp:36
CopyRefArray	runtime/src/Heap/Barrier/Barrier.cpp:421	runtime/src/Heap/z/zBarrier.cpp:421	dd79d59f285fb021f08ae25544ce55cb6b145a7075fec3abeab00779ad5163f5	/root/cj_build/reference/jdk/src/hotspot/share/gc/z/zBarrier.cpp:36
CopyRefArrayImpl	runtime/src/Heap/Barrier/Barrier.cpp:427	runtime/src/Heap/z/zBarrier.cpp:427	e5d239e0d683cd59d396cba82dccd52c3facfaa58708de0a278d461f08c252d0	/root/cj_build/reference/jdk/src/hotspot/share/gc/z/zBarrier.cpp:36
CopyStructArray	runtime/src/Heap/Barrier/Barrier.cpp:444	runtime/src/Heap/z/zBarrier.cpp:444	c668f2cf27bf48788406416e78957373d1bc74939b7064a0f257eba2e538e7dd	/root/cj_build/reference/jdk/src/hotspot/share/gc/z/zBarrier.cpp:36
CopyStructArrayImpl	runtime/src/Heap/Barrier/Barrier.cpp:450	runtime/src/Heap/z/zBarrier.cpp:450	0b9bd0363346b247c5abb2d7499e9a2a3de3ad556ce01fcc4eb64a581dab51cc	/root/cj_build/reference/jdk/src/hotspot/share/gc/z/zBarrier.cpp:36
ForEachRefInStruct	runtime/src/Heap/Barrier/Barrier.cpp:486	runtime/src/Heap/z/zBarrier.cpp:486	5656dc6b71d59aad654d37d3daccf3c449fe961c79da4a59eb59004c17d881ca	/root/cj_build/reference/jdk/src/hotspot/share/gc/z/zBarrier.cpp:36
CopyStructPlainToNonHeap	runtime/src/Heap/Barrier/Barrier.cpp:466	runtime/src/Heap/z/zBarrier.cpp:466	91e6280c77ad4387ade9bd0d7493ab7082293a3c2302ea58baa935aef531f64a	/root/cj_build/reference/jdk/src/hotspot/share/gc/z/zBarrier.cpp:36
ForEachRefInStruct	runtime/src/Heap/Barrier/Barrier.cpp:525	runtime/src/Heap/z/zBarrier.cpp:525	00363e2b9e66dab9b00f9e452574c7e4581a8c4a3deec5e891f20c8a0399da18	/root/cj_build/reference/jdk/src/hotspot/share/gc/z/zBarrier.cpp:36
CopyObjectStructColouredToHeap	runtime/src/Heap/Barrier/Barrier.cpp:521	runtime/src/Heap/z/zBarrier.cpp:521	83b339aea659119a0e2cddbb372df0840737cbbb3704e1d87ceff7081d2e5e37	/root/cj_build/reference/jdk/src/hotspot/share/gc/z/zBarrier.cpp:36
ForEachBitmapWordInRange	runtime/src/Heap/Barrier/Barrier.cpp:542	runtime/src/Heap/z/zBarrier.cpp:542	268349723b4c31d103ffa1f1d9068ad2b19962de184ef22bb60ec98071651044	/root/cj_build/reference/jdk/src/hotspot/share/gc/z/zBarrier.cpp:36
CopyStaticStructColouredToHeap	runtime/src/Heap/Barrier/Barrier.cpp:537	runtime/src/Heap/z/zBarrier.cpp:537	45c9d05caaf2aaffb06b3833e53601e8c4b158373df36990d4539a0dbd2b37d5	/root/cj_build/reference/jdk/src/hotspot/share/gc/z/zBarrier.cpp:36
ForEachRefFieldInRange	runtime/src/Heap/Barrier/Barrier.cpp:555	runtime/src/Heap/z/zBarrier.cpp:555	2730ee78a1f80abf0ee99c01171830f3964ff5a3fbc2613e7aa1c14b167c796f	/root/cj_build/reference/jdk/src/hotspot/share/gc/z/zBarrier.cpp:36
CopyStructArrayColouredToHeap	runtime/src/Heap/Barrier/Barrier.cpp:551	runtime/src/Heap/z/zBarrier.cpp:551	f6b36b41de6302fcc1407b9513555f6aaa2aa0b3968e9ee5eca9580cf1e7de1f	/root/cj_build/reference/jdk/src/hotspot/share/gc/z/zBarrier.cpp:36
<lambda-or-initializer>	runtime/src/Heap/Barrier/Barrier.cpp:568	runtime/src/Heap/z/zBarrier.cpp:568	212f0e8adb6c15ea980d4d2d2be8d325c34b448684cc28ed0e9e248032bb7829	/root/cj_build/reference/jdk/src/hotspot/share/gc/z/zBarrier.cpp:36
CopyRefArrayColouredToHeap	runtime/src/Heap/Barrier/Barrier.cpp:563	runtime/src/Heap/z/zBarrier.cpp:563	2e9e5dcac4745343e8234f057a86be5eccb2d2f0d136e25587c30ea257abc8a3	/root/cj_build/reference/jdk/src/hotspot/share/gc/z/zBarrier.cpp:36
CopyStaticStructPlainToNonHeap	runtime/src/Heap/Barrier/Barrier.cpp:576	runtime/src/Heap/z/zBarrier.cpp:576	75b7469c76186680224e6596e47033d2f1460956c72a1e1a21f8f299aebf7b6d	/root/cj_build/reference/jdk/src/hotspot/share/gc/z/zBarrier.cpp:36
ForEachRefFieldInRange	runtime/src/Heap/Barrier/Barrier.cpp:616	runtime/src/Heap/z/zBarrier.cpp:616	1fdfd2e2c4ba2ef22b1cd9b27481fe5e1fdb1c6e8f506e205f0801bf2990a1bc	/root/cj_build/reference/jdk/src/hotspot/share/gc/z/zBarrier.cpp:36
CopyStructArrayPlainToNonHeap	runtime/src/Heap/Barrier/Barrier.cpp:588	runtime/src/Heap/z/zBarrier.cpp:588	3af8a785cc7f1e7822c8153cc7537fc95a3ea1b545544751c42256e7fa1e0493	/root/cj_build/reference/jdk/src/hotspot/share/gc/z/zBarrier.cpp:36
CopyRefArrayPlainToNonHeap	runtime/src/Heap/Barrier/Barrier.cpp:647	runtime/src/Heap/z/zBarrier.cpp:647	dd05b433eaf4a90a0a3aabdd67f371337d4dde5b0c4d3612635448d83ad8078c	/root/cj_build/reference/jdk/src/hotspot/share/gc/z/zBarrier.cpp:36
ReadStruct	runtime/src/Heap/Barrier/Barrier.cpp:688	runtime/src/Heap/z/zBarrier.cpp:688	58b628229a9a8f06ef62a94b5848a29cb78f73c43b0a570e868a2d8c2d00691f	/root/cj_build/reference/jdk/src/hotspot/share/gc/z/zBarrier.cpp:36
ReadStaticStruct	runtime/src/Heap/Barrier/Barrier.cpp:699	runtime/src/Heap/z/zBarrier.cpp:699	9c0e82b667a8aff59b6ebbf643d4fa422ddb0b0c2b2d78dcf123dbe2b6fbb2c8	/root/cj_build/reference/jdk/src/hotspot/share/gc/z/zBarrier.cpp:36
WriteGeneric	runtime/src/Heap/Barrier/Barrier.cpp:709	runtime/src/Heap/z/zBarrier.cpp:709	0347d7f22d3e6ba181b0d35cfefe40979bdc0176399901876caa071879ebb6ef	/root/cj_build/reference/jdk/src/hotspot/share/gc/z/zBarrier.cpp:36
if	runtime/src/Heap/Barrier/Barrier.cpp:725	runtime/src/Heap/z/zBarrier.cpp:725	630bd2ff839877a1d24349404822b0a4444df95b5c03b30e48f943fd57315eb3	/root/cj_build/reference/jdk/src/hotspot/share/gc/z/zBarrier.cpp:36
WriteGenericImpl	runtime/src/Heap/Barrier/Barrier.cpp:714	runtime/src/Heap/z/zBarrier.cpp:714	ec4ddf9ddb944da3b6e9be31fef2f0e9a2c47812193793f2128b0f534ad101c4	/root/cj_build/reference/jdk/src/hotspot/share/gc/z/zBarrier.cpp:36
ReadGeneric	runtime/src/Heap/Barrier/Barrier.cpp:745	runtime/src/Heap/z/zBarrier.cpp:745	fc5c38033ae77dfccb81dd8799c13ab698ecda41a6eac6804f5ab0a809269634	/root/cj_build/reference/jdk/src/hotspot/share/gc/z/zBarrier.cpp:36
ReadGenericImpl	runtime/src/Heap/Barrier/Barrier.cpp:750	runtime/src/Heap/z/zBarrier.cpp:750	d0e845b9f35f406f2590b8cb91c8579e414475063cf1b0a88c90748a94207a3f	/root/cj_build/reference/jdk/src/hotspot/share/gc/z/zBarrier.cpp:36
RecordCrossGenEdge	runtime/src/Heap/Barrier/Barrier.cpp:769	runtime/src/Heap/z/zBarrier.cpp:769	9b37b78734fed460b1d94cb08e08556a18c3b2f2a7b49269f29cd3f5b7130b43	/root/cj_build/reference/jdk/src/hotspot/share/gc/z/zBarrier.cpp:36
Barrier	runtime/src/Heap/Barrier/Barrier.h:25	runtime/src/Heap/z/zBarrier.hpp:25	44136fa355b3678a1146ad16f7e8649e94fb4fc21fe77e8310c060f61caaff8a	/root/cj_build/reference/jdk/src/hotspot/share/gc/z/zBarrier.hpp:72
<lambda-or-initializer>	runtime/src/Heap/Barrier/Barrier.inline.h:17	runtime/src/Heap/z/zBarrier.inline.hpp:17	882c717a38ccdca5abc1d6a172fb1115ae37160232012d1917989f2e3641c3db	/root/cj_build/reference/jdk/src/hotspot/share/gc/z/zBarrier.inline.hpp:41
<lambda-or-initializer>	runtime/src/Heap/Barrier/Barrier.inline.h:23	runtime/src/Heap/z/zBarrier.inline.hpp:23	d10bf0b8096c32d743115531981c445d394cfd70800561a99f6bba15fdefdfb1	/root/cj_build/reference/jdk/src/hotspot/share/gc/z/zBarrier.inline.hpp:41
<lambda-or-initializer>	runtime/src/Heap/Barrier/Barrier.inline.h:29	runtime/src/Heap/z/zBarrier.inline.hpp:29	e2d8c7db7ab6cf539f211d01e3bb5103eb3c90597d3d6d9a957197e4b29c72de	/root/cj_build/reference/jdk/src/hotspot/share/gc/z/zBarrier.inline.hpp:41
<lambda-or-initializer>	runtime/src/Heap/Barrier/Barrier.inline.h:35	runtime/src/Heap/z/zBarrier.inline.hpp:35	6eb909c79b7bc7961a78b7f6f80bbd485dad2551c8933385535ebf2e582e1595	/root/cj_build/reference/jdk/src/hotspot/share/gc/z/zBarrier.inline.hpp:41
<lambda-or-initializer>	runtime/src/Heap/Barrier/Barrier.inline.h:41	runtime/src/Heap/z/zBarrier.inline.hpp:41	f26e8352aabca45b3390409bab47be8900f459c8187a163c6f0e40ff80832030	/root/cj_build/reference/jdk/src/hotspot/share/gc/z/zBarrier.inline.hpp:41
<lambda-or-initializer>	runtime/src/Heap/Barrier/Barrier.inline.h:47	runtime/src/Heap/z/zBarrier.inline.hpp:47	3785ce05963a4d75b58e673326f2c693cad2ddf8d9dc529d995c4e2be848829d	/root/cj_build/reference/jdk/src/hotspot/share/gc/z/zBarrier.inline.hpp:41
<lambda-or-initializer>	runtime/src/Heap/Barrier/RememberedSet.cpp:40	runtime/src/Heap/z/zRememberedSet.cpp:40	578e32b059548ed4449a20672246ac7f427de2414e13d077b7ac0ba2fd40f64c	/root/cj_build/reference/jdk/src/hotspot/share/gc/z/zRememberedSet.cpp:34
RememberedSet	runtime/src/Heap/Barrier/RememberedSet.cpp:39	runtime/src/Heap/z/zRememberedSet.cpp:39	814397255164bc9cae8ebbdf0a17d77db5a85aec63cb33cb542940bda02956af	/root/cj_build/reference/jdk/src/hotspot/share/gc/z/zRememberedSet.cpp:34
<lambda-or-initializer>	runtime/src/Heap/Barrier/RememberedSet.cpp:59	runtime/src/Heap/z/zRememberedSet.cpp:59	f38d890ab6c559aaa328c77e0d220f35eec04041751b250763f0cf4860cde8ae	/root/cj_build/reference/jdk/src/hotspot/share/gc/z/zRememberedSet.cpp:34
<lambda-or-initializer>	runtime/src/Heap/Barrier/RememberedSet.cpp:64	runtime/src/Heap/z/zRememberedSet.cpp:64	94275731f8d50d0c1d6631bc24d54727aad4a4f81cb5ce6fe464a67c2fb297f7	/root/cj_build/reference/jdk/src/hotspot/share/gc/z/zRememberedSet.cpp:34
<lambda-or-initializer>	runtime/src/Heap/Barrier/RememberedSet.cpp:56	runtime/src/Heap/z/zRememberedSet.cpp:56	e65b1c1d979975ad61fec2cbac22c592fff81876d706746387daf0683af21bd1	/root/cj_build/reference/jdk/src/hotspot/share/gc/z/zRememberedSet.cpp:34
Initialize	runtime/src/Heap/Barrier/RememberedSet.cpp:46	runtime/src/Heap/z/zRememberedSet.cpp:46	d3525b0fd4bc526947de20717b2e630b0b923889dde897b24398623443eae659	/root/cj_build/reference/jdk/src/hotspot/share/gc/z/zRememberedSet.cpp:34
CheckInitialized	runtime/src/Heap/Barrier/RememberedSet.cpp:72	runtime/src/Heap/z/zRememberedSet.inline.hpp:11	fd883c0840330e55527201eee031ef7ef3b6d2b7047437057878dc46a5b533e1	/root/cj_build/reference/jdk/src/hotspot/share/gc/z/zRememberedSet.inline.hpp:31
AddressToBit	runtime/src/Heap/Barrier/RememberedSet.cpp:77	runtime/src/Heap/z/zRememberedSet.inline.hpp:16	c69076092f48b6d7da940fc649fb433562d91efc86639a45b4a5e2dba862d012	/root/cj_build/reference/jdk/src/hotspot/share/gc/z/zRememberedSet.inline.hpp:31
RememberPage	runtime/src/Heap/Barrier/RememberedSet.cpp:87	runtime/src/Heap/z/zRememberedSet.inline.hpp:26	589a2a5f011f7b5b76c5342310ba1ba62900c03941eb13d8878b53f06b91e6fb	/root/cj_build/reference/jdk/src/hotspot/share/gc/z/zRememberedSet.inline.hpp:31
Record	runtime/src/Heap/Barrier/RememberedSet.cpp:94	runtime/src/Heap/z/zRememberedSet.inline.hpp:33	4d53b669c33a48fc0b0fa4f64d2cbc72b89e622229fba5632b53712880b30b61	/root/cj_build/reference/jdk/src/hotspot/share/gc/z/zRememberedSet.inline.hpp:31
<lambda-or-initializer>	runtime/src/Heap/Barrier/RememberedSet.cpp:134	runtime/src/Heap/z/zRememberedSet.cpp:94	aca74510003b92e77868e79f41213531ce202320f8582566ed1d15d201f4b995	/root/cj_build/reference/jdk/src/hotspot/share/gc/z/zRememberedSet.cpp:34
<lambda-or-initializer>	runtime/src/Heap/Barrier/RememberedSet.cpp:133	runtime/src/Heap/z/zRememberedSet.cpp:93	a3dc146541ff9c8dabf36a598be38b9c932cbe0d76a93ee563868f2203324b71	/root/cj_build/reference/jdk/src/hotspot/share/gc/z/zRememberedSet.cpp:34
<lambda-or-initializer>	runtime/src/Heap/Barrier/RememberedSet.cpp:156	runtime/src/Heap/z/zRememberedSet.cpp:116	68bd583b0551696ce661c105dbc7fc7b07f77f152519dad4e5030860d04de710	/root/cj_build/reference/jdk/src/hotspot/share/gc/z/zRememberedSet.cpp:34
stable_sort	runtime/src/Heap/Barrier/RememberedSet.cpp:160	runtime/src/Heap/z/zRememberedSet.cpp:120	2915d1648e5bd0b93f3b69546e91fab379e8f6203704d969691c048323cb4a99	/root/cj_build/reference/jdk/src/hotspot/share/gc/z/zRememberedSet.cpp:34
TakeInPlaceSlots	runtime/src/Heap/Barrier/RememberedSet.cpp:112	runtime/src/Heap/z/zRememberedSet.cpp:72	eef23048e9c3d7ef42f9bea982030daf0ea218eb5c7ab44e08e7f5afa624c486	/root/cj_build/reference/jdk/src/hotspot/share/gc/z/zRememberedSet.cpp:34
lower_bound	runtime/src/Heap/Barrier/RememberedSet.cpp:173	runtime/src/Heap/z/zRememberedSet.cpp:133	37688a2ce56254f867018d75730f6abb825b6be0c188ef1d72a0f39d36853f82	/root/cj_build/reference/jdk/src/hotspot/share/gc/z/zRememberedSet.cpp:34
<lambda-or-initializer>	runtime/src/Heap/Barrier/RememberedSet.cpp:190	runtime/src/Heap/z/zRememberedSet.cpp:150	43481ed270b8a6232b42185b76009200805384b44129c6130a6f4ca4b77780a8	/root/cj_build/reference/jdk/src/hotspot/share/gc/z/zRememberedSet.cpp:34
<lambda-or-initializer>	runtime/src/Heap/Barrier/RememberedSet.cpp:175	runtime/src/Heap/z/zRememberedSet.cpp:135	0f7629d55a15469baa5806f766dcf7af25d5f57b84eb2159c8a527d2e0bf4bba	/root/cj_build/reference/jdk/src/hotspot/share/gc/z/zRememberedSet.cpp:34
MoveInPlaceSlots	runtime/src/Heap/Barrier/RememberedSet.cpp:166	runtime/src/Heap/z/zRememberedSet.cpp:126	2f42ad87690701ff103127aa6edeee7ecc92695c0525e44cb9d0244784e29515	/root/cj_build/reference/jdk/src/hotspot/share/gc/z/zRememberedSet.cpp:34
<lambda-or-initializer>	runtime/src/Heap/Barrier/RememberedSet.cpp:229	runtime/src/Heap/z/zRememberedSet.cpp:189	463226a85b92b05d697345136aec22ad893663e99de01b9c99974ce62ad05f43	/root/cj_build/reference/jdk/src/hotspot/share/gc/z/zRememberedSet.cpp:34
<lambda-or-initializer>	runtime/src/Heap/Barrier/RememberedSet.cpp:228	runtime/src/Heap/z/zRememberedSet.cpp:188	77f2c98f5e08c23ba8f75a59bab46d31b502ba336f70658d8aa761c303b06d2b	/root/cj_build/reference/jdk/src/hotspot/share/gc/z/zRememberedSet.cpp:34
TransferObjectSlots	runtime/src/Heap/Barrier/RememberedSet.cpp:202	runtime/src/Heap/z/zRememberedSet.cpp:162	981f5e98be08d8709c44d956e9eb1d31e225854f251b9c449fb87e3b045d1527	/root/cj_build/reference/jdk/src/hotspot/share/gc/z/zRememberedSet.cpp:34
<lambda-or-initializer>	runtime/src/Heap/Barrier/RememberedSet.cpp:255	runtime/src/Heap/z/zRememberedSet.cpp:215	41321bc51ebe3888d5384f6be45cd1f2ebb48a78514d7e9462073ba7c1c4babd	/root/cj_build/reference/jdk/src/hotspot/share/gc/z/zRememberedSet.cpp:34
VisitRememberedPages	runtime/src/Heap/Barrier/RememberedSet.cpp:254	runtime/src/Heap/z/zRememberedSet.cpp:214	e0cf2669bbc15ce9f27a8a921e7761737d1c0e2d09e3d7bf908bc9fac1f55e58	/root/cj_build/reference/jdk/src/hotspot/share/gc/z/zRememberedSet.cpp:34
FlipForMinor	runtime/src/Heap/Barrier/RememberedSet.cpp:266	runtime/src/Heap/z/zRememberedSet.cpp:226	69f36a7ce98a3fab47d7b8a4c8e95fdfacc6e3cf132a1bd93d143a506876dfd6	/root/cj_build/reference/jdk/src/hotspot/share/gc/z/zRememberedSet.cpp:34
<lambda-or-initializer>	runtime/src/Heap/Barrier/RememberedSet.cpp:290	runtime/src/Heap/z/zRememberedSet.cpp:250	80db2ff8706638e49712b6573780cef82eb468b38b29799c532d954ede7206c6	/root/cj_build/reference/jdk/src/hotspot/share/gc/z/zRememberedSet.cpp:34
<lambda-or-initializer>	runtime/src/Heap/Barrier/RememberedSet.cpp:307	runtime/src/Heap/z/zRememberedSet.cpp:267	36a232ded661fad9e9a26f15484fc09f13a9b4b0de3ebfb6a08c39bf7431b117	/root/cj_build/reference/jdk/src/hotspot/share/gc/z/zRememberedSet.cpp:34
VisitRememberedPages	runtime/src/Heap/Barrier/RememberedSet.cpp:299	runtime/src/Heap/z/zRememberedSet.cpp:259	24c0344d3c325d488eb9e18b3fb2647dd6a607a29b17e23913f04eb52ec1a6d7	/root/cj_build/reference/jdk/src/hotspot/share/gc/z/zRememberedSet.cpp:34
ScanPreviousForMinor	runtime/src/Heap/Barrier/RememberedSet.cpp:283	runtime/src/Heap/z/zRememberedSet.cpp:243	8d1e16adb428d24a909ec064026e7debec0e60ee8d72b7192bbc4d291e66bdda	/root/cj_build/reference/jdk/src/hotspot/share/gc/z/zRememberedSet.cpp:34
<lambda-or-initializer>	runtime/src/Heap/Barrier/RememberedSet.cpp:372	runtime/src/Heap/z/zRememberedSet.cpp:332	6586e7e0c62881959068a9433990df521bba91a6db7d34b1b836d116be03f146	/root/cj_build/reference/jdk/src/hotspot/share/gc/z/zRememberedSet.cpp:34
VisitPreviousInRange	runtime/src/Heap/Barrier/RememberedSet.cpp:349	runtime/src/Heap/z/zRememberedSet.cpp:309	4d88ce323ab28d76f9d3ef05656b92d16e38ad0199e23e998acaf59c7045a8dd	/root/cj_build/reference/jdk/src/hotspot/share/gc/z/zRememberedSet.cpp:34
DrainForMinor	runtime/src/Heap/Barrier/RememberedSet.cpp:384	runtime/src/Heap/z/zRememberedSet.cpp:344	67acf62b7090c1cc044f72134b75491a9a87eb87357c8ba92ca97c0b01ae9f63	/root/cj_build/reference/jdk/src/hotspot/share/gc/z/zRememberedSet.cpp:34
<lambda-or-initializer>	runtime/src/Heap/Barrier/RememberedSet.cpp:399	runtime/src/Heap/z/zRememberedSet.cpp:359	fc45a5e8e89b6929aadbd45e17824764c496bb569e1a1a087d8352a675decac2	/root/cj_build/reference/jdk/src/hotspot/share/gc/z/zRememberedSet.cpp:34
VisitRememberedPages	runtime/src/Heap/Barrier/RememberedSet.cpp:395	runtime/src/Heap/z/zRememberedSet.cpp:355	7ef9c8f9e113f33ab901a2d10579f7061fac4bfbc52c29dfff71de0c80cda54f	/root/cj_build/reference/jdk/src/hotspot/share/gc/z/zRememberedSet.cpp:34
Snapshot	runtime/src/Heap/Barrier/RememberedSet.cpp:390	runtime/src/Heap/z/zRememberedSet.cpp:350	f3adcb6beb139779938cf7b483d66d2da4f38569ddf90066ae5fd197a167ee8d	/root/cj_build/reference/jdk/src/hotspot/share/gc/z/zRememberedSet.cpp:34
Contains	runtime/src/Heap/Barrier/RememberedSet.cpp:433	runtime/src/Heap/z/zRememberedSet.cpp:393	6450780736d9123a397e091447ad65e8949610de34d31a364942cad96a141f5c	/root/cj_build/reference/jdk/src/hotspot/share/gc/z/zRememberedSet.cpp:34
ContainsPrevious	runtime/src/Heap/Barrier/RememberedSet.cpp:446	runtime/src/Heap/z/zRememberedSet.cpp:406	43b4b97f77cae57f5946fbb61ff5614f890f77fb5c1713bcd118de8229e1e990	/root/cj_build/reference/jdk/src/hotspot/share/gc/z/zRememberedSet.cpp:34
<lambda-or-initializer>	runtime/src/Heap/Barrier/RememberedSet.cpp:458	runtime/src/Heap/z/zRememberedSet.cpp:418	a638f6e3db9b5eb30d28d8c541e6b25531c618df5b32983fed1c67b681972443	/root/cj_build/reference/jdk/src/hotspot/share/gc/z/zRememberedSet.cpp:34
IsClearInRange	runtime/src/Heap/Barrier/RememberedSet.cpp:456	runtime/src/Heap/z/zRememberedSet.cpp:416	ab579df5b41c723b1ecbd788b28a17e953fa0e787ecc61ef3ad7db628d3dc6f1	/root/cj_build/reference/jdk/src/hotspot/share/gc/z/zRememberedSet.cpp:34
Size	runtime/src/Heap/Barrier/RememberedSet.cpp:465	runtime/src/Heap/z/zRememberedSet.cpp:425	ef1509768aa4abbd1e37a90e37f835d613d7da66778e8517a08b73e11f90243e	/root/cj_build/reference/jdk/src/hotspot/share/gc/z/zRememberedSet.cpp:34
<lambda-or-initializer>	runtime/src/Heap/Barrier/RememberedSet.cpp:479	runtime/src/Heap/z/zRememberedSet.cpp:439	fd68e1249f8917ad95ca0ec5710b5e0d1e18104d5d9c01ae795d6b4775e5cbbe	/root/cj_build/reference/jdk/src/hotspot/share/gc/z/zRememberedSet.cpp:34
ClearRangeInBuffer	runtime/src/Heap/Barrier/RememberedSet.cpp:472	runtime/src/Heap/z/zRememberedSet.cpp:432	171c1241eccb7fd7ef4b9c14235268d47fa3a499eebd4eb9a2cf1c3470300a2c	/root/cj_build/reference/jdk/src/hotspot/share/gc/z/zRememberedSet.cpp:34
<lambda-or-initializer>	runtime/src/Heap/Barrier/RememberedSet.cpp:516	runtime/src/Heap/z/zRememberedSet.cpp:476	a79d0c228f88e06354d919fd402aa1ac2729132a0f56e7cab5395eaeccf0859d	/root/cj_build/reference/jdk/src/hotspot/share/gc/z/zRememberedSet.cpp:34
<lambda-or-initializer>	runtime/src/Heap/Barrier/RememberedSet.cpp:522	runtime/src/Heap/z/zRememberedSet.cpp:482	6be8b7163a2d07e1cb8659d559a660a4e059f3ec54922646a7ecc70f68f41f67	/root/cj_build/reference/jdk/src/hotspot/share/gc/z/zRememberedSet.cpp:34
<lambda-or-initializer>	runtime/src/Heap/Barrier/RememberedSet.cpp:521	runtime/src/Heap/z/zRememberedSet.cpp:481	f5f9f3d6f540ea824d5f0d6a751c06491a3e6d052f4fe98bd7ec999e22fcc2fd	/root/cj_build/reference/jdk/src/hotspot/share/gc/z/zRememberedSet.cpp:34
ClearRegion	runtime/src/Heap/Barrier/RememberedSet.cpp:500	runtime/src/Heap/z/zRememberedSet.cpp:460	305aaa17c408ce0ff35345eef45f9c03d1690b45e91a5f2e95f06fc347eea62f	/root/cj_build/reference/jdk/src/hotspot/share/gc/z/zRememberedSet.cpp:34
if	runtime/src/Heap/Barrier/RememberedSet.cpp:540	runtime/src/Heap/z/zRememberedSet.cpp:500	8c1614d1b0a218783c50f1a4d60c28b123ee79a55a57e70446963a61e4047064	/root/cj_build/reference/jdk/src/hotspot/share/gc/z/zRememberedSet.cpp:34
if	runtime/src/Heap/Barrier/RememberedSet.cpp:549	runtime/src/Heap/z/zRememberedSet.cpp:509	b0186f1b97b2eaddee334f19638c79ceba9aaa51f43a24b43dc4d50bf76d07c9	/root/cj_build/reference/jdk/src/hotspot/share/gc/z/zRememberedSet.cpp:34
<lambda-or-initializer>	runtime/src/Heap/Barrier/RememberedSet.cpp:547	runtime/src/Heap/z/zRememberedSet.cpp:507	82c38ab8e34e24bd92f8932577a1220a6173d01757bdde3894eae03a87d64bb5	/root/cj_build/reference/jdk/src/hotspot/share/gc/z/zRememberedSet.cpp:34
VisitRememberedPages	runtime/src/Heap/Barrier/RememberedSet.cpp:538	runtime/src/Heap/z/zRememberedSet.cpp:498	a233352580d9d53d4bc88c2330e6034766c2d1be180fd2e8f87316c6d0211d2a	/root/cj_build/reference/jdk/src/hotspot/share/gc/z/zRememberedSet.cpp:34
<lambda-or-initializer>	runtime/src/Heap/Barrier/RememberedSet.cpp:557	runtime/src/Heap/z/zRememberedSet.cpp:517	91c7d3663d3b09f4fe06e14932046ac80e0c067f71ad25ed227f3703c2f8c9c7	/root/cj_build/reference/jdk/src/hotspot/share/gc/z/zRememberedSet.cpp:34
ClearBuffer	runtime/src/Heap/Barrier/RememberedSet.cpp:536	runtime/src/Heap/z/zRememberedSet.cpp:496	d07326eea9c0a4f0bb8e17f211117296dd9d229e0a2416178ffb929590d2ef5b	/root/cj_build/reference/jdk/src/hotspot/share/gc/z/zRememberedSet.cpp:34
ResetFlipTouchCountsForTest	runtime/src/Heap/Barrier/RememberedSet.cpp:567	runtime/src/Heap/z/zRememberedSet.cpp:527	ab03168c536d8bece18679e982557b657e796c07e008ef88bd26139ed3fdab8b	/root/cj_build/reference/jdk/src/hotspot/share/gc/z/zRememberedSet.cpp:34
ReadFlipTouchCountsForTest	runtime/src/Heap/Barrier/RememberedSet.cpp:573	runtime/src/Heap/z/zRememberedSet.cpp:533	65025fa4087ed5d5373724b6049277e6c47786658a02b9349a1f8c0904716b4d	/root/cj_build/reference/jdk/src/hotspot/share/gc/z/zRememberedSet.cpp:34
MeasureClearBufferTouchesForTest	runtime/src/Heap/Barrier/RememberedSet.cpp:578	runtime/src/Heap/z/zRememberedSet.cpp:538	1de89b3015415b8db2d3aebd3c58240714ada6ab7425b3776eebc00bc3dbfe30	/root/cj_build/reference/jdk/src/hotspot/share/gc/z/zRememberedSet.cpp:34
<lambda-or-initializer>	runtime/src/Heap/Barrier/RememberedSet.cpp:597	runtime/src/Heap/z/zRememberedSet.cpp:557	e566942b6eed936cb0babb66ed40f04ea1a2f4780b079768e3daf1e330c74f31	/root/cj_build/reference/jdk/src/hotspot/share/gc/z/zRememberedSet.cpp:34
BeginFullClear	runtime/src/Heap/Barrier/RememberedSet.cpp:589	runtime/src/Heap/z/zRememberedSet.cpp:549	455724e8fbb35c2eeed2bc0b651b8312bddb312a165321c8f3bcd19d06087bc6	/root/cj_build/reference/jdk/src/hotspot/share/gc/z/zRememberedSet.cpp:34
FinishFullClear	runtime/src/Heap/Barrier/RememberedSet.cpp:606	runtime/src/Heap/z/zRememberedSet.cpp:566	fd025700528371ac20c9ccdb016b40464fe33bb20bd1c8e51827463b597707af	/root/cj_build/reference/jdk/src/hotspot/share/gc/z/zRememberedSet.cpp:34
RecordStaticForCrossCheck	runtime/src/Heap/Barrier/RememberedSet.cpp:625	runtime/src/Heap/z/zRememberedSet.cpp:585	a070fda07b9cd859e61d9f5d64b7a8ec61312430817daaee8de365454636242b	/root/cj_build/reference/jdk/src/hotspot/share/gc/z/zRememberedSet.cpp:34
VisitStaticForCrossCheck	runtime/src/Heap/Barrier/RememberedSet.cpp:632	runtime/src/Heap/z/zRememberedSet.cpp:592	058812a5ba164209211df5dc880aee775c53b70d0799cfa4749ffeabb39182fd	/root/cj_build/reference/jdk/src/hotspot/share/gc/z/zRememberedSet.cpp:34
CheckStaticCoverageForMinor	runtime/src/Heap/Barrier/RememberedSet.cpp:638	runtime/src/Heap/z/zRememberedSet.cpp:598	dce867ce6a932135ce388de656c167afdf5ac3fb5e52d918d298bf63cbcb432d	/root/cj_build/reference/jdk/src/hotspot/share/gc/z/zRememberedSet.cpp:34
IsInitialized	runtime/src/Heap/Barrier/RememberedSet.h:48	runtime/src/Heap/z/zRememberedSet.cpp:611	d7d15bb03b3949f7858b4886609278a9de3849df48f508f77733f419966d42b9	/root/cj_build/reference/jdk/src/hotspot/share/gc/z/zRememberedSet.hpp:30
MemoryOverhead	runtime/src/Heap/Barrier/RememberedSet.h:112	runtime/src/Heap/z/zRememberedSet.hpp:112	130a06d75e2cefbfa94d2da518f5744e78841b86e47c9872ba486f92aa90c30a	/root/cj_build/reference/jdk/src/hotspot/share/gc/z/zRememberedSet.hpp:30
NotifyFlushObserver	runtime/src/Heap/Barrier/StoreBarrierBuffer.cpp:25	runtime/src/Heap/z/zStoreBarrierBuffer.cpp:25	1e518fcd3ff841f69dded6a7d70ba33c472f7e396220e6eaa1a332f5eb88c80c	/root/cj_build/reference/jdk/src/hotspot/share/gc/z/zStoreBarrierBuffer.cpp:35
RemapPendingField	runtime/src/Heap/Barrier/StoreBarrierBuffer.cpp:33	runtime/src/Heap/z/zStoreBarrierBuffer.cpp:33	7e402c32db6855356cab79fee49f315be280423bad31469d0fafbdbc2b15dae9	/root/cj_build/reference/jdk/src/hotspot/share/gc/z/zStoreBarrierBuffer.cpp:35
SetFlushObserverForTest	runtime/src/Heap/Barrier/StoreBarrierBuffer.cpp:62	runtime/src/Heap/z/zStoreBarrierBuffer.cpp:62	3ca40ee1a09f211d6d2d2343840ef82a81eae81dc7baac8f8744667cd1b6269e	/root/cj_build/reference/jdk/src/hotspot/share/gc/z/zStoreBarrierBuffer.cpp:35
StoreBarrierBuffer	runtime/src/Heap/Barrier/StoreBarrierBuffer.cpp:69	runtime/src/Heap/z/zStoreBarrierBuffer.cpp:69	44136fa355b3678a1146ad16f7e8649e94fb4fc21fe77e8310c060f61caaff8a	/root/cj_build/reference/jdk/src/hotspot/share/gc/z/zStoreBarrierBuffer.cpp:35
Add	runtime/src/Heap/Barrier/StoreBarrierBuffer.cpp:72	runtime/src/Heap/z/zStoreBarrierBuffer.inline.hpp:11	860b33857896fc8d99e9cf72402d3f2dadabbe005e9803ce6b51b227bbee54d7	/root/cj_build/reference/jdk/src/hotspot/share/gc/z/zStoreBarrierBuffer.inline.hpp:33
Add	runtime/src/Heap/Barrier/StoreBarrierBuffer.cpp:77	runtime/src/Heap/z/zStoreBarrierBuffer.inline.hpp:16	cf12a5b5d7d5dc8903df44921080cd3a2048537d644c412ca98470d2c805016e	/root/cj_build/reference/jdk/src/hotspot/share/gc/z/zStoreBarrierBuffer.inline.hpp:33
Add	runtime/src/Heap/Barrier/StoreBarrierBuffer.cpp:82	runtime/src/Heap/z/zStoreBarrierBuffer.inline.hpp:21	96f9659e803e9cc9383d1e97452fb00387ebf092465630181b2e239bfd47c266	/root/cj_build/reference/jdk/src/hotspot/share/gc/z/zStoreBarrierBuffer.inline.hpp:33
MarkAndRemember	runtime/src/Heap/Barrier/StoreBarrierBuffer.cpp:97	runtime/src/Heap/z/zStoreBarrierBuffer.cpp:73	dcf08d4e0ea95ab5012e1ae1db7969c0ba77cd87959a602a2ce4972668ec11e9	/root/cj_build/reference/jdk/src/hotspot/share/gc/z/zStoreBarrierBuffer.cpp:35
<lambda-or-initializer>	runtime/src/Heap/Barrier/StoreBarrierBuffer.cpp:150	runtime/src/Heap/z/zStoreBarrierBuffer.cpp:126	9180ac410c5baaa74c9bec7e4944c7019f08f378e5b3f8e6019d278a6efb5faf	/root/cj_build/reference/jdk/src/hotspot/share/gc/z/zStoreBarrierBuffer.cpp:35
Flush	runtime/src/Heap/Barrier/StoreBarrierBuffer.cpp:148	runtime/src/Heap/z/zStoreBarrierBuffer.cpp:124	a9fe501760e048683b5f492d955025b10b2f555d32e1591438f7849eb853f5b1	/root/cj_build/reference/jdk/src/hotspot/share/gc/z/zStoreBarrierBuffer.cpp:35
Flush	runtime/src/Heap/Barrier/StoreBarrierBuffer.cpp:159	runtime/src/Heap/z/zStoreBarrierBuffer.cpp:135	01876619aac9573b3324ef8da6fc562440f86ca7480b31411cbf4453f2a75fff	/root/cj_build/reference/jdk/src/hotspot/share/gc/z/zStoreBarrierBuffer.cpp:35
Discard	runtime/src/Heap/Barrier/StoreBarrierBuffer.cpp:164	runtime/src/Heap/z/zStoreBarrierBuffer.cpp:140	61e317d70b48cbff250e07d0828cbfd34c7db3df3b3b35424af1cfd83cbc1d60	/root/cj_build/reference/jdk/src/hotspot/share/gc/z/zStoreBarrierBuffer.cpp:35
Remap	runtime/src/Heap/Barrier/StoreBarrierBuffer.h:36	runtime/src/Heap/z/zStoreBarrierBuffer.hpp:36	588326056d247ea7ca7e37cff4d3dcacd90f22a9c90ea2056d457a383e7ea9c6	/root/cj_build/reference/jdk/src/hotspot/share/gc/z/zStoreBarrierBuffer.hpp:33
IsEmpty	runtime/src/Heap/Barrier/StoreBarrierBuffer.h:54	runtime/src/Heap/z/zStoreBarrierBuffer.cpp:149	d716c79560c6bc6f440c048ae85595d6b77bdc68c8860d94f3c6823682c9968f	/root/cj_build/reference/jdk/src/hotspot/share/gc/z/zStoreBarrierBuffer.hpp:33
Pending	runtime/src/Heap/Barrier/StoreBarrierBuffer.h:55	runtime/src/Heap/z/zStoreBarrierBuffer.hpp:55	e151d2e58da1c5a00e7a6c7a50f9433f4d7179fc2f57dbd83464ecd4d5af07c3	/root/cj_build/reference/jdk/src/hotspot/share/gc/z/zStoreBarrierBuffer.hpp:33
Current	runtime/src/Heap/Barrier/StoreBarrierBuffer.h:56	runtime/src/Heap/z/zStoreBarrierBuffer.inline.hpp:37	6c644d83a9d89d327a6858cad71ffa0b640d09958024438bf2595a5500553f92	/root/cj_build/reference/jdk/src/hotspot/share/gc/z/zStoreBarrierBuffer.hpp:33
<lambda-or-initializer>	runtime/src/Heap/Barrier/StoreBarrierBuffer.h:60	runtime/src/Heap/z/zStoreBarrierBuffer.hpp:60	59d68b1cfc601caa4a1f5c0a33aed1aa35b22126dd6431f1c1d69401df20b412	/root/cj_build/reference/jdk/src/hotspot/share/gc/z/zStoreBarrierBuffer.hpp:33
VisitEntries	runtime/src/Heap/Barrier/StoreBarrierBuffer.h:59	runtime/src/Heap/z/zStoreBarrierBuffer.hpp:59	19b6ff06da26bd7f894b3b781eb7ba813a0e8849dfff4d561e83508eba46cc71	/root/cj_build/reference/jdk/src/hotspot/share/gc/z/zStoreBarrierBuffer.hpp:33
Capacity	runtime/src/Heap/Barrier/StoreBarrierBuffer.h:63	runtime/src/Heap/z/zStoreBarrierBuffer.hpp:63	f14bf0dc5b6b7524fc1bf16ec49a80a1ce1b728c7d3667303c9be5d7522bbd4b	/root/cj_build/reference/jdk/src/hotspot/share/gc/z/zStoreBarrierBuffer.hpp:33
LastProcessedColorForTest	runtime/src/Heap/Barrier/StoreBarrierBuffer.h:73	runtime/src/Heap/z/zStoreBarrierBuffer.hpp:73	2b709e6cf618a159d937cc1549a32510aa92414b9de7399ae9b0da8ffd10ca7f	/root/cj_build/reference/jdk/src/hotspot/share/gc/z/zStoreBarrierBuffer.hpp:33
Snapshot	runtime/src/Heap/Collector/Collector.cpp:32	runtime/src/Heap/z/zGeneration.cpp:935	7187ca3f32b45f49f3ae58ab5838a3ac9e5d28b9d955f65d61d9facf44909073	/root/cj_build/reference/jdk/src/hotspot/share/gc/z/zGeneration.cpp:69
MarkObjectIfActive	runtime/src/Heap/Collector/Collector.cpp:39	runtime/src/Heap/z/zCollectedHeap.cpp:37	9f9b865f233d1c871d4a8404de8668961e161ceed050cda538a4c5686c9a3319	/root/cj_build/reference/jdk/src/hotspot/share/gc/z/zCollectedHeap.cpp:58
SelectReason	runtime/src/Heap/Collector/Collector.cpp:58	runtime/src/Heap/z/zGeneration.cpp:942	da000b91b5e566de7415bc92f04f9ecc07962183d3323091feb3ea42f1203bf7	/root/cj_build/reference/jdk/src/hotspot/share/gc/z/zGeneration.cpp:69
Begin	runtime/src/Heap/Collector/Collector.cpp:65	runtime/src/Heap/z/zGeneration.cpp:949	4fbdba39801bb9f3e5c3479001acc28a0de4f0a6257699399e1bc3f227123662	/root/cj_build/reference/jdk/src/hotspot/share/gc/z/zGeneration.cpp:69
PublishPhase	runtime/src/Heap/Collector/Collector.cpp:79	runtime/src/Heap/z/zGeneration.cpp:963	d90aec61c24d5a59212487929d2c75ae765f2758cca8b7aef0acc49011c71787	/root/cj_build/reference/jdk/src/hotspot/share/gc/z/zGeneration.cpp:69
End	runtime/src/Heap/Collector/Collector.cpp:85	runtime/src/Heap/z/zGeneration.cpp:969	3fd300363a69773eeffe73885a0c642a0b762c7fce62ec9b83989fc1cf2bbb29	/root/cj_build/reference/jdk/src/hotspot/share/gc/z/zGeneration.cpp:69
GetGCPhaseName	runtime/src/Heap/Collector/Collector.cpp:446	runtime/src/Heap/z/zCollectedHeap.cpp:63	3d5181906ea3cca0e6c5ac1f4a60c788e7bd12a943a0a6f9ea05a5ef002612b1	/root/cj_build/reference/jdk/src/hotspot/share/gc/z/zCollectedHeap.cpp:58
Collector	runtime/src/Heap/Collector/Collector.cpp:464	runtime/src/Heap/z/zCollectedHeap.cpp:81	44136fa355b3678a1146ad16f7e8649e94fb4fc21fe77e8310c060f61caaff8a	/root/cj_build/reference/jdk/src/hotspot/share/gc/z/zCollectedHeap.cpp:58
GetCollectorName	runtime/src/Heap/Collector/Collector.cpp:466	runtime/src/Heap/z/zCollectedHeap.cpp:83	9de6afc537e847c88a3d7ec2d821f72251b0d3735ef2eeaa424115f81b0438ce	/root/cj_build/reference/jdk/src/hotspot/share/gc/z/zCollectedHeap.cpp:58
RequestGC	runtime/src/Heap/Collector/Collector.cpp:469	runtime/src/Heap/z/zCollectedHeap.cpp:86	8bc2c7e0f7e33f9f6ed7ba9f2ac3378e5881726df32a6079684c4b200fb3bcc0	/root/cj_build/reference/jdk/src/hotspot/share/gc/z/zCollectedHeap.cpp:58
GenerationCycle	runtime/src/Heap/Collector/Collector.h:62	runtime/src/Heap/z/zGeneration.hpp:28	44136fa355b3678a1146ad16f7e8649e94fb4fc21fe77e8310c060f61caaff8a	/root/cj_build/reference/jdk/src/hotspot/share/gc/z/zGeneration.hpp:42
Phase	runtime/src/Heap/Collector/Collector.h:64	runtime/src/Heap/z/zGeneration.hpp:30	1675b200d13c115b110934de268d2fac5750fc5ad7e9febf648c4a9a2d68973e	/root/cj_build/reference/jdk/src/hotspot/share/gc/z/zGeneration.hpp:42
Sequence	runtime/src/Heap/Collector/Collector.h:65	runtime/src/Heap/z/zGeneration.hpp:31	48fd89d3c0aba05332eef57a34e2b8cbce6493cb8b8315bd9da875b43af92a4b	/root/cj_build/reference/jdk/src/hotspot/share/gc/z/zGeneration.hpp:42
Reason	runtime/src/Heap/Collector/Collector.h:66	runtime/src/Heap/z/zGeneration.hpp:32	c41dd4d27e17b968555494843c935fb847259eba2714f5909491b0bfc536affc	/root/cj_build/reference/jdk/src/hotspot/share/gc/z/zGeneration.hpp:42
GetGCPhase	runtime/src/Heap/Collector/Collector.h:487	runtime/src/Heap/z/zCollectedHeap.hpp:56	1d127f0f433ee3ce83e2fbf2d0a1aadbd490c65434a582931b4fa1239043025b	/root/cj_build/reference/jdk/src/hotspot/share/gc/z/zCollectedHeap.hpp:35
SetGCPhase	runtime/src/Heap/Collector/Collector.h:490	runtime/src/Heap/z/zCollectedHeap.hpp:59	ff7abfd0c3ea090b1491a8147c773dad4efcca7ead448f80c916b971a4b2dd12	/root/cj_build/reference/jdk/src/hotspot/share/gc/z/zCollectedHeap.hpp:35
GetCycleSnapshot	runtime/src/Heap/Collector/Collector.h:495	runtime/src/Heap/z/zCollectedHeap.hpp:64	c83ff2848a1845d53745c0e9f999307e585a8e371705ef8a7237b31271bcee63	/root/cj_build/reference/jdk/src/hotspot/share/gc/z/zCollectedHeap.hpp:35
OldActiveRemsetIsCurrent	runtime/src/Heap/Collector/Collector.h:500	runtime/src/Heap/z/zCollectedHeap.hpp:69	92c37dad2b0a6374aca1fc04bf134954c10707e004c153d2f1461eedb8385d91	/root/cj_build/reference/jdk/src/hotspot/share/gc/z/zCollectedHeap.hpp:35
GetCycleReason	runtime/src/Heap/Collector/Collector.h:503	runtime/src/Heap/z/zCollectedHeap.hpp:72	09b0de8f64b2e89fb42a5ebae0753e9b3d305506e5bc04eaf88ada4b649565fe	/root/cj_build/reference/jdk/src/hotspot/share/gc/z/zCollectedHeap.hpp:35
MarkNewObject	runtime/src/Heap/Collector/Collector.h:507	runtime/src/Heap/z/zCollectedHeap.hpp:76	44136fa355b3678a1146ad16f7e8649e94fb4fc21fe77e8310c060f61caaff8a	/root/cj_build/reference/jdk/src/hotspot/share/gc/z/zCollectedHeap.hpp:35
MarkYoungObjectIfActive	runtime/src/Heap/Collector/Collector.h:510	runtime/src/Heap/z/zCollectedHeap.hpp:79	98e4633a52075a58c0210a3847c483c0183a76a8497e2811522ad775ee78ef74	/root/cj_build/reference/jdk/src/hotspot/share/gc/z/zCollectedHeap.hpp:35
MarkOldObjectIfActive	runtime/src/Heap/Collector/Collector.h:514	runtime/src/Heap/z/zCollectedHeap.hpp:83	46d588df3734dbb390bd7f178d2f9bc24086dc16b057531168c3d39f198cf20a	/root/cj_build/reference/jdk/src/hotspot/share/gc/z/zCollectedHeap.hpp:35
FixObject	runtime/src/Heap/Collector/Collector.h:518	runtime/src/Heap/z/zCollectedHeap.hpp:87	44136fa355b3678a1146ad16f7e8649e94fb4fc21fe77e8310c060f61caaff8a	/root/cj_build/reference/jdk/src/hotspot/share/gc/z/zCollectedHeap.hpp:35
GetGCStats	runtime/src/Heap/Collector/Collector.h:539	runtime/src/Heap/z/zCollectedHeap.hpp:108	f070fad88c0495205f26445f308bbe6e462b024b7bc75b0584703cda04304c65	/root/cj_build/reference/jdk/src/hotspot/share/gc/z/zCollectedHeap.hpp:35
ForwardObject	runtime/src/Heap/Collector/Collector.h:541	runtime/src/Heap/z/zCollectedHeap.hpp:110	f20f557fd2056c2917461447cde700570fa4766755527ba95cf0f0df3a69be09	/root/cj_build/reference/jdk/src/hotspot/share/gc/z/zCollectedHeap.hpp:35
IsFromObject	runtime/src/Heap/Collector/Collector.h:544	runtime/src/Heap/z/zCollectedHeap.hpp:113	4c29848e960058bba173bf523cbca3ff519f90e38ab7a7eff5e6548c1d4098f1	/root/cj_build/reference/jdk/src/hotspot/share/gc/z/zCollectedHeap.hpp:35
IsGhostFromObject	runtime/src/Heap/Collector/Collector.h:545	runtime/src/Heap/z/zCollectedHeap.hpp:114	cac3ebac52789f8819ee170d561c83f54eb801109ab621a8306d15d2678768dd	/root/cj_build/reference/jdk/src/hotspot/share/gc/z/zCollectedHeap.hpp:35
IsUnmovableFromObject	runtime/src/Heap/Collector/Collector.h:547	runtime/src/Heap/z/zCollectedHeap.hpp:116	0f28f72bca674097bb58fdb2b2dbb53d8017fd4a08e1330f12f84b3fbdfba88f	/root/cj_build/reference/jdk/src/hotspot/share/gc/z/zCollectedHeap.hpp:35
ResolveStoreValue	runtime/src/Heap/Collector/Collector.h:562	runtime/src/Heap/z/zCollectedHeap.hpp:131	861aafb9af79bf97a8837e15a5d7c71d839bfd78370486bdaf09c3273d3769f8	/root/cj_build/reference/jdk/src/hotspot/share/gc/z/zCollectedHeap.hpp:35
TryUpdateRefField	runtime/src/Heap/Collector/Collector.h:567	runtime/src/Heap/z/zCollectedHeap.hpp:136	436fa18e5449090762b344c6b6f76bb7e1f795f421cc9e753bd57c823ff5ebf0	/root/cj_build/reference/jdk/src/hotspot/share/gc/z/zCollectedHeap.hpp:35
TryUpdateRefFieldWithProvenance	runtime/src/Heap/Collector/Collector.h:572	runtime/src/Heap/z/zCollectedHeap.hpp:141	05f04903d378906f086b2d08906b3034456c3749e47d0b88b7c106a386115777	/root/cj_build/reference/jdk/src/hotspot/share/gc/z/zCollectedHeap.hpp:35
TryForwardRefField	runtime/src/Heap/Collector/Collector.h:576	runtime/src/Heap/z/zCollectedHeap.hpp:145	d97627192c2e3cd634ddf9e872d3cddd2a7c9d415ae790a328f9099f492e334c	/root/cj_build/reference/jdk/src/hotspot/share/gc/z/zCollectedHeap.hpp:35
TryUntagRefField	runtime/src/Heap/Collector/Collector.h:580	runtime/src/Heap/z/zCollectedHeap.hpp:149	a4dbf61cbf43b75749468a7a8eded96cfa3458e47478777c36f4e15b9456fd53	/root/cj_build/reference/jdk/src/hotspot/share/gc/z/zCollectedHeap.hpp:35
TryTagRefField	runtime/src/Heap/Collector/Collector.h:584	runtime/src/Heap/z/zCollectedHeap.hpp:153	aab9803a014d2c081b15d5cfbd118091deea44b51a020a3e0b786e3bab1f0fa7	/root/cj_build/reference/jdk/src/hotspot/share/gc/z/zCollectedHeap.hpp:35
CurrentRemapColourForProbe	runtime/src/Heap/Collector/Collector.h:587	runtime/src/Heap/z/zCollectedHeap.hpp:156	44a1d2edf9e4dbfb6cf5697f921aa5104f0a5af5a53a8bed6c6ff5e8b76a95ae	/root/cj_build/reference/jdk/src/hotspot/share/gc/z/zCollectedHeap.hpp:35
IsMarkedObjectForProbe	runtime/src/Heap/Collector/Collector.h:589	runtime/src/Heap/z/zCollectedHeap.hpp:158	6515cbe0195080720546558819d43f8dcaea6f3cda1ba59a8e54ba493e896606	/root/cj_build/reference/jdk/src/hotspot/share/gc/z/zCollectedHeap.hpp:35
HealFpTable	runtime/src/Heap/Collector/Collector.h:599	runtime/src/Heap/z/zCollectedHeap.hpp:168	2e9bdd720c96e7cadc4d64c862b1be66420feadc16de3a85afb0db35895b8d9f	/root/cj_build/reference/jdk/src/hotspot/share/gc/z/zCollectedHeap.hpp:35
HealFpIndex	runtime/src/Heap/Collector/Collector.h:604	runtime/src/Heap/z/zCollectedHeap.hpp:173	b539186bb1dbc1d40843fd2bcac9bb475d4777bf0cccee3b8df3d2721d0eaf05	/root/cj_build/reference/jdk/src/hotspot/share/gc/z/zCollectedHeap.hpp:35
HealFpMark	runtime/src/Heap/Collector/Collector.h:610	runtime/src/Heap/z/zCollectedHeap.hpp:179	1cfd1dfa65a6eb2bd2cd2d4c65c6f5845764b5dada7d67cbe949c5a4f73dea33	/root/cj_build/reference/jdk/src/hotspot/share/gc/z/zCollectedHeap.hpp:35
HealFpTest	runtime/src/Heap/Collector/Collector.h:615	runtime/src/Heap/z/zCollectedHeap.hpp:184	fb466825114c18b10b6e7d9ec5e52868445eb5be26705a8136c2b18541855397	/root/cj_build/reference/jdk/src/hotspot/share/gc/z/zCollectedHeap.hpp:35
GetAndTryTagRefField	runtime/src/Heap/Collector/Collector.h:621	runtime/src/Heap/z/zCollectedHeap.hpp:190	52e2f0bff5f7de42311ed929991032747eb3232bfd30d6aedab59adbe9c0e12f	/root/cj_build/reference/jdk/src/hotspot/share/gc/z/zCollectedHeap.hpp:35
GetAndTryTagRefFieldWithProvenance	runtime/src/Heap/Collector/Collector.h:626	runtime/src/Heap/z/zCollectedHeap.hpp:195	ef35248ab421c3adb78c3b22c6ceef4ff45da119d40b87f2b5fe5a049e4a80ed	/root/cj_build/reference/jdk/src/hotspot/share/gc/z/zCollectedHeap.hpp:35
IsLoadBad	runtime/src/Heap/Collector/Collector.h:645	runtime/src/Heap/z/zCollectedHeap.hpp:214	559e4f47591b78bb067cb432855af2d4a019fba2e8d9f24b10d33f57828a7008	/root/cj_build/reference/jdk/src/hotspot/share/gc/z/zCollectedHeap.hpp:35
is_young_load_good	runtime/src/Heap/Collector/Collector.h:650	runtime/src/Heap/z/zCollectedHeap.hpp:219	1a3c2a8490752a3abf0314932fdbfc67f0808996c1d06a0aaf5bb4ef094cf9c9	/root/cj_build/reference/jdk/src/hotspot/share/gc/z/zCollectedHeap.hpp:35
is_old_load_good	runtime/src/Heap/Collector/Collector.h:651	runtime/src/Heap/z/zCollectedHeap.hpp:220	ae3deeef8bc77d4ada684e2e78d93e8de10fe1e74bee3dbeb8808ad71fec3cb8	/root/cj_build/reference/jdk/src/hotspot/share/gc/z/zCollectedHeap.hpp:35
is_load_good	runtime/src/Heap/Collector/Collector.h:656	runtime/src/Heap/z/zCollectedHeap.hpp:225	1d107b6f45e5f1fa5dee91c535dd619c681b58207af206e1a3a4082e0fbb35e9	/root/cj_build/reference/jdk/src/hotspot/share/gc/z/zCollectedHeap.hpp:35
remap_generation	runtime/src/Heap/Collector/Collector.h:662	runtime/src/Heap/z/zCollectedHeap.hpp:231	25ab5dfd8f5771960d788b2ce60309a6bfed8fd0dece0c5bb73c713395a77261	/root/cj_build/reference/jdk/src/hotspot/share/gc/z/zCollectedHeap.hpp:35
relocate_or_remap_object	runtime/src/Heap/Collector/Collector.h:666	runtime/src/Heap/z/zCollectedHeap.hpp:235	69e7443086ee11609cb066eae4976e30fc4ca818951a147817dc3adfa3e82aab	/root/cj_build/reference/jdk/src/hotspot/share/gc/z/zCollectedHeap.hpp:35
relocate_or_remap_object	runtime/src/Heap/Collector/Collector.h:671	runtime/src/Heap/z/zCollectedHeap.hpp:240	a40c6bef0c8256fde1a75b8ae58929d7da1bc6d61ed418c641cb7ac50d938da4	/root/cj_build/reference/jdk/src/hotspot/share/gc/z/zCollectedHeap.hpp:35
make_load_good	runtime/src/Heap/Collector/Collector.h:689	runtime/src/Heap/z/zCollectedHeap.hpp:258	2a74001071c47956e5d7945c156a881827ccaca4c26909726f5a138b3ff206e4	/root/cj_build/reference/jdk/src/hotspot/share/gc/z/zCollectedHeap.hpp:35
is_mark_good	runtime/src/Heap/Collector/Collector.h:710	runtime/src/Heap/z/zCollectedHeap.hpp:279	a8d6daf005c85c50ff22852da0f22f695bc5a6f01b3ef854297c37c4a07bf42b	/root/cj_build/reference/jdk/src/hotspot/share/gc/z/zCollectedHeap.hpp:35
is_store_good	runtime/src/Heap/Collector/Collector.h:719	runtime/src/Heap/z/zCollectedHeap.hpp:288	ab83f601488bdb3a2eb9c5f6aaf3e4ed31457f658e368924330198c8d35253dc	/root/cj_build/reference/jdk/src/hotspot/share/gc/z/zCollectedHeap.hpp:35
is_store_bad	runtime/src/Heap/Collector/Collector.h:726	runtime/src/Heap/z/zCollectedHeap.hpp:295	935f0d4daf672e572892ccace7ad03e60ef3e15439180b446e5e3c9abcb5faff	/root/cj_build/reference/jdk/src/hotspot/share/gc/z/zCollectedHeap.hpp:35
IsOldPointer	runtime/src/Heap/Collector/Collector.h:749	runtime/src/Heap/z/zCollectedHeap.hpp:318	2957d1b96b080f0ef9929d6432a8d30b0da71349db40f2b2c6a531375f565902	/root/cj_build/reference/jdk/src/hotspot/share/gc/z/zCollectedHeap.hpp:35
IsCurrentPointer	runtime/src/Heap/Collector/Collector.h:750	runtime/src/Heap/z/zCollectedHeap.hpp:319	411615b2096368ad4af1fb6a451155b636e1918be9b1a557f3b0dbbbaf50b357	/root/cj_build/reference/jdk/src/hotspot/share/gc/z/zCollectedHeap.hpp:35
AddRawPointerObject	runtime/src/Heap/Collector/Collector.h:751	runtime/src/Heap/z/zCollectedHeap.hpp:320	a148f01b89e2e95f66f0c4af7b003f1e2381853a4abaa7b87a35bd49589367dd	/root/cj_build/reference/jdk/src/hotspot/share/gc/z/zCollectedHeap.hpp:35
PinRawPointerObject	runtime/src/Heap/Collector/Collector.h:758	runtime/src/Heap/z/zCollectedHeap.hpp:327	015138e4b42537c18448f9b070b08d6ef7f3ffcb56d90b39a85934b2b726c8a2	/root/cj_build/reference/jdk/src/hotspot/share/gc/z/zCollectedHeap.hpp:35
RemoveRawPointerObject	runtime/src/Heap/Collector/Collector.h:763	runtime/src/Heap/z/zCollectedHeap.hpp:332	d957bc3dcbab558f316a7532c98e5394da483899210a24b0772261d78b12d11a	/root/cj_build/reference/jdk/src/hotspot/share/gc/z/zCollectedHeap.hpp:35
ResolveCycleRef	runtime/src/Heap/Collector/Collector.h:766	runtime/src/Heap/z/zCollectedHeap.hpp:335	734a1edf702cb9b916ef27a6fc51b33c1f19cb227956e36b8d9e3ee88256209c	/root/cj_build/reference/jdk/src/hotspot/share/gc/z/zCollectedHeap.hpp:35
RequestGCInternal	runtime/src/Heap/Collector/Collector.h:774	runtime/src/Heap/z/zCollectedHeap.hpp:343	fa2d11ae3d9f2c643d34ac0721286cec3a8e787f0a80aa4aa404f982bf8fd668	/root/cj_build/reference/jdk/src/hotspot/share/gc/z/zCollectedHeap.hpp:35
ActiveCycle	runtime/src/Heap/Collector/Collector.h:779	runtime/src/Heap/z/zCollectedHeap.hpp:348	54477989d0ab0a3254d56ff259efa44c351dd42aeb6d49089fdbc578d045827a	/root/cj_build/reference/jdk/src/hotspot/share/gc/z/zCollectedHeap.hpp:35
SelectCycle	runtime/src/Heap/Collector/Collector.h:781	runtime/src/Heap/z/zCollectedHeap.hpp:350	6e256bf53e17e6f1a49899960ebf4bc6db58492e1f606e14b73a55e768d3f455	/root/cj_build/reference/jdk/src/hotspot/share/gc/z/zCollectedHeap.hpp:35
MRT_StopGCWork	runtime/src/Heap/Collector/CollectorResources.cpp:49	runtime/src/Heap/z/zDriver.cpp:49	5d56ccedd9ed24620f5a1ad2db2811cccb5f03a888adcfda050c0b97b0eb826d	/root/cj_build/reference/jdk/src/hotspot/share/gc/z/zDriver.cpp:39
GCMainThreadEntry	runtime/src/Heap/Collector/CollectorResources.cpp:55	runtime/src/Heap/z/zDriver.cpp:55	dbc4142281044e3e8de6cec56482789a94e6872d5cf46cc65602d79d9afb5407	/root/cj_build/reference/jdk/src/hotspot/share/gc/z/zDriver.cpp:39
MinorDriverThreadEntry	runtime/src/Heap/Collector/CollectorResources.cpp:86	runtime/src/Heap/z/zDriver.cpp:86	b9d0c237b2640818295f46d78d0eb2f3ac4f7066b938fdc0e57dd06d7c5e8bc0	/root/cj_build/reference/jdk/src/hotspot/share/gc/z/zDriver.cpp:39
MajorDriverThreadEntry	runtime/src/Heap/Collector/CollectorResources.cpp:95	runtime/src/Heap/z/zDriver.cpp:95	c93399ae28778ec3058094efefc6148c4543e4da35703e7f9947227a5dcf0347	/root/cj_build/reference/jdk/src/hotspot/share/gc/z/zDriver.cpp:39
Init	runtime/src/Heap/Collector/CollectorResources.cpp:104	runtime/src/Heap/z/zDriver.cpp:104	198627c1eadfa93349f1cc512cc297029ff4ac138721f01671697e4cc8ed75fd	/root/cj_build/reference/jdk/src/hotspot/share/gc/z/zDriver.cpp:39
Fini	runtime/src/Heap/Collector/CollectorResources.cpp:129	runtime/src/Heap/z/zDriver.cpp:129	78d3b6f3bd02e4a211ecb7234080abb30c84ee3efa778f9f2a791217d5ef03fc	/root/cj_build/reference/jdk/src/hotspot/share/gc/z/zDriver.cpp:39
StopGCWork	runtime/src/Heap/Collector/CollectorResources.cpp:140	runtime/src/Heap/z/zDriver.cpp:140	730e8eaeee31c11280df0f4057dcfcc4b1bc17589e5d3216e3d6e459f4e73bec	/root/cj_build/reference/jdk/src/hotspot/share/gc/z/zDriver.cpp:39
<lambda-or-initializer>	runtime/src/Heap/Collector/CollectorResources.cpp:165	runtime/src/Heap/z/zDriver.cpp:165	6515cbe0195080720546558819d43f8dcaea6f3cda1ba59a8e54ba493e896606	/root/cj_build/reference/jdk/src/hotspot/share/gc/z/zDriver.cpp:39
<lambda-or-initializer>	runtime/src/Heap/Collector/CollectorResources.cpp:692	runtime/src/Heap/z/zDriver.cpp:615	6515cbe0195080720546558819d43f8dcaea6f3cda1ba59a8e54ba493e896606	/root/cj_build/reference/jdk/src/hotspot/share/gc/z/zDriver.cpp:39
TerminateGCTask	runtime/src/Heap/Collector/CollectorResources.cpp:160	runtime/src/Heap/z/zDriver.cpp:160	2021e7da95777ef3b2580c25f4847a0d75d8033d383c6aea288ea99716879a47	/root/cj_build/reference/jdk/src/hotspot/share/gc/z/zDriver.cpp:39
StopGCThreads	runtime/src/Heap/Collector/CollectorResources.cpp:172	runtime/src/Heap/z/zDriver.cpp:172	e338f9594ed19881dcbfcb68d82144f8f06eaf8ebf1a9a02f2ef6d516f128bd8	/root/cj_build/reference/jdk/src/hotspot/share/gc/z/zDriver.cpp:39
RunTaskLoop	runtime/src/Heap/Collector/CollectorResources.cpp:193	runtime/src/Heap/z/zDriver.cpp:193	54bb6638e1b1057293f38bfea3235a0be5f22dabaabd7129b558ea3d491cb531	/root/cj_build/reference/jdk/src/hotspot/share/gc/z/zDriver.cpp:39
RunDriverLoop	runtime/src/Heap/Collector/CollectorResources.cpp:234	runtime/src/Heap/z/zDriver.cpp:234	466f63c89d40922ed171c0d0491eb7e44b95898d90095c8dbc003b152ed7e459	/root/cj_build/reference/jdk/src/hotspot/share/gc/z/zDriver.cpp:39
DirectorThreadEntry	runtime/src/Heap/Collector/CollectorResources.cpp:274	runtime/src/Heap/z/zDirector.cpp:37	1845b5828251b3b3c2f17b1189872ce20142ebaddcf7953694a07c628482967b	/root/cj_build/reference/jdk/src/hotspot/share/gc/z/zDirector.cpp:37
TakeDriverRequest	runtime/src/Heap/Collector/CollectorResources.cpp:281	runtime/src/Heap/z/zDriver.cpp:274	4876f20b5f87fd527eb4113d202882cd2489f5c757a8b7fa03c4b640e559f61c	/root/cj_build/reference/jdk/src/hotspot/share/gc/z/zDriver.cpp:39
CompleteDriverRequest	runtime/src/Heap/Collector/CollectorResources.cpp:291	runtime/src/Heap/z/zDriver.cpp:284	495774a9e92c62ba72fc3c1257d8b0002275c7d632d372130731c27f6fd176d1	/root/cj_build/reference/jdk/src/hotspot/share/gc/z/zDriver.cpp:39
wait_for	runtime/src/Heap/Collector/CollectorResources.cpp:313	runtime/src/Heap/z/zDirector.cpp:93	5f0379771d5203b61deea2418ba2da36158ff21193a1f3ffcd235ee51320ce49	/root/cj_build/reference/jdk/src/hotspot/share/gc/z/zDirector.cpp:37
RunDirectorLoop	runtime/src/Heap/Collector/CollectorResources.cpp:301	runtime/src/Heap/z/zDirector.cpp:81	e5ddf432943e1aff67543b989e2d8b2072b8968bac258f3819b303828612d717	/root/cj_build/reference/jdk/src/hotspot/share/gc/z/zDirector.cpp:37
EvaluateDirector	runtime/src/Heap/Collector/CollectorResources.cpp:318	runtime/src/Heap/z/zDirector.cpp:98	ae5703fd8d1dad0343db056dbb595befdeca637501d736898e7c00d7c721f487	/root/cj_build/reference/jdk/src/hotspot/share/gc/z/zDirector.cpp:37
if	runtime/src/Heap/Collector/CollectorResources.cpp:375	runtime/src/Heap/z/zDriver.cpp:298	2760e497877dae5157c32943e76c7db06b856756a43c25f831ebb0571d7ed49d	/root/cj_build/reference/jdk/src/hotspot/share/gc/z/zDriver.cpp:39
RunCollection	runtime/src/Heap/Collector/CollectorResources.cpp:371	runtime/src/Heap/z/zDriver.cpp:294	08191146db10f6d79e65ec90faf46d40b5115e9d4f35e9babd411f7572303acf	/root/cj_build/reference/jdk/src/hotspot/share/gc/z/zDriver.cpp:39
if	runtime/src/Heap/Collector/CollectorResources.cpp:433	runtime/src/Heap/z/zDriver.cpp:356	c49dbc48f5ef34d9e88b28f0fc79c6142ab731d221979da7ecb31f418eba742a	/root/cj_build/reference/jdk/src/hotspot/share/gc/z/zDriver.cpp:39
if	runtime/src/Heap/Collector/CollectorResources.cpp:437	runtime/src/Heap/z/zDriver.cpp:360	cecd75f67657fbf1cab213bc2c49c49d7e98f7577725b6a2fb0da0b4a8fe4bf9	/root/cj_build/reference/jdk/src/hotspot/share/gc/z/zDriver.cpp:39
ExecuteDriverRequest	runtime/src/Heap/Collector/CollectorResources.cpp:392	runtime/src/Heap/z/zDriver.cpp:315	2f91c896d576b3e238b4fbec442d8437cb017d29d20eca0dae144bca22ef0e83	/root/cj_build/reference/jdk/src/hotspot/share/gc/z/zDriver.cpp:39
ProcessDriverRequest	runtime/src/Heap/Collector/CollectorResources.cpp:456	runtime/src/Heap/z/zDriver.cpp:379	3e3e7f9ca9e4332d888ac9f8fe52a00d1287c3ad719dea539fb521035c2166fa	/root/cj_build/reference/jdk/src/hotspot/share/gc/z/zDriver.cpp:39
CancelDriverRequestLifecycle	runtime/src/Heap/Collector/CollectorResources.cpp:468	runtime/src/Heap/z/zDriver.cpp:391	5c62fb02f6611ee57d4a1a41ffbbbda0009babd3388d8b27b0a4d0d1dda03373	/root/cj_build/reference/jdk/src/hotspot/share/gc/z/zDriver.cpp:39
PostIgnoredGcRequest	runtime/src/Heap/Collector/CollectorResources.cpp:476	runtime/src/Heap/z/zDriver.cpp:399	19bcbcc9c78bafe44b4598a725b9c2fd21a58c9ad9c1aae04109640ee609c11a	/root/cj_build/reference/jdk/src/hotspot/share/gc/z/zDriver.cpp:39
ShouldWaitForIgnoredGcRequest	runtime/src/Heap/Collector/CollectorResources.cpp:485	runtime/src/Heap/z/zDriver.cpp:408	95d5ef043e0e2e776e771c917fdd8bf291fdaafd6accb718cad08b890c5c3e24	/root/cj_build/reference/jdk/src/hotspot/share/gc/z/zDriver.cpp:39
HasSyncTaskCompleted	runtime/src/Heap/Collector/CollectorResources.cpp:490	runtime/src/Heap/z/zDriver.cpp:413	7a97aa975ac7da8f5c7f770add6410dd4351fbff3203210b72eac2036193ec82	/root/cj_build/reference/jdk/src/hotspot/share/gc/z/zDriver.cpp:39
RequestAsyncGC	runtime/src/Heap/Collector/CollectorResources.cpp:510	runtime/src/Heap/z/zDriver.cpp:433	f3b2e83426f5ba32d93f0658ba5e39668c1d690da2291f001a396c195e1c57dd	/root/cj_build/reference/jdk/src/hotspot/share/gc/z/zDriver.cpp:39
RequestGCAndWait	runtime/src/Heap/Collector/CollectorResources.cpp:521	runtime/src/Heap/z/zDriver.cpp:444	46b3888ac3ef052257ed64ff86b76853d7edc0b6d3c871f53912b4b760a4d400	/root/cj_build/reference/jdk/src/hotspot/share/gc/z/zDriver.cpp:39
if	runtime/src/Heap/Collector/CollectorResources.cpp:545	runtime/src/Heap/z/zDriver.cpp:468	fa4e8c12fca2b03c2e4ae5db94028bf6882eb2d72aac60816bd467591ba1809d	/root/cj_build/reference/jdk/src/hotspot/share/gc/z/zDriver.cpp:39
RequestGC	runtime/src/Heap/Collector/CollectorResources.cpp:531	runtime/src/Heap/z/zDriver.cpp:454	0de6354183382879458a5e2a03cfbb530d137b2040ed9b94084ed72ae4f91df5	/root/cj_build/reference/jdk/src/hotspot/share/gc/z/zDriver.cpp:39
NotifyGCFinished	runtime/src/Heap/Collector/CollectorResources.cpp:556	runtime/src/Heap/z/zDriver.cpp:479	6be29c0860326d6d40b3febcb1cc95164fac30791ca6a1c66bfb168d97798bcd	/root/cj_build/reference/jdk/src/hotspot/share/gc/z/zDriver.cpp:39
NotifyGCPhaseFinished	runtime/src/Heap/Collector/CollectorResources.cpp:570	runtime/src/Heap/z/zDriver.cpp:493	327f1fae3d1c126b2d726dabeb9c88e8a507a7f9006c71a010687aa8002354d4	/root/cj_build/reference/jdk/src/hotspot/share/gc/z/zDriver.cpp:39
bool	runtime/src/Heap/Collector/CollectorResources.cpp:581	runtime/src/Heap/z/zDriver.cpp:504	d2053423515ca6996aed1f85c056df63b8148b77301f46495c05e572c353b950	/root/cj_build/reference/jdk/src/hotspot/share/gc/z/zDriver.cpp:39
WaitForGCFinish	runtime/src/Heap/Collector/CollectorResources.cpp:577	runtime/src/Heap/z/zDriver.cpp:500	6c861157912b8d437ffdaa4e8c8ef09ebbf0ef8e736ab11007d32fc9f9f2fb71	/root/cj_build/reference/jdk/src/hotspot/share/gc/z/zDriver.cpp:39
StartGCThreads	runtime/src/Heap/Collector/CollectorResources.cpp:597	runtime/src/Heap/z/zDriver.cpp:520	29ba7a18dcccf3343bc104972e58a4998d727d9ed6f9d91d168dfeae3fd48d5d	/root/cj_build/reference/jdk/src/hotspot/share/gc/z/zDriver.cpp:39
GetGCThreadCount	runtime/src/Heap/Collector/CollectorResources.cpp:673	runtime/src/Heap/z/zDriver.cpp:596	897c29682ef9b39c3184c5d83be166971ef0cde1ac6246d7492e669d206f093b	/root/cj_build/reference/jdk/src/hotspot/share/gc/z/zDriver.cpp:39
BroadcastGCCompletion	runtime/src/Heap/Collector/CollectorResources.cpp:681	runtime/src/Heap/z/zDriver.cpp:604	34a568c81dc345108501c62f9768e16879479b5565c78e8fd6fe27e8dcbb1a01	/root/cj_build/reference/jdk/src/hotspot/share/gc/z/zDriver.cpp:39
RequestHeapDump	runtime/src/Heap/Collector/CollectorResources.cpp:691	runtime/src/Heap/z/zDriver.cpp:614	b470016c353ff3aa2c06e363bbfb5df40ee9d88fba9ce80128d3addcddc1862b	/root/cj_build/reference/jdk/src/hotspot/share/gc/z/zDriver.cpp:39
CollectorResources	runtime/src/Heap/Collector/CollectorResources.h:42	runtime/src/Heap/z/zDriver.cpp:623	44136fa355b3678a1146ad16f7e8649e94fb4fc21fe77e8310c060f61caaff8a	/root/cj_build/reference/jdk/src/hotspot/share/gc/z/zDriver.hpp:43
GetRuntimeWorkers	runtime/src/Heap/Collector/CollectorResources.h:60	runtime/src/Heap/z/zDriver.hpp:60	53222706f3b83d2834ec1300797b434bbd663390f4a4245aa71591a98ac65337	/root/cj_build/reference/jdk/src/hotspot/share/gc/z/zDriver.hpp:43
GetWorkers	runtime/src/Heap/Collector/CollectorResources.h:63	runtime/src/Heap/z/zDriver.hpp:63	6db58edfa7b3e8951b61d4ad8759d8ce8068b7a92fa3193d04d84c9251cee1cf	/root/cj_build/reference/jdk/src/hotspot/share/gc/z/zDriver.hpp:43
YoungPreludeRequest	runtime/src/Heap/Collector/CollectorResources.h:68	runtime/src/Heap/z/zDriver.hpp:68	4e1ace2701cefef7809347dec6fe8965eb5311cb00fd2292ba7ff7876a1aa3fb	/root/cj_build/reference/jdk/src/hotspot/share/gc/z/zDriver.hpp:43
NoteYoungMarkStart	runtime/src/Heap/Collector/CollectorResources.h:72	runtime/src/Heap/z/zDriver.hpp:72	635e71181506e5574e1abb2be08eaef26e471f8a058bcb40371df246a0095641	/root/cj_build/reference/jdk/src/hotspot/share/gc/z/zDriver.hpp:43
BlockResurrection	runtime/src/Heap/Collector/CollectorResources.h:77	runtime/src/Heap/z/zDriver.hpp:77	e921f008d415c31407e5a4a1cab50592a88f507c4378dda288813f9721df3af9	/root/cj_build/reference/jdk/src/hotspot/share/gc/z/zDriver.hpp:43
UnblockResurrection	runtime/src/Heap/Collector/CollectorResources.h:78	runtime/src/Heap/z/zDriver.hpp:78	c24dca5fbfd90318352d97f2f0b49bda647b90fc31a0306cb2f1d24e3cf26f39	/root/cj_build/reference/jdk/src/hotspot/share/gc/z/zDriver.hpp:43
IsResurrectionBlocked	runtime/src/Heap/Collector/CollectorResources.h:79	runtime/src/Heap/z/zDriver.hpp:79	05838cd9c97130f603e5b3289f0d600e8859e47b3ddf5e51a4c9559ad2d5883d	/root/cj_build/reference/jdk/src/hotspot/share/gc/z/zDriver.hpp:43
IsHeapMarked	runtime/src/Heap/Collector/CollectorResources.h:81	runtime/src/Heap/z/zDriver.hpp:81	473139a0a0669449b675a16c9a5511a01a1967562dffaf2ebfb029ad4de85636	/root/cj_build/reference/jdk/src/hotspot/share/gc/z/zDriver.hpp:43
SetHeapMarked	runtime/src/Heap/Collector/CollectorResources.h:83	runtime/src/Heap/z/zDriver.hpp:83	ca28f56d0d044b244f5a283e19d1bc0baafb11469e4a25f01ca00d516d133e65	/root/cj_build/reference/jdk/src/hotspot/share/gc/z/zDriver.hpp:43
IsGcStarted	runtime/src/Heap/Collector/CollectorResources.h:85	runtime/src/Heap/z/zDriver.hpp:85	f5f79cd02730d1427cc7ad7ff47462f10506c952a9c981bf0eb010e7238f8c4a	/root/cj_build/reference/jdk/src/hotspot/share/gc/z/zDriver.hpp:43
SetGcStarted	runtime/src/Heap/Collector/CollectorResources.h:87	runtime/src/Heap/z/zDriver.hpp:87	43e7d0e2dd9021c6b7f405311254cedadf871aa7a10676df8bf5b822bbee4434	/root/cj_build/reference/jdk/src/hotspot/share/gc/z/zDriver.hpp:43
IsGCActive	runtime/src/Heap/Collector/CollectorResources.h:89	runtime/src/Heap/z/zDriver.hpp:89	4720a3ba26164227585d443f0d59698f34d69bfc5996868ba75e373578e0fab9	/root/cj_build/reference/jdk/src/hotspot/share/gc/z/zDriver.hpp:43
GetFinalizerProcessor	runtime/src/Heap/Collector/CollectorResources.h:91	runtime/src/Heap/z/zDriver.hpp:91	c02393d6dd790e4b99a8d02b292ad74ee10d23373883ac1d41fee496143c2bc9	/root/cj_build/reference/jdk/src/hotspot/share/gc/z/zDriver.hpp:43
GetGCStats	runtime/src/Heap/Collector/CollectorResources.h:94	runtime/src/Heap/z/zDriver.hpp:94	c2e12b1a4c250f06b45d4e63d77392d45d328b8a07551937e7e3b30b64640d16	/root/cj_build/reference/jdk/src/hotspot/share/gc/z/zDriver.hpp:43
GetMinorDriverPort	runtime/src/Heap/Collector/CollectorResources.h:99	runtime/src/Heap/z/zDriver.hpp:99	ff5c484b9064e6c3792b2d85fa1f877be113fd0883ee665ae0fdf09396932d63	/root/cj_build/reference/jdk/src/hotspot/share/gc/z/zDriver.hpp:43
GetMajorDriverPort	runtime/src/Heap/Collector/CollectorResources.h:100	runtime/src/Heap/z/zDriver.hpp:100	3c056c8dd337593fdf92776e852ac35ae41f6282b3a368691977d3773d923c03	/root/cj_build/reference/jdk/src/hotspot/share/gc/z/zDriver.hpp:43
GetYoungDriverPort	runtime/src/Heap/Collector/CollectorResources.h:102	runtime/src/Heap/z/zDriver.hpp:102	754e9cb7949bd6151fa77f05fa67b2116af8a271a61b106e9ca642ae2462b451	/root/cj_build/reference/jdk/src/hotspot/share/gc/z/zDriver.hpp:43
RequestAbort	runtime/src/Heap/Collector/CollectorResources.h:106	runtime/src/Heap/z/zDriver.hpp:106	2b213e400a2e4939e131188a3267bf3fc1fb1d29b1f2e38b77edd01542057f73	/root/cj_build/reference/jdk/src/hotspot/share/gc/z/zDriver.hpp:43
ShouldWaitForIgnoredGcRequest	runtime/src/Heap/Collector/CollectorResources.h:144	runtime/src/Heap/z/zDriver.hpp:144	2c9c22cd4260731683afa3ad06ad9cf23000b201db1a0252bde62658c3727c63	/root/cj_build/reference/jdk/src/hotspot/share/gc/z/zDriver.hpp:43
HasSyncTaskCompleted	runtime/src/Heap/Collector/CollectorResources.h:149	runtime/src/Heap/z/zDriver.hpp:149	8d5ba462c532509609b676f9b20ddbafcbcd32ac6bdd62973bca6fc8ecaccbe5	/root/cj_build/reference/jdk/src/hotspot/share/gc/z/zDriver.hpp:43
WaitUntilGCDone	runtime/src/Heap/Collector/CollectorResources.h:233	runtime/src/Heap/z/zDriver.hpp:233	9e842ed41369bf6056cc17c0c5cb0587ea31a7bc42ee9a12dba60c39a26342d7	/root/cj_build/reference/jdk/src/hotspot/share/gc/z/zDriver.hpp:43
WakeWhenGCDone	runtime/src/Heap/Collector/CollectorResources.h:239	runtime/src/Heap/z/zDriver.hpp:239	1ae0684ceb9c13d9a5d17ed060ee4d50bbf41d1e2732436a3200f2b4347feb31	/root/cj_build/reference/jdk/src/hotspot/share/gc/z/zDriver.hpp:43
GCDriverReceiptState	runtime/src/Heap/Collector/DriverPort.cpp:13	runtime/src/Heap/z/zDriverPort.cpp:13	44136fa355b3678a1146ad16f7e8649e94fb4fc21fe77e8310c060f61caaff8a	/root/cj_build/reference/jdk/src/hotspot/share/gc/z/zDriverPort.cpp:30
Sequence	runtime/src/Heap/Collector/DriverPort.cpp:21	runtime/src/Heap/z/zDriverPort.cpp:21	1f66fec3db2297f68d20a604b6eb7fec2d245bed1575fc2c1e70e1f9e4ff91ea	/root/cj_build/reference/jdk/src/hotspot/share/gc/z/zDriverPort.cpp:30
IsValid	runtime/src/Heap/Collector/DriverPort.cpp:26	runtime/src/Heap/z/zDriverPort.cpp:26	9247329ea0df7d05eac798dbe31a933306146ac48ebe8f7f9f3ffbc84ef84c7d	/root/cj_build/reference/jdk/src/hotspot/share/gc/z/zDriverPort.cpp:30
NextSequenceLocked	runtime/src/Heap/Collector/DriverPort.cpp:31	runtime/src/Heap/z/zDriverPort.cpp:31	d79a3fafbd2b2abacb13b6fa580984c075c91b9219f0e3e1aab1e7aafe2699eb	/root/cj_build/reference/jdk/src/hotspot/share/gc/z/zDriverPort.cpp:30
EnqueueSync	runtime/src/Heap/Collector/DriverPort.cpp:41	runtime/src/Heap/z/zDriverPort.cpp:41	9a8feacb984474b4c3a883d48f4510a3e1d5ac07399ad218016e11393f4915e4	/root/cj_build/reference/jdk/src/hotspot/share/gc/z/zDriverPort.cpp:30
EnqueueAsync	runtime/src/Heap/Collector/DriverPort.cpp:62	runtime/src/Heap/z/zDriverPort.cpp:62	6320f4ab0950d6703a17457c28af07fd7e827428448ec63f9762dc8e7a6f9b4e	/root/cj_build/reference/jdk/src/hotspot/share/gc/z/zDriverPort.cpp:30
TryDequeue	runtime/src/Heap/Collector/DriverPort.cpp:80	runtime/src/Heap/z/zDriverPort.cpp:80	66838af78e732f2218c48b986fe42f0ccc79a7217332b5a2023edceff82167d3	/root/cj_build/reference/jdk/src/hotspot/share/gc/z/zDriverPort.cpp:30
Acknowledge	runtime/src/Heap/Collector/DriverPort.cpp:91	runtime/src/Heap/z/zDriverPort.cpp:91	c8797584b1609c1c2a2e461cafd6e1c045af48b4c83545f36d079380adf33140	/root/cj_build/reference/jdk/src/hotspot/share/gc/z/zDriverPort.cpp:30
Cancel	runtime/src/Heap/Collector/DriverPort.cpp:104	runtime/src/Heap/z/zDriverPort.cpp:104	424352af52737ec81c2cfaff4aee8d86a756d89c34bd43f8b2c94f4c813dac4d	/root/cj_build/reference/jdk/src/hotspot/share/gc/z/zDriverPort.cpp:30
wait_for	runtime/src/Heap/Collector/DriverPort.cpp:129	runtime/src/Heap/z/zDriverPort.cpp:129	bb8a1d7fdf3d1bc790718b77e55d3b89ae4010a80906ce24cb0d7a6666388488	/root/cj_build/reference/jdk/src/hotspot/share/gc/z/zDriverPort.cpp:30
while	runtime/src/Heap/Collector/DriverPort.cpp:122	runtime/src/Heap/z/zDriverPort.cpp:122	52c02a6f08df3a21f67dbce708f0ec8c7378067578123e9db84e79ecf34af2a3	/root/cj_build/reference/jdk/src/hotspot/share/gc/z/zDriverPort.cpp:30
WaitForAck	runtime/src/Heap/Collector/DriverPort.cpp:113	runtime/src/Heap/z/zDriverPort.cpp:113	39aeb4eeff91d05f5952956ee83cdcf868c90f636c4aeea0aecc90040f2edaec	/root/cj_build/reference/jdk/src/hotspot/share/gc/z/zDriverPort.cpp:30
Stop	runtime/src/Heap/Collector/DriverPort.cpp:139	runtime/src/Heap/z/zDriverPort.cpp:139	155e342fbacaa9ceaf598159d0192f7301e0e9954e9eb9cbfad07831a0b83a5e	/root/cj_build/reference/jdk/src/hotspot/share/gc/z/zDriverPort.cpp:30
Reset	runtime/src/Heap/Collector/DriverPort.cpp:152	runtime/src/Heap/z/zDriverPort.cpp:152	bde05c607ce505915049b2bfc85a7f620be16fedd019f63b1dd75a099c5c026d	/root/cj_build/reference/jdk/src/hotspot/share/gc/z/zDriverPort.cpp:30
IsStopped	runtime/src/Heap/Collector/DriverPort.cpp:162	runtime/src/Heap/z/zDriverPort.cpp:162	433efe77635aa9b66ad29e804f7238be269bbde03026fa4690e6fd8ecae98f33	/root/cj_build/reference/jdk/src/hotspot/share/gc/z/zDriverPort.cpp:30
Pending	runtime/src/Heap/Collector/DriverPort.cpp:168	runtime/src/Heap/z/zDriverPort.cpp:168	961c9cd2d4cbb60a241b28b4352b4ea5931b893e5389bbaaf8cd5197e7d50a1e	/root/cj_build/reference/jdk/src/hotspot/share/gc/z/zDriverPort.cpp:30
GCDriverReceipt	runtime/src/Heap/Collector/DriverPort.h:36	runtime/src/Heap/z/zDriverPort.hpp:36	44136fa355b3678a1146ad16f7e8649e94fb4fc21fe77e8310c060f61caaff8a	/root/cj_build/reference/jdk/src/hotspot/share/gc/z/zDriverPort.hpp:31
GCDriverPort	runtime/src/Heap/Collector/DriverPort.h:58	runtime/src/Heap/z/zDriverPort.hpp:58	44136fa355b3678a1146ad16f7e8649e94fb4fc21fe77e8310c060f61caaff8a	/root/cj_build/reference/jdk/src/hotspot/share/gc/z/zDriverPort.hpp:31
Kind	runtime/src/Heap/Collector/DriverPort.h:71	runtime/src/Heap/z/zDriverPort.hpp:71	bebe95f08b08c8c8c6766200996d7ef439a7c100cfd176d08acebbaf85768a17	/root/cj_build/reference/jdk/src/hotspot/share/gc/z/zDriverPort.hpp:31
Abort	runtime/src/Heap/Collector/DriverPort.h:72	runtime/src/Heap/z/zDriverPort.hpp:72	ed0c6fda7a548419b196f75f2768a32b900a31c46803bd87e71004b5a1701340	/root/cj_build/reference/jdk/src/hotspot/share/gc/z/zDriverPort.hpp:31
Abort	runtime/src/Heap/Collector/DriverPort.h:73	runtime/src/Heap/z/zDriverPort.hpp:73	ed0c6fda7a548419b196f75f2768a32b900a31c46803bd87e71004b5a1701340	/root/cj_build/reference/jdk/src/hotspot/share/gc/z/zDriverPort.hpp:31
<lambda-or-initializer>	runtime/src/Heap/Collector/DriverPort.h:90	runtime/src/Heap/z/zDriverPort.hpp:90	73a2e0a0f1b09f9235e5b405a175b9953003703c6fedef624ab16a736ba388fb	/root/cj_build/reference/jdk/src/hotspot/share/gc/z/zDriverPort.hpp:31
GcMetronome	runtime/src/Heap/Collector/GcTrigger.h:27	runtime/src/Heap/z/zMetronome.cpp:11	44136fa355b3678a1146ad16f7e8649e94fb4fc21fe77e8310c060f61caaff8a	/root/cj_build/reference/jdk/src/hotspot/share/gc/z/zMetronome.hpp:30
DeadlineNs	runtime/src/Heap/Collector/GcTrigger.h:29	runtime/src/Heap/z/zMetronome.hpp:14	859e00bb118255555e5939a70b664a0da8d55750f4fd6c5f72539997d40f8661	/root/cj_build/reference/jdk/src/hotspot/share/gc/z/zMetronome.hpp:30
Poll	runtime/src/Heap/Collector/GcTrigger.h:32	runtime/src/Heap/z/zMetronome.hpp:17	ae98b5a9d41bc21a992d3bb5e9fcb21e24b033accd1f5e234a443afd46b2b1aa	/root/cj_build/reference/jdk/src/hotspot/share/gc/z/zMetronome.hpp:30
GcTriggerMaxAllocRateBps	runtime/src/Heap/Collector/GcTrigger.h:137	runtime/src/Heap/z/zDirector.hpp:135	013c37d0045c6dc2fd405b64681fa760a1770c4406b461c59c670c79b73efaad	/root/cj_build/reference/jdk/src/hotspot/share/gc/z/zDirector.hpp:30
GcTriggerSoftMaxBytes	runtime/src/Heap/Collector/GcTrigger.h:144	runtime/src/Heap/z/zDirector.hpp:142	9ee27a33aea574374d236c21c57a3fc1fd5b7b7510d7ff83851f644338e2b718	/root/cj_build/reference/jdk/src/hotspot/share/gc/z/zDirector.hpp:30
GcTriggerFreeBytes	runtime/src/Heap/Collector/GcTrigger.h:154	runtime/src/Heap/z/zDirector.hpp:152	a506e25edd11380ed7a4874b2ac5ca7046783fb1ff41c5da6127cf8af0daa69b	/root/cj_build/reference/jdk/src/hotspot/share/gc/z/zDirector.hpp:30
GcTriggerTimeUntilOomSec	runtime/src/Heap/Collector/GcTrigger.h:163	runtime/src/Heap/z/zDirector.hpp:161	0c0e2590c44d3356617c80c2b838e9c69fc46da7b390800ff8e9222a9d4fddac	/root/cj_build/reference/jdk/src/hotspot/share/gc/z/zDirector.hpp:30
GcTriggerYoungSmall	runtime/src/Heap/Collector/GcTrigger.h:169	runtime/src/Heap/z/zDirector.hpp:167	3b11eafaae798d807910203e509d91e586f8cc6fa6736f4b68174a11f229c24f	/root/cj_build/reference/jdk/src/hotspot/share/gc/z/zDirector.hpp:30
GcTriggerHighUsage	runtime/src/Heap/Collector/GcTrigger.h:180	runtime/src/Heap/z/zDirector.hpp:178	ecf21b0f7dcd46c0e4496d2404e18f8e88ae2c484d652d5b7458e82b1765e1a6	/root/cj_build/reference/jdk/src/hotspot/share/gc/z/zDirector.hpp:30
GcTriggerMajorUrgent	runtime/src/Heap/Collector/GcTrigger.h:191	runtime/src/Heap/z/zDirector.hpp:189	5065787a33309cde68f0e6e0976f72d5a2968739a8ac1f1e4f604a7029e9e089	/root/cj_build/reference/jdk/src/hotspot/share/gc/z/zDirector.hpp:30
GcTriggerGcTimeSec	runtime/src/Heap/Collector/GcTrigger.h:197	runtime/src/Heap/z/zDirector.hpp:195	ec1fc80cce218e1b4533f4cedb0edc4fec80359db88aa71f807acbfc421acf71	/root/cj_build/reference/jdk/src/hotspot/share/gc/z/zDirector.hpp:30
CalculateExtraYoungGcTime	runtime/src/Heap/Collector/GcTrigger.h:204	runtime/src/Heap/z/zDirector.hpp:202	ee953fba426b7d03e34e810671eae738964eef74234170b58b1deaed06d7695b	/root/cj_build/reference/jdk/src/hotspot/share/gc/z/zDirector.hpp:30
RuleTimer	runtime/src/Heap/Collector/GcTrigger.h:225	runtime/src/Heap/z/zDirector.hpp:223	2f740475bfd7c0cf3d8782b313bfd9b179702f508d9ed53a8adbdff0ef36abc4	/root/cj_build/reference/jdk/src/hotspot/share/gc/z/zDirector.hpp:30
RuleWarmup	runtime/src/Heap/Collector/GcTrigger.h:233	runtime/src/Heap/z/zDirector.hpp:231	a4c8792e76e6efd74e1ad9b2690409c8629294c1f619bdae9dad29c02cbd20bf	/root/cj_build/reference/jdk/src/hotspot/share/gc/z/zDirector.hpp:30
RuleAllocRate	runtime/src/Heap/Collector/GcTrigger.h:243	runtime/src/Heap/z/zDirector.hpp:241	d52050f159e21bd95e984789fef545f61dfa495897200dd5fa68fbe5e0b76340	/root/cj_build/reference/jdk/src/hotspot/share/gc/z/zDirector.hpp:30
RuleHighUsage	runtime/src/Heap/Collector/GcTrigger.h:255	runtime/src/Heap/z/zDirector.hpp:253	c3f1a2b38a774a0c7809234aecbcf6658a3708deb220e37b3fe8af2be3d34e99	/root/cj_build/reference/jdk/src/hotspot/share/gc/z/zDirector.hpp:30
RuleMajorAllocRate	runtime/src/Heap/Collector/GcTrigger.h:263	runtime/src/Heap/z/zDirector.hpp:261	c6236123bbc439542b8ce64051d50e11609e89f9428982a6df7ecaed773966d7	/root/cj_build/reference/jdk/src/hotspot/share/gc/z/zDirector.hpp:30
RuleMajorProactive	runtime/src/Heap/Collector/GcTrigger.h:285	runtime/src/Heap/z/zDirector.hpp:283	804f0d6598210a1e274ad254b8f52e737ba220a45830a22e42c6affe534790ee	/root/cj_build/reference/jdk/src/hotspot/share/gc/z/zDirector.hpp:30
EstimatedGcWorkers	runtime/src/Heap/Collector/GcTrigger.h:307	runtime/src/Heap/z/zDirector.hpp:305	de3e2034428e13d3d6bcf0865310b99ed0e1cd3a1b9bd3540385518286c65711	/root/cj_build/reference/jdk/src/hotspot/share/gc/z/zDirector.hpp:30
DiscreteGcWorkers	runtime/src/Heap/Collector/GcTrigger.h:314	runtime/src/Heap/z/zDirector.hpp:312	eb1ae62d7d089e53c11d5f98dc8942f09da78bfbd821503b2f125229c10aa5d1	/root/cj_build/reference/jdk/src/hotspot/share/gc/z/zDirector.hpp:30
SelectYoungGcWorkers	runtime/src/Heap/Collector/GcTrigger.h:329	runtime/src/Heap/z/zDirector.hpp:327	5b2ace92413a6cec93427b1c8b56c9ea8d37a14a65b0029ebef7dda8aef009e2	/root/cj_build/reference/jdk/src/hotspot/share/gc/z/zDirector.hpp:30
RuleDynamicAllocRate	runtime/src/Heap/Collector/GcTrigger.h:366	runtime/src/Heap/z/zDirector.hpp:364	04699c1bf164d47c7c33e64ec5772a1fae4aad0633728842986afdb1f9169cd5	/root/cj_build/reference/jdk/src/hotspot/share/gc/z/zDirector.hpp:30
<lambda-or-initializer>	runtime/src/Heap/Collector/GcTrigger.h:405	runtime/src/Heap/z/zDirector.hpp:403	e09073f5cf8620022bc103e4b49f229ad4df6bf5458a33096adfe8bfd3acd89e	/root/cj_build/reference/jdk/src/hotspot/share/gc/z/zDirector.hpp:30
SelectWorkerThreads	runtime/src/Heap/Collector/GcTrigger.h:388	runtime/src/Heap/z/zDirector.hpp:386	e29beaee3ed39475dc7ae510579f59a756e772880d7f398d467d11d5f8e62535	/root/cj_build/reference/jdk/src/hotspot/share/gc/z/zDirector.hpp:30
SelectGcWorkers	runtime/src/Heap/Collector/GcTrigger.h:419	runtime/src/Heap/z/zDirector.hpp:417	a56efd1f044079810ec2b64efcd83270089c3b6a4f2472b217c2f8ca77c96e89	/root/cj_build/reference/jdk/src/hotspot/share/gc/z/zDirector.hpp:30
NoteGcTriggerRule	runtime/src/Heap/Collector/GcTrigger.h:443	runtime/src/Heap/z/zDirector.hpp:441	0b8c4bbbc6b59f448a0bfd227bed0e41d81006695a2dc642c4118350960ec98d	/root/cj_build/reference/jdk/src/hotspot/share/gc/z/zDirector.hpp:30
DecideGcTrigger	runtime/src/Heap/Collector/GcTrigger.h:469	runtime/src/Heap/z/zDirector.hpp:467	5c448fb57dfcca3986d0f00f74c7d93c15aeccdfb58104e0f9fda5000c019199	/root/cj_build/reference/jdk/src/hotspot/share/gc/z/zDirector.hpp:30
StartYoungMark	runtime/src/Heap/Collector/Generation.cpp:56	runtime/src/Heap/z/zGeneration.cpp:56	256a77027bcd87a9a64bc657c0176d086a063aeb7c3632bc0812f1c9de95e5c6	/root/cj_build/reference/jdk/src/hotspot/share/gc/z/zGeneration.cpp:69
RecordYoungSequenceAtRelocateStart	runtime/src/Heap/Collector/Generation.cpp:68	runtime/src/Heap/z/zGeneration.cpp:68	b58411091a32cbfca1f6f82b11f78136d5c3da5495e60c8fb983fa871b6debc8	/root/cj_build/reference/jdk/src/hotspot/share/gc/z/zGeneration.cpp:69
ActiveRemsetIsCurrent	runtime/src/Heap/Collector/Generation.cpp:74	runtime/src/Heap/z/zGeneration.cpp:74	2b09bf215f7e88f32403a1e7a2845e23c9ed4a3b024c13d29d0b96e6ee9ffc9d	/root/cj_build/reference/jdk/src/hotspot/share/gc/z/zGeneration.cpp:69
PublishGenerationPhase	runtime/src/Heap/Collector/Generation.cpp:81	runtime/src/Heap/z/zGeneration.cpp:81	87f6eef11d15b4055cb8777086fe996e6c27c58be815e1e5a16c4e0deb58408d	/root/cj_build/reference/jdk/src/hotspot/share/gc/z/zGeneration.cpp:69
ResetY2yHandoffTestReceipt	runtime/src/Heap/Collector/Generation.cpp:126	runtime/src/Heap/Collector/Generation.cpp:87	a006a04ab2ddee99ac34f7c6d18f317dac29fdd2ceea8d3595330d2761fa3740	ZGC 无独立对应定义；原地保留，归 #228 / A06 / 对应机制包
ReadY2yHandoffTestReceipt	runtime/src/Heap/Collector/Generation.cpp:138	runtime/src/Heap/Collector/Generation.cpp:99	31561f60364e073b0200f9c69a8f51169744e7f571b644fc5b3efcc8a91150d3	ZGC 无独立对应定义；原地保留，归 #228 / A06 / 对应机制包
NoteY2yBeforeReleaseTestReceipt	runtime/src/Heap/Collector/Generation.cpp:148	runtime/src/Heap/Collector/Generation.cpp:109	458b57edbd8ff71a230d4a11affe496dd289a2c9ed74cc80d9eebc1ebad4bd4e	ZGC 无独立对应定义；原地保留，归 #228 / A06 / 对应机制包
NoteY2yAfterRootTestReceipt	runtime/src/Heap/Collector/Generation.cpp:154	runtime/src/Heap/Collector/Generation.cpp:115	7574ed1047fe166f1f3897d92bb98b9f44e0b10db6579f4a831a54bea5f51f25	ZGC 无独立对应定义；原地保留，归 #228 / A06 / 对应机制包
NoteY2yAfterStw2TestReceipt	runtime/src/Heap/Collector/Generation.cpp:160	runtime/src/Heap/Collector/Generation.cpp:121	3bc7159d6adac20d5bf84e88e2220cd777f2c19378876daad7632df2546afdf9	ZGC 无独立对应定义；原地保留，归 #228 / A06 / 对应机制包
ArmY2yAfterReleaseTestReceipt	runtime/src/Heap/Collector/Generation.cpp:166	runtime/src/Heap/Collector/Generation.cpp:127	ed636510b3900b90b9ba8e86b6867cf5899855bba038083966ca0a6cf3c1005b	ZGC 无独立对应定义；原地保留，归 #228 / A06 / 对应机制包
<lambda-or-initializer>	runtime/src/Heap/Collector/Generation.cpp:173	runtime/src/Heap/Collector/Generation.cpp:134	3fe062230e63310ddeebec2455c22fa6cc6b78f805aa94cf087d19821e6221cc	ZGC 无独立对应定义；原地保留，归 #228 / A06 / 对应机制包
PublishY2yAfterReleaseTestReceipt	runtime/src/Heap/Collector/Generation.cpp:172	runtime/src/Heap/Collector/Generation.cpp:133	ccfed43a0044d6c437fd0628f1d54899130dec2062c65cfb5cce0c1217559e76	ZGC 无独立对应定义；原地保留，归 #228 / A06 / 对应机制包
ArmMarkBeforeMarkEndTestReceipt	runtime/src/Heap/Collector/Generation.cpp:189	runtime/src/Heap/Collector/Generation.cpp:150	debb78591d9a4c4841a8d0b065bc3a4885351b57ff500fcb410e6b7e99379ed8	ZGC 无独立对应定义；原地保留，归 #228 / A06 / 对应机制包
PublishMarkBeforeMarkEndTestReceipt	runtime/src/Heap/Collector/Generation.cpp:197	runtime/src/Heap/Collector/Generation.cpp:158	d8638d21980cfb52c564805f361e82eb20b747c885f3b38a0c949ea1238a8d8a	ZGC 无独立对应定义；原地保留，归 #228 / A06 / 对应机制包
ArmAllocBlackDuringConcurrentTestReceipt	runtime/src/Heap/Collector/Generation.cpp:216	runtime/src/Heap/Collector/Generation.cpp:177	79f564648ccd2a48d38371b6ec7cc426a360d902a4956b89fc69b74f2366838a	ZGC 无独立对应定义；原地保留，归 #228 / A06 / 对应机制包
ArmY2yDuringConcurrentTestReceipt	runtime/src/Heap/Collector/Generation.cpp:221	runtime/src/Heap/Collector/Generation.cpp:182	d008024562f9503c537952f6c91dd42c1e233ba86eb09ad33400c1af40cb6476	ZGC 无独立对应定义；原地保留，归 #228 / A06 / 对应机制包
PublishConcurrentYoungProducersTestReceipt	runtime/src/Heap/Collector/Generation.cpp:226	runtime/src/Heap/Collector/Generation.cpp:187	88971176806522e558556235b85d8a6486b7cded474a935acd56946051b4fcee	ZGC 无独立对应定义；原地保留，归 #228 / A06 / 对应机制包
ArmLeftoverBeforePauseTestReceipt	runtime/src/Heap/Collector/Generation.cpp:238	runtime/src/Heap/Collector/Generation.cpp:199	b09d47f6625e55bba5d7d0a5408dd86a3b5e877efc8b8f5c4f56cba467ce72d0	ZGC 无独立对应定义；原地保留，归 #228 / A06 / 对应机制包
PublishLeftoverBeforePauseTestReceipt	runtime/src/Heap/Collector/Generation.cpp:244	runtime/src/Heap/Collector/Generation.cpp:205	6e42bd49e128c43b95c8720b85802be84144440be36fb933507596f346593665	ZGC 无独立对应定义；原地保留，归 #228 / A06 / 对应机制包
ResetExportRootPublicationTestReceipt	runtime/src/Heap/Collector/Generation.cpp:256	runtime/src/Heap/Collector/Generation.cpp:217	633e2a8aee865cb39ea3f54bf82b6bd8456fba827acd5e264cba907333f0f4a2	ZGC 无独立对应定义；原地保留，归 #228 / A06 / 对应机制包
ArmExportRootAfterT1TestReceipt	runtime/src/Heap/Collector/Generation.cpp:270	runtime/src/Heap/Collector/Generation.cpp:231	c30457343b4c773e3c40fb6d632581c32b2cb4778ea74773596367a57aca9d18	ZGC 无独立对应定义；原地保留，归 #228 / A06 / 对应机制包
PublishExportRootAfterT1TestReceipt	runtime/src/Heap/Collector/Generation.cpp:280	runtime/src/Heap/Collector/Generation.cpp:241	25e3372c7f7f1342045758d38d41c585530c497cd90ce5445aaca5f8fea104b5	ZGC 无独立对应定义；原地保留，归 #228 / A06 / 对应机制包
FlushExportRootAfterT1TestReceipt	runtime/src/Heap/Collector/Generation.cpp:296	runtime/src/Heap/Collector/Generation.cpp:257	385bef511e9dee8f3211ce0fb53d9116847a88279a2611f967ef78a5077967f7	ZGC 无独立对应定义；原地保留，归 #228 / A06 / 对应机制包
<lambda-or-initializer>	runtime/src/Heap/Collector/Generation.cpp:313	runtime/src/Heap/Collector/Generation.cpp:274	809577ef96f38e896e5bd8cb825a1d277e2300d0a94b4bf03150db92835ce600	ZGC 无独立对应定义；原地保留，归 #228 / A06 / 对应机制包
NoteExportRootPublicationAtT2TestReceipt	runtime/src/Heap/Collector/Generation.cpp:307	runtime/src/Heap/Collector/Generation.cpp:268	1700b2c5ec664e58a06e864c8b236e7fa161944906e688d2e996c66deb9f86fe	ZGC 无独立对应定义；原地保留，归 #228 / A06 / 对应机制包
ReadExportRootPublicationTestReceipt	runtime/src/Heap/Collector/Generation.cpp:324	runtime/src/Heap/Collector/Generation.cpp:285	7ad68cee354b5f5094db76d07686776030bc91bf3d77946063305ec8256eb23e	ZGC 无独立对应定义；原地保留，归 #228 / A06 / 对应机制包
VisitAllocBuffers	runtime/src/Heap/Collector/Generation.cpp:336	runtime/src/Heap/z/zGeneration.cpp:95	1e6fd8b3dc3dbd8ca43bd179ab0547c5210214afed834c6c05490df20d586c94	/root/cj_build/reference/jdk/src/hotspot/share/gc/z/zGeneration.cpp:69
FlushAllocationRegions	runtime/src/Heap/Collector/Generation.cpp:335	runtime/src/Heap/z/zGeneration.cpp:94	0c6b7babdf0fbb9796d20005fceea6b49dadb7cbe4498c8d457fb938d0235556	/root/cj_build/reference/jdk/src/hotspot/share/gc/z/zGeneration.cpp:69
PrepareYoungGarbageCandidates	runtime/src/Heap/Collector/Generation.cpp:382	runtime/src/Heap/z/zGeneration.cpp:141	61b4103a07b8cf0a2c69ace9970e2c7e0399f768419028badacccbcaa22273b4	/root/cj_build/reference/jdk/src/hotspot/share/gc/z/zGeneration.cpp:69
if	runtime/src/Heap/Collector/Generation.cpp:402	runtime/src/Heap/z/zGeneration.cpp:161	852c8e8e7c14114fa000145ec4d8afbbfc572cec24064da63e25914c7c87312e	/root/cj_build/reference/jdk/src/hotspot/share/gc/z/zGeneration.cpp:69
Instance	runtime/src/Heap/Collector/Generation.cpp:467	runtime/src/Heap/z/zGeneration.cpp:226	cf85806180dcf4dcb0acc3968f18d0e51f189fcebc5a0b3726286ec18224773f	/root/cj_build/reference/jdk/src/hotspot/share/gc/z/zGeneration.cpp:69
MergeY2yDirtySlots	runtime/src/Heap/Collector/Generation.cpp:494	runtime/src/Heap/z/zGeneration.cpp:253	3953e9b80ba883f1ae12eff624a7183ceea63d9a6e3cf00fb211df6e35eac9be	/root/cj_build/reference/jdk/src/hotspot/share/gc/z/zGeneration.cpp:69
VisitAllocBuffers	runtime/src/Heap/Collector/Generation.cpp:492	runtime/src/Heap/z/zGeneration.cpp:251	c61e5e5237f981a3e26b42f49784898f2f9880053b9463efbe28081586ba642e	/root/cj_build/reference/jdk/src/hotspot/share/gc/z/zGeneration.cpp:69
<lambda-or-initializer>	runtime/src/Heap/Collector/Generation.cpp:491	runtime/src/Heap/z/zGeneration.cpp:250	b9d589af81cbef310035eaac2d41d8d49bcf06878e0ed9598ee3d42ed24c2c79	/root/cj_build/reference/jdk/src/hotspot/share/gc/z/zGeneration.cpp:69
VisitAllocBuffers	runtime/src/Heap/Collector/Generation.cpp:504	runtime/src/Heap/z/zGeneration.cpp:263	c372cfef13e46a056760c8dd7c57b32bac913b0efaf77ea9029bd487ffd7e6e9	/root/cj_build/reference/jdk/src/hotspot/share/gc/z/zGeneration.cpp:69
<lambda-or-initializer>	runtime/src/Heap/Collector/Generation.cpp:502	runtime/src/Heap/z/zGeneration.cpp:261	89eabcb10f71ebf0a35b85a395e4846a3f40faffbaf6ac86c928d671b48cfa00	/root/cj_build/reference/jdk/src/hotspot/share/gc/z/zGeneration.cpp:69
VisitMinorRoots	runtime/src/Heap/Collector/Generation.cpp:519	runtime/src/Heap/z/zGeneration.cpp:278	653a98df4e2f528f2b3e4957d3b2be7df8f125b23c5a019c0f1ee92a733097c8	/root/cj_build/reference/jdk/src/hotspot/share/gc/z/zGeneration.cpp:69
<lambda-or-initializer>	runtime/src/Heap/Collector/Generation.cpp:527	runtime/src/Heap/z/zGeneration.cpp:286	03bce93454fe008930705d3dc267da15cb17f11570a5c26d575fdca077c6f644	/root/cj_build/reference/jdk/src/hotspot/share/gc/z/zGeneration.cpp:69
<lambda-or-initializer>	runtime/src/Heap/Collector/Generation.cpp:515	runtime/src/Heap/z/zGeneration.cpp:274	17c5bc2f72f8191c6a72728ea514a504af0e536d89d2d7c0ea976cd8e3f35c28	/root/cj_build/reference/jdk/src/hotspot/share/gc/z/zGeneration.cpp:69
VisitAllocBuffers	runtime/src/Heap/Collector/Generation.cpp:675	runtime/src/Heap/z/zGeneration.cpp:434	d38de5fb11d931192d09381c7b99a7d701be807bb08ccc7fc6d468ff6e2f3fd6	/root/cj_build/reference/jdk/src/hotspot/share/gc/z/zGeneration.cpp:69
if	runtime/src/Heap/Collector/Generation.cpp:693	runtime/src/Heap/z/zGeneration.cpp:452	deeede75cbb3379d20fdc7bc48721e129f9f36c5564375af63fd2295b3b79610	/root/cj_build/reference/jdk/src/hotspot/share/gc/z/zGeneration.cpp:69
<lambda-or-initializer>	runtime/src/Heap/Collector/Generation.cpp:641	runtime/src/Heap/z/zGeneration.cpp:400	e5a7dbc0fbe102b0cd42f8cc5299f3176dcd71091913b5442535e2c9f8f11330	/root/cj_build/reference/jdk/src/hotspot/share/gc/z/zGeneration.cpp:69
<lambda-or-initializer>	runtime/src/Heap/Collector/Generation.cpp:762	runtime/src/Heap/z/zGeneration.cpp:521	d63412b0931831bb1cf1c8978b30c04d749ce4147e5cdb42accc21a29cf4d3d8	/root/cj_build/reference/jdk/src/hotspot/share/gc/z/zGeneration.cpp:69
Instance	runtime/src/Heap/Collector/Generation.cpp:787	runtime/src/Heap/z/zGeneration.cpp:546	0429b56bf88c3a540368768eab397d5381a7fcf630a9c6ca8aee421ab130af3a	/root/cj_build/reference/jdk/src/hotspot/share/gc/z/zGeneration.cpp:69
DoYoungGarbageCollection	runtime/src/Heap/Collector/Generation.cpp:340	runtime/src/Heap/z/zGeneration.cpp:99	4f9e12c9eb10944281bbbc11436861123c4c1f92cfa4ab04b652c218c902935d	/root/cj_build/reference/jdk/src/hotspot/share/gc/z/zGeneration.cpp:69
Push	runtime/src/Heap/Collector/HeapIterator.cpp:12	runtime/src/Heap/z/zHeapIterator.cpp:12	78677e14c974653926af6907241058b2a53193341666cacb9a9400ac5207a319	/root/cj_build/reference/jdk/src/hotspot/share/gc/z/zHeapIterator.cpp:42
ForEachRefField	runtime/src/Heap/Collector/HeapIterator.cpp:27	runtime/src/Heap/z/zHeapIterator.cpp:27	230e6037592b76486bd331377bff0c945eb12fd8512034fffa43e17b87152ad8	/root/cj_build/reference/jdk/src/hotspot/share/gc/z/zHeapIterator.cpp:42
Fields	runtime/src/Heap/Collector/HeapIterator.cpp:22	runtime/src/Heap/z/zHeapIterator.cpp:22	d7b34d5494aa70df6dccf7d5d8b68fea635215c2c369313ddeed2ccabfa8fe23	/root/cj_build/reference/jdk/src/hotspot/share/gc/z/zHeapIterator.cpp:42
<lambda-or-initializer>	runtime/src/Heap/Collector/HeapIterator.cpp:42	runtime/src/Heap/z/zHeapIterator.cpp:42	610c74cb0d5154fbc36809f59afde78c91d30268506e6fcab2c9cebd9e837bb8	/root/cj_build/reference/jdk/src/hotspot/share/gc/z/zHeapIterator.cpp:42
<lambda-or-initializer>	runtime/src/Heap/Collector/HeapIterator.cpp:49	runtime/src/Heap/z/zHeapIterator.cpp:49	e8af3d89eedbdb8d37eb6b71ba5211c0ef233bee7983a48b0c0d6d565f9c6a98	/root/cj_build/reference/jdk/src/hotspot/share/gc/z/zHeapIterator.cpp:42
VisitMutatorRoots	runtime/src/Heap/Collector/HeapIterator.cpp:56	runtime/src/Heap/z/zHeapIterator.cpp:56	16adfc68ab0cb13c07409473ccc6066b0839c7b428855e4b4a6ff1265302a5af	/root/cj_build/reference/jdk/src/hotspot/share/gc/z/zHeapIterator.cpp:42
VisitStrongPlainRoots	runtime/src/Heap/Collector/HeapIterator.cpp:53	runtime/src/Heap/z/zHeapIterator.cpp:53	3bfc5b50258f88bd2e55c721e4274ad1a9fd53c31d6b89f53d6d9c4e5b8ecacf	/root/cj_build/reference/jdk/src/hotspot/share/gc/z/zHeapIterator.cpp:42
Fields	runtime/src/Heap/Collector/HeapIterator.cpp:67	runtime/src/Heap/z/zHeapIterator.cpp:67	10f6bceeae3d594de6e009b1a84570de341a182447130e2ea0da3db8b97ff74a	/root/cj_build/reference/jdk/src/hotspot/share/gc/z/zHeapIterator.cpp:42
Iterate	runtime/src/Heap/Collector/HeapIterator.cpp:36	runtime/src/Heap/z/zHeapIterator.cpp:36	99c8df989727b309755a308d6496c0e523a87c3f2b6634e2fb0308337d3e4ff1	/root/cj_build/reference/jdk/src/hotspot/share/gc/z/zHeapIterator.cpp:42
HeapIterator	runtime/src/Heap/Collector/HeapIterator.h:20	runtime/src/Heap/z/zHeapIterator.cpp:76	44136fa355b3678a1146ad16f7e8649e94fb4fc21fe77e8310c060f61caaff8a	/root/cj_build/reference/jdk/src/hotspot/share/gc/z/zHeapIterator.hpp:35
GetSnapshotEpoch	runtime/src/Heap/Collector/LiveInfo.cpp:16	runtime/src/Heap/z/zPage.cpp:312	cdfcaceb08772e96ad8ef55d47e6479cbf9830cfcf8b4db57dd8b66aa8410ef4	/root/cj_build/reference/jdk/src/hotspot/share/gc/z/zPage.cpp:33
GetRegion	runtime/src/Heap/Collector/LiveInfo.h:43	runtime/src/Heap/z/zLiveMap.hpp:41	1b59be0ec1c3745415c056da22f6a6eec5d73086919e06f80225eab9fe7a5c58	/root/cj_build/reference/jdk/src/hotspot/share/gc/z/zLiveMap.hpp:33
GetEpoch	runtime/src/Heap/Collector/LiveInfo.h:44	runtime/src/Heap/z/zLiveMap.hpp:42	bca792b2a21e6fb0be5e299b275ab166f6234fab73f4f1f7595c5e2028d7e058	/root/cj_build/reference/jdk/src/hotspot/share/gc/z/zLiveMap.hpp:33
GetLifeId	runtime/src/Heap/Collector/LiveInfo.h:45	runtime/src/Heap/z/zLiveMap.hpp:43	8822c0aaeda3b6213cc3c6bc15c117301607bdf8823eb645d5d73c146963970b	/root/cj_build/reference/jdk/src/hotspot/share/gc/z/zLiveMap.hpp:33
MarkView	runtime/src/Heap/Collector/LiveInfo.h:50	runtime/src/Heap/z/zLiveMap.hpp:48	9265619237dc049c9efd5c01a5c74a7e99db1a67aa7ef3e2e396e54563e1bc57	/root/cj_build/reference/jdk/src/hotspot/share/gc/z/zLiveMap.hpp:33
GetRegionBitmapSize	runtime/src/Heap/Collector/LiveInfo.h:76	runtime/src/Heap/z/zLiveMap.hpp:74	71623df9ff00ce9425cf819ee0377a7dbd085e5f991af30b2b54c7899f002a4f	/root/cj_build/reference/jdk/src/hotspot/share/gc/z/zLiveMap.hpp:33
GetBitMaskInfo	runtime/src/Heap/Collector/LiveInfo.h:88	runtime/src/Heap/z/zLiveMap.hpp:86	c95de25b8a44564bf4250454b1ec4726d5ba67f6e3c16b10870382dd2327fd62	/root/cj_build/reference/jdk/src/hotspot/share/gc/z/zLiveMap.hpp:33
AddLiveCounts	runtime/src/Heap/Collector/LiveInfo.h:98	runtime/src/Heap/z/zLiveMap.inline.hpp:30	f378366b5f5c24655972c41a27a9615f0385b4614d7be921d7a38d9c6054f4d6	/root/cj_build/reference/jdk/src/hotspot/share/gc/z/zLiveMap.hpp:33
RegionBitmap	runtime/src/Heap/Collector/LiveInfo.h:106	runtime/src/Heap/z/zLiveMap.hpp:100	44136fa355b3678a1146ad16f7e8649e94fb4fc21fe77e8310c060f61caaff8a	/root/cj_build/reference/jdk/src/hotspot/share/gc/z/zLiveMap.hpp:33
CoversRegionSize	runtime/src/Heap/Collector/LiveInfo.h:109	runtime/src/Heap/z/zLiveMap.hpp:103	c2ad00ab4ba33fd21da9f19ab6965354511ac1de120d810b614d07b08505f7e8	/root/cj_build/reference/jdk/src/hotspot/share/gc/z/zLiveMap.hpp:33
CoveredRegionSize	runtime/src/Heap/Collector/LiveInfo.h:114	runtime/src/Heap/z/zLiveMap.hpp:108	fff8066c928e99eb14bf934aeaa7001670a1825267d4a59336833e21683649e4	/root/cj_build/reference/jdk/src/hotspot/share/gc/z/zLiveMap.hpp:33
Reset	runtime/src/Heap/Collector/LiveInfo.h:120	runtime/src/Heap/z/zLiveMap.inline.hpp:106	d8b7c474840bcd8ec5911d929b6986a9a3741c96c0e42e809125275105baf07e	/root/cj_build/reference/jdk/src/hotspot/share/gc/z/zLiveMap.hpp:33
SegmentBits	runtime/src/Heap/Collector/LiveInfo.h:130	runtime/src/Heap/z/zLiveMap.hpp:118	7382463976e97ce86337165c6e33a70fc2fcf18a94ac6b3d538b1ffd016cc452	/root/cj_build/reference/jdk/src/hotspot/share/gc/z/zLiveMap.hpp:33
IsSegmentLive	runtime/src/Heap/Collector/LiveInfo.h:137	runtime/src/Heap/z/zLiveMap.inline.hpp:12	6602ac6dfe76e6d8739e689f43c038a3cdea7ae60c215c2232bcf674f7f1d744	/root/cj_build/reference/jdk/src/hotspot/share/gc/z/zLiveMap.hpp:33
<lambda-or-initializer>	runtime/src/Heap/Collector/LiveInfo.h:157	runtime/src/Heap/z/zLiveMap.cpp:25	7e4703e0aaaba0c22b3ff9b69169612ff98a5c173c6d33299295ba950b942169	/root/cj_build/reference/jdk/src/hotspot/share/gc/z/zLiveMap.hpp:33
EnsureSegmentLive	runtime/src/Heap/Collector/LiveInfo.h:143	runtime/src/Heap/z/zLiveMap.cpp:11	a489e0f685fb9f9027ca91a9e05b87e20d0797fbefff8fcce7c98648cf51374e	/root/cj_build/reference/jdk/src/hotspot/share/gc/z/zLiveMap.hpp:33
GetLiveWord	runtime/src/Heap/Collector/LiveInfo.h:165	runtime/src/Heap/z/zLiveMap.hpp:131	e627649976f9d0e35c0e2f8dc5583dddc0fbe296ffdbd6965724f8552afff020	/root/cj_build/reference/jdk/src/hotspot/share/gc/z/zLiveMap.hpp:33
GetLiveObjects	runtime/src/Heap/Collector/LiveInfo.h:170	runtime/src/Heap/z/zLiveMap.inline.hpp:37	b8752d431055ad22432b0430694f0b18a93eb13a5c9b1bdb2373de30e0407fee	/root/cj_build/reference/jdk/src/hotspot/share/gc/z/zLiveMap.hpp:33
MarkBits	runtime/src/Heap/Collector/LiveInfo.h:173	runtime/src/Heap/z/zLiveMap.inline.hpp:42	d5f666300f100ee94c359a6a6db1bbfeadb739192e6bc9634f1e30ae74ac2fb0	/root/cj_build/reference/jdk/src/hotspot/share/gc/z/zLiveMap.hpp:33
MarkBits	runtime/src/Heap/Collector/LiveInfo.h:189	runtime/src/Heap/z/zLiveMap.inline.hpp:60	61896efa8886aa018d88d531fc60981d13377e95f02ed02b7ee06ff050b96c8c	/root/cj_build/reference/jdk/src/hotspot/share/gc/z/zLiveMap.hpp:33
MarkFinalizableBits	runtime/src/Heap/Collector/LiveInfo.h:199	runtime/src/Heap/z/zLiveMap.inline.hpp:72	74be37d945c988cfb88a80378aa50e9d9cd7f48d8c35d589b22b1754c5c9a90b	/root/cj_build/reference/jdk/src/hotspot/share/gc/z/zLiveMap.hpp:33
IsMarked	runtime/src/Heap/Collector/LiveInfo.h:212	runtime/src/Heap/z/zLiveMap.inline.hpp:19	1676bc5bc84dd4ddc8af4c946fd63c5b4953a52167e1f139b2348d6eb17cbac8	/root/cj_build/reference/jdk/src/hotspot/share/gc/z/zLiveMap.hpp:33
IsLive	runtime/src/Heap/Collector/LiveInfo.h:221	runtime/src/Heap/z/zLiveMap.inline.hpp:87	07aebf5c5556ed6cfa63e95522f15309c7279e63cd0fddbc9c414300132fcca0	/root/cj_build/reference/jdk/src/hotspot/share/gc/z/zLiveMap.hpp:33
IsFinalizable	runtime/src/Heap/Collector/LiveInfo.h:229	runtime/src/Heap/z/zLiveMap.inline.hpp:97	6d15b4da3c5d40202fd306cf20502de3aee8cbb8516cc31618ed3546fcc5ea1f	/root/cj_build/reference/jdk/src/hotspot/share/gc/z/zLiveMap.hpp:33
IsObjectStart	runtime/src/Heap/Collector/LiveInfo.h:232	runtime/src/Heap/z/zLiveMap.hpp:151	4ab5736695ed064d2e0857c9dbd72823c3541156c0831460ac64b59bc88b3b52	/root/cj_build/reference/jdk/src/hotspot/share/gc/z/zLiveMap.hpp:33
GetLiveBytes	runtime/src/Heap/Collector/LiveInfo.h:234	runtime/src/Heap/z/zLiveMap.inline.hpp:101	628e2446c2e20ea86d4a2f70f6de151efdd85dffba91d5535d56dd757df421b0	/root/cj_build/reference/jdk/src/hotspot/share/gc/z/zLiveMap.hpp:33
RecomputeLiveBytes	runtime/src/Heap/Collector/LiveInfo.h:236	runtime/src/Heap/z/zLiveMap.hpp:155	6a605b112c498ea725061c6c2f894124f87cb3a67ae95bbf144a50d7ba548f6b	/root/cj_build/reference/jdk/src/hotspot/share/gc/z/zLiveMap.hpp:33
IsSurvivedObject	runtime/src/Heap/Collector/LiveInfo.h:245	runtime/src/Heap/z/zLiveMap.hpp:164	0edd51ab74933ed1dc95488a2983c372f992cf4f579f3861604c7010e417bd3a	/root/cj_build/reference/jdk/src/hotspot/share/gc/z/zLiveMap.hpp:33
GetBitmapLiveBytes	runtime/src/Heap/Collector/LiveInfo.h:262	runtime/src/Heap/z/zLiveMap.hpp:181	1768171cd81191cb40c657d9a9106c2407ed9cdf25c6a861f35bcecc81d7cd6f	/root/cj_build/reference/jdk/src/hotspot/share/gc/z/zLiveMap.hpp:33
RecomputeBitmapLiveBytes	runtime/src/Heap/Collector/LiveInfo.h:273	runtime/src/Heap/z/zLiveMap.hpp:192	3d394eed835e9f86c87997d9516ea24e0bbdc12d87615de7d403224ad033f9a0	/root/cj_build/reference/jdk/src/hotspot/share/gc/z/zLiveMap.hpp:33
GetMarkFace	runtime/src/Heap/Collector/LiveInfo.h:295	runtime/src/Heap/z/zLiveMap.hpp:214	295f79e6751a9802f19603cc135f363461ff4b34f009709fcbdee942198a2105	/root/cj_build/reference/jdk/src/hotspot/share/gc/z/zLiveMap.hpp:33
GetMarkFace	runtime/src/Heap/Collector/LiveInfo.h:300	runtime/src/Heap/z/zLiveMap.hpp:219	295f79e6751a9802f19603cc135f363461ff4b34f009709fcbdee942198a2105	/root/cj_build/reference/jdk/src/hotspot/share/gc/z/zLiveMap.hpp:33
ResetYoungWeakClosureTestReceipt	runtime/src/Heap/Collector/Mark.cpp:73	runtime/src/Heap/Collector/Mark.cpp:65	0fa30e46407b6d0854d762ad2b7485cdc80669935fcb4cc3d3d5b52d19a5436d	ZGC 无独立对应定义；原地保留，归 #228 / A06 / 对应机制包
NoteYoungWeakClosureDiscovery	runtime/src/Heap/Collector/Mark.cpp:80	runtime/src/Heap/Collector/Mark.cpp:72	744875018983139aa9ef08b13b8e898ea648dfb2de865192ac2d09b64fe74a4b	ZGC 无独立对应定义；原地保留，归 #228 / A06 / 对应机制包
ReadYoungWeakClosureTestReceipt	runtime/src/Heap/Collector/Mark.cpp:95	runtime/src/Heap/Collector/Mark.cpp:87	a531d024f417931e093f19682f1acc8894fa042c31b58073a1ae08a59140f365	ZGC 无独立对应定义；原地保留，归 #228 / A06 / 对应机制包
MarkObject	runtime/src/Heap/Collector/Mark.cpp:103	runtime/src/Heap/z/zMark.cpp:68	91e91cfed8c1a28c6ea6bcad67de97d804659688d14183030be1cfd0c6078be5	/root/cj_build/reference/jdk/src/hotspot/share/gc/z/zMark.cpp:75
MarkObjectImpl	runtime/src/Heap/Collector/Mark.cpp:108	runtime/src/Heap/z/zMark.cpp:73	4b8e62129b66ec5835c3614a3a2b9c52f2358d8956b3d6e7ddea3f21fe5aec4e	/root/cj_build/reference/jdk/src/hotspot/share/gc/z/zMark.cpp:75
MarkEntryObject	runtime/src/Heap/Collector/Mark.cpp:140	runtime/src/Heap/z/zMark.cpp:105	975a26fd16d066b79f9ba3dd2edb1decd3e28dfc7a55c02f8beb9a640303d077	/root/cj_build/reference/jdk/src/hotspot/share/gc/z/zMark.cpp:75
ResurrectObject	runtime/src/Heap/Collector/Mark.cpp:148	runtime/src/Heap/z/zMark.cpp:113	91a894ef991757cb695c7c61adf31ae6642b23089bd2ad67a92c597fb4e62394	/root/cj_build/reference/jdk/src/hotspot/share/gc/z/zMark.cpp:75
EnumRefFieldRoot	runtime/src/Heap/Collector/Mark.cpp:163	runtime/src/Heap/z/zMark.cpp:128	88f8df81392f2200c8b13d969c0f38dd5891a42f2ea1c67d9709f6b777252c50	/root/cj_build/reference/jdk/src/hotspot/share/gc/z/zMark.cpp:75
EnumAndTagRawRoot	runtime/src/Heap/Collector/Mark.cpp:229	runtime/src/Heap/z/zMark.cpp:194	35d7d9690c7adb1df79e7a6bbb497e5d06b4e2feccaa18c3e4d68fd8579bbb10	/root/cj_build/reference/jdk/src/hotspot/share/gc/z/zMark.cpp:75
<lambda-or-initializer>	runtime/src/Heap/Collector/Mark.cpp:406	runtime/src/Heap/z/zMark.cpp:371	03f8f2319e287e9689bcb4d91153c4c9a57474c37d09571b8b75ec6b3e0a82bd	/root/cj_build/reference/jdk/src/hotspot/share/gc/z/zMark.cpp:75
TraceRefField	runtime/src/Heap/Collector/Mark.cpp:268	runtime/src/Heap/z/zMark.cpp:233	0682e63cb60b9d50511a16dfe009b5cf00726769e7903e5da214944aa4ac43e2	/root/cj_build/reference/jdk/src/hotspot/share/gc/z/zMark.cpp:75
PushPartialArray	runtime/src/Heap/Collector/Mark.cpp:426	runtime/src/Heap/z/zMark.cpp:391	6433e20dd6e373d93c033ecc7363dfa7c0f9643d80c4a610e8cdffc731554b7c	/root/cj_build/reference/jdk/src/hotspot/share/gc/z/zMark.cpp:75
<lambda-or-initializer>	runtime/src/Heap/Collector/Mark.cpp:440	runtime/src/Heap/z/zMark.cpp:405	44aa39a93d7b4f694a1a41ed18f3cda83896ed0301487472d37e360c74031912	/root/cj_build/reference/jdk/src/hotspot/share/gc/z/zMark.cpp:75
FollowArrayElementsSmall	runtime/src/Heap/Collector/Mark.cpp:439	runtime/src/Heap/z/zMark.cpp:404	bef98a1d00e32d56a90524160a1125ee9603c1bf3c91e3e06be5e293850d11f6	/root/cj_build/reference/jdk/src/hotspot/share/gc/z/zMark.cpp:75
FollowArrayElementsLarge	runtime/src/Heap/Collector/Mark.cpp:448	runtime/src/Heap/z/zMark.cpp:413	90f3f239fba4ac85e09b95b6c6b3ee6881d89f4d296fc70ba6d3ebc9229b7cac	/root/cj_build/reference/jdk/src/hotspot/share/gc/z/zMark.cpp:75
FollowElements	runtime/src/Heap/Collector/Mark.cpp:489	runtime/src/Heap/z/zMark.cpp:454	c6576942087c02a782cfeb00541e5cc8bc2745616652235fd2dbd59a11f489c9	/root/cj_build/reference/jdk/src/hotspot/share/gc/z/zMark.cpp:75
<lambda-or-initializer>	runtime/src/Heap/Collector/Mark.cpp:491	runtime/src/Heap/z/zMark.cpp:456	b314846986093b787307a0cbacc8dff27308c5008d2682d125aa731c5141b0a0	/root/cj_build/reference/jdk/src/hotspot/share/gc/z/zMark.cpp:75
FollowArrayElements	runtime/src/Heap/Collector/Mark.cpp:487	runtime/src/Heap/z/zMark.cpp:452	47e8bdd2cc686fed57aa1549a1e0441d26c1d1d8ea585d3abd6656a7fcd6c873	/root/cj_build/reference/jdk/src/hotspot/share/gc/z/zMark.cpp:75
FollowPartialArray	runtime/src/Heap/Collector/Mark.cpp:496	runtime/src/Heap/z/zMark.cpp:461	90da43f107ecbb0825b42b594453d4126943c955dac94e2dfa21a93e16a61e4d	/root/cj_build/reference/jdk/src/hotspot/share/gc/z/zMark.cpp:75
<lambda-or-initializer>	runtime/src/Heap/Collector/Mark.cpp:507	runtime/src/Heap/z/zMark.cpp:472	ad1ff6c88a449588518e7e9403f76b96dfb8db45b6a6b780057c44eba92afcfd	/root/cj_build/reference/jdk/src/hotspot/share/gc/z/zMark.cpp:75
<lambda-or-initializer>	runtime/src/Heap/Collector/Mark.cpp:523	runtime/src/Heap/z/zMark.cpp:488	9d3ba149503793670de783cfe0d3bc83a8063b3c5a6c0fac877a8341f30ca97d	/root/cj_build/reference/jdk/src/hotspot/share/gc/z/zMark.cpp:75
<lambda-or-initializer>	runtime/src/Heap/Collector/Mark.cpp:537	runtime/src/Heap/z/zMark.cpp:502	65e6e680aae6700a25fcd013acf370c18181e1456a43bb56f6caaea25cb9c28c	/root/cj_build/reference/jdk/src/hotspot/share/gc/z/zMark.cpp:75
TraceObjectRefFields	runtime/src/Heap/Collector/Mark.cpp:505	runtime/src/Heap/z/zMark.cpp:470	a6501cab39546032a64677048cfa61c37d81440e1d440689e1eec49c4862f645	/root/cj_build/reference/jdk/src/hotspot/share/gc/z/zMark.cpp:75
GetAndTryTagObj	runtime/src/Heap/Collector/Mark.cpp:551	runtime/src/Heap/z/zMark.cpp:516	556a8e0c15979abd53793ade8a1157f2e8710a654aa1537416f8650acf36e5ae	/root/cj_build/reference/jdk/src/hotspot/share/gc/z/zMark.cpp:75
Instance	runtime/src/Heap/Collector/Mark.cpp:625	runtime/src/Heap/z/zMark.cpp:590	b76a87d9f4ec14ea94ea8efc51038957bfd2ee2bf388c3c4f67360d4068de47b	/root/cj_build/reference/jdk/src/hotspot/share/gc/z/zMark.cpp:75
TraceHeap	runtime/src/Heap/Collector/Mark.cpp:585	runtime/src/Heap/z/zMark.cpp:550	d9782ee6b85bc531d3a65b2f8beaa3a1d202cca83c8cac92d678abf4e8761294	/root/cj_build/reference/jdk/src/hotspot/share/gc/z/zMark.cpp:75
<lambda-or-initializer>	runtime/src/Heap/Collector/Mark.cpp:683	runtime/src/Heap/z/zMark.cpp:648	ca9901b4def0d482e18bad16fb5b78eb6e35a92a5675d63a58ae3b944ab0fe75	/root/cj_build/reference/jdk/src/hotspot/share/gc/z/zMark.cpp:75
<lambda-or-initializer>	runtime/src/Heap/Collector/Mark.cpp:694	runtime/src/Heap/z/zMark.cpp:659	9bf6e04922a0aa9f30a9c30bfa1c7281a18adf82770f0ae1167f12959f1723f5	/root/cj_build/reference/jdk/src/hotspot/share/gc/z/zMark.cpp:75
if	runtime/src/Heap/Collector/Mark.cpp:711	runtime/src/Heap/z/zMark.cpp:676	b2e32a7c529786357f1ace10b70b1e476dc2e9410f7e74f3a34f65250dd40f5c	/root/cj_build/reference/jdk/src/hotspot/share/gc/z/zMark.cpp:75
VisitStrongPlainRoots	runtime/src/Heap/Collector/Mark.cpp:705	runtime/src/Heap/z/zMark.cpp:670	65b8318b09bf3cd488561fd274bcd92903cba27a259ae4ce07691e267c90ddda	/root/cj_build/reference/jdk/src/hotspot/share/gc/z/zMark.cpp:75
VisitAllColoredRoots	runtime/src/Heap/Collector/Mark.cpp:728	runtime/src/Heap/z/zMark.cpp:693	b5e929b70415fa7364b0de038f1bff252fd16dd2b2d9556c1959ac89d58fcd82	/root/cj_build/reference/jdk/src/hotspot/share/gc/z/zMark.cpp:75
VisitMinorRootSlots	runtime/src/Heap/Collector/Mark.cpp:681	runtime/src/Heap/z/zMark.cpp:646	28abe47eb8340b8dec702da96669c5107cd1d3b4dc7d1ee4a06c8115eb475e2c	/root/cj_build/reference/jdk/src/hotspot/share/gc/z/zMark.cpp:75
VisitMinorValueRoots	runtime/src/Heap/Collector/Mark.cpp:740	runtime/src/Heap/z/zMark.cpp:705	2378b0ac82d774fc128851731a0261fe3f96f01f473a2c139fe445923971d676	/root/cj_build/reference/jdk/src/hotspot/share/gc/z/zMark.cpp:75
<lambda-or-initializer>	runtime/src/Heap/Collector/Mark.cpp:770	runtime/src/Heap/z/zMark.cpp:735	bc02ad118f019e0354474fc324a1406439686b3f849bae561534addfb1c5a751	/root/cj_build/reference/jdk/src/hotspot/share/gc/z/zMark.cpp:75
<lambda-or-initializer>	runtime/src/Heap/Collector/Mark.cpp:782	runtime/src/Heap/z/zMark.cpp:747	3df0786a1d6d60fce3af5514eb827f0403117c90c536a5a61cec95223b28f08a	/root/cj_build/reference/jdk/src/hotspot/share/gc/z/zMark.cpp:75
<lambda-or-initializer>	runtime/src/Heap/Collector/Mark.cpp:794	runtime/src/Heap/z/zMark.cpp:759	0b4a49a935d54be4aceb4466bf6fa39c3c711686e0ed16c8656f3a1dd24cfbb7	/root/cj_build/reference/jdk/src/hotspot/share/gc/z/zMark.cpp:75
VisitMinorRoots	runtime/src/Heap/Collector/Mark.cpp:769	runtime/src/Heap/z/zMark.cpp:734	de3180df7eb5cc047fd2fa69c44ee0b69d1d56c48889afd74f8a15f9004bfbf7	/root/cj_build/reference/jdk/src/hotspot/share/gc/z/zMark.cpp:75
PushYoungObject	runtime/src/Heap/Collector/Mark.cpp:802	runtime/src/Heap/z/zMark.cpp:767	5afc56f66ece83e363b6f5ad4b41c75b5badb2be241f189ca1e84b9ed90a29e8	/root/cj_build/reference/jdk/src/hotspot/share/gc/z/zMark.cpp:75
<lambda-or-initializer>	runtime/src/Heap/Collector/Mark.cpp:859	runtime/src/Heap/z/zMark.cpp:824	532fef2c3b23bc2da0a65cf39ef69e5ccbea52c299b76fc3e940af16e9353527	/root/cj_build/reference/jdk/src/hotspot/share/gc/z/zMark.cpp:75
<lambda-or-initializer>	runtime/src/Heap/Collector/Mark.cpp:874	runtime/src/Heap/z/zMark.cpp:839	ba106c0d329d2fb62b0734f8f1f71b62646c9cca474efc234200d341b3fec03d	/root/cj_build/reference/jdk/src/hotspot/share/gc/z/zMark.cpp:75
PushYoungObject	runtime/src/Heap/Collector/Mark.cpp:808	runtime/src/Heap/z/zMark.cpp:773	7fbe9ab9d53f83d51a32abbc5839c2fa9d5b6d1c6784b7b94e8d4cab724a113a	/root/cj_build/reference/jdk/src/hotspot/share/gc/z/zMark.cpp:75
AdmitYoungObject	runtime/src/Heap/Collector/Mark.cpp:936	runtime/src/Heap/z/zMark.cpp:901	e7e553130def121a7f6ee7a713b81a7c702d9decf3c3e706cd3e986a5acc9db2	/root/cj_build/reference/jdk/src/hotspot/share/gc/z/zMark.cpp:75
PushAdmittedYoung	runtime/src/Heap/Collector/Mark.cpp:960	runtime/src/Heap/z/zMark.cpp:925	a8e53140cfef630e993ccfb254975174dfa603f0721b16dee2d6a5049bc6c8de	/root/cj_build/reference/jdk/src/hotspot/share/gc/z/zMark.cpp:75
PushAdmittedYoung	runtime/src/Heap/Collector/Mark.cpp:970	runtime/src/Heap/z/zMark.cpp:935	cc49e51497d492808378dd2a4d63b4231c2277122ac931d168d75597b1b11206	/root/cj_build/reference/jdk/src/hotspot/share/gc/z/zMark.cpp:75
MarkStripeCount	runtime/src/Heap/Collector/Mark.cpp:982	runtime/src/Heap/z/zMark.cpp:947	c10273da3d9dbecb589776c2536bc8732fbe965d1aa2e1d74ced75f0f7ea5afb	/root/cj_build/reference/jdk/src/hotspot/share/gc/z/zMark.cpp:75
ScrubMinorFreeTarget	runtime/src/Heap/Collector/Mark.cpp:1000	runtime/src/Heap/z/zMark.cpp:965	ba6f2b459dd758caba9df17a1f0060dae542f481966cb00e6f72f2270bc555a8	/root/cj_build/reference/jdk/src/hotspot/share/gc/z/zMark.cpp:75
Stripes	runtime/src/Heap/Collector/Mark.cpp:1051	runtime/src/Heap/z/zMark.cpp:1016	43b3049261c4ae553d01f95b0fd9aece6d158b1895235108b468c7feafea1470	/root/cj_build/reference/jdk/src/hotspot/share/gc/z/zMark.cpp:75
Stripes	runtime/src/Heap/Collector/TracingCollector.cpp:303	runtime/src/Heap/z/zMark.cpp:1539	43b3049261c4ae553d01f95b0fd9aece6d158b1895235108b468c7feafea1470	/root/cj_build/reference/jdk/src/hotspot/share/gc/z/zMark.cpp:75
Smr	runtime/src/Heap/Collector/Mark.cpp:1052	runtime/src/Heap/z/zMark.cpp:1017	fd952b07f9fce08e23eaaa8c6c271403b86819316665fe95795a1d92096cf8be	/root/cj_build/reference/jdk/src/hotspot/share/gc/z/zMark.cpp:75
Smr	runtime/src/Heap/Collector/TracingCollector.cpp:304	runtime/src/Heap/z/zMark.cpp:1540	fd952b07f9fce08e23eaaa8c6c271403b86819316665fe95795a1d92096cf8be	/root/cj_build/reference/jdk/src/hotspot/share/gc/z/zMark.cpp:75
Terminate	runtime/src/Heap/Collector/Mark.cpp:1053	runtime/src/Heap/z/zMark.cpp:1018	193700890a32bf60bf7fe8e86b5954de7fd51ffc90fc81c7860da2656fa56d4b	/root/cj_build/reference/jdk/src/hotspot/share/gc/z/zMark.cpp:75
Terminate	runtime/src/Heap/Collector/TracingCollector.cpp:305	runtime/src/Heap/z/zMark.cpp:1541	193700890a32bf60bf7fe8e86b5954de7fd51ffc90fc81c7860da2656fa56d4b	/root/cj_build/reference/jdk/src/hotspot/share/gc/z/zMark.cpp:75
Stacks	runtime/src/Heap/Collector/Mark.cpp:1054	runtime/src/Heap/z/zMark.cpp:1019	5cefe2b1bd76d042c33a18d52d701e117a2137ec3b3ee6376caea5cad4781fab	/root/cj_build/reference/jdk/src/hotspot/share/gc/z/zMark.cpp:75
Stacks	runtime/src/Heap/Collector/TracingCollector.cpp:306	runtime/src/Heap/z/zMark.cpp:1542	5cefe2b1bd76d042c33a18d52d701e117a2137ec3b3ee6376caea5cad4781fab	/root/cj_build/reference/jdk/src/hotspot/share/gc/z/zMark.cpp:75
StripeFor	runtime/src/Heap/Collector/Mark.cpp:1057	runtime/src/Heap/z/zMark.cpp:1022	6fab1d9e4169d6add4723ab0a3f7bf153555a67dbd633c85377c1099ef147c2c	/root/cj_build/reference/jdk/src/hotspot/share/gc/z/zMark.cpp:75
YoungStripedMarkingWork	runtime/src/Heap/Collector/Mark.cpp:1064	runtime/src/Heap/z/zMark.cpp:1029	44136fa355b3678a1146ad16f7e8649e94fb4fc21fe77e8310c060f61caaff8a	/root/cj_build/reference/jdk/src/hotspot/share/gc/z/zMark.cpp:75
ResizeWorkers	runtime/src/Heap/Collector/Mark.cpp:1067	runtime/src/Heap/z/zMark.cpp:1032	ae1f335a2fff2f2b07c05c7ea1d733991d4a3bee1679f66489c86e13b0365f9f	/root/cj_build/reference/jdk/src/hotspot/share/gc/z/zMark.cpp:75
FollowWork	runtime/src/Heap/Collector/Mark.cpp:1081	runtime/src/Heap/z/zMark.cpp:1046	40ae592891dcd14a6d0bb77bb258b303d3b6cd96056b1db38720bdaf77d6d79a	/root/cj_build/reference/jdk/src/hotspot/share/gc/z/zMark.cpp:75
Work	runtime/src/Heap/Collector/Mark.cpp:1076	runtime/src/Heap/z/zMark.cpp:1041	7343d17c0892951d5168736c25eeaae6723550f5ac6118b30ae39f9d023b9a63	/root/cj_build/reference/jdk/src/hotspot/share/gc/z/zMark.cpp:75
PushObject	runtime/src/Heap/Collector/Mark.cpp:1095	runtime/src/Heap/z/zMark.cpp:1060	08bc3694ee16c203a26fde71d98378660fcda136f74746cac9b35c733759548a	/root/cj_build/reference/jdk/src/hotspot/share/gc/z/zMark.cpp:75
PublishEntry	runtime/src/Heap/Collector/Mark.cpp:1100	runtime/src/Heap/z/zMark.cpp:1065	50280a87c9d9151c5407505bc9de7be86a6eb9e0f9342b48f4a40bf4556d4f9f	/root/cj_build/reference/jdk/src/hotspot/share/gc/z/zMark.cpp:75
PushResidualYoungChild	runtime/src/Heap/Collector/Mark.cpp:1117	runtime/src/Heap/z/zMark.cpp:1082	2b001afb02ed74fe2cff6676e19cb820a46a62bd79943621df8395f5f5d5b0a5	/root/cj_build/reference/jdk/src/hotspot/share/gc/z/zMark.cpp:75
PushFilteredYoung	runtime/src/Heap/Collector/Mark.cpp:1146	runtime/src/Heap/z/zMark.cpp:1111	68efc5a32f8e4cefbe236dcc8f6877eb63ab80b576175f9dfa78932fa7f6811e	/root/cj_build/reference/jdk/src/hotspot/share/gc/z/zMark.cpp:75
<lambda-or-initializer>	runtime/src/Heap/Collector/Mark.cpp:1180	runtime/src/Heap/z/zMark.cpp:1145	11b1de0b30925ee1ce6858ae152da3129d9688e418e95d854ba7a03823a7c021	/root/cj_build/reference/jdk/src/hotspot/share/gc/z/zMark.cpp:75
<lambda-or-initializer>	runtime/src/Heap/Collector/Mark.cpp:1191	runtime/src/Heap/z/zMark.cpp:1156	bbffce6219e81e90a144c2b5ac2e54dbe20a593db251cb4edd3db3e6c596116c	/root/cj_build/reference/jdk/src/hotspot/share/gc/z/zMark.cpp:75
ForEachRefField	runtime/src/Heap/Collector/Mark.cpp:1225	runtime/src/Heap/z/zMark.cpp:1190	2de3605956da6bf47f5e16ac307dafdabe872f7d0a4709d7a473d00cd1362c24	/root/cj_build/reference/jdk/src/hotspot/share/gc/z/zMark.cpp:75
ProcessObject	runtime/src/Heap/Collector/Mark.cpp:1178	runtime/src/Heap/z/zMark.cpp:1143	def251f3255bb6d59184e2b6ee3e4d84448cc3f1cec7d567f4d3d74808665ee1	/root/cj_build/reference/jdk/src/hotspot/share/gc/z/zMark.cpp:75
StartYoungMarkWork	runtime/src/Heap/Collector/Mark.cpp:1260	runtime/src/Heap/z/zMark.cpp:1225	8a5453ebe48d7e8f0d8a08e38ff439579f1e1a33ed8599a1f55579bd370f0652	/root/cj_build/reference/jdk/src/hotspot/share/gc/z/zMark.cpp:75
MarkYoungObjectIfActive	runtime/src/Heap/Collector/Mark.cpp:1272	runtime/src/Heap/z/zMark.cpp:1237	77b5ee4892cf9b1ead28f8ae3c1c25a93a6cd9358a63fc989d87e75bfb6f227e	/root/cj_build/reference/jdk/src/hotspot/share/gc/z/zMark.cpp:75
<lambda-or-initializer>	runtime/src/Heap/Collector/Mark.cpp:1314	runtime/src/Heap/z/zMark.cpp:1279	a501786c5ab3eadcfd09d00f73540233fccec1fc14329805ce4b20380fb0d003	/root/cj_build/reference/jdk/src/hotspot/share/gc/z/zMark.cpp:75
<lambda-or-initializer>	runtime/src/Heap/Collector/Mark.cpp:1355	runtime/src/Heap/z/zMark.cpp:1320	dd3c65ac2560f92863b32dac7c44f47d9ea0dde6db719bb356aa31d39b637e9b	/root/cj_build/reference/jdk/src/hotspot/share/gc/z/zMark.cpp:75
TraceYoungClosureStriped	runtime/src/Heap/Collector/Mark.cpp:1292	runtime/src/Heap/z/zMark.cpp:1257	aadacb4af17fde5662f4db316271a931d50530baf832a0bfd8c65b87c0c91cbe	/root/cj_build/reference/jdk/src/hotspot/share/gc/z/zMark.cpp:75
~ClosureObservation	runtime/src/Heap/Collector/Mark.cpp:1393	runtime/src/Heap/z/zMark.cpp:1358	3ea934532df65640d8367ba897244d0bd2cd2a9bde107c72d9bb1ef7231d538a	/root/cj_build/reference/jdk/src/hotspot/share/gc/z/zMark.cpp:75
TraceYoungClosure	runtime/src/Heap/Collector/Mark.cpp:1387	runtime/src/Heap/z/zMark.cpp:1352	338ca4c1d5cf512853b441cac9d56d876be8c218891b28a2d6c3cf4fa178cd3a	/root/cj_build/reference/jdk/src/hotspot/share/gc/z/zMark.cpp:75
FollowYoungMark	runtime/src/Heap/Collector/Mark.cpp:1414	runtime/src/Heap/z/zMark.cpp:1379	588bde2ba009be25c57bfc0d131f7383ed14c452140c537c1ea4080ea50ac727	/root/cj_build/reference/jdk/src/hotspot/share/gc/z/zMark.cpp:75
TryEndYoungMark	runtime/src/Heap/Collector/Mark.cpp:1437	runtime/src/Heap/z/zMark.cpp:1402	0f0efe5b0b2d41573809f0dc013875a348b1248fdad7a695c5841bfef29aeab3	/root/cj_build/reference/jdk/src/hotspot/share/gc/z/zMark.cpp:75
MarkNewObject	runtime/src/Heap/Collector/Mark.cpp:1447	runtime/src/Heap/z/zMark.cpp:1412	514280646d4b4d19dc7af2707b123e9cbb8e72d43897820ef7e39c0cf98fabe0	/root/cj_build/reference/jdk/src/hotspot/share/gc/z/zMark.cpp:75
ProcessReferences	runtime/src/Heap/Collector/Mark.cpp:1458	runtime/src/Heap/z/zMark.cpp:1423	3a66ed2a84293bba225dc658f868c7094a1b4728de9687783e48349440b18c69	/root/cj_build/reference/jdk/src/hotspot/share/gc/z/zMark.cpp:75
ProcessFinalizers	runtime/src/Heap/Collector/Mark.cpp:1456	runtime/src/Heap/z/zMark.cpp:1421	b0459e7fea5c231e1470f9ebf64855a181d103760b052d7bd3baba6874788193	/root/cj_build/reference/jdk/src/hotspot/share/gc/z/zMark.cpp:75
PublishHandshakeMarkWork	runtime/src/Heap/Collector/Mark.cpp:1462	runtime/src/Heap/z/zMark.cpp:1427	3a7bf9342c2b02451ed239c35dd479f4d61a41b09a28f0431420a6b0db83bd1c	/root/cj_build/reference/jdk/src/hotspot/share/gc/z/zMark.cpp:75
MergeY2yDirtySlots	runtime/src/Heap/Collector/Mark.cpp:1501	runtime/src/Heap/z/zMark.cpp:1466	ff12505cae313cbc5240641f1793a872400fbf7fe27b4be2230b4a7da78be3c3	/root/cj_build/reference/jdk/src/hotspot/share/gc/z/zMark.cpp:75
DrainAllocBufferMarkProducers	runtime/src/Heap/Collector/Mark.cpp:1492	runtime/src/Heap/z/zMark.cpp:1457	c4927225532406cda6eb2e23603090a3aeeeacf0695414556ec1b0eb7a549551	/root/cj_build/reference/jdk/src/hotspot/share/gc/z/zMark.cpp:75
PublishThreadRoot	runtime/src/Heap/Collector/Mark.cpp:1511	runtime/src/Heap/z/zMark.cpp:1476	8dde89f5fb90e35c805d27cee1402bee94f04e42758d4299d644238094041bf9	/root/cj_build/reference/jdk/src/hotspot/share/gc/z/zMark.cpp:75
FlushThreadMarkProducers	runtime/src/Heap/Collector/Mark.cpp:1521	runtime/src/Heap/z/zMark.cpp:1486	3d14fcef27b92afbdff2ff73383bf5ba6c58aa4313289b2f1b9b742e1bbd15f4	/root/cj_build/reference/jdk/src/hotspot/share/gc/z/zMark.cpp:75
FlushThreadMarkProducers	runtime/src/Heap/Collector/Mark.cpp:1527	runtime/src/Heap/z/zMark.cpp:1492	124ad0c2807fe4ad6801154bd23dd700a88b82d1e05bf975a5aeecb3902ed67a	/root/cj_build/reference/jdk/src/hotspot/share/gc/z/zMark.cpp:75
Reset	runtime/src/Heap/Collector/MarkEngine.cpp:17	runtime/src/Heap/z/zMarkTerminate.inline.hpp:12	655ebf0682e19041a927e3808f1216edc430b93988fe1ff4287059d486db2208	/root/cj_build/reference/jdk/src/hotspot/share/gc/z/zMarkTerminate.inline.hpp:36
Leave	runtime/src/Heap/Collector/MarkEngine.cpp:27	runtime/src/Heap/z/zMarkTerminate.inline.hpp:22	b7867fc93c058ac8aaf9259108f02af274c33b23466105ef4a5fc882557c3e57	/root/cj_build/reference/jdk/src/hotspot/share/gc/z/zMarkTerminate.inline.hpp:36
MaybeReduceStripes	runtime/src/Heap/Collector/MarkEngine.cpp:37	runtime/src/Heap/z/zMarkTerminate.inline.hpp:32	0eade47f0cb486dfb5251301db080ac554a16ee0f09fb9ac7e448e1a31585066	/root/cj_build/reference/jdk/src/hotspot/share/gc/z/zMarkTerminate.inline.hpp:36
TryTerminate	runtime/src/Heap/Collector/MarkEngine.cpp:45	runtime/src/Heap/z/zMarkTerminate.inline.hpp:40	5b72c7ce9f29b5a4c8995832eb7d5e4e47a0c5fabd7f786c722e5173f1b7958d	/root/cj_build/reference/jdk/src/hotspot/share/gc/z/zMarkTerminate.inline.hpp:36
Wake	runtime/src/Heap/Collector/MarkEngine.cpp:68	runtime/src/Heap/z/zMarkTerminate.inline.hpp:63	cd50bb3336a8382d31098573c6adcb57e99ee572af07fc4da32495dae2f89c12	/root/cj_build/reference/jdk/src/hotspot/share/gc/z/zMarkTerminate.inline.hpp:36
Saturated	runtime/src/Heap/Collector/MarkEngine.cpp:81	runtime/src/Heap/z/zMarkTerminate.inline.hpp:76	1692977a24f76a4708f5b8ff48bfb06df85d28fe9c6aeffbdc95c91add334a5a	/root/cj_build/reference/jdk/src/hotspot/share/gc/z/zMarkTerminate.inline.hpp:36
Terminated	runtime/src/Heap/Collector/MarkEngine.cpp:87	runtime/src/Heap/z/zMarkTerminate.inline.hpp:82	c3c5f021dd2b6e4f7cf6953a1c3792454774b1033f08a17b48d38beddb2a2e2a	/root/cj_build/reference/jdk/src/hotspot/share/gc/z/zMarkTerminate.inline.hpp:36
WorkerCount	runtime/src/Heap/Collector/MarkEngine.cpp:93	runtime/src/Heap/z/zMarkTerminate.inline.hpp:88	7b29d7998e523f5c6a695c29950ae1fd301c063b0c703a3e2aa82a3d6e4bd0d1	/root/cj_build/reference/jdk/src/hotspot/share/gc/z/zMarkTerminate.inline.hpp:36
Next	runtime/src/Heap/Collector/MarkEngine.cpp:102	runtime/src/Heap/z/zMark.cpp:1894	410d2379e2c3c62fccddaf159b8a58204f69c426301e80e93963528472eece68	/root/cj_build/reference/jdk/src/hotspot/share/gc/z/zMark.cpp:75
StealLocalRound	runtime/src/Heap/Collector/MarkEngine.cpp:99	runtime/src/Heap/z/zMark.cpp:1891	a86ed5a24997ab5f15c3964f243c573cd2f8885edfd09085616741853464fc83	/root/cj_build/reference/jdk/src/hotspot/share/gc/z/zMark.cpp:75
Next	runtime/src/Heap/Collector/MarkEngine.cpp:117	runtime/src/Heap/z/zMark.cpp:1909	51889fdd8ee0dbad330d90af73b15656fe267025ec4d18943fd2a242e777eab8	/root/cj_build/reference/jdk/src/hotspot/share/gc/z/zMark.cpp:75
StealGlobalRound	runtime/src/Heap/Collector/MarkEngine.cpp:114	runtime/src/Heap/z/zMark.cpp:1906	df27b786f84e322824109d15c6f6e610b8c366e3ab7e6ac87349e87bbb2f91e8	/root/cj_build/reference/jdk/src/hotspot/share/gc/z/zMark.cpp:75
RebalanceWork	runtime/src/Heap/Collector/MarkEngine.cpp:135	runtime/src/Heap/z/zMark.cpp:1927	9aca94498c5ae34646451690c9ab2dafce91a6be6842c13aa8c7d2992441bedc	/root/cj_build/reference/jdk/src/hotspot/share/gc/z/zMark.cpp:75
Drain	runtime/src/Heap/Collector/MarkEngine.cpp:160	runtime/src/Heap/z/zMark.cpp:1952	8c452f02e891e9935e368a3cc2a5e068b21fcaf203894752bf9bf790f06ade7b	/root/cj_build/reference/jdk/src/hotspot/share/gc/z/zMark.cpp:75
<lambda-or-initializer>	runtime/src/Heap/Collector/MarkEngine.cpp:179	runtime/src/Heap/z/zMark.cpp:1971	dfa92679accb98738b128db42fdc3f85b63732c9124765158042178d781278f7	/root/cj_build/reference/jdk/src/hotspot/share/gc/z/zMark.cpp:75
FollowWork	runtime/src/Heap/Collector/MarkEngine.cpp:178	runtime/src/Heap/z/zMark.cpp:1970	e3b9a735e69de15a9852492a49ae776a0c658bdb5434cf9b6a25b2faeac53469	/root/cj_build/reference/jdk/src/hotspot/share/gc/z/zMark.cpp:75
MarkDomain	runtime/src/Heap/Collector/MarkEngine.cpp:208	runtime/src/Heap/z/zMark.cpp:2000	2d8cad9a8f81c3bc49fd212ba30b982df0ba23131ea58339a24fe94f5d764330	/root/cj_build/reference/jdk/src/hotspot/share/gc/z/zMark.cpp:75
EnsureWorkers	runtime/src/Heap/Collector/MarkEngine.cpp:213	runtime/src/Heap/z/zMark.cpp:2005	bab7054239dbf3bf80512ebf2eaec4686c60000b766a8d1b8dabd1d2790ed239	/root/cj_build/reference/jdk/src/hotspot/share/gc/z/zMark.cpp:75
PrepareWork	runtime/src/Heap/Collector/MarkEngine.cpp:220	runtime/src/Heap/z/zMark.cpp:2012	3c5372192319251ed2d1b5e06a227e0b16211eb454b292a993b3ff58f08a9cea	/root/cj_build/reference/jdk/src/hotspot/share/gc/z/zMark.cpp:75
ResizeWorkers	runtime/src/Heap/Collector/MarkEngine.cpp:231	runtime/src/Heap/z/zMark.cpp:2023	ac5610d9f7455bd283dab6889f0e12e013acf70cbba4c8bdc8e430cb6447f890	/root/cj_build/reference/jdk/src/hotspot/share/gc/z/zMark.cpp:75
FinishWork	runtime/src/Heap/Collector/MarkEngine.cpp:241	runtime/src/Heap/z/zMark.cpp:2033	44136fa355b3678a1146ad16f7e8649e94fb4fc21fe77e8310c060f61caaff8a	/root/cj_build/reference/jdk/src/hotspot/share/gc/z/zMark.cpp:75
PollStop	runtime/src/Heap/Collector/MarkEngine.cpp:244	runtime/src/Heap/z/zMark.cpp:2036	d431155b8a794e2c38e102cd52e7de81f7756d23039dd1e37e3e9d730a7a758e	/root/cj_build/reference/jdk/src/hotspot/share/gc/z/zMark.cpp:75
Stacks	runtime/src/Heap/Collector/MarkEngine.cpp:255	runtime/src/Heap/z/zMark.cpp:2047	61ec4d3225ffe78a7dac8a965c5317afc5bb3135992b5759a1b23ecffdd35eec	/root/cj_build/reference/jdk/src/hotspot/share/gc/z/zMark.cpp:75
FlushStacks	runtime/src/Heap/Collector/MarkEngine.cpp:260	runtime/src/Heap/z/zMark.cpp:2052	5024a7cd704fc112ef46792289ecdbd799873f5d02a693d82a4f7923db7b9d55	/root/cj_build/reference/jdk/src/hotspot/share/gc/z/zMark.cpp:75
TryProactiveFlush	runtime/src/Heap/Collector/MarkEngine.cpp:265	runtime/src/Heap/z/zMark.cpp:2057	685b1be964c0033f72c30fdd3f0ccce4399db9106cef0007d1abf2b2d8e1ef98	/root/cj_build/reference/jdk/src/hotspot/share/gc/z/zMark.cpp:75
TryTerminateFlush	runtime/src/Heap/Collector/MarkEngine.cpp:276	runtime/src/Heap/z/zMark.cpp:2068	aad43e015550e1771938585a60d1ddf29d4ffbad09b236ee8a6779d5b261abe8	/root/cj_build/reference/jdk/src/hotspot/share/gc/z/zMark.cpp:75
TryEnd	runtime/src/Heap/Collector/MarkEngine.cpp:282	runtime/src/Heap/z/zMark.cpp:2074	61120e5c702019851da47b0bac9dbaee75c377e69583eed6a917c6a4d70c5aa8	/root/cj_build/reference/jdk/src/hotspot/share/gc/z/zMark.cpp:75
BindWorkers	runtime/src/Heap/Collector/MarkEngine.h:71	runtime/src/Heap/z/zMark.hpp:73	4cb4ff81818e2d7215d04e10b5c83696e4faeb9dddf00eb592f474bda66c540a	/root/cj_build/reference/jdk/src/hotspot/share/gc/z/zMark.hpp:36
BindAbort	runtime/src/Heap/Collector/MarkEngine.h:72	runtime/src/Heap/z/zMark.hpp:74	834701409f35fbbd9f6c1cfec5e9b6c7eeeda585afe1751cf67c0f9d6909cde5	/root/cj_build/reference/jdk/src/hotspot/share/gc/z/zMark.hpp:36
Stripes	runtime/src/Heap/Collector/MarkEngine.h:74	runtime/src/Heap/z/zMark.hpp:76	43e8354dd1d8fc2adcacd146f53b11f6a9cb398c3f6aaf2732929f0636bee26f	/root/cj_build/reference/jdk/src/hotspot/share/gc/z/zMark.hpp:36
Terminate	runtime/src/Heap/Collector/MarkEngine.h:75	runtime/src/Heap/z/zMarkStack.hpp:125	b25b5994a1d650a425816f890902d018e64ef9ce784333102c1e6a5e7e630165	/root/cj_build/reference/jdk/src/hotspot/share/gc/z/zMarkStack.hpp:33
Terminate	runtime/src/Heap/Collector/MarkStripe.h:145	runtime/src/Heap/z/zMark.hpp:77	b25b5994a1d650a425816f890902d018e64ef9ce784333102c1e6a5e7e630165	/root/cj_build/reference/jdk/src/hotspot/share/gc/z/zMark.hpp:36
Smr	runtime/src/Heap/Collector/MarkEngine.h:76	runtime/src/Heap/z/zMark.hpp:78	78c64bfb976b0a23ac4eec105ca5b04e96346f67c32cc08de0eec93a04a17f73	/root/cj_build/reference/jdk/src/hotspot/share/gc/z/zMark.hpp:36
NWorkers	runtime/src/Heap/Collector/MarkEngine.h:78	runtime/src/Heap/z/zMark.hpp:80	635bf2398113e1d19d31d597d3346c885e7c3f6a7048bbbc6c70142ab0559cf5	/root/cj_build/reference/jdk/src/hotspot/share/gc/z/zMark.hpp:36
TargetNStripes	runtime/src/Heap/Collector/MarkEngine.h:79	runtime/src/Heap/z/zMark.hpp:81	80ff59d578c60a2bde2e87854495482c540d59f3626340fca5da41aeeb9af565	/root/cj_build/reference/jdk/src/hotspot/share/gc/z/zMark.hpp:36
Generation	runtime/src/Heap/Collector/MarkEngine.h:84	runtime/src/Heap/z/zMark.hpp:86	768e307d914908b50d181b535afd26453df951155a26b337fbf98a1dcbf78a6e	/root/cj_build/reference/jdk/src/hotspot/share/gc/z/zMark.hpp:36
Encodable	runtime/src/Heap/Collector/MarkPartialArray.cpp:46	runtime/src/Heap/z/zMark.cpp:2136	19190cba6b07b4aa0fd817310a39b0e2ed7f488570b8316d0cc5e0dddf6a6f1c	/root/cj_build/reference/jdk/src/hotspot/share/gc/z/zMark.cpp:75
Encode	runtime/src/Heap/Collector/MarkPartialArray.cpp:65	runtime/src/Heap/z/zMark.cpp:2155	df30f8a7061782ff4bdc0bf588b378499589667514880c37cb41a8717b9bed1e	/root/cj_build/reference/jdk/src/hotspot/share/gc/z/zMark.cpp:75
Decode	runtime/src/Heap/Collector/MarkPartialArray.cpp:72	runtime/src/Heap/z/zMark.cpp:2162	3e6b670b520a0e3436c171a2d0edd1d9ef7612474227990a42cbe8bc95f51123	/root/cj_build/reference/jdk/src/hotspot/share/gc/z/zMark.cpp:75
<lambda-or-initializer>	runtime/src/Heap/Collector/MarkPartialArray.cpp:91	runtime/src/Heap/z/zMark.cpp:2181	3a89e49552e48db8d989bcc82a2e9685fd1c6929db32de9af7430554bad3cc65	/root/cj_build/reference/jdk/src/hotspot/share/gc/z/zMark.cpp:75
<lambda-or-initializer>	runtime/src/Heap/Collector/MarkPartialArray.cpp:101	runtime/src/Heap/z/zMark.cpp:2191	fc0886960ae656ddeee0e6f5e0a73c39086ed3fab4a66ea21155b43da883a72b	/root/cj_build/reference/jdk/src/hotspot/share/gc/z/zMark.cpp:75
<lambda-or-initializer>	runtime/src/Heap/Collector/MarkPartialArray.cpp:98	runtime/src/Heap/z/zMark.cpp:2188	b590fe91df1e4108f7a746ff08856f5999c1bbe315a85c1f1ed7733a977b1588	/root/cj_build/reference/jdk/src/hotspot/share/gc/z/zMark.cpp:75
<lambda-or-initializer>	runtime/src/Heap/Collector/MarkPartialArray.cpp:119	runtime/src/Heap/z/zMark.cpp:2209	2e58a10f5e1dd3e2f3c1c8af2572f3ae47e30a0ad88a5dfc8fcb634493493d22	/root/cj_build/reference/jdk/src/hotspot/share/gc/z/zMark.cpp:75
FollowElements	runtime/src/Heap/Collector/MarkPartialArray.cpp:83	runtime/src/Heap/z/zMark.cpp:2173	24f72526979806aaf07a09b49ed0e9e7a4d1ad671afe62cd425c972882219b59	/root/cj_build/reference/jdk/src/hotspot/share/gc/z/zMark.cpp:75
ForEachRefField	runtime/src/Heap/Collector/MarkPartialArray.cpp:135	runtime/src/Heap/z/zMark.cpp:2225	a25bbbd5b9a458ea0c11286a65ab0b871944d14469b2b7812d53def6d45888fc	/root/cj_build/reference/jdk/src/hotspot/share/gc/z/zMark.cpp:75
FollowObjectReferences	runtime/src/Heap/Collector/MarkPartialArray.cpp:126	runtime/src/Heap/z/zMark.cpp:2216	f7e8b2c30eb87dd03bf7b3c28f9e7540c1338169a775ee92eb39daac47056e8e	/root/cj_build/reference/jdk/src/hotspot/share/gc/z/zMark.cpp:75
FollowPartialReferences	runtime/src/Heap/Collector/MarkPartialArray.cpp:140	runtime/src/Heap/z/zMark.cpp:2230	007883ad91c31ca248e299a7a7c7b184b494aa53d47b98d8003ad1f46b4388cd	/root/cj_build/reference/jdk/src/hotspot/share/gc/z/zMark.cpp:75
MarkStackEntry	runtime/src/Heap/Collector/MarkStackEntry.h:53	runtime/src/Heap/z/zMarkStackEntry.hpp:53	44136fa355b3678a1146ad16f7e8649e94fb4fc21fe77e8310c060f61caaff8a	/root/cj_build/reference/jdk/src/hotspot/share/gc/z/zMarkStackEntry.hpp:74
MarkStackEntry	runtime/src/Heap/Collector/MarkStackEntry.h:60	runtime/src/Heap/z/zMarkStackEntry.hpp:60	44136fa355b3678a1146ad16f7e8649e94fb4fc21fe77e8310c060f61caaff8a	/root/cj_build/reference/jdk/src/hotspot/share/gc/z/zMarkStackEntry.hpp:74
MarkStackEntry	runtime/src/Heap/Collector/MarkStackEntry.h:68	runtime/src/Heap/z/zMarkStackEntry.hpp:68	44136fa355b3678a1146ad16f7e8649e94fb4fc21fe77e8310c060f61caaff8a	/root/cj_build/reference/jdk/src/hotspot/share/gc/z/zMarkStackEntry.hpp:74
MarkStackEntry	runtime/src/Heap/Collector/MarkStackEntry.h:143	runtime/src/Heap/z/zMarkStackEntry.hpp:143	44136fa355b3678a1146ad16f7e8649e94fb4fc21fe77e8310c060f61caaff8a	/root/cj_build/reference/jdk/src/hotspot/share/gc/z/zMarkStackEntry.hpp:74
MarkOnly	runtime/src/Heap/Collector/MarkStackEntry.h:71	runtime/src/Heap/z/zMarkStackEntry.hpp:71	c0bce0acbdc8826d4994488ffdb24bb12343caeb85805a1627d6aba22673eb52	/root/cj_build/reference/jdk/src/hotspot/share/gc/z/zMarkStackEntry.hpp:74
FollowOnly	runtime/src/Heap/Collector/MarkStackEntry.h:76	runtime/src/Heap/z/zMarkStackEntry.hpp:76	125fb2694e777d76a3498df7f8103c22913c9745b5017170ae75ef596cdea168	/root/cj_build/reference/jdk/src/hotspot/share/gc/z/zMarkStackEntry.hpp:74
Claimed	runtime/src/Heap/Collector/MarkStackEntry.h:84	runtime/src/Heap/z/zMarkStackEntry.hpp:84	4e22c6c7ce589669b9f3b246f748e0b3fe94ecb6200e31c531215684e6ea4267	/root/cj_build/reference/jdk/src/hotspot/share/gc/z/zMarkStackEntry.hpp:74
MarkAndFollow	runtime/src/Heap/Collector/MarkStackEntry.h:89	runtime/src/Heap/z/zMarkStackEntry.hpp:89	9212e63c415b41ad56763c348229f8e26b6a180be7ed9b7e8a9809da280b1697	/root/cj_build/reference/jdk/src/hotspot/share/gc/z/zMarkStackEntry.hpp:74
PartialArray	runtime/src/Heap/Collector/MarkStackEntry.h:94	runtime/src/Heap/z/zMarkStackEntry.hpp:94	bf41cec7e940b1e438895f55da391f44371b5cf03810f9e76b38be5ab8f7dcbf	/root/cj_build/reference/jdk/src/hotspot/share/gc/z/zMarkStackEntry.hpp:74
finalizable	runtime/src/Heap/Collector/MarkStackEntry.h:105	runtime/src/Heap/z/zMarkStackEntry.hpp:105	4d9509dc10a1dbb4698f11878490db9cb5addfbde29a2ada95e97e2bc252aa62	/root/cj_build/reference/jdk/src/hotspot/share/gc/z/zMarkStackEntry.hpp:74
partialArray	runtime/src/Heap/Collector/MarkStackEntry.h:106	runtime/src/Heap/z/zMarkStackEntry.hpp:106	ce8ef859b965a5c9578996dad79968ace240eb588845cd9099a072f616ce4de0	/root/cj_build/reference/jdk/src/hotspot/share/gc/z/zMarkStackEntry.hpp:74
follow	runtime/src/Heap/Collector/MarkStackEntry.h:107	runtime/src/Heap/z/zMarkStackEntry.hpp:107	7494af2fc82cbfaa0c171a2f1aa764193254fecc65c66e05d62abd9896308f18	/root/cj_build/reference/jdk/src/hotspot/share/gc/z/zMarkStackEntry.hpp:74
incLive	runtime/src/Heap/Collector/MarkStackEntry.h:108	runtime/src/Heap/z/zMarkStackEntry.hpp:108	6df679f289caff77f253133d183e28ce7fe4df3c1015c667527f176e96762d7e	/root/cj_build/reference/jdk/src/hotspot/share/gc/z/zMarkStackEntry.hpp:74
mark	runtime/src/Heap/Collector/MarkStackEntry.h:109	runtime/src/Heap/z/zMarkStackEntry.hpp:109	f632c8b91ca480dbad6e0491ddafe86c417b4b97836de7d0235795e90c73dcd9	/root/cj_build/reference/jdk/src/hotspot/share/gc/z/zMarkStackEntry.hpp:74
object	runtime/src/Heap/Collector/MarkStackEntry.h:112	runtime/src/Heap/z/zMarkStackEntry.hpp:112	0e63eb9e91ac59fc03f833630e531005dc1e9773659f2a29b29823d4175cb86a	/root/cj_build/reference/jdk/src/hotspot/share/gc/z/zMarkStackEntry.hpp:74
partialArrayOffset	runtime/src/Heap/Collector/MarkStackEntry.h:118	runtime/src/Heap/z/zMarkStackEntry.hpp:118	bb78dd2072bc5fb7c1b20466b7d1aed03efb28cd0cda73723bcfc2537eebcf9e	/root/cj_build/reference/jdk/src/hotspot/share/gc/z/zMarkStackEntry.hpp:74
partialArrayLength	runtime/src/Heap/Collector/MarkStackEntry.h:124	runtime/src/Heap/z/zMarkStackEntry.hpp:124	d5a242f13bce9c399422b18158053684eaab6da6919d9187356cba90e308e958	/root/cj_build/reference/jdk/src/hotspot/share/gc/z/zMarkStackEntry.hpp:74
IsObjectAddressEncodable	runtime/src/Heap/Collector/MarkStackEntry.h:130	runtime/src/Heap/z/zMarkStackEntry.hpp:130	85a936aa0ec4e52aa8acb21632a9b3336f8d2d68459672e3a9882ab0508878bf	/root/cj_build/reference/jdk/src/hotspot/share/gc/z/zMarkStackEntry.hpp:74
CheckedObjectAddress	runtime/src/Heap/Collector/MarkStackEntry.h:136	runtime/src/Heap/z/zMarkStackEntry.hpp:136	481b7a7cea1b8092617a0967b32213bc27bd7986aaeaa4c20d6daa90b62ccfe8	/root/cj_build/reference/jdk/src/hotspot/share/gc/z/zMarkStackEntry.hpp:74
Bit	runtime/src/Heap/Collector/MarkStackEntry.h:145	runtime/src/Heap/z/zMarkStackEntry.hpp:145	15323e838e3d5469d6f8772c63735238ea3ff390baa883fbf0c434b2063f2e9d	/root/cj_build/reference/jdk/src/hotspot/share/gc/z/zMarkStackEntry.hpp:74
<lambda-or-initializer>	runtime/src/Heap/Collector/MarkStripe.cpp:25	runtime/src/Heap/z/zMarkStack.cpp:25	d44f2e183d7510c8cae1a3bc71c7a5a37d1ed0804532e245e463fd68ce7ce5f6	/root/cj_build/reference/jdk/src/hotspot/share/gc/z/zMarkStack.cpp:33
IsPowerOfTwo	runtime/src/Heap/Collector/MarkStripe.cpp:29	runtime/src/Heap/z/zUtils.inline.hpp:13	9e9d371472b1a7525d803d5ce0a89a297542c2f355068770d767eebfbdeca70d	/root/cj_build/reference/jdk/src/hotspot/share/gc/z/zUtils.inline.hpp:37
Log2Exact	runtime/src/Heap/Collector/MarkStripe.cpp:34	runtime/src/Heap/z/zUtils.inline.hpp:18	c3df232a9682035fded4144c7eb84f9698d175fb301a501d879222ffc506353c	/root/cj_build/reference/jdk/src/hotspot/share/gc/z/zUtils.inline.hpp:37
if	runtime/src/Heap/Collector/MarkStripe.cpp:57	runtime/src/Heap/z/zMarkStack.cpp:43	36bc0f71f01f446514ea81200701cdd585ddd84083237cd7152ee809091b8634	/root/cj_build/reference/jdk/src/hotspot/share/gc/z/zMarkStack.cpp:33
Create	runtime/src/Heap/Collector/MarkStripe.cpp:45	runtime/src/Heap/z/zMarkStack.cpp:31	48e7a7ba70cfafd8a97e895658da59748e1a0d507dd1f8ec7ec0c232f2285fe3	/root/cj_build/reference/jdk/src/hotspot/share/gc/z/zMarkStack.cpp:33
if	runtime/src/Heap/Collector/MarkStripe.cpp:71	runtime/src/Heap/z/zMarkStack.cpp:57	16a004b47bb24623b3cc078f6a01b5bfb43bd7ed0db66e2ebf1a93fb8649327f	/root/cj_build/reference/jdk/src/hotspot/share/gc/z/zMarkStack.cpp:33
Destroy	runtime/src/Heap/Collector/MarkStripe.cpp:65	runtime/src/Heap/z/zMarkStack.cpp:51	0032eed6d268d89bcc662886e46649d77e4da34e758121e17607643a10db41f7	/root/cj_build/reference/jdk/src/hotspot/share/gc/z/zMarkStack.cpp:33
MarkStripeStack	runtime/src/Heap/Collector/MarkStripe.cpp:81	runtime/src/Heap/z/zMarkStack.cpp:84	44136fa355b3678a1146ad16f7e8649e94fb4fc21fe77e8310c060f61caaff8a	/root/cj_build/reference/jdk/src/hotspot/share/gc/z/zMarkStack.inline.hpp:33
SetStorageObserver	runtime/src/Heap/Collector/MarkStripe.cpp:85	runtime/src/Heap/z/zMarkStack.cpp:88	3efd07e392c4b2cc2637670040d79f3d2e8640e45dc6422ae288f9f4d5951c7d	/root/cj_build/reference/jdk/src/hotspot/share/gc/z/zMarkStack.inline.hpp:33
Push	runtime/src/Heap/Collector/MarkStripe.cpp:91	runtime/src/Heap/z/zMarkStack.inline.hpp:26	c1c0ba7b076222ca95ac503785ed4bb6e361a7eb8e8128d15db59d229ca3633b	/root/cj_build/reference/jdk/src/hotspot/share/gc/z/zMarkStack.inline.hpp:33
Pop	runtime/src/Heap/Collector/MarkStripe.cpp:97	runtime/src/Heap/z/zMarkStack.inline.hpp:32	130f29509d8dd2abf247468c7623028f3922b2e1a5c560a4db08fe5460f33238	/root/cj_build/reference/jdk/src/hotspot/share/gc/z/zMarkStack.inline.hpp:33
MarkingSMR	runtime/src/Heap/Collector/MarkStripe.cpp:104	runtime/src/Heap/z/zMarkingSMR.cpp:13	f83fb0a14c9018d884edeb4c71384e0b3b5c342566ca7c173b14bfa6d167a35e	/root/cj_build/reference/jdk/src/hotspot/share/gc/z/zMarkingSMR.cpp:29
~MarkingSMR	runtime/src/Heap/Collector/MarkStripe.cpp:110	runtime/src/Heap/z/zMarkingSMR.cpp:19	813864ce7d67569196adf1a529ee3ae8b5f557fd48eb066748159a51c43b7642	/root/cj_build/reference/jdk/src/hotspot/share/gc/z/zMarkingSMR.cpp:29
Hazard	runtime/src/Heap/Collector/MarkStripe.cpp:115	runtime/src/Heap/z/zMarkingSMR.cpp:24	1e7639835f6cbb1ae1c22464e9810d31e7d36b668f97545cc8437fe7b4c9cb1e	/root/cj_build/reference/jdk/src/hotspot/share/gc/z/zMarkingSMR.cpp:29
Retire	runtime/src/Heap/Collector/MarkStripe.cpp:121	runtime/src/Heap/z/zMarkingSMR.cpp:30	d868cac91475d282099f2c6706d75017914eabc0a17eef9ce3953805c1bce9d6	/root/cj_build/reference/jdk/src/hotspot/share/gc/z/zMarkingSMR.cpp:29
<lambda-or-initializer>	runtime/src/Heap/Collector/MarkStripe.cpp:134	runtime/src/Heap/z/zMarkingSMR.cpp:43	df614afc3f55b98f7f3e18c647afc5e22a26c2dbcf0537647ba0a1f66996cb58	/root/cj_build/reference/jdk/src/hotspot/share/gc/z/zMarkingSMR.cpp:29
Reclaim	runtime/src/Heap/Collector/MarkStripe.cpp:131	runtime/src/Heap/z/zMarkingSMR.cpp:40	60bbe796239eacd04eb1b44e2391771ebc745b791e249989b77bf9f8b087a241	/root/cj_build/reference/jdk/src/hotspot/share/gc/z/zMarkingSMR.cpp:29
<lambda-or-initializer>	runtime/src/Heap/Collector/MarkStripe.cpp:161	runtime/src/Heap/z/zMarkingSMR.cpp:70	d9217d476eaec39fa0f2262362ee88c61ac7c1a4a393197b1d1efff1cd45a3d6	/root/cj_build/reference/jdk/src/hotspot/share/gc/z/zMarkingSMR.cpp:29
Free	runtime/src/Heap/Collector/MarkStripe.cpp:155	runtime/src/Heap/z/zMarkingSMR.cpp:64	4eec5655ede94c05d7ca2286a751571c3d9e96f9b6d037b100b19780c4567280	/root/cj_build/reference/jdk/src/hotspot/share/gc/z/zMarkingSMR.cpp:29
PendingCount	runtime/src/Heap/Collector/MarkStripe.cpp:173	runtime/src/Heap/z/zMarkingSMR.cpp:82	9773e2d37db1d01eb65bdab41cc64ae8a8ee725eb751333246a7bc1b5dd391fb	/root/cj_build/reference/jdk/src/hotspot/share/gc/z/zMarkingSMR.cpp:29
Length	runtime/src/Heap/Collector/MarkStripe.cpp:179	runtime/src/Heap/z/zMarkStack.cpp:94	73385664a871b562843e6b97e64e56da359b27afa79bd2e94d94b05ff72fd0ee	/root/cj_build/reference/jdk/src/hotspot/share/gc/z/zMarkStack.inline.hpp:33
<lambda-or-initializer>	runtime/src/Heap/Collector/MarkStripe.cpp:191	runtime/src/Heap/z/zMarkStack.cpp:106	f7539d1b70fa74f87aba7cdc5bd3ded22d9459da292b89eb094038192949e2d2	/root/cj_build/reference/jdk/src/hotspot/share/gc/z/zMarkStack.inline.hpp:33
Push	runtime/src/Heap/Collector/MarkStripe.cpp:185	runtime/src/Heap/z/zMarkStack.cpp:100	6d7d73101b6ef8e7bdac9e22e7819d71c2811ce0ce94d62b15fb9dd89c94f2c2	/root/cj_build/reference/jdk/src/hotspot/share/gc/z/zMarkStack.inline.hpp:33
<lambda-or-initializer>	runtime/src/Heap/Collector/MarkStripe.cpp:205	runtime/src/Heap/z/zMarkStack.cpp:120	7423fcf3a4f6382e00decec3db9590b0b85fae68652cec4610b112be29423a70	/root/cj_build/reference/jdk/src/hotspot/share/gc/z/zMarkStack.inline.hpp:33
Pop	runtime/src/Heap/Collector/MarkStripe.cpp:202	runtime/src/Heap/z/zMarkStack.cpp:117	417463be34363c68dfb750e5c4fec2586e05a2ae22f8d3f1767fbdec537713b8	/root/cj_build/reference/jdk/src/hotspot/share/gc/z/zMarkStack.inline.hpp:33
PublishStack	runtime/src/Heap/Collector/MarkStripe.cpp:235	runtime/src/Heap/z/zMarkStack.inline.hpp:44	a779617cc08f2b5935bd01110b4017fc7fa644f867cf66d1acfbbd3e81c8ed3d	/root/cj_build/reference/jdk/src/hotspot/share/gc/z/zMarkStack.inline.hpp:33
StealStack	runtime/src/Heap/Collector/MarkStripe.cpp:247	runtime/src/Heap/z/zMarkStack.cpp:150	8516dda2c31f1e1f66e31fddeb348ef8a036582e2896882a87007c9888f83de4	/root/cj_build/reference/jdk/src/hotspot/share/gc/z/zMarkStack.inline.hpp:33
<lambda-or-initializer>	runtime/src/Heap/Collector/MarkStripe.cpp:257	runtime/src/Heap/z/zMarkStack.cpp:160	3fc58e087fffac22df0e6d2e5c6e6eb734f5fedc097bdbe122785c7432ce1b62	/root/cj_build/reference/jdk/src/hotspot/share/gc/z/zMarkStack.inline.hpp:33
MarkStripeSet	runtime/src/Heap/Collector/MarkStripe.cpp:254	runtime/src/Heap/z/zMarkStack.cpp:157	7d09365d85f092b188c72e304ae238fd1b153e901468f583c31c3a50a3d63c0d	/root/cj_build/reference/jdk/src/hotspot/share/gc/z/zMarkStack.inline.hpp:33
SetNStripes	runtime/src/Heap/Collector/MarkStripe.cpp:264	runtime/src/Heap/z/zMarkStack.cpp:167	9d9f43da7ad5c51a0e3c45d3120e13cd66313969283fa4a1151fd72c82c5dfd0	/root/cj_build/reference/jdk/src/hotspot/share/gc/z/zMarkStack.inline.hpp:33
TrySetNStripes	runtime/src/Heap/Collector/MarkStripe.cpp:271	runtime/src/Heap/z/zMarkStack.cpp:174	9faa8244415b16cd23354d633f3b8ada366d25d574ef015a23200b16ba312fed	/root/cj_build/reference/jdk/src/hotspot/share/gc/z/zMarkStack.inline.hpp:33
CalculateNStripes	runtime/src/Heap/Collector/MarkStripe.cpp:279	runtime/src/Heap/z/zMarkStack.cpp:182	8c90fd9d89a24fd8775a749bb5146f1b4ce6671b4672ee59fc7216eb39fbbeab	/root/cj_build/reference/jdk/src/hotspot/share/gc/z/zMarkStack.inline.hpp:33
IsCrowded	runtime/src/Heap/Collector/MarkStripe.cpp:290	runtime/src/Heap/z/zMarkStack.cpp:193	ea57bbbb0132fd95fe5d265e2c6181c5df5320a566085e6bdb40e62708b5c7e8	/root/cj_build/reference/jdk/src/hotspot/share/gc/z/zMarkStack.inline.hpp:33
IsEmpty	runtime/src/Heap/Collector/MarkStripe.cpp:303	runtime/src/Heap/z/zMarkStack.cpp:206	60dd4107159c780629e8f83ab285f6b020c5b850e625715f02c20f37623d629e	/root/cj_build/reference/jdk/src/hotspot/share/gc/z/zMarkStack.inline.hpp:33
Population	runtime/src/Heap/Collector/MarkStripe.cpp:313	runtime/src/Heap/z/zMarkStack.cpp:216	1db6251092264d4beb84dfef2848a933c537ab4ff3b4728304ac40b3c85c519b	/root/cj_build/reference/jdk/src/hotspot/share/gc/z/zMarkStack.inline.hpp:33
<lambda-or-initializer>	runtime/src/Heap/Collector/MarkStripe.cpp:323	runtime/src/Heap/z/zMarkStack.cpp:226	8b021d47991f58754067a8666324aadddd09080db9e7d9172ba3d09d42fb86a5	/root/cj_build/reference/jdk/src/hotspot/share/gc/z/zMarkStack.inline.hpp:33
FirstNonEmptyStripe	runtime/src/Heap/Collector/MarkStripe.cpp:322	runtime/src/Heap/z/zMarkStack.cpp:225	fddb8ef8df0309a0db871ce01b991fbdb5f713600fbff2167d7af2fb05a895b4	/root/cj_build/reference/jdk/src/hotspot/share/gc/z/zMarkStack.inline.hpp:33
StripeForAddress	runtime/src/Heap/Collector/MarkStripe.cpp:332	runtime/src/Heap/z/zMarkStack.inline.hpp:74	e002bdc5c6904222e6be9419414f8a8a6d1dffff37eeba14b82fb04e9feebd51	/root/cj_build/reference/jdk/src/hotspot/share/gc/z/zMarkStack.inline.hpp:33
StripeForWorker	runtime/src/Heap/Collector/MarkStripe.cpp:337	runtime/src/Heap/z/zMarkStack.cpp:235	b378658bea22da477417096f3357a8ba47eefe26d9037fa13e040a24f804244b	/root/cj_build/reference/jdk/src/hotspot/share/gc/z/zMarkStack.inline.hpp:33
MarkThreadLocalStacks	runtime/src/Heap/Collector/MarkStripe.cpp:352	runtime/src/Heap/z/zMarkStack.cpp:250	44136fa355b3678a1146ad16f7e8649e94fb4fc21fe77e8310c060f61caaff8a	/root/cj_build/reference/jdk/src/hotspot/share/gc/z/zMarkStack.inline.hpp:33
~MarkThreadLocalStacks	runtime/src/Heap/Collector/MarkStripe.cpp:355	runtime/src/Heap/z/zMarkStack.cpp:253	e6bd923814d64c1c5de4a910e3fdc66e618ba3be8875f206c5e177151165b2d0	/root/cj_build/reference/jdk/src/hotspot/share/gc/z/zMarkStack.inline.hpp:33
IsEmpty	runtime/src/Heap/Collector/MarkStripe.cpp:362	runtime/src/Heap/z/zMarkStack.cpp:260	e50cb9b798e03957308300c72d48ee4fc2150218e072a3f3539d796360b07a4d	/root/cj_build/reference/jdk/src/hotspot/share/gc/z/zMarkStack.inline.hpp:33
Population	runtime/src/Heap/Collector/MarkStripe.cpp:372	runtime/src/Heap/z/zMarkStack.cpp:270	87dc60360abc397c9cb7c05b8a97b70677c742b9bde7f4ee9edfc9fc8f67c018	/root/cj_build/reference/jdk/src/hotspot/share/gc/z/zMarkStack.inline.hpp:33
Push	runtime/src/Heap/Collector/MarkStripe.cpp:387	runtime/src/Heap/z/zMarkStack.inline.hpp:90	fcc13c6ee5eac137c9cc3c1707b77a02aa6ea2eb9eb65708ce907827c4c4fc6e	/root/cj_build/reference/jdk/src/hotspot/share/gc/z/zMarkStack.inline.hpp:33
Pop	runtime/src/Heap/Collector/MarkStripe.cpp:407	runtime/src/Heap/z/zMarkStack.inline.hpp:110	603b701a47897dca9717a81e1f99b0f3d4f4d5250b8f0d2bae05f93d0e4c018e	/root/cj_build/reference/jdk/src/hotspot/share/gc/z/zMarkStack.inline.hpp:33
StealLocal	runtime/src/Heap/Collector/MarkStripe.cpp:425	runtime/src/Heap/z/zMarkStack.inline.hpp:128	1c552d3e8941b5a9be65213b0ec1fb428360d8d8111fd8276392b8052f9b4117	/root/cj_build/reference/jdk/src/hotspot/share/gc/z/zMarkStack.inline.hpp:33
Install	runtime/src/Heap/Collector/MarkStripe.cpp:433	runtime/src/Heap/z/zMarkStack.inline.hpp:136	674cc9672ff1f521bfbccc922578a0503ad7b55af0d8a9e0841919c96a08b2ee	/root/cj_build/reference/jdk/src/hotspot/share/gc/z/zMarkStack.inline.hpp:33
<lambda-or-initializer>	runtime/src/Heap/Collector/MarkStripe.cpp:442	runtime/src/Heap/z/zMarkStack.cpp:286	7642efbb2dce4f59bd0bca9f35efce1ef898dcc9b768f1c06959371e7c0f6430	/root/cj_build/reference/jdk/src/hotspot/share/gc/z/zMarkStack.inline.hpp:33
Flush	runtime/src/Heap/Collector/MarkStripe.cpp:440	runtime/src/Heap/z/zMarkStack.cpp:284	d267f011c5004bbd90c2cabad8aeddcfd51cddb53dc6ed0266a00f0d31bad6e9	/root/cj_build/reference/jdk/src/hotspot/share/gc/z/zMarkStack.inline.hpp:33
SetMarkClosureObserverForTest	runtime/src/Heap/Collector/MarkStripe.cpp:459	runtime/src/Heap/z/zMarkStack.cpp:70	96a348f94341c8b09fa6ecf8ae283f3a35b52f43a63cc0798e691640d889c375	/root/cj_build/reference/jdk/src/hotspot/share/gc/z/zMarkStack.cpp:33
ObserveMarkClosureForTest	runtime/src/Heap/Collector/MarkStripe.cpp:463	runtime/src/Heap/z/zMarkStack.cpp:74	3c0de5f68daeb0fc1812abfc9800805afb4a1ba64548c975108803439690b36f	/root/cj_build/reference/jdk/src/hotspot/share/gc/z/zMarkStack.cpp:33
MarkLiveCache	runtime/src/Heap/Collector/MarkStripe.cpp:471	runtime/src/Heap/z/zMarkCache.cpp:11	44136fa355b3678a1146ad16f7e8649e94fb4fc21fe77e8310c060f61caaff8a	/root/cj_build/reference/jdk/src/hotspot/share/gc/z/zMarkCache.cpp:28
~MarkLiveCache	runtime/src/Heap/Collector/MarkStripe.cpp:474	runtime/src/Heap/z/zMarkCache.cpp:14	8cdd5659c2f97633c9c972634550e10727dabe5ab495ce7172658ccd2a561faf	/root/cj_build/reference/jdk/src/hotspot/share/gc/z/zMarkCache.cpp:28
IncLive	runtime/src/Heap/Collector/MarkStripe.cpp:479	runtime/src/Heap/z/zMarkCache.inline.hpp:12	0e47e05cff0c2d7e6b34700b0c1ff8cee55340b1462b79b1d1ad9717a8718ac6	/root/cj_build/reference/jdk/src/hotspot/share/gc/z/zMarkCache.inline.hpp:31
Evict	runtime/src/Heap/Collector/MarkStripe.cpp:492	runtime/src/Heap/z/zMarkCache.inline.hpp:25	c8f110fa9909ae4ccf8d79d9c00a4cbf911f25357fec1984ee1bd10390f5017e	/root/cj_build/reference/jdk/src/hotspot/share/gc/z/zMarkCache.inline.hpp:31
Flush	runtime/src/Heap/Collector/MarkStripe.cpp:502	runtime/src/Heap/z/zMarkCache.inline.hpp:35	47751869264cbdd9c400b32df04bdffa96f7087887785aec53278704fa7951db	/root/cj_build/reference/jdk/src/hotspot/share/gc/z/zMarkCache.inline.hpp:31
MarkContext	runtime/src/Heap/Collector/MarkStripe.cpp:511	runtime/src/Heap/z/zMarkContext.inline.hpp:12	44136fa355b3678a1146ad16f7e8649e94fb4fc21fe77e8310c060f61caaff8a	/root/cj_build/reference/jdk/src/hotspot/share/gc/z/zMarkContext.inline.hpp:29
IsEmpty	runtime/src/Heap/Collector/MarkStripe.h:33	runtime/src/Heap/z/zMarkStack.inline.hpp:11	6a2e12a114cd822dfe94ca59d22990d97b1954c606e3d212e28ef905dfb35137	/root/cj_build/reference/jdk/src/hotspot/share/gc/z/zMarkStack.hpp:33
IsFull	runtime/src/Heap/Collector/MarkStripe.h:34	runtime/src/Heap/z/zMarkStack.inline.hpp:12	e915285bbc3128eebb201a5eb392f50ba2322a21af6a052c05d6b79152d2e465	/root/cj_build/reference/jdk/src/hotspot/share/gc/z/zMarkStack.hpp:33
Size	runtime/src/Heap/Collector/MarkStripe.h:35	runtime/src/Heap/z/zMarkStack.inline.hpp:13	6f0c30794cb2a0de109a53075d4221ec8eb746af88ec9e8902ddc3f8838ec15a	/root/cj_build/reference/jdk/src/hotspot/share/gc/z/zMarkStack.hpp:33
Capacity	runtime/src/Heap/Collector/MarkStripe.h:36	runtime/src/Heap/z/zMarkStack.inline.hpp:14	e7931381406a71a3b3c8e6bc3082793bcfd07c0fdd547ebc0ba9a647825663cc	/root/cj_build/reference/jdk/src/hotspot/share/gc/z/zMarkStack.hpp:33
MarkStripeStackListNode	runtime/src/Heap/Collector/MarkStripe.h:57	runtime/src/Heap/z/zMarkStack.cpp:298	44136fa355b3678a1146ad16f7e8649e94fb4fc21fe77e8310c060f61caaff8a	/root/cj_build/reference/jdk/src/hotspot/share/gc/z/zMarkStack.hpp:33
Stack	runtime/src/Heap/Collector/MarkStripe.h:59	runtime/src/Heap/z/zMarkStack.cpp:300	2719aa78801e78ecb43df702b80d49ca5c1a5079d167eb4ba6d8ff074150e0a4	/root/cj_build/reference/jdk/src/hotspot/share/gc/z/zMarkStack.hpp:33
SetNext	runtime/src/Heap/Collector/MarkStripe.h:61	runtime/src/Heap/z/zMarkStack.cpp:304	e4d77b75a1fda45ecf6e7761bd445df042f8ad7391acad886705fd6a31e48871	/root/cj_build/reference/jdk/src/hotspot/share/gc/z/zMarkStack.hpp:33
WorkerCount	runtime/src/Heap/Collector/MarkStripe.h:78	runtime/src/Heap/z/zMarkingSMR.hpp:23	2157f9889cc6bddcbed7a42a7acb8214402eb443905c4326773ded2e43e0beb5	/root/cj_build/reference/jdk/src/hotspot/share/gc/z/zMarkingSMR.hpp:32
IsEmpty	runtime/src/Heap/Collector/MarkStripe.h:105	runtime/src/Heap/z/zMarkStack.cpp:306	c8eeafafed84e52e9b79a54313f6bdca1bc4db8c495d6502a786cf9576032a15	/root/cj_build/reference/jdk/src/hotspot/share/gc/z/zMarkStack.hpp:33
IsEmpty	runtime/src/Heap/Collector/MarkStripe.h:119	runtime/src/Heap/z/zMarkStack.inline.hpp:15	34091e499c92790656a90254ce1135c58cfd20acfe61d18436220f3b0d0dad11	/root/cj_build/reference/jdk/src/hotspot/share/gc/z/zMarkStack.hpp:33
Population	runtime/src/Heap/Collector/MarkStripe.h:120	runtime/src/Heap/z/zMarkStack.cpp:308	a34b3b1c9a03a38961e76a50a11560dbafa38643d1f439695a4cfc1345b94fb7	/root/cj_build/reference/jdk/src/hotspot/share/gc/z/zMarkStack.hpp:33
Count	runtime/src/Heap/Collector/MarkStripe.h:137	runtime/src/Heap/z/zMarkStack.hpp:117	4e149b6d87e93bbf18667d7344afff0c7addd30ae637730d985a338f7d29b035	/root/cj_build/reference/jdk/src/hotspot/share/gc/z/zMarkStack.hpp:33
NStripes	runtime/src/Heap/Collector/MarkStripe.h:138	runtime/src/Heap/z/zMarkStack.cpp:310	3bbc0ce11be7f1a543414c0591516da231cb4e5e9ecfc5828145d77f639064c3	/root/cj_build/reference/jdk/src/hotspot/share/gc/z/zMarkStack.hpp:33
NStripesMask	runtime/src/Heap/Collector/MarkStripe.h:139	runtime/src/Heap/z/zMarkStack.hpp:119	1df6aca58311afaed39ad0c33a68b8174b6928255d2842e19582656bcb091776	/root/cj_build/reference/jdk/src/hotspot/share/gc/z/zMarkStack.hpp:33
SetTerminate	runtime/src/Heap/Collector/MarkStripe.h:144	runtime/src/Heap/z/zMarkStack.hpp:124	e5c7957648e05c06947327437b0a27caca9cd8640c342d8ec45f375dfdfc9af1	/root/cj_build/reference/jdk/src/hotspot/share/gc/z/zMarkStack.hpp:33
Next	runtime/src/Heap/Collector/MarkStripe.h:151	runtime/src/Heap/z/zMarkStack.inline.hpp:16	36b6e1c84bab3c00b4be4b593d44969bdb1ae00db6ea5c141c010df2f323a2a8	/root/cj_build/reference/jdk/src/hotspot/share/gc/z/zMarkStack.hpp:33
Next	runtime/src/Heap/Collector/MarkStripe.h:152	runtime/src/Heap/z/zMarkStack.inline.hpp:17	42bfe076c2d34817bc80c58e17cfa39107d9b67d0b20442ed02529958c88c70c	/root/cj_build/reference/jdk/src/hotspot/share/gc/z/zMarkStack.hpp:33
At	runtime/src/Heap/Collector/MarkStripe.h:153	runtime/src/Heap/z/zMarkStack.inline.hpp:18	4b71ac2dedbf34710bbe4373f5dfc2793938700be3f8418a26029b0757a201c2	/root/cj_build/reference/jdk/src/hotspot/share/gc/z/zMarkStack.hpp:33
At	runtime/src/Heap/Collector/MarkStripe.h:154	runtime/src/Heap/z/zMarkStack.inline.hpp:19	4b71ac2dedbf34710bbe4373f5dfc2793938700be3f8418a26029b0757a201c2	/root/cj_build/reference/jdk/src/hotspot/share/gc/z/zMarkStack.hpp:33
StripeId	runtime/src/Heap/Collector/MarkStripe.h:219	runtime/src/Heap/z/zMarkContext.inline.hpp:18	d78192ae5f6ea47cfea4590dfe02abb6d5b390df67cb1582886a02e65beceafa	/root/cj_build/reference/jdk/src/hotspot/share/gc/z/zMarkContext.hpp:30
NStripes	runtime/src/Heap/Collector/MarkStripe.h:220	runtime/src/Heap/z/zMarkContext.inline.hpp:22	5e954e64ab6f5cb96a9db287af5a9f774e0875f6d3eb9b4bd6071e049799e562	/root/cj_build/reference/jdk/src/hotspot/share/gc/z/zMarkContext.hpp:30
SetNStripes	runtime/src/Heap/Collector/MarkStripe.h:221	runtime/src/Heap/z/zMarkContext.inline.hpp:26	c0430849ad019e11440d19d0c14ddace8b0a334d373231d7d4f286a1c4c4ed78	/root/cj_build/reference/jdk/src/hotspot/share/gc/z/zMarkContext.hpp:30
SetStripeId	runtime/src/Heap/Collector/MarkStripe.h:223	runtime/src/Heap/z/zMarkContext.inline.hpp:31	55b87e5a5811e3a648e79e0735de59b52efff173fe33abdf01a2a3e9c838f2e3	/root/cj_build/reference/jdk/src/hotspot/share/gc/z/zMarkContext.hpp:30
Stacks	runtime/src/Heap/Collector/MarkStripe.h:227	runtime/src/Heap/z/zMarkContext.inline.hpp:38	b605bea2c8bc45a93fb3f738fde92bded0ad82d0b8385c0db3227b82e9a15aa0	/root/cj_build/reference/jdk/src/hotspot/share/gc/z/zMarkContext.hpp:30
Cache	runtime/src/Heap/Collector/MarkStripe.h:228	runtime/src/Heap/z/zMarkContext.inline.hpp:42	ae8ac9cb67c99db5ffb1284730ac52090b7cb74ddd9bfe0badfe5ecb24d58d32	/root/cj_build/reference/jdk/src/hotspot/share/gc/z/zMarkContext.hpp:30
Instance	runtime/src/Heap/Collector/MarkingStacks.cpp:17	runtime/src/Heap/z/zMark.cpp:2099	71e7839fc6757594bc3a01542b5072088f22deec180575cb71596baad3d758df	/root/cj_build/reference/jdk/src/hotspot/share/gc/z/zMark.cpp:75
VerifyAllEmpty	runtime/src/Heap/Collector/MarkingStacks.cpp:14	runtime/src/Heap/z/zMark.cpp:2096	00d22dd2359568e0b284e5e221657d0f7cd2c24a032860c34ccb118c1dbc63f2	/root/cj_build/reference/jdk/src/hotspot/share/gc/z/zMark.cpp:75
VerifyEmpty	runtime/src/Heap/Collector/MarkingStacks.cpp:27	runtime/src/Heap/z/zMark.cpp:2109	3f1bbad571787ee6ec73059e55435d72bf929e6b7efcffdd1622d6c7be5b067f	/root/cj_build/reference/jdk/src/hotspot/share/gc/z/zMark.cpp:75
<lambda-or-initializer>	runtime/src/Heap/Collector/ReferenceProcessor.cpp:25	runtime/src/Heap/z/zReferenceProcessor.cpp:25	3338462827c0aadaf05c4c63d4039ed82ca6acdf835502476af9a27876250563	/root/cj_build/reference/jdk/src/hotspot/share/gc/z/zReferenceProcessor.cpp:42
ReferenceProcessor	runtime/src/Heap/Collector/ReferenceProcessor.cpp:24	runtime/src/Heap/z/zReferenceProcessor.cpp:24	8101a93ab49d91a07ffc21839ff3bb6e9030291ac086548f0ad7c08ef7301971	/root/cj_build/reference/jdk/src/hotspot/share/gc/z/zReferenceProcessor.cpp:42
~ReferenceProcessor	runtime/src/Heap/Collector/ReferenceProcessor.cpp:33	runtime/src/Heap/z/zReferenceProcessor.cpp:33	d55d81e919848df0ad331177415d608e8279c976d35a31fc0491ca88f5924f55	/root/cj_build/reference/jdk/src/hotspot/share/gc/z/zReferenceProcessor.cpp:42
Push	runtime/src/Heap/Collector/ReferenceProcessor.cpp:39	runtime/src/Heap/z/zReferenceProcessor.cpp:39	5f492caf982bb88a52fd362ff0631176853ee83fb64ffc88ba4b78031f25a41b	/root/cj_build/reference/jdk/src/hotspot/share/gc/z/zReferenceProcessor.cpp:42
DeleteList	runtime/src/Heap/Collector/ReferenceProcessor.cpp:47	runtime/src/Heap/z/zReferenceProcessor.cpp:47	1ff6d97cb5b72391b51910102c083f68eaed38c9c2f8a2d3065e948315219976	/root/cj_build/reference/jdk/src/hotspot/share/gc/z/zReferenceProcessor.cpp:42
new	runtime/src/Heap/Collector/ReferenceProcessor.cpp:65	runtime/src/Heap/z/zReferenceProcessor.cpp:65	d9d982227a3f59e3322825bf123cb05dd442b47d23f939e6040a939d82414dcc	/root/cj_build/reference/jdk/src/hotspot/share/gc/z/zReferenceProcessor.cpp:42
DiscoverReference	runtime/src/Heap/Collector/ReferenceProcessor.cpp:56	runtime/src/Heap/z/zReferenceProcessor.cpp:56	6d1cf6b9752814ea41a1876e8ce6d18f27291d263945aedeab3771399be869cf	/root/cj_build/reference/jdk/src/hotspot/share/gc/z/zReferenceProcessor.cpp:42
ProcessReferencesImpl	runtime/src/Heap/Collector/ReferenceProcessor.cpp:74	runtime/src/Heap/z/zReferenceProcessor.cpp:74	5a856693426d438e9b29f7b4d86b1deaa68bb104dcd3ed631e655d707ddb52cc	/root/cj_build/reference/jdk/src/hotspot/share/gc/z/zReferenceProcessor.cpp:42
IsFinalizable	runtime/src/Heap/Collector/ReferenceProcessor.cpp:110	runtime/src/Heap/z/zReferenceProcessor.cpp:110	7a21b105094052625342c5f3a40c891dc11ab5cd3996775eefe70d38c2c468d1	/root/cj_build/reference/jdk/src/hotspot/share/gc/z/zReferenceProcessor.cpp:42
if	runtime/src/Heap/Collector/ReferenceProcessor.cpp:144	runtime/src/Heap/z/zReferenceProcessor.cpp:144	ab20817b53e08d18dde332e62f1cdc606520d5e22e0fdbdb5b25a615a2c2cd4c	/root/cj_build/reference/jdk/src/hotspot/share/gc/z/zReferenceProcessor.cpp:42
if	runtime/src/Heap/Collector/ReferenceProcessor.cpp:149	runtime/src/Heap/z/zReferenceProcessor.cpp:149	cd83ce8ebd7163c38762ea99959104196048fedf6795e0e1b159435c8eb32609	/root/cj_build/reference/jdk/src/hotspot/share/gc/z/zReferenceProcessor.cpp:42
CleanWeakReferenceWithResult	runtime/src/Heap/Collector/ReferenceProcessor.cpp:122	runtime/src/Heap/z/zReferenceProcessor.cpp:122	b0e3e8ba4cbbab48a977f7602fc91435195e49b43115a1c1e337895ec5754c18	/root/cj_build/reference/jdk/src/hotspot/share/gc/z/zReferenceProcessor.cpp:42
CleanWeakReference	runtime/src/Heap/Collector/ReferenceProcessor.cpp:161	runtime/src/Heap/z/zReferenceProcessor.cpp:161	85afe992e479266d7275617b12c097e20f33b86d9a8198c7a4638748e2f09e3d	/root/cj_build/reference/jdk/src/hotspot/share/gc/z/zReferenceProcessor.cpp:42
EnqueueReferences	runtime/src/Heap/Collector/ReferenceProcessor.cpp:166	runtime/src/Heap/z/zReferenceProcessor.cpp:166	2f103ff897b0c897aef08b868634caa5524bb336ee85990c68f1bba041a1d34a	/root/cj_build/reference/jdk/src/hotspot/share/gc/z/zReferenceProcessor.cpp:42
ProcessReferences	runtime/src/Heap/Collector/ReferenceProcessor.cpp:186	runtime/src/Heap/z/zReferenceProcessor.cpp:186	c877ebddb78abc84bfb47692d0fba2aa091501960028e83337ec8142577d896b	/root/cj_build/reference/jdk/src/hotspot/share/gc/z/zReferenceProcessor.cpp:42
ProcessReferences	runtime/src/Heap/Collector/ReferenceProcessor.cpp:193	runtime/src/Heap/z/zReferenceProcessor.cpp:193	1f9bde0115e370072abbebce11d1b1306726f434208133c1d9d9926ce9d47e1c	/root/cj_build/reference/jdk/src/hotspot/share/gc/z/zReferenceProcessor.cpp:42
SetBeforeWeakCleanCasForTest	runtime/src/Heap/Collector/ReferenceProcessor.cpp:198	runtime/src/Heap/z/zReferenceProcessor.cpp:198	da46f421323e9116075f155d4715994c51d00afaefe8ac8ebb223670dd929346	/root/cj_build/reference/jdk/src/hotspot/share/gc/z/zReferenceProcessor.cpp:42
Encountered	runtime/src/Heap/Collector/ReferenceProcessor.cpp:204	runtime/src/Heap/z/zReferenceProcessor.cpp:204	75f9609c3e9527e5f947b4e6717d7ab69925e14dd5cb8c3f057d5166ef51a658	/root/cj_build/reference/jdk/src/hotspot/share/gc/z/zReferenceProcessor.cpp:42
Discovered	runtime/src/Heap/Collector/ReferenceProcessor.cpp:210	runtime/src/Heap/z/zReferenceProcessor.cpp:210	923bd4ec3b8e4991410e39ab740a475660b96d996b0e8e2f183b43504028c60d	/root/cj_build/reference/jdk/src/hotspot/share/gc/z/zReferenceProcessor.cpp:42
Enqueued	runtime/src/Heap/Collector/ReferenceProcessor.cpp:216	runtime/src/Heap/z/zReferenceProcessor.cpp:216	fe006b341591fb0e3add84188dbcaa3c7b827698280365973b18a1c651af2b37	/root/cj_build/reference/jdk/src/hotspot/share/gc/z/zReferenceProcessor.cpp:42
Empty	runtime/src/Heap/Collector/ReferenceProcessor.cpp:222	runtime/src/Heap/z/zReferenceProcessor.cpp:222	896da7100da1465bdcc6efe54dbf49e56fb116744b619fbe213bdf0305bc08f0	/root/cj_build/reference/jdk/src/hotspot/share/gc/z/zReferenceProcessor.cpp:42
IsSupported	runtime/src/Heap/Collector/ReferenceProcessor.h:48	runtime/src/Heap/z/zReferenceProcessor.hpp:48	eef23e598bf10f36acb7669af6ddae48d6328c3771ad0b0ba9e98a59e588a1c3	/root/cj_build/reference/jdk/src/hotspot/share/gc/z/zReferenceProcessor.hpp:31
TypeIndex	runtime/src/Heap/Collector/ReferenceProcessor.h:74	runtime/src/Heap/z/zReferenceProcessor.hpp:74	81ddcb2cfedc48745bb9d93c2b828826435f1640013e99d96be35f8cdbd88917	/root/cj_build/reference/jdk/src/hotspot/share/gc/z/zReferenceProcessor.hpp:31
SetWaitEnterHook	runtime/src/Heap/Collector/RelocationRequestQueue.cpp:20	runtime/src/Heap/z/zRelocate.cpp:3324	debd91dab53cdfb74ce45d43b5c17cdb170f60898f111c37531245a648e81b22	/root/cj_build/reference/jdk/src/hotspot/share/gc/z/zRelocate.cpp:54
BeginWorkers	runtime/src/Heap/Collector/RelocationRequestQueue.cpp:26	runtime/src/Heap/z/zRelocate.cpp:3330	16a5367ecbd7171571f65eaa5b7a5a74e991e0cc9333a2b826626d2ad6173b81	/root/cj_build/reference/jdk/src/hotspot/share/gc/z/zRelocate.cpp:54
Add	runtime/src/Heap/Collector/RelocationRequestQueue.cpp:38	runtime/src/Heap/z/zRelocate.cpp:3342	a5e2de83c8250aa4f65e67dbb6bbdeddbe4da533da74dc98b398fbd94aa8ea27	/root/cj_build/reference/jdk/src/hotspot/share/gc/z/zRelocate.cpp:54
Add	runtime/src/Heap/Collector/RelocationRequestQueue.cpp:45	runtime/src/Heap/z/zRelocate.cpp:3349	0914490f1aa077d46c3fe0831ba59b65a0969058e606529965d9c561cb105363	/root/cj_build/reference/jdk/src/hotspot/share/gc/z/zRelocate.cpp:54
Wait	runtime/src/Heap/Collector/RelocationRequestQueue.cpp:64	runtime/src/Heap/z/zRelocate.cpp:3368	ef0a4b01e6880b47143d0083cc17a5c8f89e4b3b95b62fa4831e348337f4312d	/root/cj_build/reference/jdk/src/hotspot/share/gc/z/zRelocate.cpp:54
if	runtime/src/Heap/Collector/RelocationRequestQueue.cpp:85	runtime/src/Heap/z/zRelocate.cpp:3389	35a49c395538b56bc93080ee1bbb39481dbfe805c219e18b61a6b01321d34d45	/root/cj_build/reference/jdk/src/hotspot/share/gc/z/zRelocate.cpp:54
WaitUntil	runtime/src/Heap/Collector/RelocationRequestQueue.cpp:69	runtime/src/Heap/z/zRelocate.cpp:3373	98cbb2026f7298a68540fc95f09031837858e52cdcd627153fdfcb971438fb60	/root/cj_build/reference/jdk/src/hotspot/share/gc/z/zRelocate.cpp:54
Complete	runtime/src/Heap/Collector/RelocationRequestQueue.cpp:104	runtime/src/Heap/z/zRelocate.cpp:3408	d4eaac7731399b3c5e3f2f55643665b991f9175c31d2f38292457b89e8acbfdc	/root/cj_build/reference/jdk/src/hotspot/share/gc/z/zRelocate.cpp:54
<lambda-or-initializer>	runtime/src/Heap/Collector/RelocationRequestQueue.cpp:114	runtime/src/Heap/z/zRelocate.cpp:3418	acdb2cba424ed288d62ffb9baab9bc1d70f51579cb04b61b26e7959e076d8bb4	/root/cj_build/reference/jdk/src/hotspot/share/gc/z/zRelocate.cpp:54
PruneDoneLocked	runtime/src/Heap/Collector/RelocationRequestQueue.cpp:113	runtime/src/Heap/z/zRelocate.cpp:3417	568f3d8594fca183709d1d513f458a90a65ab4d79c5337c82d954abc5b3961fb	/root/cj_build/reference/jdk/src/hotspot/share/gc/z/zRelocate.cpp:54
PruneAndClaimLocked	runtime/src/Heap/Collector/RelocationRequestQueue.cpp:126	runtime/src/Heap/z/zRelocate.cpp:3430	b37051f7fdb11b909972605fd98f452366594b3ca62ad078ba1ea7316bce7144	/root/cj_build/reference/jdk/src/hotspot/share/gc/z/zRelocate.cpp:54
PruneAndClaim	runtime/src/Heap/Collector/RelocationRequestQueue.cpp:135	runtime/src/Heap/z/zRelocate.cpp:3439	94d708b25b2a90cb23303da988e567537bf89deda0e47362faf136656ff3d10c	/root/cj_build/reference/jdk/src/hotspot/share/gc/z/zRelocate.cpp:54
<lambda-or-initializer>	runtime/src/Heap/Collector/RelocationRequestQueue.cpp:158	runtime/src/Heap/z/zRelocate.cpp:3462	d8ff63cfa62e2f3de61a60b678e7a82037a20a4dec782b0a963eb891dc0de321	/root/cj_build/reference/jdk/src/hotspot/share/gc/z/zRelocate.cpp:54
SynchronizePoll	runtime/src/Heap/Collector/RelocationRequestQueue.cpp:141	runtime/src/Heap/z/zRelocate.cpp:3445	5e752cea81101331d535a395ff57e2031bab01b8b578e0b651253cd6f444bf23	/root/cj_build/reference/jdk/src/hotspot/share/gc/z/zRelocate.cpp:54
IsActive	runtime/src/Heap/Collector/RelocationRequestQueue.cpp:170	runtime/src/Heap/z/zRelocate.cpp:3474	352bcc9feb7e4bd96e27cef6953e7d4b76b1d8068f1d727b2c98c36486a3eb1e	/root/cj_build/reference/jdk/src/hotspot/share/gc/z/zRelocate.cpp:54
PendingCount	runtime/src/Heap/Collector/RelocationRequestQueue.cpp:176	runtime/src/Heap/z/zRelocate.cpp:3480	20abadc57205605b7021d73f5bc13db23ee83fd809b2432e589b12021a8f3964	/root/cj_build/reference/jdk/src/hotspot/share/gc/z/zRelocate.cpp:54
SynchronizedWorkerCount	runtime/src/Heap/Collector/RelocationRequestQueue.cpp:182	runtime/src/Heap/z/zRelocate.cpp:3486	4944b3a1b775a215e8800e2a518dba40e33d7ae7e6c9a0c202c393d4d1551682	/root/cj_build/reference/jdk/src/hotspot/share/gc/z/zRelocate.cpp:54
from	runtime/src/Heap/Collector/RelocationRequestQueue.h:34	runtime/src/Heap/z/zRelocate.hpp:34	80b84540335a48d227b1a7950b45433cebf94338c7b5797b0091aaa6719e573b	/root/cj_build/reference/jdk/src/hotspot/share/gc/z/zRelocate.hpp:33
owner	runtime/src/Heap/Collector/RelocationRequestQueue.h:35	runtime/src/Heap/z/zRelocate.hpp:35	96ea5da9234fdff39042c17996823c4fe1d2f942cf0177f16bbe4927db95120b	/root/cj_build/reference/jdk/src/hotspot/share/gc/z/zRelocate.hpp:33
page_forwarding	runtime/src/Heap/Collector/RelocationRequestQueue.h:36	runtime/src/Heap/z/zRelocate.hpp:36	cfaf9f9041d160c90ddb62d567a30353ce1f47b488680cdeef2a1ec55f4dea01	/root/cj_build/reference/jdk/src/hotspot/share/gc/z/zRelocate.hpp:33
state	runtime/src/Heap/Collector/RelocationRequestQueue.h:38	runtime/src/Heap/z/zRelocate.hpp:38	c2d23c818d96f06ebb85c4dda9b6df4f1c212e347eae8e7184c7f07f896dcb2a	/root/cj_build/reference/jdk/src/hotspot/share/gc/z/zRelocate.hpp:33
Request	runtime/src/Heap/Collector/RelocationRequestQueue.h:44	runtime/src/Heap/z/zRelocate.hpp:44	44136fa355b3678a1146ad16f7e8649e94fb4fc21fe77e8310c060f61caaff8a	/root/cj_build/reference/jdk/src/hotspot/share/gc/z/zRelocate.hpp:33
is_request	runtime/src/Heap/Collector/RelocationRequestQueue.h:61	runtime/src/Heap/z/zRelocate.hpp:61	de41796cccbb1cc696f1718600d586c9355dfdbec1fb7685ffa690c50810a80f	/root/cj_build/reference/jdk/src/hotspot/share/gc/z/zRelocate.hpp:33
bool	runtime/src/Heap/Collector/RelocationRequestQueue.h:62	runtime/src/Heap/z/zRelocate.hpp:62	73182155d9449ccd7c5d860e38145883d422d8a8a045afd0599619e4aa5c8743	/root/cj_build/reference/jdk/src/hotspot/share/gc/z/zRelocate.hpp:33
SelectBeforeOrdinary	runtime/src/Heap/Collector/RelocationRequestQueue.h:88	runtime/src/Heap/z/zRelocate.hpp:88	626e124bc7316daef76e0fd56c9f5c70c439783c233525093724cdf30611cc50	/root/cj_build/reference/jdk/src/hotspot/share/gc/z/zRelocate.hpp:33
CompletionCount	runtime/src/Heap/Collector/RelocationRequestQueue.h:104	runtime/src/Heap/z/zRelocate.hpp:104	7ba5e4e1bd31c2301203eeecced18e757f8643f860f085a1acfe3b70c0bd34dc	/root/cj_build/reference/jdk/src/hotspot/share/gc/z/zRelocate.hpp:33
ResetRemsetFilterTestReceipt	runtime/src/Heap/Collector/Remembered.cpp:75	runtime/src/Heap/Collector/Remembered.cpp:75	06f812c46720dfd7542d801f9b6404f40a4d95462a412cb4cb47a1450979a690	ZGC 无独立对应定义；原地保留，归 #228 / A06 / 对应机制包
ReadRemsetFilterTestReceipt	runtime/src/Heap/Collector/Remembered.cpp:90	runtime/src/Heap/Collector/Remembered.cpp:90	cf6d8b27cf77f7f51248f32c86d2851d2e325e22ef056d112737756740bf6588	ZGC 无独立对应定义；原地保留，归 #228 / A06 / 对应机制包
NoteRemsetFilterTestReceipt	runtime/src/Heap/Collector/Remembered.cpp:105	runtime/src/Heap/Collector/Remembered.cpp:105	bc4c8cb76c6149b3680cafd8d8134396b25b6e028315864af56e9d49a6c4eb6d	ZGC 无独立对应定义；原地保留，归 #228 / A06 / 对应机制包
RegionIsAllocatingPage	runtime/src/Heap/Collector/Remembered.cpp:146	runtime/src/Heap/z/zRemembered.cpp:67	9fa4b2bb5c32bac1b3bed683da044d42e88a715d51d09bf772e791d560a0b611	/root/cj_build/reference/jdk/src/hotspot/share/gc/z/zRemembered.cpp:41
HolderObjectIsLive	runtime/src/Heap/Collector/Remembered.cpp:160	runtime/src/Heap/z/zRemembered.cpp:81	bc150fe1d0eff0bc9a8983b8aae4088805b221803d782e0f2b8b2d95584614ad	/root/cj_build/reference/jdk/src/hotspot/share/gc/z/zRemembered.cpp:41
SlotHeldByLiveObject	runtime/src/Heap/Collector/Remembered.cpp:178	runtime/src/Heap/z/zRemembered.cpp:99	53290987c7ac1acf2e95bb9f42f487ee1d5ca484b929899d9e84bf79e7352d8d	/root/cj_build/reference/jdk/src/hotspot/share/gc/z/zRemembered.cpp:41
VisitPreviousInRange	runtime/src/Heap/Collector/Remembered.cpp:213	runtime/src/Heap/z/zRemembered.cpp:134	14a05ad5c2197027e442dbcb912620d6ccce63d3a35590e2bd14806dc5bf9ea7	/root/cj_build/reference/jdk/src/hotspot/share/gc/z/zRemembered.cpp:41
relocated_remembered_fields_apply_to_published	runtime/src/Heap/Collector/Remembered.cpp:246	runtime/src/Heap/z/zRemembered.cpp:167	8032c7e5508dc35b9d43236d2922bba2e00ed6bf5d80b2bb46ffb916c75cad72	/root/cj_build/reference/jdk/src/hotspot/share/gc/z/zRemembered.cpp:41
VisitAll	runtime/src/Heap/Collector/Remembered.cpp:205	runtime/src/Heap/z/zRemembered.cpp:126	03d0557430c3cd89ffdb765e58f844998a0f5299dba0bca4b1105924a26682a2	/root/cj_build/reference/jdk/src/hotspot/share/gc/z/zRemembered.cpp:41
ScanRelocatedRememberedFields	runtime/src/Heap/Collector/Remembered.cpp:199	runtime/src/Heap/z/zRemembered.cpp:120	6ea552f19ac4114b74252a6d09385127a3b483b787ba6d8f57a4373cd204421f	/root/cj_build/reference/jdk/src/hotspot/share/gc/z/zRemembered.cpp:41
RescanRememberedSet	runtime/src/Heap/Collector/Remembered.cpp:259	runtime/src/Heap/z/zRemembered.cpp:180	775eabeab1937eaa215b37395c863f55f2100961bab84611ecbd9da7af17dc45	/root/cj_build/reference/jdk/src/hotspot/share/gc/z/zRemembered.cpp:41
ComputeTenuringThreshold	runtime/src/Heap/Collector/TenuringThreshold.h:33	runtime/src/Heap/z/zRelocationSetSelector.hpp:34	e6a599969cafa2d3ef758f72019f6b24d0b15dfc889643f2264b4675d0217454	/root/cj_build/reference/jdk/src/hotspot/share/gc/z/zRelocationSetSelector.hpp:33
ComputeToAge	runtime/src/Heap/Collector/TenuringThreshold.h:81	runtime/src/Heap/z/zRelocationSetSelector.hpp:82	6a22dc3ea9a522f466624f661446a4779909a7df4e0a117ed4545337f00ad9b2	/root/cj_build/reference/jdk/src/hotspot/share/gc/z/zRelocationSetSelector.hpp:33
ShouldPromoteAge	runtime/src/Heap/Collector/TenuringThreshold.h:92	runtime/src/Heap/z/zRelocationSetSelector.hpp:93	a5b1347fffb6803c8fcaea45b6c60cae3d93d79cbca544fdaa697c0870b1ca22	/root/cj_build/reference/jdk/src/hotspot/share/gc/z/zRelocationSetSelector.hpp:33
StackMapInvalidReasonName	runtime/src/Heap/Collector/TracingCollector.cpp:137	runtime/src/Heap/Collector/TracingCollector.cpp:216	bf1a94d3544942558cbafb42f16f61f899c5fd4586a6aed0111cb1871cc3a32b	ZGC 无独立对应定义；原地保留，归 #228 / A06 / 对应机制包
ResetSkippedStackMapCounts	runtime/src/Heap/Collector/TracingCollector.cpp:152	runtime/src/Heap/Collector/TracingCollector.cpp:231	4fa036b0fcb206dad359d3149ad906b4cd1aed6a1a08cede1036cd56e9dd5cd8	ZGC 无独立对应定义；原地保留，归 #228 / A06 / 对应机制包
RecordRootMapMiss	runtime/src/Heap/Collector/TracingCollector.cpp:160	runtime/src/Heap/Collector/TracingCollector.cpp:239	4740eaa9365449970048c11675d03ea87ba4f0f470834ff93e6155eef484e48a	ZGC 无独立对应定义；原地保留，归 #228 / A06 / 对应机制包
RecordSkippedStackMap	runtime/src/Heap/Collector/TracingCollector.cpp:175	runtime/src/Heap/Collector/TracingCollector.cpp:256	7ad6d0bf71255979ab1399b07b37ce45cc71589b324f1ceea86c67a4e1c7552e	ZGC 无独立对应定义；原地保留，归 #228 / A06 / 对应机制包
ReportSkippedStackMapCounts	runtime/src/Heap/Collector/TracingCollector.cpp:208	runtime/src/Heap/Collector/TracingCollector.cpp:289	7d368226ae1b2278b81e19c5d79ef3e3d7a0e9f7baef3cb4c63fecc956463ddc	ZGC 无独立对应定义；原地保留，归 #228 / A06 / 对应机制包
CurrentThreadRootMapMissCount	runtime/src/Heap/Collector/TracingCollector.cpp:222	runtime/src/Heap/Collector/TracingCollector.cpp:301	44f63ae334dab73ca4e01ea4b323864761c295252fca62838c6f7fb1a3226c24	ZGC 无独立对应定义；原地保留，归 #228 / A06 / 对应机制包
RegisterRoots	runtime/src/Heap/Collector/TracingCollector.cpp:229	runtime/src/Heap/z/zRootsIterator.cpp:38	06fb3c3986acbd0a0b01f2fd6fd9aa21f924ad082efa7174f41af93d19b087b1	/root/cj_build/reference/jdk/src/hotspot/share/gc/z/zRootsIterator.cpp:37
UnregisterRoots	runtime/src/Heap/Collector/TracingCollector.cpp:243	runtime/src/Heap/z/zRootsIterator.cpp:52	631d5180abdaef2eeab5ebd2434c138cc71e9da2472f99d1bfd01fc0c114e216	/root/cj_build/reference/jdk/src/hotspot/share/gc/z/zRootsIterator.cpp:37
RootCountForTesting	runtime/src/Heap/Collector/TracingCollector.cpp:263	runtime/src/Heap/z/zRootsIterator.cpp:72	ca2f68db58aa89a67478f3231b97950380181c3ed9d7bd0e6d5e5dfc4a17abee	/root/cj_build/reference/jdk/src/hotspot/share/gc/z/zRootsIterator.cpp:37
<lambda-or-initializer>	runtime/src/Heap/Collector/TracingCollector.cpp:277	runtime/src/Heap/z/zRootsIterator.cpp:86	034b6df1efada24f7a0953b2d19d2fbf2539d15a2f9851adc52dc50fd5b78c86	/root/cj_build/reference/jdk/src/hotspot/share/gc/z/zRootsIterator.cpp:37
<lambda-or-initializer>	runtime/src/Heap/Collector/TracingCollector.cpp:274	runtime/src/Heap/z/zRootsIterator.cpp:83	15200211a7e99f201aee8905616c86a9afae69903157dfb834b8e20831491b5c	/root/cj_build/reference/jdk/src/hotspot/share/gc/z/zRootsIterator.cpp:37
VisitRoots	runtime/src/Heap/Collector/TracingCollector.cpp:270	runtime/src/Heap/z/zRootsIterator.cpp:79	735e3c7dcd0b790246d6316090eeb42fcf98b23261502e520e215021f9bdd8da	/root/cj_build/reference/jdk/src/hotspot/share/gc/z/zRootsIterator.cpp:37
VisitGCRoots	runtime/src/Heap/Collector/TracingCollector.cpp:289	runtime/src/Heap/z/zRootsIterator.cpp:98	2e766fce945fa6f8397bd18a31679edc6c86918ec06451153f80a001de3e286b	/root/cj_build/reference/jdk/src/hotspot/share/gc/z/zRootsIterator.cpp:37
StripeFor	runtime/src/Heap/Collector/TracingCollector.cpp:309	runtime/src/Heap/z/zMark.cpp:1545	3e1aa46b5c2220c059b33db45cbf9ea735ccdd3614472cf9c46838f1b1e96f85	/root/cj_build/reference/jdk/src/hotspot/share/gc/z/zMark.cpp:75
ConcurrentMarkingWork	runtime/src/Heap/Collector/TracingCollector.cpp:323	runtime/src/Heap/z/zMark.cpp:1559	44136fa355b3678a1146ad16f7e8649e94fb4fc21fe77e8310c060f61caaff8a	/root/cj_build/reference/jdk/src/hotspot/share/gc/z/zMark.cpp:75
ResizeWorkers	runtime/src/Heap/Collector/TracingCollector.cpp:326	runtime/src/Heap/z/zMark.cpp:1562	182a474f63f680ef483b17d3eab1274019d773236a7be7f52e85bcc47839ef4b	/root/cj_build/reference/jdk/src/hotspot/share/gc/z/zMark.cpp:75
FollowWork	runtime/src/Heap/Collector/TracingCollector.cpp:338	runtime/src/Heap/z/zMark.cpp:1574	38628295c6be433ba77055a5d1932e42819c90d1ef287c772dfc0294c5d44cd1	/root/cj_build/reference/jdk/src/hotspot/share/gc/z/zMark.cpp:75
Work	runtime/src/Heap/Collector/TracingCollector.cpp:332	runtime/src/Heap/z/zMark.cpp:1568	40ef965e33b8b7ade8ca8976e24bc3dcca23bf32bf5a633be646eb6a5624960d	/root/cj_build/reference/jdk/src/hotspot/share/gc/z/zMark.cpp:75
PublishStaging	runtime/src/Heap/Collector/TracingCollector.cpp:350	runtime/src/Heap/z/zMark.cpp:1586	f9d9636b87bb922462e76dc5b061c99841f800ec323adc145e0dfe52da47b0c3	/root/cj_build/reference/jdk/src/hotspot/share/gc/z/zMark.cpp:75
ProcessEntry	runtime/src/Heap/Collector/TracingCollector.cpp:362	runtime/src/Heap/z/zMark.cpp:1598	2f908a2028d3733b695bf8bc5357dd4583339a995525ed0090c21f6a29304c19	/root/cj_build/reference/jdk/src/hotspot/share/gc/z/zMark.cpp:75
<lambda-or-initializer>	runtime/src/Heap/Collector/TracingCollector.cpp:418	runtime/src/Heap/z/zRootsIterator.cpp:144	0b692f902c55fe45ea5db9bdfd9632ac1732eeeeb84b22e299000821fdbbee3c	/root/cj_build/reference/jdk/src/hotspot/share/gc/z/zRootsIterator.cpp:37
<lambda-or-initializer>	runtime/src/Heap/Collector/TracingCollector.cpp:425	runtime/src/Heap/z/zRootsIterator.cpp:151	c3d0245bb17b201ffcc1f91671f941a21a4ad2a49fed1866fd0ce6af80da512d	/root/cj_build/reference/jdk/src/hotspot/share/gc/z/zRootsIterator.cpp:37
VisitStackRoots	runtime/src/Heap/Collector/TracingCollector.cpp:410	runtime/src/Heap/z/zRootsIterator.cpp:136	b9740201ae2edf834c09934bacd2d5f5f06bceee335ce005b3392ecc4706b628	/root/cj_build/reference/jdk/src/hotspot/share/gc/z/zRootsIterator.cpp:37
DiscoverWeakReference	runtime/src/Heap/Collector/TracingCollector.cpp:467	runtime/src/Heap/z/zReferenceProcessor.cpp:259	128bf31ff3d4b86b45bb2dba6c055a90314e5903b7f9495a082bb76594981a34	/root/cj_build/reference/jdk/src/hotspot/share/gc/z/zReferenceProcessor.cpp:42
VisitHeapReferencesOnStack	runtime/src/Heap/Collector/TracingCollector.cpp:487	runtime/src/Heap/z/zRootsIterator.cpp:225	28cd13c17718e9f4915cd96028bd0461863b5c82edcc2d313fc5278c179c6188	/root/cj_build/reference/jdk/src/hotspot/share/gc/z/zRootsIterator.cpp:37
<lambda-or-initializer>	runtime/src/Heap/Collector/TracingCollector.cpp:505	runtime/src/Heap/z/zRootsIterator.cpp:243	6e23f8df28af1d23dfc6f28b03d4e6eb6427f4cf161653cd53f54a2da8a80269	/root/cj_build/reference/jdk/src/hotspot/share/gc/z/zRootsIterator.cpp:37
<lambda-or-initializer>	runtime/src/Heap/Collector/TracingCollector.cpp:512	runtime/src/Heap/z/zRootsIterator.cpp:250	4ec823564b7d64e768e173b41308675fbb3119d4ba20baa28223a9cbcd95d03d	/root/cj_build/reference/jdk/src/hotspot/share/gc/z/zRootsIterator.cpp:37
<lambda-or-initializer>	runtime/src/Heap/Collector/TracingCollector.cpp:519	runtime/src/Heap/z/zRootsIterator.cpp:257	3023a3cbac2bdfbe0133268c2d9e36b94465c21e7338ce3c089cf26f2fa1c25e	/root/cj_build/reference/jdk/src/hotspot/share/gc/z/zRootsIterator.cpp:37
VisitHeapReferencesOnStack	runtime/src/Heap/Collector/TracingCollector.cpp:495	runtime/src/Heap/z/zRootsIterator.cpp:233	271bf2ebff324368656b45e40ba5722505c171e2eebbca492aba75b9130c71f0	/root/cj_build/reference/jdk/src/hotspot/share/gc/z/zRootsIterator.cpp:37
RecordStubCalleeSaved	runtime/src/Heap/Collector/TracingCollector.cpp:548	runtime/src/Heap/z/zRootsIterator.cpp:286	c4078664e3f0a911e7e6da42eb823e72d777273ef2741bf90bec9b3b159ba1b7	/root/cj_build/reference/jdk/src/hotspot/share/gc/z/zRootsIterator.cpp:37
RecordC2NStubCalleeSaved	runtime/src/Heap/Collector/TracingCollector.cpp:554	runtime/src/Heap/z/zRootsIterator.cpp:292	10334f04e7cb8e6d605282505f744899172839143eabd9ccd4814acf53beef5e	/root/cj_build/reference/jdk/src/hotspot/share/gc/z/zRootsIterator.cpp:37
RecordExclusiveStubCalleeSaved	runtime/src/Heap/Collector/TracingCollector.cpp:559	runtime/src/Heap/z/zRootsIterator.cpp:297	5d5e59860b8a83928c815c97bbbac3b7e2cde57c3aacc369d3ad36610cccef32	/root/cj_build/reference/jdk/src/hotspot/share/gc/z/zRootsIterator.cpp:37
RecordStubAllRegister	runtime/src/Heap/Collector/TracingCollector.cpp:565	runtime/src/Heap/z/zRootsIterator.cpp:303	052d523ac7ac908d7a9facce3795b3e0a8ca05286b8ee32e69a2bc51cbe2786a	/root/cj_build/reference/jdk/src/hotspot/share/gc/z/zRootsIterator.cpp:37
MergeMutatorRoots	runtime/src/Heap/Collector/TracingCollector.cpp:574	runtime/src/Heap/z/zRootsIterator.cpp:312	6e4f27d9ab2c4f257fbae84501e80f7d679628f890241f81584aa5d65c12e5dd	/root/cj_build/reference/jdk/src/hotspot/share/gc/z/zRootsIterator.cpp:37
VisitExportColoredRoots	runtime/src/Heap/Collector/TracingCollector.cpp:581	runtime/src/Heap/z/zRootsIterator.cpp:319	72431e4da6386070cb2171dfc8861f46876df4590ee2b72c63f281b9ac21bd2f	/root/cj_build/reference/jdk/src/hotspot/share/gc/z/zRootsIterator.cpp:37
EnumAllExportRoots	runtime/src/Heap/Collector/TracingCollector.cpp:580	runtime/src/Heap/z/zRootsIterator.cpp:318	5266e5e2fb0c4d50febb67f2e21d23ea001b2d0db8eea6d595ada66adf5775ab	/root/cj_build/reference/jdk/src/hotspot/share/gc/z/zRootsIterator.cpp:37
DoEnumeration	runtime/src/Heap/Collector/TracingCollector.cpp:587	runtime/src/Heap/z/zRootsIterator.cpp:325	74ecc1c6a53db7df55b9f55639384a945cc18734be40693518ceb5f03e5b5343	/root/cj_build/reference/jdk/src/hotspot/share/gc/z/zRootsIterator.cpp:37
StartOldMarkWork	runtime/src/Heap/Collector/TracingCollector.cpp:594	runtime/src/Heap/z/zMark.cpp:1675	f1643ec3614329344d0f0e008d47d6d6ef96db16b07c6c55af541a931d63d760	/root/cj_build/reference/jdk/src/hotspot/share/gc/z/zMark.cpp:75
MarkOldObjectIfActive	runtime/src/Heap/Collector/TracingCollector.cpp:607	runtime/src/Heap/z/zMark.cpp:1688	9e320629bc5cc7f848a7c70309fc04218808f44b0681e0aa9b3f6c89cd9995f2	/root/cj_build/reference/jdk/src/hotspot/share/gc/z/zMark.cpp:75
RunMajorStripeMark	runtime/src/Heap/Collector/TracingCollector.cpp:630	runtime/src/Heap/z/zMark.cpp:1711	3dd21d73de4ccaea1eb717167c9229f398c36428bcb6a21ca932801ae6a725f3	/root/cj_build/reference/jdk/src/hotspot/share/gc/z/zMark.cpp:75
TracingImpl	runtime/src/Heap/Collector/TracingCollector.cpp:666	runtime/src/Heap/z/zMark.cpp:1747	4367685f331ef693389e14eba8a0e11c7966aba72449fe286e2505926f311959	/root/cj_build/reference/jdk/src/hotspot/share/gc/z/zMark.cpp:75
ProcessExportRoots	runtime/src/Heap/Collector/TracingCollector.cpp:680	runtime/src/Heap/z/zMark.cpp:1761	bfe9247466949f5ba2ce03cb66f7d70dd0962772cd2fea2e34c238255b723374	/root/cj_build/reference/jdk/src/hotspot/share/gc/z/zMark.cpp:75
FindUselessExternObjects	runtime/src/Heap/Collector/TracingCollector.cpp:702	runtime/src/Heap/z/zMark.cpp:1783	50d0acabbd4e7e29a7900aa789539e8259de3436d7ad35469fc9aea5333446d7	/root/cj_build/reference/jdk/src/hotspot/share/gc/z/zMark.cpp:75
DoTracing	runtime/src/Heap/Collector/TracingCollector.cpp:707	runtime/src/Heap/z/zMark.cpp:1788	5bad5b65a34200aa0a7c78274c47106fd0f7aa1a09f6c8ea0bd2d102b5594c28	/root/cj_build/reference/jdk/src/hotspot/share/gc/z/zMark.cpp:75
Instance	runtime/src/Heap/Collector/TracingCollector.cpp:751	runtime/src/Heap/z/zGeneration.cpp:664	bca40b90494a6498d45ea66118e0b93d91814968298cd7455b1d16b35da8a863	/root/cj_build/reference/jdk/src/hotspot/share/gc/z/zGeneration.cpp:69
ProcessOldNonStrongReferences	runtime/src/Heap/Collector/TracingCollector.cpp:735	runtime/src/Heap/z/zGeneration.cpp:648	3577b8ae81f71943326ef2e6e6ea80dfe6b4898cab35c7a223db5db8b5583eb1	/root/cj_build/reference/jdk/src/hotspot/share/gc/z/zGeneration.cpp:69
<lambda-or-initializer>	runtime/src/Heap/Collector/TracingCollector.cpp:775	runtime/src/Heap/z/zGeneration.cpp:688	932e5fcc862e312be62c0892167b18f1f9e1498a0252adb41ac82a11bfa01793	/root/cj_build/reference/jdk/src/hotspot/share/gc/z/zGeneration.cpp:69
FinishOldMark	runtime/src/Heap/Collector/TracingCollector.cpp:771	runtime/src/Heap/z/zGeneration.cpp:684	ea70fad57d67b3021fdaaea3e8ab02520de0ea97362cbc5479c7890bef2b5937	/root/cj_build/reference/jdk/src/hotspot/share/gc/z/zGeneration.cpp:69
ConcurrentReMark	runtime/src/Heap/Collector/TracingCollector.cpp:818	runtime/src/Heap/z/zGeneration.cpp:731	7ae55db2d714a2dee816af0f9344982f00c5d8059171ba73bb27d9863bd0c3c9	/root/cj_build/reference/jdk/src/hotspot/share/gc/z/zGeneration.cpp:69
FlushMarkProducers	runtime/src/Heap/Collector/TracingCollector.cpp:823	runtime/src/Heap/z/zGeneration.cpp:736	c99bf2cd284afe6bffc280f621d1a1da035d85faa3a538c660a93d878286b89d	/root/cj_build/reference/jdk/src/hotspot/share/gc/z/zGeneration.cpp:69
<lambda-or-initializer>	runtime/src/Heap/Collector/TracingCollector.cpp:835	runtime/src/Heap/z/zGeneration.cpp:748	a6a73f3de28e564a07166510a78179eaea2ee3bb516881c3707e9e4b6fbc0c9a	/root/cj_build/reference/jdk/src/hotspot/share/gc/z/zGeneration.cpp:69
DoResurrection	runtime/src/Heap/Collector/TracingCollector.cpp:833	runtime/src/Heap/z/zGeneration.cpp:746	6af42a9927e4228637fdfdf34b56cf909bb3f6371d3a5f6fc38130a2293d1b94	/root/cj_build/reference/jdk/src/hotspot/share/gc/z/zGeneration.cpp:69
MarkEntryObject	runtime/src/Heap/Collector/TracingCollector.cpp:854	runtime/src/Heap/z/zMark.cpp:1847	1b7f2d0244317fea542b4b5d158291ba5e9ee4a57d15e5a20960085c16cdde06	/root/cj_build/reference/jdk/src/hotspot/share/gc/z/zMark.cpp:75
Fini	runtime/src/Heap/Collector/TracingCollector.cpp:881	runtime/src/Heap/z/zGeneration.cpp:797	c1a72a07ebeef0af9331e99eb2f1ec16f8271d1c8769930fe44161204e98b64e	/root/cj_build/reference/jdk/src/hotspot/share/gc/z/zGeneration.cpp:69
ResolveCurrentValueRoot	runtime/src/Heap/Collector/TracingCollector.cpp:885	runtime/src/Heap/z/zGeneration.cpp:801	b60b4ee0ee9acb2d9ae47b1a2bf432e858d2a2a2c455c3ff582db89fe47f8604	/root/cj_build/reference/jdk/src/hotspot/share/gc/z/zGeneration.cpp:69
CurrentizeValueRootSet	runtime/src/Heap/Collector/TracingCollector.cpp:903	runtime/src/Heap/z/zGeneration.cpp:819	cfec72e8bc3fd80ea010da778246a1d5a480dd85c33fdcb6bd1d213782544712	/root/cj_build/reference/jdk/src/hotspot/share/gc/z/zGeneration.cpp:69
CurrentizeValueRootMap	runtime/src/Heap/Collector/TracingCollector.cpp:914	runtime/src/Heap/z/zGeneration.cpp:830	03111f925fcff394a29eaa0d42c48a0b778fe80825281638c7004831dbcd265d	/root/cj_build/reference/jdk/src/hotspot/share/gc/z/zGeneration.cpp:69
EnumAllSurrectedExportRoots	runtime/src/Heap/Collector/TracingCollector.cpp:932	runtime/src/Heap/z/zGeneration.cpp:848	6bf89c6d92d67ad070f756def4896b38329a5f41e66a37fa0d26a6bc897e72c7	/root/cj_build/reference/jdk/src/hotspot/share/gc/z/zGeneration.cpp:69
if	runtime/src/Heap/Collector/TracingCollector.cpp:1053	runtime/src/Heap/z/zRootsIterator.cpp:468	fcfd2aae4b113911094772b367276ae00d6823016e31c116f321f809f8de0aa9	/root/cj_build/reference/jdk/src/hotspot/share/gc/z/zRootsIterator.cpp:37
PreGarbageCollection	runtime/src/Heap/Collector/TracingCollector.cpp:1032	runtime/src/Heap/z/zRootsIterator.cpp:447	3bba7f240d887808709b0e0f575d9b7e878e8b9062eedb94fdbd1123479ceab5	/root/cj_build/reference/jdk/src/hotspot/share/gc/z/zRootsIterator.cpp:37
PostGarbageCollection	runtime/src/Heap/Collector/TracingCollector.cpp:1064	runtime/src/Heap/z/zRootsIterator.cpp:479	3f1b58cd225437c6c899fe025b0a300d7ae06b9a854cea891e4add89a43c465c	/root/cj_build/reference/jdk/src/hotspot/share/gc/z/zRootsIterator.cpp:37
VisitExportColoredRoots	runtime/src/Heap/Collector/TracingCollector.cpp:1088	runtime/src/Heap/z/zRootsIterator.cpp:362	28eb360377f1c3409fa55a78017b864cae563a309c6dc08c00d1be8707993f85	/root/cj_build/reference/jdk/src/hotspot/share/gc/z/zRootsIterator.cpp:37
VisitStrongColoredRoots	runtime/src/Heap/Collector/TracingCollector.cpp:1094	runtime/src/Heap/z/zRootsIterator.cpp:368	7712db9b8dd4ccb2c79544f2cbe103661c610898f70298911f965702e130faa6	/root/cj_build/reference/jdk/src/hotspot/share/gc/z/zRootsIterator.cpp:37
VisitWeakColoredRoots	runtime/src/Heap/Collector/TracingCollector.cpp:1100	runtime/src/Heap/z/zRootsIterator.cpp:374	0d6b5e011dc5b6ee670d866b6b6a371e8d4194d903b5acaee927622ceaaac5c1	/root/cj_build/reference/jdk/src/hotspot/share/gc/z/zRootsIterator.cpp:37
VisitAllColoredRoots	runtime/src/Heap/Collector/TracingCollector.cpp:1106	runtime/src/Heap/z/zRootsIterator.cpp:380	ddf7c0c8f0cc8dc275f0a321f0f510da76691e215b12bc94d8498455bfe72925	/root/cj_build/reference/jdk/src/hotspot/share/gc/z/zRootsIterator.cpp:37
VisitStrongPlainRoots	runtime/src/Heap/Collector/TracingCollector.cpp:1113	runtime/src/Heap/z/zRootsIterator.cpp:387	96b6e400ec3814b5233772cf3aec6ca11bb07b8c7777e834d8a2a206b6267fd3	/root/cj_build/reference/jdk/src/hotspot/share/gc/z/zRootsIterator.cpp:37
RootsTask	runtime/src/Heap/Collector/TracingCollector.cpp:1129	runtime/src/Heap/z/zRootsIterator.cpp:403	44136fa355b3678a1146ad16f7e8649e94fb4fc21fe77e8310c060f61caaff8a	/root/cj_build/reference/jdk/src/hotspot/share/gc/z/zRootsIterator.cpp:37
RootsTask	runtime/src/Heap/Collector/zRelocate.cpp:553	runtime/src/Heap/z/zRelocate.cpp:474	44136fa355b3678a1146ad16f7e8649e94fb4fc21fe77e8310c060f61caaff8a	/root/cj_build/reference/jdk/src/hotspot/share/gc/z/zRelocate.cpp:54
Work	runtime/src/Heap/Collector/TracingCollector.cpp:1130	runtime/src/Heap/z/zRootsIterator.cpp:404	65cf0c2f5621900bdf569c7f4840a2897cb23183ded079dc7c04dcd867a28123	/root/cj_build/reference/jdk/src/hotspot/share/gc/z/zRootsIterator.cpp:37
VisitStrongColoredRoots	runtime/src/Heap/Collector/TracingCollector.cpp:1135	runtime/src/Heap/z/zRootsIterator.cpp:409	71c607e59b50b1eaad83ab2069b959afd189d0a17b9e37f72de1820f88865d72	/root/cj_build/reference/jdk/src/hotspot/share/gc/z/zRootsIterator.cpp:37
VisitStrongPlainRoots	runtime/src/Heap/Collector/TracingCollector.cpp:1136	runtime/src/Heap/z/zRootsIterator.cpp:410	5655efac23adf66d0168c4dfeab164e599316bc930bb2d443973cea9b29adcd3	/root/cj_build/reference/jdk/src/hotspot/share/gc/z/zRootsIterator.cpp:37
void	runtime/src/Heap/Collector/TracingCollector.cpp:1134	runtime/src/Heap/z/zRootsIterator.cpp:408	5be3a93b9132bd96a75e172aaa332dff1de8dff9d8d2bfec2c3d7743831db8be	/root/cj_build/reference/jdk/src/hotspot/share/gc/z/zRootsIterator.cpp:37
fetch_add	runtime/src/Heap/Collector/TracingCollector.cpp:1141	runtime/src/Heap/z/zRootsIterator.cpp:415	eb127c7191d4b514181ce2ea8597ca34cafd64f8a891a97ada750c3c64c86e98	/root/cj_build/reference/jdk/src/hotspot/share/gc/z/zRootsIterator.cpp:37
task	runtime/src/Heap/Collector/TracingCollector.cpp:1133	runtime/src/Heap/z/zRootsIterator.cpp:407	7718698fdbf807c7c47d2dd16f1f0fd9125ff556b598ddeb2251b994263c8413	/root/cj_build/reference/jdk/src/hotspot/share/gc/z/zRootsIterator.cpp:37
if	runtime/src/Heap/Collector/TracingCollector.cpp:1151	runtime/src/Heap/z/zRootsIterator.cpp:425	44397ae275b43e87ae82b8c10d7d737d283a1051f11d916620c91f366e8470c0	/root/cj_build/reference/jdk/src/hotspot/share/gc/z/zRootsIterator.cpp:37
EnumAllCommonRoots	runtime/src/Heap/Collector/TracingCollector.cpp:1122	runtime/src/Heap/z/zRootsIterator.cpp:396	b2cac8f77b35d9cc211119cdafc21ffd607f24c2494596b867a8f024104eb375	/root/cj_build/reference/jdk/src/hotspot/share/gc/z/zRootsIterator.cpp:37
VisitStaticRoots	runtime/src/Heap/Collector/TracingCollector.cpp:1159	runtime/src/Heap/z/zRootsIterator.cpp:433	2f5d81ed3ee78f7279f1e3dde096550361b8f6a1e41f9030bb3cc22e9bcdc1c3	/root/cj_build/reference/jdk/src/hotspot/share/gc/z/zRootsIterator.cpp:37
VisitFinalizerRoots	runtime/src/Heap/Collector/TracingCollector.cpp:1164	runtime/src/Heap/z/zRootsIterator.cpp:438	04590df728a72ce3fe91b39ba4e42f71afbd1da653bdee7ac0449da8e28567db	/root/cj_build/reference/jdk/src/hotspot/share/gc/z/zRootsIterator.cpp:37
UpdateGCStats	runtime/src/Heap/Collector/TracingCollector.cpp:1169	runtime/src/Heap/z/zStat.cpp:597	408d2846331dfba74329fb9bd952875a46dc269747e5e95db0c91bd0e5d94e8a	/root/cj_build/reference/jdk/src/hotspot/share/gc/z/zStat.cpp:61
PrefetchQueue	runtime/src/Heap/Collector/TracingCollector.h:79	runtime/src/Heap/z/zMark.hpp:185	d1de736d4f17a5a86cd7c06b11b98be2b2e9f5324c69b6bc9f223e66e9a30cbd	/root/cj_build/reference/jdk/src/hotspot/share/gc/z/zMark.hpp:36
distance	runtime/src/Heap/Collector/TracingCollector.h:79	runtime/src/Heap/z/zMark.hpp:185	44136fa355b3678a1146ad16f7e8649e94fb4fc21fe77e8310c060f61caaff8a	/root/cj_build/reference/jdk/src/hotspot/share/gc/z/zMark.hpp:36
~PrefetchQueue	runtime/src/Heap/Collector/TracingCollector.h:80	runtime/src/Heap/z/zMark.hpp:186	44136fa355b3678a1146ad16f7e8649e94fb4fc21fe77e8310c060f61caaff8a	/root/cj_build/reference/jdk/src/hotspot/share/gc/z/zMark.hpp:36
Add	runtime/src/Heap/Collector/TracingCollector.h:82	runtime/src/Heap/z/zMark.hpp:188	87207259da0a19703b7d49f3452efa99147f264b1835c27be141f4f8e05a615f	/root/cj_build/reference/jdk/src/hotspot/share/gc/z/zMark.hpp:36
Remove	runtime/src/Heap/Collector/TracingCollector.h:91	runtime/src/Heap/z/zMark.hpp:197	2ac7c6dcab8a96ef7db5750d83f15ba89c602a81549673e7ecddd93ab781a8fb	/root/cj_build/reference/jdk/src/hotspot/share/gc/z/zMark.hpp:36
Length	runtime/src/Heap/Collector/TracingCollector.h:99	runtime/src/Heap/z/zMark.hpp:205	da9b3a9a20614c3893cd08ff839c295c366f9a423221e7aea677f3c3ef2a3d8f	/root/cj_build/reference/jdk/src/hotspot/share/gc/z/zMark.hpp:36
Empty	runtime/src/Heap/Collector/TracingCollector.h:101	runtime/src/Heap/z/zMark.hpp:207	8950097011fd1c6ab560b80828f1b758822290f8df8bb6fcaccecd62ebb272c8	/root/cj_build/reference/jdk/src/hotspot/share/gc/z/zMark.hpp:36
Full	runtime/src/Heap/Collector/TracingCollector.h:103	runtime/src/Heap/z/zMark.hpp:209	5fba87be22516a5776218f4f671ca912570a42835d516ce63685c467c652a074	/root/cj_build/reference/jdk/src/hotspot/share/gc/z/zMark.hpp:36
StaticRootTable	runtime/src/Heap/Collector/TracingCollector.h:138	runtime/src/Heap/z/zRootsIterator.hpp:23	92831ef92a0f5814e5c7279818f34c8d2344270d44bf8840d4766ff3b41623ae	/root/cj_build/reference/jdk/src/hotspot/share/gc/z/zRootsIterator.hpp:33
GetId	runtime/src/Heap/Collector/TracingCollector.h:155	runtime/src/Heap/z/zRootsIterator.hpp:40	f99a4321b641af455171564e65b47934e3940b0e7fdb79ce2228d74116a7cf28	/root/cj_build/reference/jdk/src/hotspot/share/gc/z/zRootsIterator.hpp:33
ExportObjectInfo	runtime/src/Heap/Collector/TracingCollector.h:161	runtime/src/Heap/z/zRootsIterator.hpp:46	44136fa355b3678a1146ad16f7e8649e94fb4fc21fe77e8310c060f61caaff8a	/root/cj_build/reference/jdk/src/hotspot/share/gc/z/zRootsIterator.hpp:33
PackExportHandle	runtime/src/Heap/Collector/TracingCollector.h:172	runtime/src/Heap/z/zRootsIterator.hpp:57	bc3ce8829625e82556dc47294189662420ed762d3ca7381e1f9e0f3ee04ea4c1	/root/cj_build/reference/jdk/src/hotspot/share/gc/z/zRootsIterator.hpp:33
ExportHandleIndex	runtime/src/Heap/Collector/TracingCollector.h:175	runtime/src/Heap/z/zRootsIterator.hpp:60	2d379cc200cec97f2dda23c4741f8110dd6539816025c637909c72e2ced4932e	/root/cj_build/reference/jdk/src/hotspot/share/gc/z/zRootsIterator.hpp:33
ExportHandleGeneration	runtime/src/Heap/Collector/TracingCollector.h:176	runtime/src/Heap/z/zRootsIterator.hpp:61	25071ad247ea3d581b1a33c8b842f5e008e7e09a43c46d00d6162f98a62b567c	/root/cj_build/reference/jdk/src/hotspot/share/gc/z/zRootsIterator.hpp:33
RegisterExportRoot	runtime/src/Heap/Collector/TracingCollector.h:179	runtime/src/Heap/z/zRootsIterator.hpp:64	41714e922a26a64edc986c00fe6cb9eaacd1a9012e16c6efb049e8b0dd757671	/root/cj_build/reference/jdk/src/hotspot/share/gc/z/zRootsIterator.hpp:33
GetExportRoot	runtime/src/Heap/Collector/TracingCollector.h:201	runtime/src/Heap/z/zRootsIterator.hpp:86	05f01351d2a92a03b986020df23dd4e39fa8b3c8c96d38a41538af642387f20e	/root/cj_build/reference/jdk/src/hotspot/share/gc/z/zRootsIterator.hpp:33
RemoveExportRoot	runtime/src/Heap/Collector/TracingCollector.h:210	runtime/src/Heap/z/zRootsIterator.hpp:95	ca3a5070bdc5875d522720a8f49638370221cf7648a71608d6da4e5592b2654a	/root/cj_build/reference/jdk/src/hotspot/share/gc/z/zRootsIterator.hpp:33
SetActiveState	runtime/src/Heap/Collector/TracingCollector.h:223	runtime/src/Heap/z/zRootsIterator.hpp:108	bea6b2d2be258db706a313f35e4e814bdfc9dbf2e18f1236b639378d3e2329f8	/root/cj_build/reference/jdk/src/hotspot/share/gc/z/zRootsIterator.hpp:33
CheckActiveState	runtime/src/Heap/Collector/TracingCollector.h:232	runtime/src/Heap/z/zRootsIterator.hpp:117	db4d5057ecc6fb6fb3c1b2a8496090ec0b090e97352ef40f5a56ff5303bf0b47	/root/cj_build/reference/jdk/src/hotspot/share/gc/z/zRootsIterator.hpp:33
PublishRegisteredRoot	runtime/src/Heap/Collector/TracingCollector.h:247	runtime/src/Heap/z/zRootsIterator.hpp:132	7228d395e1d72f0dac7f9bf8e095e733a83f5b22dae4f22160ea5f32754dcf21	/root/cj_build/reference/jdk/src/hotspot/share/gc/z/zRootsIterator.hpp:33
ResolveLiveIndex	runtime/src/Heap/Collector/TracingCollector.h:255	runtime/src/Heap/z/zRootsIterator.hpp:140	4062c5a2531cea3ab107112cd6859bc6cabf563ec314db7c847aa76e1ab5c56c	/root/cj_build/reference/jdk/src/hotspot/share/gc/z/zRootsIterator.hpp:33
TracingCollector	runtime/src/Heap/Collector/TracingCollector.h:300	runtime/src/Heap/z/zMark.cpp:2244	44136fa355b3678a1146ad16f7e8649e94fb4fc21fe77e8310c060f61caaff8a	/root/cj_build/reference/jdk/src/hotspot/share/gc/z/zMark.hpp:36
MajorMarkDomain	runtime/src/Heap/Collector/TracingCollector.h:303	runtime/src/Heap/z/zMark.hpp:259	ecffefd22dcba9eed1c2e7128d719750acfb0ede42984b09ee3b726a94002c56	/root/cj_build/reference/jdk/src/hotspot/share/gc/z/zMark.hpp:36
DumpBeforeGC	runtime/src/Heap/Collector/TracingCollector.h:354	runtime/src/Heap/Collector/TracingCollector.cpp:312	b92750baeca2d1f7b9e199536602f26f1cd864bf00d7bc585991781fb4ae9d6a	ZGC 无独立对应定义；原地保留，归 #228 / A06 / 对应机制包
DumpAfterGC	runtime/src/Heap/Collector/TracingCollector.h:366	runtime/src/Heap/Collector/TracingCollector.cpp:324	c3f93842939425241aba1bc04d3695bc52b6503165091b78f10aeba1d25e5ebb	ZGC 无独立对应定义；原地保留，归 #228 / A06 / 对应机制包
ResurrectExportObject	runtime/src/Heap/Collector/TracingCollector.h:379	runtime/src/Heap/z/zMark.hpp:315	01eb3b05426f26f54942b5f6fdd18639fec16cb6052b4b7cdae22e6921dc04d0	/root/cj_build/reference/jdk/src/hotspot/share/gc/z/zMark.hpp:36
VisitAllResurrectExportObjects	runtime/src/Heap/Collector/TracingCollector.h:393	runtime/src/Heap/z/zMark.hpp:329	dc0c97d9387de65ed151d033807fcb9c82e84f4cdede807b31586a392917b560	/root/cj_build/reference/jdk/src/hotspot/share/gc/z/zMark.hpp:36
ShouldIgnoreRequest	runtime/src/Heap/Collector/TracingCollector.h:400	runtime/src/Heap/z/zMark.hpp:336	c99f80d8a5845ed51525353ab5d5317f742e6a8daeb6debee43da71a163cca5a	/root/cj_build/reference/jdk/src/hotspot/share/gc/z/zMark.hpp:36
DiscoverReference	runtime/src/Heap/Collector/TracingCollector.h:403	runtime/src/Heap/z/zMark.hpp:339	d1e05c2c08c7fb7392734cbf35eb68c2eef329b4f8cd32ddc39fb0670714cb69	/root/cj_build/reference/jdk/src/hotspot/share/gc/z/zMark.hpp:36
IsMarkedObject	runtime/src/Heap/Collector/TracingCollector.h:411	runtime/src/Heap/z/zMark.hpp:347	0f648bfaeab2a929823f14b78bb7bacd093055ba790c571977b6c93311ec6ca5	/root/cj_build/reference/jdk/src/hotspot/share/gc/z/zMark.hpp:36
IsSurvivedObject	runtime/src/Heap/Collector/TracingCollector.h:416	runtime/src/Heap/z/zMark.hpp:352	487d4405946ca53d10a05c698bcd7cf00981c3a4b54b8e738f5dba5c5b6ef835	/root/cj_build/reference/jdk/src/hotspot/share/gc/z/zMark.hpp:36
MarkObject	runtime/src/Heap/Collector/TracingCollector.h:423	runtime/src/Heap/z/zMark.inline.hpp:12	38fb73545761a7f8cf9838e0bf942d2675891a57d75a5fc8d4998e952218e704	/root/cj_build/reference/jdk/src/hotspot/share/gc/z/zMark.hpp:36
EnumRefFieldRoot	runtime/src/Heap/Collector/TracingCollector.h:446	runtime/src/Heap/z/zMark.hpp:365	44136fa355b3678a1146ad16f7e8649e94fb4fc21fe77e8310c060f61caaff8a	/root/cj_build/reference/jdk/src/hotspot/share/gc/z/zMark.hpp:36
TraceObjectRefFields	runtime/src/Heap/Collector/TracingCollector.h:448	runtime/src/Heap/z/zMark.hpp:367	ce55a82a64c709d06453eb9b08c813612b4292845f4ed6daaa6a91ab21258694	/root/cj_build/reference/jdk/src/hotspot/share/gc/z/zMark.hpp:36
FollowPartialArray	runtime/src/Heap/Collector/TracingCollector.h:455	runtime/src/Heap/z/zMark.cpp:2249	65c2c7590f7dad60ca90bfe07cf46b56c028dbc78a8fd64f01acce9bc779594e	/root/cj_build/reference/jdk/src/hotspot/share/gc/z/zMark.hpp:36
GetAndTryTagObj	runtime/src/Heap/Collector/TracingCollector.h:459	runtime/src/Heap/z/zMark.hpp:375	0e0c6ced18c526fd8d8ee70ee45a396b694b661f10ce01e5f7a36469d9187ca9	/root/cj_build/reference/jdk/src/hotspot/share/gc/z/zMark.hpp:36
IsResurrectedObject	runtime/src/Heap/Collector/TracingCollector.h:462	runtime/src/Heap/z/zMark.hpp:378	06c948e7945e8d3da9535d6058dc363d38e9c2846b71a869b40752eac4a984bb	/root/cj_build/reference/jdk/src/hotspot/share/gc/z/zMark.hpp:36
ResurrectObject	runtime/src/Heap/Collector/TracingCollector.h:465	runtime/src/Heap/z/zMark.hpp:381	1dcebd9c29f017ddf20c98dfd887c11abd2b73e3edb6245ec24cf0ec53e11684	/root/cj_build/reference/jdk/src/hotspot/share/gc/z/zMark.hpp:36
GetAllocator	runtime/src/Heap/Collector/TracingCollector.h:481	runtime/src/Heap/z/zMark.hpp:397	6803b8f002f12b768935fee477acd7d5afa70717cfd818104ce175d8c08bcd16	/root/cj_build/reference/jdk/src/hotspot/share/gc/z/zMark.hpp:36
IsHeapMarked	runtime/src/Heap/Collector/TracingCollector.h:483	runtime/src/Heap/z/zMark.hpp:399	67915a7e832d3579ff755d1174cf1ed40332855275e8a25b98930bd8dbbd5bb1	/root/cj_build/reference/jdk/src/hotspot/share/gc/z/zMark.hpp:36
SetHeapMarked	runtime/src/Heap/Collector/TracingCollector.h:485	runtime/src/Heap/z/zMark.hpp:401	637a9081008e52b068c4b757f708ed28450778445808878caf43dc9d8f41cfb5	/root/cj_build/reference/jdk/src/hotspot/share/gc/z/zMark.hpp:36
SetGcStarted	runtime/src/Heap/Collector/TracingCollector.h:487	runtime/src/Heap/z/zMark.hpp:403	d2e846dcbfbf0a0094329ebb86546e20c7b2fa4c8d8690418f24997eba4efcb2	/root/cj_build/reference/jdk/src/hotspot/share/gc/z/zMark.hpp:36
TransitionToGCPhase	runtime/src/Heap/Collector/TracingCollector.h:492	runtime/src/Heap/z/zMark.hpp:408	202846cea22e85726c126d339cda27a28583d2c8b818d1442488df8e7b97ed8d	/root/cj_build/reference/jdk/src/hotspot/share/gc/z/zMark.hpp:36
GetGCStats	runtime/src/Heap/Collector/TracingCollector.h:497	runtime/src/Heap/z/zMark.hpp:413	44413543ea4ec3f11dfa479262a12d8a6515928f21925dbdc59a0d8adabd597e	/root/cj_build/reference/jdk/src/hotspot/share/gc/z/zMark.hpp:36
GetCurrentTagID	runtime/src/Heap/Collector/TracingCollector.h:501	runtime/src/Heap/z/zMark.hpp:417	0dba46e3a61dbd3b619523496807f10baa5fb06be746d2572102b4dae6030656	/root/cj_build/reference/jdk/src/hotspot/share/gc/z/zMark.hpp:36
RequestGCInternal	runtime/src/Heap/Collector/TracingCollector.h:507	runtime/src/Heap/z/zMark.hpp:423	cf92a520f974262bc51bfed3574c3f109512681e1bd49255bb84d009d4241a5b	/root/cj_build/reference/jdk/src/hotspot/share/gc/z/zMark.hpp:36
GetGCThreadCount	runtime/src/Heap/Collector/TracingCollector.h:551	runtime/src/Heap/z/zMark.hpp:467	f397203c2aa830e65a4457576f5791012fcd4478b4147c89b7a40f6cbad70f24	/root/cj_build/reference/jdk/src/hotspot/share/gc/z/zMark.hpp:36
NewWorkStack	runtime/src/Heap/Collector/TracingCollector.h:556	runtime/src/Heap/z/zMark.hpp:472	dccb3e373a2c6958b9a50997add293a2043236450eb7b4056bbd351a9a23e210	/root/cj_build/reference/jdk/src/hotspot/share/gc/z/zMark.hpp:36
SetGCReason	runtime/src/Heap/Collector/TracingCollector.h:561	runtime/src/Heap/z/zMark.hpp:477	e890298377a77c7f3bc71aa73784bdfc2b95be6e228aedd0f9c34937f9601bfb	/root/cj_build/reference/jdk/src/hotspot/share/gc/z/zMark.hpp:36
GetWorkers	runtime/src/Heap/Collector/TracingCollector.h:566	runtime/src/Heap/z/zMark.hpp:482	ee010873d0e10489f4b78fb9663ab5ad459709f2f1f602e1e6cf555270d90f68	/root/cj_build/reference/jdk/src/hotspot/share/gc/z/zMark.hpp:36
ProcessFinalizers	runtime/src/Heap/Collector/TracingCollector.h:573	runtime/src/Heap/z/zMark.hpp:489	44136fa355b3678a1146ad16f7e8649e94fb4fc21fe77e8310c060f61caaff8a	/root/cj_build/reference/jdk/src/hotspot/share/gc/z/zMark.hpp:36
EnumAndTagRawRoot	runtime/src/Heap/Collector/TracingCollector.h:589	runtime/src/Heap/z/zMark.hpp:505	b3ec39c02fab1c0c5801acc51632d5e6f9fdb3bc62ea6f9d0fde9f8cb5c3c417	/root/cj_build/reference/jdk/src/hotspot/share/gc/z/zMark.hpp:36
ParseDelayNs	runtime/src/Heap/Collector/Uncommitter.cpp:24	runtime/src/Heap/z/zUncommitter.cpp:24	6e60684ec8a0d2a38f575188d5e4ed85d052354dd946adcd6bbc59b2b54b3140	/root/cj_build/reference/jdk/src/hotspot/share/gc/z/zUncommitter.cpp:41
DelayNs	runtime/src/Heap/Collector/Uncommitter.cpp:51	runtime/src/Heap/z/zUncommitter.cpp:51	99c7af23102c53b5db9237c47f38190ef1ab6a22f87a28de8c014b3aeefa67ca	/root/cj_build/reference/jdk/src/hotspot/share/gc/z/zUncommitter.cpp:41
ChunkLimit	runtime/src/Heap/Collector/Uncommitter.cpp:57	runtime/src/Heap/z/zUncommitter.cpp:57	50112937c3b2dc245ced663e8fca9f38c19b490b7dd06245583f009d28327f6e	/root/cj_build/reference/jdk/src/hotspot/share/gc/z/zUncommitter.cpp:41
MinCapacity	runtime/src/Heap/Collector/Uncommitter.cpp:69	runtime/src/Heap/z/zUncommitter.cpp:69	f699ee92d3b842888a62b4be884a2faf343b05db1d4a2ec203fafcb42749c5e2	/root/cj_build/reference/jdk/src/hotspot/share/gc/z/zUncommitter.cpp:41
Current	runtime/src/Heap/Collector/Uncommitter.cpp:78	runtime/src/Heap/z/zUncommitter.cpp:78	ffe055614bcc4115a238b9984f17774f934c4585bc0ee1e26bbd122d776f33ae	/root/cj_build/reference/jdk/src/hotspot/share/gc/z/zUncommitter.cpp:41
Start	runtime/src/Heap/Collector/Uncommitter.cpp:85	runtime/src/Heap/z/zUncommitter.cpp:85	d0b26e302cea98848b50ccd023f3d587c43ce0a4970b764c6502c0b32f8599c6	/root/cj_build/reference/jdk/src/hotspot/share/gc/z/zUncommitter.cpp:41
Stop	runtime/src/Heap/Collector/Uncommitter.cpp:92	runtime/src/Heap/z/zUncommitter.cpp:92	b0c0e376b431acda6f17b286e9a5a79f6c703c50cf3b96fe32df248bc4fed035	/root/cj_build/reference/jdk/src/hotspot/share/gc/z/zUncommitter.cpp:41
WaitUntil	runtime/src/Heap/Collector/Uncommitter.cpp:105	runtime/src/Heap/z/zUncommitter.cpp:105	6d4dbbb8fd957fe320989a1b52cf2eda89e810c7c2ef539432d7303c0fabd68e	/root/cj_build/reference/jdk/src/hotspot/share/gc/z/zUncommitter.cpp:41
Activate	runtime/src/Heap/Collector/Uncommitter.cpp:122	runtime/src/Heap/z/zUncommitter.cpp:122	38bbf153b8b89b5bd7390271a7938d315a456eda0c6d54903071fd9204b97599	/root/cj_build/reference/jdk/src/hotspot/share/gc/z/zUncommitter.cpp:41
Uncommit	runtime/src/Heap/Collector/Uncommitter.cpp:141	runtime/src/Heap/z/zUncommitter.cpp:141	01a7506563ff679fe6df837057d0797cd376e26297e3cf9ff3ddbddba10da4df	/root/cj_build/reference/jdk/src/hotspot/share/gc/z/zUncommitter.cpp:41
RegisterUncommit	runtime/src/Heap/Collector/Uncommitter.cpp:185	runtime/src/Heap/z/zUncommitter.cpp:185	24739a4464a0e91187a85375ae761dfc721f86abdc0cdc75c91427efccd222c2	/root/cj_build/reference/jdk/src/hotspot/share/gc/z/zUncommitter.cpp:41
RunCycle	runtime/src/Heap/Collector/Uncommitter.cpp:215	runtime/src/Heap/z/zUncommitter.cpp:215	f106799ee61d106c38132f608e2ab9fa8c33573fa94a1c646fbe61794f8c7547	/root/cj_build/reference/jdk/src/hotspot/share/gc/z/zUncommitter.cpp:41
Run	runtime/src/Heap/Collector/Uncommitter.cpp:228	runtime/src/Heap/z/zUncommitter.cpp:228	52225330e93cd3d001e2985fd6573d993a3988a7e2279400191561ae79371c0b	/root/cj_build/reference/jdk/src/hotspot/share/gc/z/zUncommitter.cpp:41
Cancel	runtime/src/Heap/Collector/Uncommitter.cpp:249	runtime/src/Heap/z/zUncommitter.cpp:249	0d125b9977e500b66f9437f88ae921c10997da1c5fdae93146db84695ad5cd96	/root/cj_build/reference/jdk/src/hotspot/share/gc/z/zUncommitter.cpp:41
CancelCycleLocked	runtime/src/Heap/Collector/Uncommitter.cpp:256	runtime/src/Heap/z/zUncommitter.cpp:256	c25517531c68b8a39567560f8e74a616c74fbb3231799cb6ac9ea7100769e9b0	/root/cj_build/reference/jdk/src/hotspot/share/gc/z/zUncommitter.cpp:41
Uncommitter	runtime/src/Heap/Collector/Uncommitter.h:24	runtime/src/Heap/z/zUncommitter.cpp:262	44136fa355b3678a1146ad16f7e8649e94fb4fc21fe77e8310c060f61caaff8a	/root/cj_build/reference/jdk/src/hotspot/share/gc/z/zUncommitter.hpp:31
~Uncommitter	runtime/src/Heap/Collector/Uncommitter.h:25	runtime/src/Heap/z/zUncommitter.hpp:25	9f7c3e81dc0128637caeb93120c2bef9f75786391e4a4b981351f226c24d37ab	/root/cj_build/reference/jdk/src/hotspot/share/gc/z/zUncommitter.hpp:31
Enabled	runtime/src/Heap/Collector/Uncommitter.h:32	runtime/src/Heap/z/zUncommitter.hpp:32	3b538e31c98699e5f3539ee3e3c0d8d81058bd67c0f1d699851b52f506350c56	/root/cj_build/reference/jdk/src/hotspot/share/gc/z/zUncommitter.hpp:31
Request	runtime/src/Heap/Collector/ZAbort.hpp:16	runtime/src/Heap/z/zAbort.cpp:10	0e7c1e52fa401db71e6536627630920246490d411ae1432629526ec3d0f1693b	/root/cj_build/reference/jdk/src/hotspot/share/gc/z/zAbort.hpp:30
Reset	runtime/src/Heap/Collector/ZAbort.hpp:17	runtime/src/Heap/z/zAbort.hpp:17	5492f5fc3763cfbd51948b4ce36f41195af3a3c7bf40fffbaaca16791f4a69d9	/root/cj_build/reference/jdk/src/hotspot/share/gc/z/zAbort.hpp:30
IsRequested	runtime/src/Heap/Collector/ZAbort.hpp:18	runtime/src/Heap/z/zAbort.inline.hpp:11	cd613bb1f8ec5c0eef9cfaa9347feb2a905a0daf0b1891cc8198ca8f5925a8d2	/root/cj_build/reference/jdk/src/hotspot/share/gc/z/zAbort.hpp:30
Poll	runtime/src/Heap/Collector/ZAbort.hpp:19	runtime/src/Heap/z/zAbort.inline.hpp:15	cbc3aca82b7e895dfd38eabc8b6418ac2d4f01fe90892ba63b0e953c536a0449	/root/cj_build/reference/jdk/src/hotspot/share/gc/z/zAbort.hpp:30
nentries	runtime/src/Heap/Collector/ZForwarding.h:71	runtime/src/Heap/z/zForwarding.inline.hpp:54	7e023857590b7269a2ac51f2b9dc9386792b54eadcb16e17bdaa8ed40fd2ebbd	/root/cj_build/reference/jdk/src/hotspot/share/gc/z/zForwarding.hpp:37
alloc	runtime/src/Heap/Collector/ZForwarding.h:89	runtime/src/Heap/z/zForwarding.inline.hpp:74	43c995706d73a06cf5f7fa989324d13bb8a5466b0853f2c5521f6828ebe2fe38	/root/cj_build/reference/jdk/src/hotspot/share/gc/z/zForwarding.hpp:37
Create	runtime/src/Heap/Collector/ZForwarding.h:111	runtime/src/Heap/z/zForwarding.hpp:223	ddece70dd265da590b0cac01dd7338fcdc9b1f61edcb4c5774aa468ab9635675	/root/cj_build/reference/jdk/src/hotspot/share/gc/z/zForwarding.hpp:37
Destroy	runtime/src/Heap/Collector/ZForwarding.h:116	runtime/src/Heap/z/zForwarding.hpp:228	076caf876bd442cbd4138653feb7ce2d8b4252e69a2d55763ffa30e8914c721d	/root/cj_build/reference/jdk/src/hotspot/share/gc/z/zForwarding.hpp:37
start	runtime/src/Heap/Collector/ZForwarding.h:121	runtime/src/Heap/z/zForwarding.inline.hpp:96	71ebc4fdd78dbbb19c5912f7c90ebc6aeb261d441bb740d64d29f29f970ba3f0	/root/cj_build/reference/jdk/src/hotspot/share/gc/z/zForwarding.hpp:37
regionSize	runtime/src/Heap/Collector/ZForwarding.h:123	runtime/src/Heap/z/zForwarding.hpp:235	35292fd0501272bd7487e0c89c8a301bfcb88d85ebfff75242ce35a779d01443	/root/cj_build/reference/jdk/src/hotspot/share/gc/z/zForwarding.hpp:37
page	runtime/src/Heap/Collector/ZForwarding.h:124	runtime/src/Heap/z/zForwarding.cpp:217	0866bc4150ce01d856dcb6660e21d9eb95fb6b6166346e5f4105a523e430beb6	/root/cj_build/reference/jdk/src/hotspot/share/gc/z/zForwarding.hpp:37
page_life_id	runtime/src/Heap/Collector/ZForwarding.h:125	runtime/src/Heap/z/zForwarding.hpp:237	e98c8a9f2de0b0a3ebde5676e24f4e7e10fbc1452f7a008fcb7da20dfc646780	/root/cj_build/reference/jdk/src/hotspot/share/gc/z/zForwarding.hpp:37
table_generation	runtime/src/Heap/Collector/ZForwarding.h:126	runtime/src/Heap/z/zForwarding.hpp:238	f0a48e4225e253d579c04ab0947e9128913407598301343425f87c576d88f9bb	/root/cj_build/reference/jdk/src/hotspot/share/gc/z/zForwarding.hpp:37
set_table_generation	runtime/src/Heap/Collector/ZForwarding.h:127	runtime/src/Heap/z/zForwarding.hpp:239	9d70c78ab114b618acc92b1e104ac14f9ea6d7e6be80de0b2f16a51144d0cbfa	/root/cj_build/reference/jdk/src/hotspot/share/gc/z/zForwarding.hpp:37
length	runtime/src/Heap/Collector/ZForwarding.h:130	runtime/src/Heap/z/zForwarding.hpp:242	1feb2050d9afe6ed07a6d78dd72c2d299ad452800c7e2a85cb0e402a0b72d777	/root/cj_build/reference/jdk/src/hotspot/share/gc/z/zForwarding.hpp:37
publish_from_page_view	runtime/src/Heap/Collector/ZForwarding.h:135	runtime/src/Heap/z/zForwarding.hpp:247	552f5fb7c3eca29ae4b01a12854bbea7227c83b557b1a1d021cadcedb54bcf38	/root/cj_build/reference/jdk/src/hotspot/share/gc/z/zForwarding.hpp:37
from_page_view	runtime/src/Heap/Collector/ZForwarding.h:149	runtime/src/Heap/z/zForwarding.hpp:261	dc3492847a2ead6d70bee1876f7464a8ba67d4a96723f0bf240b0d0403fbac50	/root/cj_build/reference/jdk/src/hotspot/share/gc/z/zForwarding.hpp:37
from_page_snapshot	runtime/src/Heap/Collector/ZForwarding.h:155	runtime/src/Heap/z/zForwarding.hpp:267	a4e17ecbf7abb73d4a7691c4556f34d001488fa7c0a6cd95116b3eeaac741635	/root/cj_build/reference/jdk/src/hotspot/share/gc/z/zForwarding.hpp:37
covers	runtime/src/Heap/Collector/ZForwarding.h:165	runtime/src/Heap/z/zForwarding.hpp:277	9346d6a3dad26462ade789d46f962bb75d635f587e03e3d7f9294777a6be67b7	/root/cj_build/reference/jdk/src/hotspot/share/gc/z/zForwarding.hpp:37
index	runtime/src/Heap/Collector/ZForwarding.h:167	runtime/src/Heap/z/zForwarding.inline.hpp:104	684636effd4ecbe9c8df081e57765081d252bacf6897d5f2b90dd1f6926ffa39	/root/cj_build/reference/jdk/src/hotspot/share/gc/z/zForwarding.hpp:37
entries	runtime/src/Heap/Collector/ZForwarding.h:169	runtime/src/Heap/z/zForwarding.inline.hpp:108	cb86ee2e3fc6e7eb94466706a5ffb0dcc8f60677e36fb3636511cc5a2f92461f	/root/cj_build/reference/jdk/src/hotspot/share/gc/z/zForwarding.hpp:37
at	runtime/src/Heap/Collector/ZForwarding.h:172	runtime/src/Heap/z/zForwarding.inline.hpp:113	6352399d056481ff2efda85a8d36389fe37e576aa5d83494618c8d093f9d675f	/root/cj_build/reference/jdk/src/hotspot/share/gc/z/zForwarding.hpp:37
first	runtime/src/Heap/Collector/ZForwarding.h:178	runtime/src/Heap/z/zForwarding.inline.hpp:121	1aacf112deb13319e9c980bb0d3466460953e18e76c4b4746bb59b539e27fc46	/root/cj_build/reference/jdk/src/hotspot/share/gc/z/zForwarding.hpp:37
next	runtime/src/Heap/Collector/ZForwarding.h:185	runtime/src/Heap/z/zForwarding.inline.hpp:130	d23fe351748f2813b614fb38ea1c396ba6f09042ab593ce108d2795baf8637b9	/root/cj_build/reference/jdk/src/hotspot/share/gc/z/zForwarding.hpp:37
<lambda-or-initializer>	runtime/src/Heap/Collector/ZForwarding.h:196	runtime/src/Heap/z/zForwarding.inline.hpp:141	1e98fc32d945f8bb7bb8f6c2aa1575ae81f8e3332503740c8f690d8fe368c453	/root/cj_build/reference/jdk/src/hotspot/share/gc/z/zForwarding.hpp:37
find	runtime/src/Heap/Collector/ZForwarding.h:194	runtime/src/Heap/z/zForwarding.inline.hpp:139	2db7726ca06bb945fe052dce183d4af4ebc443dce8846436911ee37fcbca28a1	/root/cj_build/reference/jdk/src/hotspot/share/gc/z/zForwarding.hpp:37
<lambda-or-initializer>	runtime/src/Heap/Collector/ZForwarding.h:212	runtime/src/Heap/z/zForwarding.hpp:300	11b453b0a0fa008bbace5b31520a95fbff9d90b971b5a5075731da777201ac83	/root/cj_build/reference/jdk/src/hotspot/share/gc/z/zForwarding.hpp:37
find_from_by_to	runtime/src/Heap/Collector/ZForwarding.h:210	runtime/src/Heap/z/zForwarding.hpp:298	9e99f363fcd5260fc5c54e5ce2ee062e30cab4ba7e580c3e80184ebd9de699cd	/root/cj_build/reference/jdk/src/hotspot/share/gc/z/zForwarding.hpp:37
find	runtime/src/Heap/Collector/ZForwarding.h:238	runtime/src/Heap/z/zForwarding.inline.hpp:153	b6e68a9bbdac24184efa91fe2d7fd16f10a98716c71713bff9f3c4c04fce6ee7	/root/cj_build/reference/jdk/src/hotspot/share/gc/z/zForwarding.hpp:37
<lambda-or-initializer>	runtime/src/Heap/Collector/ZForwarding.h:256	runtime/src/Heap/z/zForwarding.hpp:331	d2af2fd96055836bdfb73d9676ba1878da23a60b577c4741a31a64b69894d7c7	/root/cj_build/reference/jdk/src/hotspot/share/gc/z/zForwarding.hpp:37
for_each_from	runtime/src/Heap/Collector/ZForwarding.h:254	runtime/src/Heap/z/zForwarding.hpp:329	727ebb18f9c5bf9f91d05854e15a8c01ba1bf2fc385fa8ccca3213c9f3c743eb	/root/cj_build/reference/jdk/src/hotspot/share/gc/z/zForwarding.hpp:37
<lambda-or-initializer>	runtime/src/Heap/Collector/ZForwarding.h:288	runtime/src/Heap/z/zForwarding.inline.hpp:189	8496f84eab8fc43a814bc520ea6e540f54b15c3d5acc6f3dba0ce67e643da300	/root/cj_build/reference/jdk/src/hotspot/share/gc/z/zForwarding.hpp:37
<lambda-or-initializer>	runtime/src/Heap/Collector/ZForwarding.h:273	runtime/src/Heap/z/zForwarding.inline.hpp:174	888b193748c307c873450abf81d7b1e41c9dcd41f5d5c537d680d0c9e3ca659f	/root/cj_build/reference/jdk/src/hotspot/share/gc/z/zForwarding.hpp:37
insert	runtime/src/Heap/Collector/ZForwarding.h:269	runtime/src/Heap/z/zForwarding.inline.hpp:170	2c9d9e146dff65ee0feeafa3523e37869f584c6ad6f39f0d949feebcf3915ac1	/root/cj_build/reference/jdk/src/hotspot/share/gc/z/zForwarding.hpp:37
FullFallbacks	runtime/src/Heap/Collector/ZForwarding.h:313	runtime/src/Heap/z/zForwarding.hpp:346	ee636d3032b3c90507c4c8162b544b8876e25d97c6a053301a6ed767b60c1454	/root/cj_build/reference/jdk/src/hotspot/share/gc/z/zForwarding.hpp:37
FullRefusals	runtime/src/Heap/Collector/ZForwarding.h:322	runtime/src/Heap/z/zForwarding.hpp:355	ee636d3032b3c90507c4c8162b544b8876e25d97c6a053301a6ed767b60c1454	/root/cj_build/reference/jdk/src/hotspot/share/gc/z/zForwarding.hpp:37
OverflowFallbacks	runtime/src/Heap/Collector/ZForwarding.h:328	runtime/src/Heap/z/zForwarding.hpp:361	ee636d3032b3c90507c4c8162b544b8876e25d97c6a053301a6ed767b60c1454	/root/cj_build/reference/jdk/src/hotspot/share/gc/z/zForwarding.hpp:37
OverflowRefusals	runtime/src/Heap/Collector/ZForwarding.h:334	runtime/src/Heap/z/zForwarding.hpp:367	ee636d3032b3c90507c4c8162b544b8876e25d97c6a053301a6ed767b60c1454	/root/cj_build/reference/jdk/src/hotspot/share/gc/z/zForwarding.hpp:37
insert_receipt	runtime/src/Heap/Collector/ZForwarding.h:339	runtime/src/Heap/z/zForwarding.hpp:372	44136fa355b3678a1146ad16f7e8649e94fb4fc21fe77e8310c060f61caaff8a	/root/cj_build/reference/jdk/src/hotspot/share/gc/z/zForwarding.hpp:37
<lambda-or-initializer>	runtime/src/Heap/Collector/ZForwarding.h:340	runtime/src/Heap/z/zForwarding.hpp:373	8797d83d3eb4e9c3b47177c9e8cdc643eb40793e6dcf065e9b598083c59c26f0	/root/cj_build/reference/jdk/src/hotspot/share/gc/z/zForwarding.hpp:37
insert	runtime/src/Heap/Collector/ZForwarding.h:385	runtime/src/Heap/z/zForwarding.inline.hpp:216	73f96f503d0709603dd7fc92fe61f5486f091fd92077f360226cc7685edd6fea	/root/cj_build/reference/jdk/src/hotspot/share/gc/z/zForwarding.hpp:37
young_seqnum	runtime/src/Heap/Collector/ZForwarding.h:397	runtime/src/Heap/z/zForwarding.hpp:427	32cdedef2111812f4cb1780b1ce35ed32bbdf3dace23dd6c6900bd7a0e603651	/root/cj_build/reference/jdk/src/hotspot/share/gc/z/zForwarding.hpp:37
young_marking	runtime/src/Heap/Collector/ZForwarding.h:403	runtime/src/Heap/z/zForwarding.hpp:433	f29c0dcbf4b88cd81064584e1a54a8d6cbd5b7670fcedbea51c567e9c5243047	/root/cj_build/reference/jdk/src/hotspot/share/gc/z/zForwarding.hpp:37
relocated_remembered_fields_register	runtime/src/Heap/Collector/ZForwarding.h:409	runtime/src/Heap/z/zForwarding.inline.hpp:223	d9c80d72c9529241a48049e590883722a26f5c776b8a248b7dc0006bd4864e6d	/root/cj_build/reference/jdk/src/hotspot/share/gc/z/zForwarding.hpp:37
relocated_remembered_fields_is_concurrently_scanned	runtime/src/Heap/Collector/ZForwarding.h:419	runtime/src/Heap/z/zForwarding.inline.hpp:235	6f804c01768235242f10b6a082de424af4cdd11f8e4c67eca4e4a6bff27899e2	/root/cj_build/reference/jdk/src/hotspot/share/gc/z/zForwarding.hpp:37
relocated_remembered_fields_published_contains	runtime/src/Heap/Collector/ZForwarding.h:426	runtime/src/Heap/z/zForwarding.cpp:222	0726181dd5414778abd8c82625f7c4b461e1cf83f3af92891b08a57f89f79725	/root/cj_build/reference/jdk/src/hotspot/share/gc/z/zForwarding.hpp:37
relocated_remembered_fields_after_relocate	runtime/src/Heap/Collector/ZForwarding.h:435	runtime/src/Heap/z/zForwarding.cpp:233	95ba3becc72bbad51aaba083052bfffd4c9a1b70d58660b41e6533d500738f25	/root/cj_build/reference/jdk/src/hotspot/share/gc/z/zForwarding.hpp:37
relocated_remembered_fields_publish	runtime/src/Heap/Collector/ZForwarding.h:443	runtime/src/Heap/z/zForwarding.cpp:243	2651355e52b6b6429e0b608c9aff2057f3b259fe7e1688d8f341afb75d3a1dfb	/root/cj_build/reference/jdk/src/hotspot/share/gc/z/zForwarding.hpp:37
relocated_remembered_fields_notify_concurrent_scan_of	runtime/src/Heap/Collector/ZForwarding.h:453	runtime/src/Heap/z/zForwarding.cpp:255	2b9977463288660d4243f9c8ced288fec52adb97ea0f5b86170dd8af61939f95	/root/cj_build/reference/jdk/src/hotspot/share/gc/z/zForwarding.hpp:37
relocated_remembered_fields_apply_to_published	runtime/src/Heap/Collector/ZForwarding.h:471	runtime/src/Heap/z/zForwarding.inline.hpp:244	07b40bba02ef66bdfe3f9b9c0fa1a7a80c4ef69b168115c821da160e4bd59ccd	/root/cj_build/reference/jdk/src/hotspot/share/gc/z/zForwarding.hpp:37
claim	runtime/src/Heap/Collector/ZForwarding.h:488	runtime/src/Heap/z/zForwarding.cpp:95	f51b155c235fc3de39ff78b5ac220d040204034346f2617105d839e20df4723e	/root/cj_build/reference/jdk/src/hotspot/share/gc/z/zForwarding.cpp:51
is_claimed	runtime/src/Heap/Collector/ZForwarding.h:489	runtime/src/Heap/z/zForwarding.inline.hpp:15	2919e38a7dca301acc4e88f6c0844ae60b85946f5e7752a39b6cfb497d15f68d	/root/cj_build/reference/jdk/src/hotspot/share/gc/z/zForwarding.inline.hpp:43
in_place	runtime/src/Heap/Collector/ZForwarding.h:490	runtime/src/Heap/z/zForwarding.inline.hpp:20	a4d013a579886a886a5f3056e032fe60f8aaa0e50a183e643a2faf030acd649c	/root/cj_build/reference/jdk/src/hotspot/share/gc/z/zForwarding.inline.hpp:43
set_in_place	runtime/src/Heap/Collector/ZForwarding.h:491	runtime/src/Heap/z/zForwarding.inline.hpp:25	765db506c1e6fa5fd0ed4f857c558c44ba50711c00c31a92607c6137dfe7447d	/root/cj_build/reference/jdk/src/hotspot/share/gc/z/zForwarding.inline.hpp:43
retain_page	runtime/src/Heap/Collector/ZForwarding.h:493	runtime/src/Heap/z/zForwarding.cpp:98	7a99eb066273c155aa91b8e366787e96de8724b09946f8b4632e52a1cbc7455c	/root/cj_build/reference/jdk/src/hotspot/share/gc/z/zForwarding.cpp:51
<lambda-or-initializer>	runtime/src/Heap/Collector/ZForwarding.h:499	runtime/src/Heap/z/zForwarding.cpp:105	5779dd4b5895732e31ed4bedf49f5536e1c486ca428ac9e68b4f9cc0a562af76	/root/cj_build/reference/jdk/src/hotspot/share/gc/z/zForwarding.cpp:51
release_page	runtime/src/Heap/Collector/ZForwarding.h:497	runtime/src/Heap/z/zForwarding.cpp:103	fd51812ca26aadc98e2bb0719c342f01e6d4bd3c96b8921a148853b6ec171f5d	/root/cj_build/reference/jdk/src/hotspot/share/gc/z/zForwarding.cpp:51
detach_page	runtime/src/Heap/Collector/ZForwarding.h:513	runtime/src/Heap/z/zForwarding.cpp:120	e1f2e14bb7b49d2ccc140ff9a92b8d9e308da18529efffe3419f02768fef6e3c	/root/cj_build/reference/jdk/src/hotspot/share/gc/z/zForwarding.cpp:51
mark_done	runtime/src/Heap/Collector/ZForwarding.h:517	runtime/src/Heap/z/zForwarding.cpp:126	2e5f92a74af9f711e1ef4111d4f551e4a2d18b72afeeccd14f288879505c3110	/root/cj_build/reference/jdk/src/hotspot/share/gc/z/zForwarding.cpp:51
is_done	runtime/src/Heap/Collector/ZForwarding.h:518	runtime/src/Heap/z/zForwarding.cpp:129	4049d4b2b2ebed28d8cb032316b266cf05bbfc1fc1c34efba935ca0f27620f32	/root/cj_build/reference/jdk/src/hotspot/share/gc/z/zForwarding.cpp:51
in_place_relocation_claim_page	runtime/src/Heap/Collector/ZForwarding.h:520	runtime/src/Heap/z/zForwarding.cpp:132	c925d65fbf0378d9cf90db32efcc1675c99bdfd2e5006ab40550e505d81d1af0	/root/cj_build/reference/jdk/src/hotspot/share/gc/z/zForwarding.cpp:51
ref_count	runtime/src/Heap/Collector/ZForwarding.h:530	runtime/src/Heap/z/zForwarding.hpp:467	b8af5112a1f1174a0b4604ee63a8638a56e037d6c4acf6309b1f1334f3538e49	/root/cj_build/reference/jdk/src/hotspot/share/gc/z/zForwarding.hpp:37
claimed	runtime/src/Heap/Collector/ZForwarding.h:531	runtime/src/Heap/z/zForwarding.hpp:468	b9e6cfaf1b29681e650cfabf917f4dde0ff9535fb1534c0158b2a9d675377327	/root/cj_build/reference/jdk/src/hotspot/share/gc/z/zForwarding.hpp:37
done	runtime/src/Heap/Collector/ZForwarding.h:532	runtime/src/Heap/z/zForwarding.hpp:469	0155e23734fce02f52927db2474000e26bca9ed5e8cd81a8a4f73949dd283185	/root/cj_build/reference/jdk/src/hotspot/share/gc/z/zForwarding.hpp:37
ref_lock	runtime/src/Heap/Collector/ZForwarding.h:533	runtime/src/Heap/z/zForwarding.hpp:470	05a46dd3c365cbfa24d0999582c8d20ead2bf03ad9de6789a99fef58a970072a	/root/cj_build/reference/jdk/src/hotspot/share/gc/z/zForwarding.hpp:37
ZForwarding	runtime/src/Heap/Collector/ZForwarding.h:557	runtime/src/Heap/z/zForwarding.inline.hpp:282	44136fa355b3678a1146ad16f7e8649e94fb4fc21fe77e8310c060f61caaff8a	/root/cj_build/reference/jdk/src/hotspot/share/gc/z/zForwarding.hpp:37
PageWorkScope	runtime/src/Heap/Collector/ZForwardingLife.cpp:25	runtime/src/Heap/z/zForwarding.cpp:29	51b668e466dabaf7d5f86b537951d7cd2ce0d1f054ac861cb284ee63155344a6	/root/cj_build/reference/jdk/src/hotspot/share/gc/z/zForwarding.cpp:51
~PageWorkScope	runtime/src/Heap/Collector/ZForwardingLife.cpp:30	runtime/src/Heap/z/zForwarding.cpp:34	5342cbe20c78416e101feabe2667a7c202bdaf5356495ed74759e3a12d0dea8d	/root/cj_build/reference/jdk/src/hotspot/share/gc/z/zForwarding.cpp:51
CurrentPageWork	runtime/src/Heap/Collector/ZForwardingLife.cpp:38	runtime/src/Heap/z/zForwarding.cpp:42	594a1f6d4a5d69e66d3cc5c2f7c2157126bdf0ec991e807975d0774b2df9afc5	/root/cj_build/reference/jdk/src/hotspot/share/gc/z/zForwarding.cpp:51
WaitUntilRef	runtime/src/Heap/Collector/ZForwardingLife.cpp:41	runtime/src/Heap/z/zForwarding.cpp:45	8cac950b150feb58eac6f3dd9ace1dfc5a3b3da2c18f8ae72aa820807291b3d9	/root/cj_build/reference/jdk/src/hotspot/share/gc/z/zForwarding.cpp:51
InPlaceClaimScope	runtime/src/Heap/Collector/ZForwardingLife.cpp:57	runtime/src/Heap/z/zForwarding.cpp:61	b749fa118f0411448a202e3cf48f52a88499f10cf857c55b944c51d8eb150fa4	/root/cj_build/reference/jdk/src/hotspot/share/gc/z/zForwarding.cpp:51
WaitPageDone	runtime/src/Heap/Collector/ZForwardingLife.cpp:74	runtime/src/Heap/z/zForwarding.cpp:78	0522122a8aa770215e825c9396f7617f68b76d9a4029e8a22e1928eeef602aa5	/root/cj_build/reference/jdk/src/hotspot/share/gc/z/zForwarding.cpp:51
ResetForForwarding	runtime/src/Heap/Collector/ZForwardingLife.h:62	runtime/src/Heap/z/zForwarding.hpp:62	c87c4a93ee8d5643328e4077f06a9cd8c0e885fce958d79cf632a586048a3ed0	/root/cj_build/reference/jdk/src/hotspot/share/gc/z/zForwarding.hpp:37
ResetIdle	runtime/src/Heap/Collector/ZForwardingLife.h:70	runtime/src/Heap/z/zForwarding.hpp:70	4bc686965554ad3dc1dc9d7c930368414c3de0506ba7a1820b602f78500ffb30	/root/cj_build/reference/jdk/src/hotspot/share/gc/z/zForwarding.hpp:37
claim	runtime/src/Heap/Collector/ZForwardingLife.h:79	runtime/src/Heap/z/zForwarding.cpp:145	424b2d2732f53a82a458c57d1fd421ae2a4b1fc121edd53070d4424a9f2b7ed8	/root/cj_build/reference/jdk/src/hotspot/share/gc/z/zForwarding.hpp:37
mark_done	runtime/src/Heap/Collector/ZForwardingLife.h:86	runtime/src/Heap/z/zForwarding.cpp:153	871be7ff62098ce17bad7a54a6071b59ac13d88f942541c1cfa28ec203b34a7f	/root/cj_build/reference/jdk/src/hotspot/share/gc/z/zForwarding.hpp:37
is_done	runtime/src/Heap/Collector/ZForwardingLife.h:91	runtime/src/Heap/z/zForwarding.cpp:160	e75f69bafea8de7cfb161d1a9458cb05c6ee8151202725b07e78d6550ae7c7a1	/root/cj_build/reference/jdk/src/hotspot/share/gc/z/zForwarding.hpp:37
<lambda-or-initializer>	runtime/src/Heap/Collector/ZForwardingLife.h:98	runtime/src/Heap/z/zForwarding.hpp:90	c886a40c50f967e3c2a60497db430dddd09ace15ea5c6edc36e53275db5eb3aa	/root/cj_build/reference/jdk/src/hotspot/share/gc/z/zForwarding.hpp:37
retain_page	runtime/src/Heap/Collector/ZForwardingLife.h:97	runtime/src/Heap/z/zForwarding.hpp:89	c1e0c6c642c23377f5ce24e683fb4971d24a40f5088951c39490493f442615ab	/root/cj_build/reference/jdk/src/hotspot/share/gc/z/zForwarding.hpp:37
<lambda-or-initializer>	runtime/src/Heap/Collector/ZForwardingLife.h:117	runtime/src/Heap/z/zForwarding.cpp:166	9d742c4b1d2352c033cc87fef862004f752bf8dc6b234e31a072e7ab1bc2fdc7	/root/cj_build/reference/jdk/src/hotspot/share/gc/z/zForwarding.hpp:37
release_page	runtime/src/Heap/Collector/ZForwardingLife.h:116	runtime/src/Heap/z/zForwarding.cpp:165	cb5d13b17c5e5332756e48e5be3cdeac02d70983cb128ad356bd87c04721c4bf	/root/cj_build/reference/jdk/src/hotspot/share/gc/z/zForwarding.hpp:37
<lambda-or-initializer>	runtime/src/Heap/Collector/ZForwardingLife.h:142	runtime/src/Heap/z/zForwarding.cpp:192	2840d272c929c4c4f59e4cf01bceaf9e30e30d1428df79105d59557634a69c66	/root/cj_build/reference/jdk/src/hotspot/share/gc/z/zForwarding.hpp:37
in_place_relocation_claim_page	runtime/src/Heap/Collector/ZForwardingLife.h:141	runtime/src/Heap/z/zForwarding.cpp:191	66e3859dfd76e571894e5067e0ae3d3af1fbfe25ff0489656e84dc8862a5f47e	/root/cj_build/reference/jdk/src/hotspot/share/gc/z/zForwarding.hpp:37
detach_page	runtime/src/Heap/Collector/ZForwardingLife.h:157	runtime/src/Heap/z/zForwarding.cpp:208	89cc5fb753f3f8ce3b9f3b1bbe4bcd2d4f3a59614b1022d93d497ddef6dce1eb	/root/cj_build/reference/jdk/src/hotspot/share/gc/z/zForwarding.hpp:37
Lock	runtime/src/Heap/Collector/ZForwardingLife.h:173	runtime/src/Heap/z/zForwarding.hpp:124	5ba2965ad72c96751d07e9e16ff455b0f25f6bda24ba6ed051ead1c2dda7fd48	/root/cj_build/reference/jdk/src/hotspot/share/gc/z/zForwarding.hpp:37
NotifyAll	runtime/src/Heap/Collector/ZForwardingLife.h:182	runtime/src/Heap/z/zForwarding.hpp:133	c4ce1e3a3d9a9dc9281a33b5fe4e96f5fa24cfb9b5cd4668aab7d7870520a62d	/root/cj_build/reference/jdk/src/hotspot/share/gc/z/zForwarding.hpp:37
Make	runtime/src/Heap/Collector/zRelocate.cpp:121	runtime/src/Heap/z/zRelocate.cpp:121	d75167dfd8bdd281621339885e38361d8a6233fe6af56338818b981f577bbae9	/root/cj_build/reference/jdk/src/hotspot/share/gc/z/zRelocate.cpp:54
atexit	runtime/src/Heap/Collector/zRelocate.cpp:131	runtime/src/Heap/Collector/zRelocate.cpp:26	245ee299597c2335401b053be1937b937a1f3aed967d22ddffd286874ffae5f0	ZGC 无独立对应定义；原地保留，归 #228 / A06 / 对应机制包
NoteFwdToGateRefuse	runtime/src/Heap/Collector/zRelocate.cpp:128	runtime/src/Heap/Collector/zRelocate.cpp:23	e2ae827a662f65c4664b736272a2251dc63e34a66c75c2d01efa67ab294eb000	ZGC 无独立对应定义；原地保留，归 #228 / A06 / 对应机制包
ResetRemapYoungRootsTestReceipt	runtime/src/Heap/Collector/zRelocate.cpp:157	runtime/src/Heap/Collector/zRelocate.cpp:172	231911a985123309e15428ba2cdaefcc966b797fdc3dc72175eca3a60983e58c	ZGC 无独立对应定义；原地保留，归 #228 / A06 / 对应机制包
ReadRemapYoungRootsTestReceipt	runtime/src/Heap/Collector/zRelocate.cpp:168	runtime/src/Heap/Collector/zRelocate.cpp:183	b8eb9e4cb63eb517aa74f3dd3a69b548d63bf36cf053e224597a3df9996861de	ZGC 无独立对应定义；原地保留，归 #228 / A06 / 对应机制包
NoteRemapYoungRootsTestReceipt	runtime/src/Heap/Collector/zRelocate.cpp:180	runtime/src/Heap/Collector/zRelocate.cpp:195	6ad5b8ab2ce63b84921968685fbbe0f4d54b54955502e037c19b40a76ef01adc	ZGC 无独立对应定义；原地保留，归 #228 / A06 / 对应机制包
MRT_SetRemapWindowTestHook	runtime/src/Heap/Collector/zRelocate.cpp:205	runtime/src/Heap/Collector/zRelocate.cpp:338	c3087693a2faf47ee74d55090b0f033d2ff25bee269702bd9f91731c3d1d925c	ZGC 无独立对应定义；原地保留，归 #228 / A06 / 对应机制包
RunRemapWindowTestHook	runtime/src/Heap/Collector/zRelocate.cpp:209	runtime/src/Heap/Collector/zRelocate.cpp:342	ce3c299c2ae3b7fa3b4f7c3f590402b522035979247158c9637aaf5453c7fa56	ZGC 无独立对应定义；原地保留，归 #228 / A06 / 对应机制包
IsUnmovableFromObject	runtime/src/Heap/Collector/zRelocate.cpp:226	runtime/src/Heap/z/zRelocate.cpp:147	c438b456d11d0d50a0c5aca1e3b1205864d0a21a548cffdd14eee25f66195d0d	/root/cj_build/reference/jdk/src/hotspot/share/gc/z/zRelocate.cpp:54
CheckStoreGoodTarget	runtime/src/Heap/Collector/zRelocate.cpp:245	runtime/src/Heap/z/zRelocate.cpp:166	7a74a11eca90ddc1e13f1dbdc6e752853820fad04fc6a9871003932d3fd403cc	/root/cj_build/reference/jdk/src/hotspot/share/gc/z/zRelocate.cpp:54
TryUpdateRefFieldImpl	runtime/src/Heap/Collector/zRelocate.cpp:255	runtime/src/Heap/z/zRelocate.cpp:176	0b57920d0dc11b92682b354bbba7e41ca33319af32452121ddb0c112f940f9a0	/root/cj_build/reference/jdk/src/hotspot/share/gc/z/zRelocate.cpp:54
TryUpdateRefField	runtime/src/Heap/Collector/zRelocate.cpp:298	runtime/src/Heap/z/zRelocate.cpp:219	e2eea17b85b2c7bb0c4c42f987c00310d4302ae1e8b347b650417071b90e97fe	/root/cj_build/reference/jdk/src/hotspot/share/gc/z/zRelocate.cpp:54
TryUpdateRefFieldWithProvenance	runtime/src/Heap/Collector/zRelocate.cpp:306	runtime/src/Heap/z/zRelocate.cpp:227	b7a9115e5f96dad67e8a9dce94b1b8267b11346d52f9d4f99ac5fd5f14a76449	/root/cj_build/reference/jdk/src/hotspot/share/gc/z/zRelocate.cpp:54
TryForwardRefField	runtime/src/Heap/Collector/zRelocate.cpp:312	runtime/src/Heap/z/zRelocate.cpp:233	a220ed395b7e3103ddfc60c45dc3392a9e35f01bdfc5883fd70d6e57adbd7669	/root/cj_build/reference/jdk/src/hotspot/share/gc/z/zRelocate.cpp:54
if	runtime/src/Heap/Collector/zRelocate.cpp:340	runtime/src/Heap/z/zRelocate.cpp:261	ccbb116330eada48987c9944f609061c2c94e9c46e9a9743a3e7ffd963ce329b	/root/cj_build/reference/jdk/src/hotspot/share/gc/z/zRelocate.cpp:54
<lambda-or-initializer>	runtime/src/Heap/Collector/zRelocate.cpp:320	runtime/src/Heap/z/zRelocate.cpp:241	afec2ab73b2c52285e7f16e9a8d1fb637ce818cecf67ed8ad317d9dc0206e8ef	/root/cj_build/reference/jdk/src/hotspot/share/gc/z/zRelocate.cpp:54
TryUntagRefField	runtime/src/Heap/Collector/zRelocate.cpp:319	runtime/src/Heap/z/zRelocate.cpp:240	9bd4b3850570520371eb5d9961048137fa611735763fa1588020c9d1c9ee42e0	/root/cj_build/reference/jdk/src/hotspot/share/gc/z/zRelocate.cpp:54
FailClosedLoad	runtime/src/Heap/Collector/zRelocate.cpp:392	runtime/src/Heap/z/zRelocate.cpp:313	747556b7d340fd338810eabb303114b6215aef9230539a610225828f41de931e	/root/cj_build/reference/jdk/src/hotspot/share/gc/z/zRelocate.cpp:54
FailClosedLoad	runtime/src/Heap/Collector/zRelocate.cpp:416	runtime/src/Heap/z/zRelocate.cpp:337	747556b7d340fd338810eabb303114b6215aef9230539a610225828f41de931e	/root/cj_build/reference/jdk/src/hotspot/share/gc/z/zRelocate.cpp:54
FailClosedLoad	runtime/src/Heap/Collector/zRelocate.cpp:423	runtime/src/Heap/z/zRelocate.cpp:344	747556b7d340fd338810eabb303114b6215aef9230539a610225828f41de931e	/root/cj_build/reference/jdk/src/hotspot/share/gc/z/zRelocate.cpp:54
FailClosedLoad	runtime/src/Heap/Collector/zRelocate.cpp:1059	runtime/src/Heap/z/zRelocate.cpp:980	747556b7d340fd338810eabb303114b6215aef9230539a610225828f41de931e	/root/cj_build/reference/jdk/src/hotspot/share/gc/z/zRelocate.cpp:54
FailClosedLoad	runtime/src/Heap/Collector/zRelocate.cpp:1114	runtime/src/Heap/z/zRelocate.cpp:1035	747556b7d340fd338810eabb303114b6215aef9230539a610225828f41de931e	/root/cj_build/reference/jdk/src/hotspot/share/gc/z/zRelocate.cpp:54
ForwardUpdateRawRef	runtime/src/Heap/Collector/zRelocate.cpp:367	runtime/src/Heap/z/zRelocate.cpp:288	fe4224386bb2a5ff30f55ea68bf3548c3262d61b06433b82c546a0b35986c1ac	/root/cj_build/reference/jdk/src/hotspot/share/gc/z/zRelocate.cpp:54
VisitAllColoredRoots	runtime/src/Heap/Collector/zRelocate.cpp:464	runtime/src/Heap/z/zRelocate.cpp:385	31c6ab79bc37825f0911eee55f94821809fc3ecae2c3380529bf832ab62cc51e	/root/cj_build/reference/jdk/src/hotspot/share/gc/z/zRelocate.cpp:54
VisitAllColoredRoots	runtime/src/Heap/Collector/zRelocate.cpp:543	runtime/src/Heap/z/zRelocate.cpp:464	31c6ab79bc37825f0911eee55f94821809fc3ecae2c3380529bf832ab62cc51e	/root/cj_build/reference/jdk/src/hotspot/share/gc/z/zRelocate.cpp:54
VisitAllColoredRoots	runtime/src/Heap/Collector/zRelocate.cpp:1153	runtime/src/Heap/z/zRelocate.cpp:1074	31c6ab79bc37825f0911eee55f94821809fc3ecae2c3380529bf832ab62cc51e	/root/cj_build/reference/jdk/src/hotspot/share/gc/z/zRelocate.cpp:54
<lambda-or-initializer>	runtime/src/Heap/Collector/zRelocate.cpp:465	runtime/src/Heap/z/zRelocate.cpp:386	21d97fa924e07c5027c2131b5b1d047c5fa8ef25458c2e14076360c3f7ebbf77	/root/cj_build/reference/jdk/src/hotspot/share/gc/z/zRelocate.cpp:54
VisitStrongPlainRoots	runtime/src/Heap/Collector/zRelocate.cpp:466	runtime/src/Heap/z/zRelocate.cpp:387	ed3804027ccf0fc400a95c84ace742d921f40b12597565f92b71b24e264da47e	/root/cj_build/reference/jdk/src/hotspot/share/gc/z/zRelocate.cpp:54
RemapYoungRoots	runtime/src/Heap/Collector/zRelocate.cpp:438	runtime/src/Heap/z/zRelocate.cpp:359	2e6c8ce6d9bcd3f0d45ad31ab9e3919256959b0af88799b4226c84e0e5886776	/root/cj_build/reference/jdk/src/hotspot/share/gc/z/zRelocate.cpp:54
PreforwardDiscoveredExternObjects	runtime/src/Heap/Collector/zRelocate.cpp:482	runtime/src/Heap/z/zRelocate.cpp:403	e98b120c42329f158744b678c6d73154467ef15f97cdb90954d9eec1b11df68c	/root/cj_build/reference/jdk/src/hotspot/share/gc/z/zRelocate.cpp:54
PreforwardAllResurrectExportFromObjects	runtime/src/Heap/Collector/zRelocate.cpp:489	runtime/src/Heap/z/zRelocate.cpp:410	2f8383abf22aa44708fb5d102636b9c8e23b46a27007281c80020c4478cbbd7b	/root/cj_build/reference/jdk/src/hotspot/share/gc/z/zRelocate.cpp:54
StartRelocationTasks	runtime/src/Heap/Collector/zRelocate.cpp:495	runtime/src/Heap/z/zRelocate.cpp:416	7874072b7158fa37bdcb2acc6353dbb9c5ceb6d9b695e9157a15f079fa8b0343	/root/cj_build/reference/jdk/src/hotspot/share/gc/z/zRelocate.cpp:54
VisitStrongPlainRoots	runtime/src/Heap/Collector/zRelocate.cpp:544	runtime/src/Heap/z/zRelocate.cpp:465	0b46eb2fdeba202208206f893917a604efb67e882cf6833faf9b7646c83c02b9	/root/cj_build/reference/jdk/src/hotspot/share/gc/z/zRelocate.cpp:54
void	runtime/src/Heap/Collector/zRelocate.cpp:542	runtime/src/Heap/z/zRelocate.cpp:463	0b96fa7f2144cff55963b94a3b18670443f3119abce5ba4ddd9d1ca1f138c890	/root/cj_build/reference/jdk/src/hotspot/share/gc/z/zRelocate.cpp:54
fetch_add	runtime/src/Heap/Collector/zRelocate.cpp:556	runtime/src/Heap/z/zRelocate.cpp:477	e8af08cad4bc4ca0761050a59aacdf65f796dea099f5a520009ec01ad8c40038	/root/cj_build/reference/jdk/src/hotspot/share/gc/z/zRelocate.cpp:54
Work	runtime/src/Heap/Collector/zRelocate.cpp:555	runtime/src/Heap/z/zRelocate.cpp:476	0ccae018bd8c75ba58d2bf1e00c8766f79984ce5104861a683522103d76b557e	/root/cj_build/reference/jdk/src/hotspot/share/gc/z/zRelocate.cpp:54
Preforward	runtime/src/Heap/Collector/zRelocate.cpp:507	runtime/src/Heap/z/zRelocate.cpp:428	ec413544b8b93ce01f971374b0b50d458e3eaefb602c9c0ab8057fea326f3be1	/root/cj_build/reference/jdk/src/hotspot/share/gc/z/zRelocate.cpp:54
EnsureRouteDomainMembership	runtime/src/Heap/Collector/zRelocate.cpp:591	runtime/src/Heap/z/zRelocate.cpp:512	5d01fc41111bbcf3ec23891aa64c89177e0f079bfd622cd4699300d30da1590f	/root/cj_build/reference/jdk/src/hotspot/share/gc/z/zRelocate.cpp:54
ForceRootRouteDomainWhileForwardable	runtime/src/Heap/Collector/zRelocate.cpp:692	runtime/src/Heap/z/zRelocate.cpp:613	f2bbe1e270fdc278f0c6a8b51e766ea55a373ea14b8f3d7df08aee492e9f623c	/root/cj_build/reference/jdk/src/hotspot/share/gc/z/zRelocate.cpp:54
<lambda-or-initializer>	runtime/src/Heap/Collector/zRelocate.cpp:764	runtime/src/Heap/z/zRelocate.cpp:685	a66b44ed1d44564d195bed14baf4368158293c725619754369098ac0e11381f1	/root/cj_build/reference/jdk/src/hotspot/share/gc/z/zRelocate.cpp:54
CasInstallResolvedTarget	runtime/src/Heap/Collector/zRelocate.cpp:751	runtime/src/Heap/z/zRelocate.cpp:672	d2d40f9e873d46b71843ba35d766e0bb246845b17d73e2778e925d867c4337d7	/root/cj_build/reference/jdk/src/hotspot/share/gc/z/zRelocate.cpp:54
ResolveMinorReference	runtime/src/Heap/Collector/zRelocate.cpp:783	runtime/src/Heap/z/zRelocate.cpp:704	f9be0c7ebea5c4a95e4979942fbca67c334af89adbb03ee9ced62a31f3fab6b0	/root/cj_build/reference/jdk/src/hotspot/share/gc/z/zRelocate.cpp:54
ResolveMinorReference	runtime/src/Heap/Collector/zRelocate.cpp:811	runtime/src/Heap/z/zRelocate.cpp:732	903369bf3483c297e0c7e08e748012359c4124da71c38ac6b84b5032724ab83d	/root/cj_build/reference/jdk/src/hotspot/share/gc/z/zRelocate.cpp:54
FailClosedLoad	runtime/src/Heap/Collector/zRelocate.cpp:923	runtime/src/Heap/z/zRelocate.cpp:844	0421b6b40c28b93c221a3f7c812a7e936bae36ac49d2f04fbe5d4830ad841843	/root/cj_build/reference/jdk/src/hotspot/share/gc/z/zRelocate.cpp:54
FailClosedLoad	runtime/src/Heap/Collector/zRelocate.cpp:973	runtime/src/Heap/z/zRelocate.cpp:894	d3b6ba83a1b8b7c3165e8b82512bb610bc68cce6754599b6aaec59c930509541	/root/cj_build/reference/jdk/src/hotspot/share/gc/z/zRelocate.cpp:54
FixMinorEvacuatedSlot	runtime/src/Heap/Collector/zRelocate.cpp:838	runtime/src/Heap/z/zRelocate.cpp:759	afa36242354058023323fa8c5ac17863b71d93d2b5f9b70a58a18795418e4191	/root/cj_build/reference/jdk/src/hotspot/share/gc/z/zRelocate.cpp:54
FixMinorEvacuatedSlot	runtime/src/Heap/Collector/zRelocate.cpp:1015	runtime/src/Heap/z/zRelocate.cpp:936	c5f7db3727f96456b58c75056f66f7856d12c6c51e9fba4188df3a2ebc27f2ef	/root/cj_build/reference/jdk/src/hotspot/share/gc/z/zRelocate.cpp:54
<lambda-or-initializer>	runtime/src/Heap/Collector/zRelocate.cpp:1135	runtime/src/Heap/z/zRelocate.cpp:1056	81f05114a6d9bdf8ba4ee11405c9c846b85c8b5b3b9e1e52ee19eabb0fced7de	/root/cj_build/reference/jdk/src/hotspot/share/gc/z/zRelocate.cpp:54
FixMinorEvacuatedSlot	runtime/src/Heap/Collector/zRelocate.cpp:1130	runtime/src/Heap/z/zRelocate.cpp:1051	8ce434d5063414883f80f2dd925e331970bd9b21a755488fffd21a89108f858e	/root/cj_build/reference/jdk/src/hotspot/share/gc/z/zRelocate.cpp:54
<lambda-or-initializer>	runtime/src/Heap/Collector/zRelocate.cpp:1145	runtime/src/Heap/z/zRelocate.cpp:1066	3299cb5a338412e1ed9322547b662c61327ea0bec2d511857f45f2152654b232	/root/cj_build/reference/jdk/src/hotspot/share/gc/z/zRelocate.cpp:54
FixMinorRootSlots	runtime/src/Heap/Collector/zRelocate.cpp:1142	runtime/src/Heap/z/zRelocate.cpp:1063	27bfed6607dbabe190291d392355ae022a5b3a61d85b2dc278bb768c8d4e15ee	/root/cj_build/reference/jdk/src/hotspot/share/gc/z/zRelocate.cpp:54
ForEachRefField	runtime/src/Heap/Collector/zRelocate.cpp:1203	runtime/src/Heap/z/zRelocate.cpp:1124	ddee517b48bf5fc872ce1fafec4e317f615ff8d3b9ddac1424ac6daa2b9a3290	/root/cj_build/reference/jdk/src/hotspot/share/gc/z/zRelocate.cpp:54
FixMinorObjectSlots	runtime/src/Heap/Collector/zRelocate.cpp:1167	runtime/src/Heap/z/zRelocate.cpp:1088	27ae028f164fe39597f422c68bfe468c1b28b150bd4155726ee451481a88e3a9	/root/cj_build/reference/jdk/src/hotspot/share/gc/z/zRelocate.cpp:54
<lambda-or-initializer>	runtime/src/Heap/Collector/zRelocate.cpp:1223	runtime/src/Heap/z/zRelocate.cpp:1144	71ccda2f9bf84ded9e96b81e53a9d2ea12afe61b10b60f17ac2ae9a377c05197	/root/cj_build/reference/jdk/src/hotspot/share/gc/z/zRelocate.cpp:54
any_of	runtime/src/Heap/Collector/zRelocate.cpp:1240	runtime/src/Heap/z/zRelocate.cpp:1161	8c852a30b053d839e67c01fc5d46fbd84fed5bf677b3eba6f0a58f4695146c1d	/root/cj_build/reference/jdk/src/hotspot/share/gc/z/zRelocate.cpp:54
<lambda-or-initializer>	runtime/src/Heap/Collector/zRelocate.cpp:1238	runtime/src/Heap/z/zRelocate.cpp:1159	f715c46025911ba9f94dc352672302a880ed24570d030830b4e2046bfc89882e	/root/cj_build/reference/jdk/src/hotspot/share/gc/z/zRelocate.cpp:54
RememberedTask	runtime/src/Heap/Collector/zRelocate.cpp:1249	runtime/src/Heap/z/zRelocate.cpp:1170	44136fa355b3678a1146ad16f7e8649e94fb4fc21fe77e8310c060f61caaff8a	/root/cj_build/reference/jdk/src/hotspot/share/gc/z/zRelocate.cpp:54
Work	runtime/src/Heap/Collector/zRelocate.cpp:1250	runtime/src/Heap/z/zRelocate.cpp:1171	ae67a5c2d0971ffb9d70acc1987ff7bc6acbdecb2cfc96e5006dcc1b2c4d808f	/root/cj_build/reference/jdk/src/hotspot/share/gc/z/zRelocate.cpp:54
fetch_add	runtime/src/Heap/Collector/zRelocate.cpp:1254	runtime/src/Heap/z/zRelocate.cpp:1175	548ea1a06122ca63791e967e83a07297a148733ec71b6bebd87f1c2d4359c110	/root/cj_build/reference/jdk/src/hotspot/share/gc/z/zRelocate.cpp:54
<lambda-or-initializer>	runtime/src/Heap/Collector/zRelocate.cpp:1245	runtime/src/Heap/z/zRelocate.cpp:1166	714b729b08ce372cfc990d9c5eaeabb5706507945a3cc116c6ab696bdf9295fa	/root/cj_build/reference/jdk/src/hotspot/share/gc/z/zRelocate.cpp:54
EvacuateYoungRegions	runtime/src/Heap/Collector/zRelocate.cpp:1215	runtime/src/Heap/z/zRelocate.cpp:1136	03497147debb31c42c32180369a2efc9f802bffee5054f0d3f5c7f4cbb23f74a	/root/cj_build/reference/jdk/src/hotspot/share/gc/z/zRelocate.cpp:54
<lambda-or-initializer>	runtime/src/Heap/Collector/zRelocate.cpp:1468	runtime/src/Heap/z/zRelocate.cpp:1389	7b2111f6e1f2e3bcd7c8c1b129577eb0182eb4a773d549a59657f2df1efe9b86	/root/cj_build/reference/jdk/src/hotspot/share/gc/z/zRelocate.cpp:54
RemapPromotedField	runtime/src/Heap/Collector/zRelocate.cpp:1466	runtime/src/Heap/z/zRelocate.cpp:1387	22f1531d5cb2c0ba144e2403b9781c2112573f9c9c34ffdb3322739043d665f0	/root/cj_build/reference/jdk/src/hotspot/share/gc/z/zRelocate.cpp:54
ForEachRefField	runtime/src/Heap/Collector/zRelocate.cpp:1498	runtime/src/Heap/z/zRelocate.cpp:1419	a2267b30d146bb37dd3efe141a605096968b5c7c7ba7184280a74453ee569022	/root/cj_build/reference/jdk/src/hotspot/share/gc/z/zRelocate.cpp:54
RememberPromotedObject	runtime/src/Heap/Collector/zRelocate.cpp:1492	runtime/src/Heap/z/zRelocate.cpp:1413	63074413cf8be8e7be8a526e11ac33295ccc6e485b24627785bd02efc990fb9d	/root/cj_build/reference/jdk/src/hotspot/share/gc/z/zRelocate.cpp:54
PageTask	runtime/src/Heap/Collector/zRelocate.cpp:1530	runtime/src/Heap/z/zRelocate.cpp:1451	44136fa355b3678a1146ad16f7e8649e94fb4fc21fe77e8310c060f61caaff8a	/root/cj_build/reference/jdk/src/hotspot/share/gc/z/zRelocate.cpp:54
ForEachRefField	runtime/src/Heap/Collector/zRelocate.cpp:1546	runtime/src/Heap/z/zRelocate.cpp:1467	74bba9b9661b745587d12afa64a16366f5f541f37a3c244cfca415566c3a985b	/root/cj_build/reference/jdk/src/hotspot/share/gc/z/zRelocate.cpp:54
<lambda-or-initializer>	runtime/src/Heap/Collector/zRelocate.cpp:1538	runtime/src/Heap/z/zRelocate.cpp:1459	b0d878d1d1a07e35c412f4ebbdf989bd89cbcd500516daa283da50663a75e9f5	/root/cj_build/reference/jdk/src/hotspot/share/gc/z/zRelocate.cpp:54
fetch_add	runtime/src/Heap/Collector/zRelocate.cpp:1533	runtime/src/Heap/z/zRelocate.cpp:1454	772bf86702a5e8e4320e96eaf076c84442ac1242ee1d3a6d420029f39c9c4e04	/root/cj_build/reference/jdk/src/hotspot/share/gc/z/zRelocate.cpp:54
Work	runtime/src/Heap/Collector/zRelocate.cpp:1532	runtime/src/Heap/z/zRelocate.cpp:1453	cccbf590208aff7299c96267d301ca874a87312859f05b07752710ac310f4f31	/root/cj_build/reference/jdk/src/hotspot/share/gc/z/zRelocate.cpp:54
task	runtime/src/Heap/Collector/zRelocate.cpp:1562	runtime/src/Heap/z/zRelocate.cpp:1483	67a7b21f72eb01ad09ec884daba6191d1105f7409759193db7faf15cac81257d	/root/cj_build/reference/jdk/src/hotspot/share/gc/z/zRelocate.cpp:54
RememberFlipPromotedPages	runtime/src/Heap/Collector/zRelocate.cpp:1519	runtime/src/Heap/z/zRelocate.cpp:1440	1a20a463de428fd1f75e3a19d958c8cc3c2a58f0c3b2e00d89a8fbf3baad3fbb	/root/cj_build/reference/jdk/src/hotspot/share/gc/z/zRelocate.cpp:54
<lambda-or-initializer>	runtime/src/Heap/Collector/zRelocate.cpp:1662	runtime/src/Heap/z/zRelocate.cpp:1583	56839308bea181050c08f7349f7336847883c41adf1a22d48f60af414c0fcb2c	/root/cj_build/reference/jdk/src/hotspot/share/gc/z/zRelocate.cpp:54
ClassifyCompactedMiss	runtime/src/Heap/Collector/zRelocate.cpp:1617	runtime/src/Heap/z/zRelocate.cpp:1538	80c19b832f6582883fe7849facc777c833b179c33af2f1cb05a511231b225c08	/root/cj_build/reference/jdk/src/hotspot/share/gc/z/zRelocate.cpp:54
WaitForPageForwarding	runtime/src/Heap/Collector/zRelocate.cpp:1711	runtime/src/Heap/z/zRelocate.cpp:1632	1810287141d1cb6ee8492bf6b47db56c764be6e298317ad79b63516fa82f1f6a	/root/cj_build/reference/jdk/src/hotspot/share/gc/z/zRelocate.cpp:54
TryMutatorRelocate	runtime/src/Heap/Collector/zRelocate.cpp:1725	runtime/src/Heap/z/zRelocate.cpp:1646	01eeba826f0bc53abd1549562a42f301cb1377d5412397376667d1960994ca73	/root/cj_build/reference/jdk/src/hotspot/share/gc/z/zRelocate.cpp:54
JudgeHandOutTarget	runtime/src/Heap/Collector/zRelocate.cpp:1851	runtime/src/Heap/z/zRelocate.cpp:1772	44136fa355b3678a1146ad16f7e8649e94fb4fc21fe77e8310c060f61caaff8a	/root/cj_build/reference/jdk/src/hotspot/share/gc/z/zRelocate.cpp:54
<lambda-or-initializer>	runtime/src/Heap/Collector/zRelocate.cpp:1770	runtime/src/Heap/z/zRelocate.cpp:1691	cbff6f8a507e2dc96be19d237525e5f83f4b9c5423a1fc72f2792b1db963e860	/root/cj_build/reference/jdk/src/hotspot/share/gc/z/zRelocate.cpp:54
ResolveStoreValue	runtime/src/Heap/Collector/zRelocate.cpp:1764	runtime/src/Heap/z/zRelocate.cpp:1685	78db092687a66f6836e8f4352b9803cf264d800f9448da38fcb3e34e7546e962	/root/cj_build/reference/jdk/src/hotspot/share/gc/z/zRelocate.cpp:54
ForwardObject	runtime/src/Heap/Collector/zRelocate.cpp:1919	runtime/src/Heap/z/zRelocate.cpp:1840	2c2204793114e34910690900f7857319e5c223b96ad133f0f58a4f602191f385	/root/cj_build/reference/jdk/src/hotspot/share/gc/z/zRelocate.cpp:54
if	runtime/src/Heap/Collector/zRelocate.cpp:2014	runtime/src/Heap/z/zRelocate.cpp:1935	5fdb1b2c1cf78e14c1ca6a424bb8ab4cd358e39c59d8c6ff0b91dcbcc7292ace	/root/cj_build/reference/jdk/src/hotspot/share/gc/z/zRelocate.cpp:54
if	runtime/src/Heap/Collector/zRelocate.cpp:2025	runtime/src/Heap/z/zRelocate.cpp:1946	acc2e407171bee02d4b836ec57baf65cd82292222f888819140f1b1c268a9739	/root/cj_build/reference/jdk/src/hotspot/share/gc/z/zRelocate.cpp:54
if	runtime/src/Heap/Collector/zRelocate.cpp:2029	runtime/src/Heap/z/zRelocate.cpp:1950	37d01e36c0627426941e189073cfcb791204514b266911f51f1758a79727b555	/root/cj_build/reference/jdk/src/hotspot/share/gc/z/zRelocate.cpp:54
if	runtime/src/Heap/Collector/zRelocate.cpp:2033	runtime/src/Heap/z/zRelocate.cpp:1954	854377e9ea40a26764b1fd09b8f69347084dbb4414bb4afe3785b8350224db5d	/root/cj_build/reference/jdk/src/hotspot/share/gc/z/zRelocate.cpp:54
if	runtime/src/Heap/Collector/zRelocate.cpp:2037	runtime/src/Heap/z/zRelocate.cpp:1958	3413ebb97f1962eaa7856650e5f144bff9d9482dad7be32ce8f3399dc5e3cbf4	/root/cj_build/reference/jdk/src/hotspot/share/gc/z/zRelocate.cpp:54
if	runtime/src/Heap/Collector/zRelocate.cpp:2055	runtime/src/Heap/z/zRelocate.cpp:1976	6c3e7b337796c8a13e57b04781e6e8a62f95d319f0e663dd489f591388738499	/root/cj_build/reference/jdk/src/hotspot/share/gc/z/zRelocate.cpp:54
if	runtime/src/Heap/Collector/zRelocate.cpp:2075	runtime/src/Heap/z/zRelocate.cpp:1996	669157efdd13e681f1530d74af29f6772fd76999fa5ffbf662113893b8f9a11e	/root/cj_build/reference/jdk/src/hotspot/share/gc/z/zRelocate.cpp:54
if	runtime/src/Heap/Collector/zRelocate.cpp:2086	runtime/src/Heap/z/zRelocate.cpp:2007	fe2c68d589b9b20aefeabac1e8029a6fb9b44a248de341cf9a46cbc4da83af6c	/root/cj_build/reference/jdk/src/hotspot/share/gc/z/zRelocate.cpp:54
if	runtime/src/Heap/Collector/zRelocate.cpp:2096	runtime/src/Heap/z/zRelocate.cpp:2017	bd55285952e421380efd16ddbb1a113b85713156ef272a5011a90a058350b48b	/root/cj_build/reference/jdk/src/hotspot/share/gc/z/zRelocate.cpp:54
if	runtime/src/Heap/Collector/zRelocate.cpp:2068	runtime/src/Heap/z/zRelocate.cpp:1989	9b31e2a0e183be33185ff8805c9e11feea20a19bef4f9de9b849cd5062618c94	/root/cj_build/reference/jdk/src/hotspot/share/gc/z/zRelocate.cpp:54
FindToVersion	runtime/src/Heap/Collector/zRelocate.cpp:2146	runtime/src/Heap/z/zRelocate.cpp:2067	e8cec4e36bda6aa1ef529a67c9291e511c001bb2acc9cf880b22166bd830b697	/root/cj_build/reference/jdk/src/hotspot/share/gc/z/zRelocate.cpp:54
FindToVersion	runtime/src/Heap/Collector/zRelocate.cpp:2150	runtime/src/Heap/z/zRelocate.cpp:2071	e8cec4e36bda6aa1ef529a67c9291e511c001bb2acc9cf880b22166bd830b697	/root/cj_build/reference/jdk/src/hotspot/share/gc/z/zRelocate.cpp:54
ContextScope	runtime/src/Heap/Collector/zRelocate.cpp:2170	runtime/src/Heap/z/zRelocate.cpp:2091	ff1a9d221d02248330f951edffcc80c3d6db3a51cc117f5c2f0d84193daea3ca	/root/cj_build/reference/jdk/src/hotspot/share/gc/z/zRelocate.cpp:54
~ContextScope	runtime/src/Heap/Collector/zRelocate.cpp:2173	runtime/src/Heap/z/zRelocate.cpp:2094	6766bbaf2bda173821d85e0e1a37013b72f180b3eefcfd990ebde7688e94135b	/root/cj_build/reference/jdk/src/hotspot/share/gc/z/zRelocate.cpp:54
RouteLookupForTest	runtime/src/Heap/Collector/zRelocate.cpp:2162	runtime/src/Heap/z/zRelocate.cpp:2083	9b4ba23826670d58541494cdfe296e8144ab2dc86c84b4c7c977edf6644a5fc7	/root/cj_build/reference/jdk/src/hotspot/share/gc/z/zRelocate.cpp:54
if	runtime/src/Heap/Collector/zRelocate.cpp:2195	runtime/src/Heap/z/zRelocate.cpp:2116	609a20ec7c516581731e1a969ffe773e188d4cda1f39d98e23ff788599b0b7fe	/root/cj_build/reference/jdk/src/hotspot/share/gc/z/zRelocate.cpp:54
ForwardObjectImpl	runtime/src/Heap/Collector/zRelocate.cpp:2182	runtime/src/Heap/z/zRelocate.cpp:2103	202f08fd56c3719138eb936b6b9ab52cd759cd26c29aad9c1986b82e4b17bed9	/root/cj_build/reference/jdk/src/hotspot/share/gc/z/zRelocate.cpp:54
ForwardObjectExclusive	runtime/src/Heap/Collector/zRelocate.cpp:2225	runtime/src/Heap/z/zRelocate.cpp:2146	fb2a7154bf489aa426c7ba04b49525dd2534f5d9f453719f3f55bc0b65b7f321	/root/cj_build/reference/jdk/src/hotspot/share/gc/z/zRelocate.cpp:54
UpdateRemsetForFields	runtime/src/Heap/Collector/zRelocate.cpp:2237	runtime/src/Heap/z/zRelocate.cpp:2158	4d62c17a67c6060b3e41a34cde829b273be5ef2e777048836626c16423c49739	/root/cj_build/reference/jdk/src/hotspot/share/gc/z/zRelocate.cpp:54
RelocateObjectInner	runtime/src/Heap/Collector/zRelocate.cpp:2262	runtime/src/Heap/z/zRelocate.cpp:2183	ed4129cf7edb710fc31dd6245a377be63fb1375dc81f9c2920080e854de515c9	/root/cj_build/reference/jdk/src/hotspot/share/gc/z/zRelocate.cpp:54
ForwardObjectExclusive	runtime/src/Heap/Collector/zRelocate.cpp:2331	runtime/src/Heap/z/zRelocate.cpp:2252	cc09a7d08a80b297a274d16066319f150cdddf5bcbd99b9b6605d7bd77b2c7a9	/root/cj_build/reference/jdk/src/hotspot/share/gc/z/zRelocate.cpp:54
TryForwardObject	runtime/src/Heap/Collector/zRelocate.cpp:2000	runtime/src/Heap/z/zRelocate.cpp:1921	5c00c1c7350b190bc66d603fb6ea296ac91e16289e072f669c6c944eae337519	/root/cj_build/reference/jdk/src/hotspot/share/gc/z/zRelocate.cpp:54
Work	runtime/src/Heap/Collector/zRelocate.cpp:2340	runtime/src/Heap/z/zRelocate.cpp:2261	849156f4a39f83dd65f00e88a807e771b1430a52d659e2c6b70028d4fec301e1	/root/cj_build/reference/jdk/src/hotspot/share/gc/z/zRelocate.cpp:54
StartForwardFromRegions	runtime/src/Heap/Collector/zRelocate.cpp:2347	runtime/src/Heap/z/zRelocate.cpp:2268	891d81e069c96b93922a09e73a74b1c536f571983b2a869ca5e4b193d93a302c	/root/cj_build/reference/jdk/src/hotspot/share/gc/z/zRelocate.cpp:54
DrainForwardFromRegions	runtime/src/Heap/Collector/zRelocate.cpp:2357	runtime/src/Heap/z/zRelocate.cpp:2278	fcecb4895cee16bd78430921037903aabc030803cb8aa4259d935bbe312442f0	/root/cj_build/reference/jdk/src/hotspot/share/gc/z/zRelocate.cpp:54
ForwardFromRegions	runtime/src/Heap/Collector/zRelocate.cpp:2372	runtime/src/Heap/z/zRelocate.cpp:2293	3e6ca3b99272b9e8cf0d6fe10fc57c3d0a95e8f06c2d4630b2690f57b072289a	/root/cj_build/reference/jdk/src/hotspot/share/gc/z/zRelocate.cpp:54
ForwardClaimedPage	runtime/src/Heap/Collector/zRelocate.cpp:2384	runtime/src/Heap/z/zRelocate.cpp:2305	7eff48baddbb32896e7784d9bbde0bd666b94cb7c6631288c9e537fa5070b466	/root/cj_build/reference/jdk/src/hotspot/share/gc/z/zRelocate.cpp:54
WaitCopiedObjectsUnlocked	runtime/src/Heap/Collector/zRelocate.cpp:2409	runtime/src/Heap/z/zRelocate.cpp:2330	8ff34f6b598d74b8670030d64d1456d06e2809d47f3ec4972feb29133c7d299e	/root/cj_build/reference/jdk/src/hotspot/share/gc/z/zRelocate.cpp:54
ForEachLiveObjectStart	runtime/src/Heap/Collector/zRelocate.cpp:2418	runtime/src/Heap/z/zRelocate.cpp:2339	82a7dc2aa533a545c6810ebd6f293b2aa03d91cb2860d3fb7fe0fb5f4f6fe4d5	/root/cj_build/reference/jdk/src/hotspot/share/gc/z/zRelocate.cpp:54
VerifyForwardingReceiptsClosed	runtime/src/Heap/Collector/zRelocate.cpp:2444	runtime/src/Heap/z/zRelocate.cpp:2365	52064a0a63de59b476ddece1c644abb46e319a36881a97c2e7b53be06def9f39	/root/cj_build/reference/jdk/src/hotspot/share/gc/z/zRelocate.cpp:54
ParkUnmovableFromRegion	runtime/src/Heap/Collector/zRelocate.cpp:2503	runtime/src/Heap/z/zRelocate.cpp:2424	dae8a6efb136284dbec19e78382cc413b0e3fd948850650cf1f4e8030fa5cc27	/root/cj_build/reference/jdk/src/hotspot/share/gc/z/zRelocate.cpp:54
ExemptFromRegion	runtime/src/Heap/Collector/zRelocate.cpp:2517	runtime/src/Heap/z/zRelocate.cpp:2438	64ce6ed37ed592208e721c7111f754fc2d749a65619983e53ae55af153c0faf4	/root/cj_build/reference/jdk/src/hotspot/share/gc/z/zRelocate.cpp:54
IncompleteRouteUnpublished	runtime/src/Heap/Collector/zRelocate.cpp:2523	runtime/src/Heap/z/zRelocate.cpp:2444	fc676f3443a83a0bb286db187ce8bdc459e4f40ce63fd84f3bf5bcd00e496a39	/root/cj_build/reference/jdk/src/hotspot/share/gc/z/zRelocate.cpp:54
<lambda-or-initializer>	runtime/src/Heap/Collector/zRelocate.cpp:2538	runtime/src/Heap/z/zRelocate.cpp:2459	2b9c6269500d8ca7827852fa3df378e107e03bcd20966d7fe4efb9a4267f7262	/root/cj_build/reference/jdk/src/hotspot/share/gc/z/zRelocate.cpp:54
FinishIncompleteFromRegions	runtime/src/Heap/Collector/zRelocate.cpp:2535	runtime/src/Heap/z/zRelocate.cpp:2456	019932a1b259824c0eb9fbf21c44056bc12da77501f4efc968e9307c1443fed9	/root/cj_build/reference/jdk/src/hotspot/share/gc/z/zRelocate.cpp:54
if	runtime/src/Heap/Collector/zRelocate.cpp:2648	runtime/src/Heap/z/zRelocate.cpp:2569	5528b219fb85232e7ee589532b4e12689d2aea968cd1375e0e8dc425c274ed16	/root/cj_build/reference/jdk/src/hotspot/share/gc/z/zRelocate.cpp:54
CollectFromSpaceGarbage	runtime/src/Heap/Collector/zRelocate.cpp:2627	runtime/src/Heap/z/zRelocate.cpp:2548	b297031e4ddd9f809adca3c75bd5d638ebe89176bb93fea369a9e2814d07f753	/root/cj_build/reference/jdk/src/hotspot/share/gc/z/zRelocate.cpp:54
ForwardFromRegions	runtime/src/Heap/Collector/zRelocate.cpp:2663	runtime/src/Heap/z/zRelocate.cpp:2584	6a8e3731515c0f58eb5d2f3f47fa52fc7ea71b30b9b80574837589c0d0919d87	/root/cj_build/reference/jdk/src/hotspot/share/gc/z/zRelocate.cpp:54
ForEachLiveObjectStart	runtime/src/Heap/Collector/zRelocate.cpp:2682	runtime/src/Heap/z/zRelocate.cpp:2603	fde98d056029a465a61105c90a5613e04d18c80fac24776b12f4c20e3be94c71	/root/cj_build/reference/jdk/src/hotspot/share/gc/z/zRelocate.cpp:54
RelocateClaimedPage	runtime/src/Heap/Collector/zRelocate.cpp:2676	runtime/src/Heap/z/zRelocate.cpp:2597	bad2dcdbe199e31f451777e3d0affd96538843cc2fd2e1c2408bb36ea2f80544	/root/cj_build/reference/jdk/src/hotspot/share/gc/z/zRelocate.cpp:54
ForEachLiveObjectStart	runtime/src/Heap/Collector/zRelocate.cpp:2734	runtime/src/Heap/z/zRelocate.cpp:2655	433e6ea3470be5663a09f0eefbf49aad8317b2794dd93ac7b5d320e3f4fd49bc	/root/cj_build/reference/jdk/src/hotspot/share/gc/z/zRelocate.cpp:54
CompactRegion	runtime/src/Heap/Collector/zRelocate.cpp:2703	runtime/src/Heap/z/zRelocate.cpp:2624	851de614c3f5dc32a327923f994e4590fd9f79759e4e469cd89f2ede060d84b0	/root/cj_build/reference/jdk/src/hotspot/share/gc/z/zRelocate.cpp:54
EnlistCompactedRegionForAllocator	runtime/src/Heap/Collector/zRelocate.cpp:2786	runtime/src/Heap/z/zRelocate.cpp:2707	6aac766825540c713f7e9df93f8061ebc3c7ec6251a6823cd885209ff3a1436c	/root/cj_build/reference/jdk/src/hotspot/share/gc/z/zRelocate.cpp:54
RehomeCompactedInPlaceRegion	runtime/src/Heap/Collector/zRelocate.cpp:2831	runtime/src/Heap/z/zRelocate.cpp:2752	5b6924c47869fdb109175ec590c7038a601ebbc7624a64d374e6dcb64a4584ef	/root/cj_build/reference/jdk/src/hotspot/share/gc/z/zRelocate.cpp:54
ForEachLiveObjectStart	runtime/src/Heap/Collector/zRelocate.cpp:2889	runtime/src/Heap/z/zRelocate.cpp:2810	c9b8ae9bfa547dcc2e4a026eea633f4856dc8ebd4ec73104d7c4eb02230629de	/root/cj_build/reference/jdk/src/hotspot/share/gc/z/zRelocate.cpp:54
CompactRegion	runtime/src/Heap/Collector/zRelocate.cpp:2860	runtime/src/Heap/z/zRelocate.cpp:2781	44337ce7f0ca37f79cd58a5275c9c75834bc12dc841c4b5587f4d61438f2551f	/root/cj_build/reference/jdk/src/hotspot/share/gc/z/zRelocate.cpp:54
StayYoungThisCycle	runtime/src/Heap/Collector/zRelocate.cpp:2944	runtime/src/Heap/z/zRelocate.cpp:2865	70c8a8b9b072f2115908d34f3f919c52478353827b836f1971596ac2a5cf35e9	/root/cj_build/reference/jdk/src/hotspot/share/gc/z/zRelocate.cpp:54
BumpYoungSurvivorAge	runtime/src/Heap/Collector/zRelocate.cpp:2955	runtime/src/Heap/z/zRelocate.cpp:2876	a65aacfc2ebbbde02c0b45f83dbdf0747f2299dd1e45311d42df3b3a1e24dc4a	/root/cj_build/reference/jdk/src/hotspot/share/gc/z/zRelocate.cpp:54
FinishStayYoungInPlace	runtime/src/Heap/Collector/zRelocate.cpp:2963	runtime/src/Heap/z/zRelocate.cpp:2884	c48951c70b856ccbb8b21baa004e36803920b3b87d53da3bfd3b6c61e3633061	/root/cj_build/reference/jdk/src/hotspot/share/gc/z/zRelocate.cpp:54
EnlistStayYoungSurvivor	runtime/src/Heap/Collector/zRelocate.cpp:2981	runtime/src/Heap/z/zRelocate.cpp:2902	0205c8a684d92299b9ada58727ceb891bc52f86a91021be3b7a2228a53093fe7	/root/cj_build/reference/jdk/src/hotspot/share/gc/z/zRelocate.cpp:54
~VerifyAfterRelocation	runtime/src/Heap/Collector/zRelocate.cpp:3029	runtime/src/Heap/z/zRelocate.cpp:2950	d3d6e358131f1f48c62f557547589b5efacec4a017552864c24f80b578b29fac	/root/cj_build/reference/jdk/src/hotspot/share/gc/z/zRelocate.cpp:54
VisitLiveObjectsUntilFalse	runtime/src/Heap/Collector/zRelocate.cpp:3190	runtime/src/Heap/z/zRelocate.cpp:3111	11759dce00292c7d9b5d35f57e6953f6b669bb49f4484b4bdb6076a1df334723	/root/cj_build/reference/jdk/src/hotspot/share/gc/z/zRelocate.cpp:54
<lambda-or-initializer>	runtime/src/Heap/Collector/zRelocate.cpp:3233	runtime/src/Heap/z/zRelocate.cpp:3154	66e91bc0303a7434318148b29b0d64d4bed483dd7ff19bba2be1e637d759621c	/root/cj_build/reference/jdk/src/hotspot/share/gc/z/zRelocate.cpp:54
<lambda-or-initializer>	runtime/src/Heap/Collector/zRelocate.cpp:3257	runtime/src/Heap/z/zRelocate.cpp:3178	613aab31315d385ae27445124c829acf7dde8e3adb9b4c8abc5c6041c0af4b97	/root/cj_build/reference/jdk/src/hotspot/share/gc/z/zRelocate.cpp:54
<lambda-or-initializer>	runtime/src/Heap/Collector/zRelocate.cpp:3288	runtime/src/Heap/z/zRelocate.cpp:3209	5a1148a5e6044cad38e34f48d1e85d9c013064c922eba14e8628394b7dee8e1f	/root/cj_build/reference/jdk/src/hotspot/share/gc/z/zRelocate.cpp:54
<lambda-or-initializer>	runtime/src/Heap/Collector/zRelocate.cpp:3298	runtime/src/Heap/z/zRelocate.cpp:3219	ad01654dc088a0c712e3ebfd115597c7f9026e3ab384d24e02ff164d5af45e67	/root/cj_build/reference/jdk/src/hotspot/share/gc/z/zRelocate.cpp:54
<lambda-or-initializer>	runtime/src/Heap/Collector/zRelocate.cpp:3232	runtime/src/Heap/z/zRelocate.cpp:3153	ea1178a9f5cff2100ed23cb3a9ab9423bdeba37ada06df9f59ed2b9824e6b129	/root/cj_build/reference/jdk/src/hotspot/share/gc/z/zRelocate.cpp:54
VisitLiveObjectsUntilFalse	runtime/src/Heap/Collector/zRelocate.cpp:3307	runtime/src/Heap/z/zRelocate.cpp:3228	6bd7a9a61983b53f2d82b036fd0f295e5945f71611352daf41001784772595e6	/root/cj_build/reference/jdk/src/hotspot/share/gc/z/zRelocate.cpp:54
ForwardRegion	runtime/src/Heap/Collector/zRelocate.cpp:3021	runtime/src/Heap/z/zRelocate.cpp:2942	1f52e9b9784e08cf77488bdafa7088ec2451c2730126d599dbf0bfa4df208648	/root/cj_build/reference/jdk/src/hotspot/share/gc/z/zRelocate.cpp:54
GetRelocationRequestQueue	runtime/src/Heap/Collector/zRelocate.hpp:25	runtime/src/Heap/z/zPageAllocator.inline.hpp:486	b40a9ad0e7f5857a1fec9f7fdcb6b2a70e771077e01c4e6c3f060d07f21c559f	/root/cj_build/reference/jdk/src/hotspot/share/gc/z/zPageAllocator.inline.hpp:29
<lambda-or-initializer>	runtime/src/Heap/Collector/zRelocate.hpp:45	runtime/src/Heap/z/zPageAllocator.inline.hpp:506	73a2e0a0f1b09f9235e5b405a175b9953003703c6fedef624ab16a736ba388fb	/root/cj_build/reference/jdk/src/hotspot/share/gc/z/zPageAllocator.inline.hpp:29
ExecuteForwardTask	runtime/src/Heap/Collector/zRelocate.hpp:20	runtime/src/Heap/z/zPageAllocator.inline.hpp:481	6e4f4cd68b1c9201c9fcea406fe93fd74594631f69be2048a0dc22fca2ace3ab	/root/cj_build/reference/jdk/src/hotspot/share/gc/z/zPageAllocator.inline.hpp:29
ForwardTask	runtime/src/Heap/Collector/zRelocate.hpp:72	runtime/src/Heap/z/zPageAllocator.inline.hpp:533	44136fa355b3678a1146ad16f7e8649e94fb4fc21fe77e8310c060f61caaff8a	/root/cj_build/reference/jdk/src/hotspot/share/gc/z/zPageAllocator.inline.hpp:29
visibility	runtime/src/Heap/Collector/zRelocate.hpp:79	runtime/src/Heap/z/zPageAllocator.inline.hpp:540	0af0951d5be28e51d9526bb86b9a90f9789bdbedb9f817368330321dcd70db44	/root/cj_build/reference/jdk/src/hotspot/share/gc/z/zPageAllocator.inline.hpp:29
RouteIsPublished	runtime/src/Heap/Collector/zRelocate.hpp:89	runtime/src/Heap/z/zPageAllocator.inline.hpp:550	fee904b7bf157dc8053214d299316eeda4dcb5aefa3ecced5e4d0dba1c553eaa	/root/cj_build/reference/jdk/src/hotspot/share/gc/z/zPageAllocator.inline.hpp:29
FindPublishedRoute	runtime/src/Heap/Collector/zRelocate.hpp:100	runtime/src/Heap/z/zPageAllocator.inline.hpp:561	b01a5d10713a43a7a1cb468f688aa35ca6a73ca3ab08912527b56ca169a45477	/root/cj_build/reference/jdk/src/hotspot/share/gc/z/zPageAllocator.inline.hpp:29
FindPublishedRoute	runtime/src/Heap/Collector/zRelocate.hpp:109	runtime/src/Heap/z/zPageAllocator.inline.hpp:570	2125713780660de8df3fba0a30bc4ee846becb4b04f3190ae8c26b4d1c12a84a	/root/cj_build/reference/jdk/src/hotspot/share/gc/z/zPageAllocator.inline.hpp:29
RouteRegion	runtime/src/Heap/Collector/zRelocate.hpp:122	runtime/src/Heap/z/zPageAllocator.inline.hpp:583	088427589734f6bdf31e3bd17dc6d7e86ed3a8f0f634003b1fe57d0611e93ed5	/root/cj_build/reference/jdk/src/hotspot/share/gc/z/zPageAllocator.inline.hpp:29
ComputeRoute	runtime/src/Heap/Collector/zRelocate.hpp:171	runtime/src/Heap/z/zPageAllocator.inline.hpp:632	8c0a9a0fbaea1d0bbb8f90155272949fe0dcdbfc654ad9e0d255b6d7ae35a6d0	/root/cj_build/reference/jdk/src/hotspot/share/gc/z/zPageAllocator.inline.hpp:29
ComputeRouteBorrowed	runtime/src/Heap/Collector/zRelocate.hpp:181	runtime/src/Heap/z/zPageAllocator.inline.hpp:642	d5410baa7a16ddae047d563f009b4ac204975841c63fd399403629bad1f1455e	/root/cj_build/reference/jdk/src/hotspot/share/gc/z/zPageAllocator.inline.hpp:29
PostTrace	runtime/src/Heap/Collector/zRelocationSet.cpp:64	runtime/src/Heap/z/zRelocationSet.cpp:64	4a5fe45dcd9f9e3b8de435a04e17bb3ce3aec62afef7e95de7c0f5d66023aa32	/root/cj_build/reference/jdk/src/hotspot/share/gc/z/zRelocationSet.cpp:39
CollectSmallSpace	runtime/src/Heap/Collector/zRelocationSet.cpp:88	runtime/src/Heap/z/zRelocationSet.cpp:88	66683c4327f0cdfa1541256727c60e34d2364b525bfb1fba429cea2fce3bf28c	/root/cj_build/reference/jdk/src/hotspot/share/gc/z/zRelocationSet.cpp:39
AddFlipPromotedPage	runtime/src/Heap/Collector/zRelocationSet.cpp:118	runtime/src/Heap/z/zRelocationSet.cpp:118	de4fc416acca8cc22e8015201d16f27cf5aa27aafa4bdc66d6974da25bac5aa0	/root/cj_build/reference/jdk/src/hotspot/share/gc/z/zRelocationSet.cpp:39
VisitAllGhostRegions	runtime/src/Heap/Collector/zRelocationSet.inline.hpp:22	runtime/src/Heap/z/zRelocationSet.inline.hpp:22	79ca6ec714c195b76d8cdc52a544da3bf05aaebde90e14bdd15a45ab280de631	/root/cj_build/reference/jdk/src/hotspot/share/gc/z/zRelocationSet.inline.hpp:31
constexpr	runtime/src/Heap/Collector/zRelocationSet.inline.hpp:73	runtime/src/Heap/z/zRelocationSet.inline.hpp:73	8e3b0e43614282ab0f629e4594d0f91effe70771ca665f584768d5b46f8de7bc	/root/cj_build/reference/jdk/src/hotspot/share/gc/z/zRelocationSet.inline.hpp:31
VisitAllRegions	runtime/src/Heap/Collector/zRelocationSet.inline.hpp:88	runtime/src/Heap/z/zRelocationSet.inline.hpp:88	84e7d88dd09d23ae86a5e747bd07794cb8f1720d88ce5df20e8fff7277133bd0	/root/cj_build/reference/jdk/src/hotspot/share/gc/z/zRelocationSet.inline.hpp:31
PrepareFromRegionList	runtime/src/Heap/Collector/zRelocationSet.inline.hpp:15	runtime/src/Heap/z/zRelocationSet.inline.hpp:15	f7c6a65821cb1168b75b5f77af956fdd27c127334224ff99ef2b8ae28fc8583a	/root/cj_build/reference/jdk/src/hotspot/share/gc/z/zRelocationSet.inline.hpp:31
ReassembleFromSpace	runtime/src/Heap/Collector/zRelocationSetSelector.cpp:59	runtime/src/Heap/z/zRelocationSetSelector.cpp:59	a7f408885d39ebd3afaeb3a5f332c7f22206aedb17abfe4a5f4279c4a8fece2b	/root/cj_build/reference/jdk/src/hotspot/share/gc/z/zRelocationSetSelector.cpp:36
CountLiveObject	runtime/src/Heap/Collector/zRelocationSetSelector.cpp:64	runtime/src/Heap/z/zRelocationSetSelector.cpp:64	67545204a34bc170f3113c09e21d1abed0967802fe26f5dcf6021b58a4e16aa1	/root/cj_build/reference/jdk/src/hotspot/share/gc/z/zRelocationSetSelector.cpp:36
VisitAllRegions	runtime/src/Heap/Collector/zRelocationSetSelector.cpp:107	runtime/src/Heap/z/zRelocationSetSelector.cpp:107	4bd4a62055bf507942d026b9b7db3294341847194c7da10da85a0ffaa93d2ca7	/root/cj_build/reference/jdk/src/hotspot/share/gc/z/zRelocationSetSelector.cpp:36
AssembleSmallGarbageCandidates	runtime/src/Heap/Collector/zRelocationSetSelector.cpp:70	runtime/src/Heap/z/zRelocationSetSelector.cpp:70	70a1e8b75d95ab3aa0189780849100f89596f1e608a37acf202ff00d3e028bac	/root/cj_build/reference/jdk/src/hotspot/share/gc/z/zRelocationSetSelector.cpp:36
GetNextRegion	runtime/src/Heap/Collector/zRelocationSetSelector.cpp:116	runtime/src/Heap/z/zRelocationSetSelector.cpp:116	4bd4a62055bf507942d026b9b7db3294341847194c7da10da85a0ffaa93d2ca7	/root/cj_build/reference/jdk/src/hotspot/share/gc/z/zRelocationSetSelector.cpp:36
AssembleLargeGarbageCandidates	runtime/src/Heap/Collector/zRelocationSetSelector.cpp:114	runtime/src/Heap/z/zRelocationSetSelector.cpp:114	64f556415e043afb503edb6ad1b7733fee93f0280325789f3d25a9597f3f7b04	/root/cj_build/reference/jdk/src/hotspot/share/gc/z/zRelocationSetSelector.cpp:36
VisitAllRegions	runtime/src/Heap/Collector/zRelocationSetSelector.cpp:125	runtime/src/Heap/z/zRelocationSetSelector.cpp:125	21ac2e14d49a83cd398dcfce12ef8778f0a80bb50c48ed8f5e93c345cb1ee5c6	/root/cj_build/reference/jdk/src/hotspot/share/gc/z/zRelocationSetSelector.cpp:36
<lambda-or-initializer>	runtime/src/Heap/Collector/zRelocationSetSelector.cpp:124	runtime/src/Heap/z/zRelocationSetSelector.cpp:124	a5bff843f9637fd24e0d96d8f1fd337764a4b91adf8c456086255271aaccfaae	/root/cj_build/reference/jdk/src/hotspot/share/gc/z/zRelocationSetSelector.cpp:36
ClearNotRelocatableThisCycleFlags	runtime/src/Heap/Collector/zRelocationSetSelector.cpp:123	runtime/src/Heap/z/zRelocationSetSelector.cpp:123	1c666e7014246c236f052c89013f8689cfb7b942a9296035c627cea52081551b	/root/cj_build/reference/jdk/src/hotspot/share/gc/z/zRelocationSetSelector.cpp:36
VisitAllRegions	runtime/src/Heap/Collector/zRelocationSetSelector.cpp:154	runtime/src/Heap/z/zRelocationSetSelector.cpp:154	5866a0381c3218e0e7461e1afff2c8c9e1dafa2123bb732ccc7ab7b4ce3d1993	/root/cj_build/reference/jdk/src/hotspot/share/gc/z/zRelocationSetSelector.cpp:36
<lambda-or-initializer>	runtime/src/Heap/Collector/zRelocationSetSelector.cpp:153	runtime/src/Heap/z/zRelocationSetSelector.cpp:153	753694a04d8936e1e9907318dfbc739885e6c058422df80fbc7a5c80dc0378f9	/root/cj_build/reference/jdk/src/hotspot/share/gc/z/zRelocationSetSelector.cpp:36
ClearRouteDestHoldFlags	runtime/src/Heap/Collector/zRelocationSetSelector.cpp:152	runtime/src/Heap/z/zRelocationSetSelector.cpp:152	70f72d741fc56e8efd7d5c116d96648340c55eb701e975622a7783b0574a11ef	/root/cj_build/reference/jdk/src/hotspot/share/gc/z/zRelocationSetSelector.cpp:36
AssemblePinnedGarbageCandidates	runtime/src/Heap/Collector/zRelocationSetSelector.cpp:174	runtime/src/Heap/z/zRelocationSetSelector.cpp:174	397ba0cd7fb456fad40b497fba47da52359fe7828e2ff60a1e669930c4d119d6	/root/cj_build/reference/jdk/src/hotspot/share/gc/z/zRelocationSetSelector.cpp:36
PrepareYoungGarbageCandidates	runtime/src/Heap/Collector/zRelocationSetSelector.cpp:190	runtime/src/Heap/z/zRelocationSetSelector.cpp:190	95c915ccd3d4c820f73f1adbd3aff61553e1f19e17cfc7dcc60e351f3c384bd3	/root/cj_build/reference/jdk/src/hotspot/share/gc/z/zRelocationSetSelector.cpp:36
RemoveRegionLocked	runtime/src/Heap/Collector/zRelocationSetSelector.cpp:301	runtime/src/Heap/z/zRelocationSetSelector.cpp:301	9d56e4f4ce90de0996493fe5191e983ab9f913edfeb8312cc1c3a3cba08ccb24	/root/cj_build/reference/jdk/src/hotspot/share/gc/z/zRelocationSetSelector.cpp:36
ClaimFromRegion	runtime/src/Heap/Collector/zRelocationSetSelector.cpp:310	runtime/src/Heap/z/zRelocationSetSelector.cpp:310	151f9264402afe08e53c9574516e81f4358e4bc666954bf1f0bf72caa69d178f	/root/cj_build/reference/jdk/src/hotspot/share/gc/z/zRelocationSetSelector.cpp:36
atexit	runtime/src/Heap/Collector/zRelocationSetSelector.cpp:337	runtime/src/Heap/z/zRelocationSetSelector.cpp:337	db6a19b7d1e123c649e10e6fb22734b53de18be865129e9635fa9168a8110c14	/root/cj_build/reference/jdk/src/hotspot/share/gc/z/zRelocationSetSelector.cpp:36
VisitAllRegions	runtime/src/Heap/Collector/zRelocationSetSelector.cpp:345	runtime/src/Heap/z/zRelocationSetSelector.cpp:345	76ffb702b3bd55fdcb2efddf425a330c58c2cbb37cbb5797bb875525b9f2c93d	/root/cj_build/reference/jdk/src/hotspot/share/gc/z/zRelocationSetSelector.cpp:36
VisitAllRegions	runtime/src/Heap/Collector/zRelocationSetSelector.cpp:395	runtime/src/Heap/z/zRelocationSetSelector.cpp:395	76ffb702b3bd55fdcb2efddf425a330c58c2cbb37cbb5797bb875525b9f2c93d	/root/cj_build/reference/jdk/src/hotspot/share/gc/z/zRelocationSetSelector.cpp:36
ExemptMarkStartAllocatingFromCSet	runtime/src/Heap/Collector/zRelocationSetSelector.cpp:332	runtime/src/Heap/z/zRelocationSetSelector.cpp:332	8974140826a12e6a9bd0bcacb37f2983cbbcb27e145cb4ce7484df26c607e050	/root/cj_build/reference/jdk/src/hotspot/share/gc/z/zRelocationSetSelector.cpp:36
VisitAllRegions	runtime/src/Heap/Collector/zRelocationSetSelector.cpp:388	runtime/src/Heap/z/zRelocationSetSelector.cpp:388	17c0fa5324016dfe547b685ecbd8308a632008158fe1eda1108b876ccb4a0914	/root/cj_build/reference/jdk/src/hotspot/share/gc/z/zRelocationSetSelector.cpp:36
atexit	runtime/src/Heap/Collector/zRelocationSetSelector.cpp:468	runtime/src/Heap/z/zRelocationSetSelector.cpp:468	d832987caf440163516e9e7dba0d513399dab32ca5b25b9c5d80bf22075ca665	/root/cj_build/reference/jdk/src/hotspot/share/gc/z/zRelocationSetSelector.cpp:36
<lambda-or-initializer>	runtime/src/Heap/Collector/zRelocationSetSelector.cpp:554	runtime/src/Heap/z/zRelocationSetSelector.cpp:554	1c01d9601e0a60ec53f8bcfbdfe53ea9c0661e8b673dd9e2ed4da274fc45fb1a	/root/cj_build/reference/jdk/src/hotspot/share/gc/z/zRelocationSetSelector.cpp:36
ExemptFromRegions	runtime/src/Heap/Collector/zRelocationSetSelector.cpp:381	runtime/src/Heap/z/zRelocationSetSelector.cpp:381	bd48b30653585b810cec889d60fbf7f1fb3701acee893acfdde082dfa81057f3	/root/cj_build/reference/jdk/src/hotspot/share/gc/z/zRelocationSetSelector.cpp:36
PreFilterRelocRegion	runtime/src/Heap/Collector/zRelocationSetSelector.hpp:38	runtime/src/Heap/z/zRelocationSetSelector.hpp:138	b742eb99b6c08a0ed3d235f6b16dbaf11ef358d334efcebb5835eef474b82bed	/root/cj_build/reference/jdk/src/hotspot/share/gc/z/zRelocationSetSelector.hpp:33
stable_sort	runtime/src/Heap/Collector/zRelocationSetSelector.hpp:71	runtime/src/Heap/z/zRelocationSetSelector.hpp:171	0e96600292c6559ad2536fd1bea5c9ccce2ebe3ec045dcac1efeb1d702589acf	/root/cj_build/reference/jdk/src/hotspot/share/gc/z/zRelocationSetSelector.hpp:33
<lambda-or-initializer>	runtime/src/Heap/Collector/zRelocationSetSelector.hpp:79	runtime/src/Heap/z/zRelocationSetSelector.hpp:179	f6ad20619e74bdea524303f80db2ec7a56768d81c346a7089d936d96c6ad5c4a	/root/cj_build/reference/jdk/src/hotspot/share/gc/z/zRelocationSetSelector.hpp:33
<lambda-or-initializer>	runtime/src/Heap/Collector/zRelocationSetSelector.hpp:94	runtime/src/Heap/z/zRelocationSetSelector.hpp:194	8d1fdb01a2671d4f39b507e5c11f06e66ce7a69b557ff5cb7ccffe7189da2b9e	/root/cj_build/reference/jdk/src/hotspot/share/gc/z/zRelocationSetSelector.hpp:33
SelectRelocationSet	runtime/src/Heap/Collector/zRelocationSetSelector.hpp:57	runtime/src/Heap/z/zRelocationSetSelector.hpp:157	c382a64418221affbad9b4da418d5a912a7c1fa73fff6ea0ca8cf626ede7a705	/root/cj_build/reference/jdk/src/hotspot/share/gc/z/zRelocationSetSelector.hpp:33
SetThreadPriority	runtime/src/Heap/GcThreadPool.cpp:28	runtime/src/Heap/z/zRuntimeWorkers.cpp:28	56e950b2f145c81316a52666149fc7c0802326e4ff36884f79b5aa6f3ce32b23	/root/cj_build/reference/jdk/src/hotspot/share/gc/z/zRuntimeWorkers.cpp:29
<lambda-or-initializer>	runtime/src/Heap/GcThreadPool.cpp:45	runtime/src/Heap/z/zWorkers.cpp:34	c1aca6c68e38bd1f2a47181285d664860ff2447198925493f3015f6bd40cde4f	/root/cj_build/reference/jdk/src/hotspot/share/gc/z/zWorkers.cpp:33
GCWorkers	runtime/src/Heap/GcThreadPool.cpp:39	runtime/src/Heap/z/zWorkers.cpp:28	c101a84d51cee4dd1be5b4074904282a832f05ab6c2d3cc06c6b516f5cf07775	/root/cj_build/reference/jdk/src/hotspot/share/gc/z/zWorkers.cpp:33
~GCWorkers	runtime/src/Heap/GcThreadPool.cpp:58	runtime/src/Heap/z/zWorkers.cpp:47	9f7c3e81dc0128637caeb93120c2bef9f75786391e4a4b981351f226c24d37ab	/root/cj_build/reference/jdk/src/hotspot/share/gc/z/zWorkers.cpp:33
CheckCount	runtime/src/Heap/GcThreadPool.cpp:61	runtime/src/Heap/z/zWorkers.cpp:50	0f278860655661faf609956d9e455523a71ce6e0b38f5219f1dd6c929f804684	/root/cj_build/reference/jdk/src/hotspot/share/gc/z/zWorkers.cpp:33
CheckOpen	runtime/src/Heap/GcThreadPool.cpp:66	runtime/src/Heap/z/zWorkers.cpp:55	ccce4fcd7af88724e653a85e7a177ddc0a8523f6e33ae3696b598e390f87c0e9	/root/cj_build/reference/jdk/src/hotspot/share/gc/z/zWorkers.cpp:33
WorkerEntry	runtime/src/Heap/GcThreadPool.cpp:71	runtime/src/Heap/z/zWorkers.cpp:60	f792265284264659b245bff3e6e1b47cb260262120ec154dc1e46d2ed9ef0625	/root/cj_build/reference/jdk/src/hotspot/share/gc/z/zWorkers.cpp:33
<lambda-or-initializer>	runtime/src/Heap/GcThreadPool.cpp:95	runtime/src/Heap/z/zWorkers.cpp:84	ac76345a675b2819eb3771a50d508de4e60138aa9e3562704947b2e2e80c2fa8	/root/cj_build/reference/jdk/src/hotspot/share/gc/z/zWorkers.cpp:33
WorkerLoop	runtime/src/Heap/GcThreadPool.cpp:92	runtime/src/Heap/z/zWorkers.cpp:81	50963c05009b05f6dc3eeb5730be138204ef75150daabd54dbaa1cc99fe3b7ea	/root/cj_build/reference/jdk/src/hotspot/share/gc/z/zWorkers.cpp:33
RunBatch	runtime/src/Heap/GcThreadPool.cpp:124	runtime/src/Heap/z/zWorkers.cpp:113	2bf536c3a3007a7caa5fe979df1a186693bba8a79188aed83d2788d4e5fe4c12	/root/cj_build/reference/jdk/src/hotspot/share/gc/z/zWorkers.cpp:33
Run	runtime/src/Heap/GcThreadPool.cpp:145	runtime/src/Heap/z/zWorkers.cpp:134	b59312c8345e12d61d6a06ffe86652ecad74e7cdc6d05a900ba4507ad00c32a6	/root/cj_build/reference/jdk/src/hotspot/share/gc/z/zWorkers.cpp:33
<lambda-or-initializer>	runtime/src/Heap/GcThreadPool.cpp:161	runtime/src/Heap/z/zWorkers.cpp:150	09bbfa24c1a2026de9f8142a7dda9a304090e2e96428347e96ad6de0a77ea110	/root/cj_build/reference/jdk/src/hotspot/share/gc/z/zWorkers.cpp:33
Run	runtime/src/Heap/GcThreadPool.cpp:155	runtime/src/Heap/z/zWorkers.cpp:144	90fc1c2b3d3be33c62253d5016fadbb409a2c5a1a5c6276545c4991dff6e147b	/root/cj_build/reference/jdk/src/hotspot/share/gc/z/zWorkers.cpp:33
RunAll	runtime/src/Heap/GcThreadPool.cpp:178	runtime/src/Heap/z/zWorkers.cpp:167	72dae6fbc2723d1e37b2198638fb5f9649ef5b319dc88432387b577c609feeb9	/root/cj_build/reference/jdk/src/hotspot/share/gc/z/zWorkers.cpp:33
SetActiveWorkers	runtime/src/Heap/GcThreadPool.cpp:193	runtime/src/Heap/z/zWorkers.cpp:182	a1a13c37811fe1e1cf67ecf6d85ceb9414d54ef2b02d68e4e86315ee72529743	/root/cj_build/reference/jdk/src/hotspot/share/gc/z/zWorkers.cpp:33
SetActive	runtime/src/Heap/GcThreadPool.cpp:202	runtime/src/Heap/z/zWorkers.cpp:191	22e638fcebd89dcf91c3fef6e6129e28e7410820abf7001ce7e8d13f9817a94b	/root/cj_build/reference/jdk/src/hotspot/share/gc/z/zWorkers.cpp:33
SetInactive	runtime/src/Heap/GcThreadPool.cpp:211	runtime/src/Heap/z/zWorkers.cpp:200	62330671b4d794590c184fb1ae15c7e4cdb9e7c6a5a0a5f09d07bf10005d64e6	/root/cj_build/reference/jdk/src/hotspot/share/gc/z/zWorkers.cpp:33
ActiveWorkers	runtime/src/Heap/GcThreadPool.cpp:217	runtime/src/Heap/z/zWorkers.cpp:206	1686877aff26e9878fdde498f175ea377d4c91c167423459e2c8dca887e4624c	/root/cj_build/reference/jdk/src/hotspot/share/gc/z/zWorkers.cpp:33
IsActive	runtime/src/Heap/GcThreadPool.cpp:218	runtime/src/Heap/z/zWorkers.cpp:207	a9ab386b9720362aafb7687af9c6a2c684cdb59b0625edab17c788ae924a906e	/root/cj_build/reference/jdk/src/hotspot/share/gc/z/zWorkers.cpp:33
RequestResize	runtime/src/Heap/GcThreadPool.cpp:221	runtime/src/Heap/z/zWorkers.cpp:210	0a6e0359dfe109436e731117808efd6388259b46d3bc1b9f0339a9c23a3b0628	/root/cj_build/reference/jdk/src/hotspot/share/gc/z/zWorkers.cpp:33
ShouldWorkerResize	runtime/src/Heap/GcThreadPool.cpp:230	runtime/src/Heap/z/zWorkers.cpp:219	d892ebd278658f4711641e3969df18855ab636e5927cde77fb715a36d49d0853	/root/cj_build/reference/jdk/src/hotspot/share/gc/z/zWorkers.cpp:33
GetSnapshot	runtime/src/Heap/GcThreadPool.cpp:236	runtime/src/Heap/z/zWorkers.cpp:225	7ca60c80560bba027366b5e96d597bfbe67247bf06b27843b41fd7072b7415a8	/root/cj_build/reference/jdk/src/hotspot/share/gc/z/zWorkers.cpp:33
ThreadsDo	runtime/src/Heap/GcThreadPool.cpp:243	runtime/src/Heap/z/zWorkers.cpp:232	0ba9283ea66f85bdf57ef6536a48518bc47716c75726b667c9c2e6099cee3c20	/root/cj_build/reference/jdk/src/hotspot/share/gc/z/zWorkers.cpp:33
Stop	runtime/src/Heap/GcThreadPool.cpp:253	runtime/src/Heap/z/zWorkers.cpp:242	9666dbed972026b2129dc3aec706e442fe50fcbc3f45bd4299ee894466bea7e5	/root/cj_build/reference/jdk/src/hotspot/share/gc/z/zWorkers.cpp:33
<lambda-or-initializer>	runtime/src/Heap/GcThreadPool.cpp:285	runtime/src/Heap/z/zRuntimeWorkers.cpp:44	0dbb9dbb5294cba2eaa2ccf8cd50189ecfb7884c104e964bd45cb488aa250eb9	/root/cj_build/reference/jdk/src/hotspot/share/gc/z/zRuntimeWorkers.cpp:29
RuntimeWorkers	runtime/src/Heap/GcThreadPool.cpp:279	runtime/src/Heap/z/zRuntimeWorkers.cpp:38	3f6c08785504f699e4a31b9ad68af061bc91d7f9e6d080ff4bf19450b1622ab5	/root/cj_build/reference/jdk/src/hotspot/share/gc/z/zRuntimeWorkers.cpp:29
~RuntimeWorkers	runtime/src/Heap/GcThreadPool.cpp:298	runtime/src/Heap/z/zRuntimeWorkers.cpp:57	ba08fff70a41d3e1c55f5129e387655b6c373e92fa6f0e35739a12428f2fcb50	/root/cj_build/reference/jdk/src/hotspot/share/gc/z/zRuntimeWorkers.cpp:29
WorkerEntry	runtime/src/Heap/GcThreadPool.cpp:311	runtime/src/Heap/z/zRuntimeWorkers.cpp:70	674664fa241f5b5818789e83096686152ca27162866fb3db801b9ded8f317295	/root/cj_build/reference/jdk/src/hotspot/share/gc/z/zRuntimeWorkers.cpp:29
<lambda-or-initializer>	runtime/src/Heap/GcThreadPool.cpp:331	runtime/src/Heap/z/zRuntimeWorkers.cpp:90	5cd271236829c7a457cf5e121718cba75295160f02c62a1dd8d0775f6017c8a9	/root/cj_build/reference/jdk/src/hotspot/share/gc/z/zRuntimeWorkers.cpp:29
WorkerLoop	runtime/src/Heap/GcThreadPool.cpp:328	runtime/src/Heap/z/zRuntimeWorkers.cpp:87	b1f29aadb660691d85dc122eabd0118f489f135086ae8ff3a3cee7106b98a592	/root/cj_build/reference/jdk/src/hotspot/share/gc/z/zRuntimeWorkers.cpp:29
Run	runtime/src/Heap/GcThreadPool.cpp:353	runtime/src/Heap/z/zRuntimeWorkers.cpp:112	fd5afa58556a208ac7ad9e2714b1c99893d1d505bffbdb344a0f26fd5af99499	/root/cj_build/reference/jdk/src/hotspot/share/gc/z/zRuntimeWorkers.cpp:29
ThreadsDo	runtime/src/Heap/GcThreadPool.cpp:366	runtime/src/Heap/z/zRuntimeWorkers.cpp:125	d0a562721b0b7e1e47faca03d8f7087992c0dc49077701298f1128ee9dd6f30e	/root/cj_build/reference/jdk/src/hotspot/share/gc/z/zRuntimeWorkers.cpp:29
ActiveWorkers	runtime/src/Heap/GcThreadPool.h:127	runtime/src/Heap/z/zRuntimeWorkers.hpp:33	bbc5211a7ebcc9c5af2f96ac8be6e37ee4cf7f753eb173bcf0b78c3180f8aba3	/root/cj_build/reference/jdk/src/hotspot/share/gc/z/zRuntimeWorkers.hpp:29
CheckHeapStartAlignment	runtime/src/Heap/Heap.cpp:79	runtime/src/Heap/z/zHeap.cpp:79	ab8875e7e875eb95522f5070e10c9e0672ff7999f7b66e178240a2f67ce4d849	/root/cj_build/reference/jdk/src/hotspot/share/gc/z/zHeap.cpp:53
InitEnabledGCParam	runtime/src/Heap/Heap.cpp:86	runtime/src/Heap/z/zHeap.cpp:86	7c0817d5530856db255b2acec6e90041cfdb518cb3b09dfb0b146c88b01241c5	/root/cj_build/reference/jdk/src/hotspot/share/gc/z/zHeap.cpp:53
HeapImpl	runtime/src/Heap/Heap.cpp:112	runtime/src/Heap/z/zHeap.cpp:112	6395999fe8f03c69080e29b110b75618aedd00529e4a906fccd62f0ecaa078f9	/root/cj_build/reference/jdk/src/hotspot/share/gc/z/zHeap.cpp:53
IsSurvivedObject	runtime/src/Heap/Heap.cpp:122	runtime/src/Heap/z/zHeap.cpp:122	ce380c0982b74d0d14f76227f3226906d3279b4a31a371c6e338fc435c46efc7	/root/cj_build/reference/jdk/src/hotspot/share/gc/z/zHeap.cpp:53
IsGcStarted	runtime/src/Heap/Heap.cpp:126	runtime/src/Heap/z/zHeap.cpp:126	8beeec40521a34e1bcd3f64ae8fba0b9bedfb177c156edad8d08e2a96418495b	/root/cj_build/reference/jdk/src/hotspot/share/gc/z/zHeap.cpp:53
WaitForGCFinish	runtime/src/Heap/Heap.cpp:128	runtime/src/Heap/z/zHeap.cpp:128	e251a77c0a17979b5a5bc80a77563628d460f0a3a57f69020b0a29a82640c787	/root/cj_build/reference/jdk/src/hotspot/share/gc/z/zHeap.cpp:53
IsGCEnabled	runtime/src/Heap/Heap.cpp:130	runtime/src/Heap/z/zHeap.cpp:130	90cc8a7a5a593d445a7ed1ae776e8d0bc04f87d16389682fb5baed6f7496c40c	/root/cj_build/reference/jdk/src/hotspot/share/gc/z/zHeap.cpp:53
EnableGC	runtime/src/Heap/Heap.cpp:132	runtime/src/Heap/z/zHeap.cpp:132	40b121f691ed093069719e067e1a15ad613e587147bfa25950a129d915b778fc	/root/cj_build/reference/jdk/src/hotspot/share/gc/z/zHeap.cpp:53
GetStaticRootCountForTesting	runtime/src/Heap/Heap.cpp:151	runtime/src/Heap/z/zHeap.cpp:151	0aa6053ed1aac92cf516e317671f4f99b0f963b457c1f236252e0fce6f5b16e6	/root/cj_build/reference/jdk/src/hotspot/share/gc/z/zHeap.cpp:53
GetRememberedSet	runtime/src/Heap/Heap.cpp:155	runtime/src/Heap/z/zHeap.cpp:155	509c9a032c7c3f3be1de46e7b7ccc46a0853451533c7625aff62a222fbcff3da	/root/cj_build/reference/jdk/src/hotspot/share/gc/z/zHeap.cpp:53
ScopedFileHandler	runtime/src/Heap/Heap.cpp:171	runtime/src/Heap/z/zHeap.cpp:171	e75f3452f2dbd67a7bc0b80ca1abf26daf2565084341d6e29a714bb335ae0e3f	/root/cj_build/reference/jdk/src/hotspot/share/gc/z/zHeap.cpp:53
~ScopedFileHandler	runtime/src/Heap/Heap.cpp:173	runtime/src/Heap/z/zHeap.cpp:173	270815ead0484932beebde4c1de54a2240d3654f0d1d88114de4591e2d96a3a3	/root/cj_build/reference/jdk/src/hotspot/share/gc/z/zHeap.cpp:53
GetFile	runtime/src/Heap/Heap.cpp:178	runtime/src/Heap/z/zHeap.cpp:178	e220b23b13a875e6da6ad07e830c91d46c435629d749ef25dfae9d8373391d1c	/root/cj_build/reference/jdk/src/hotspot/share/gc/z/zHeap.cpp:53
Allocate	runtime/src/Heap/Heap.cpp:206	runtime/src/Heap/z/zHeap.cpp:206	84832f3deef895eb21b1fa26db94b4bfd81ed7af9bb89ac0303c9046da5bd022	/root/cj_build/reference/jdk/src/hotspot/share/gc/z/zHeap.cpp:53
ForEachObj	runtime/src/Heap/Heap.cpp:209	runtime/src/Heap/z/zHeap.cpp:209	257ee95659ebbe0ce3566d96bcb0cc990d31e25af1fe5fe042843ac52419103b	/root/cj_build/reference/jdk/src/hotspot/share/gc/z/zHeap.cpp:53
Init	runtime/src/Heap/Heap.cpp:214	runtime/src/Heap/z/zHeap.cpp:214	fb920001e636f2ef773e21d3d71782539cb449b75560e3a131207e38f8df0a0e	/root/cj_build/reference/jdk/src/hotspot/share/gc/z/zHeap.cpp:53
Fini	runtime/src/Heap/Heap.cpp:224	runtime/src/Heap/z/zHeap.cpp:224	7305af2a1d7b78fc5349a7ce180f63879b87375625e3d1f80dbf23c272d5756d	/root/cj_build/reference/jdk/src/hotspot/share/gc/z/zHeap.cpp:53
GetCollector	runtime/src/Heap/Heap.cpp:233	runtime/src/Heap/z/zHeap.cpp:233	ec185350e23d268114ac42a657709a3769dc34353f71158d1673b63af74c6f84	/root/cj_build/reference/jdk/src/hotspot/share/gc/z/zHeap.cpp:53
GetAllocator	runtime/src/Heap/Heap.cpp:235	runtime/src/Heap/z/zHeap.cpp:235	55f8595da64833de6b1e88e3768b4835d968f55ca470cecd715189f9497a0a29	/root/cj_build/reference/jdk/src/hotspot/share/gc/z/zHeap.cpp:53
GetGCPhase	runtime/src/Heap/Heap.cpp:237	runtime/src/Heap/z/zHeap.cpp:237	47b3d11c04ee5348b4db18114a1ce7576eed98a8476c390960ac79aa171a5cd5	/root/cj_build/reference/jdk/src/hotspot/share/gc/z/zHeap.cpp:53
SetGCPhase	runtime/src/Heap/Heap.cpp:239	runtime/src/Heap/z/zHeap.cpp:239	65234a960dd6cf2339ccf2ee99e4deef704c4c314eee8e80a4e88056d6fa4813	/root/cj_build/reference/jdk/src/hotspot/share/gc/z/zHeap.cpp:53
GetMaxCapacity	runtime/src/Heap/Heap.cpp:241	runtime/src/Heap/z/zHeap.cpp:241	640b8ec5359d8f96f8bc914759d3b88fa4b68e9a2e98a4fb9fca67f092e467e8	/root/cj_build/reference/jdk/src/hotspot/share/gc/z/zHeap.cpp:53
GetCurrentCapacity	runtime/src/Heap/Heap.cpp:243	runtime/src/Heap/z/zHeap.cpp:243	44f86bd367d6e46fd6d5fef927f64e8c10f43bd3e377afc38d3d2d6adf9a8736	/root/cj_build/reference/jdk/src/hotspot/share/gc/z/zHeap.cpp:53
GetUsedPageSize	runtime/src/Heap/Heap.cpp:245	runtime/src/Heap/z/zHeap.cpp:245	d78730ea6ee1320fe25682e40f0dc5678b8fce29a2d0e04d7ed639b7af3188c2	/root/cj_build/reference/jdk/src/hotspot/share/gc/z/zHeap.cpp:53
GetAllocatedSize	runtime/src/Heap/Heap.cpp:247	runtime/src/Heap/z/zHeap.cpp:247	41b0e19853f814ca8370fdfad62e77457f6d6fce9080cc48897bcce8b1b66026	/root/cj_build/reference/jdk/src/hotspot/share/gc/z/zHeap.cpp:53
GetStartAddress	runtime/src/Heap/Heap.cpp:249	runtime/src/Heap/z/zHeap.cpp:249	038e19df63034fa82f22e77d6fea569d4b23a4b6915bc330483038d7126acb7c	/root/cj_build/reference/jdk/src/hotspot/share/gc/z/zHeap.cpp:53
GetSpaceEndAddress	runtime/src/Heap/Heap.cpp:251	runtime/src/Heap/z/zHeap.cpp:251	c372cf0c181264581919af0a288ae4dcbc66a9b5ec89f0e15bc89af704d75736	/root/cj_build/reference/jdk/src/hotspot/share/gc/z/zHeap.cpp:53
GetHeap	runtime/src/Heap/Heap.cpp:253	runtime/src/Heap/z/zHeap.cpp:253	b1e0ecd7bac674bcd6bc709c4407f13f2a3f8220651e98714ad0d711f9a50d7d	/root/cj_build/reference/jdk/src/hotspot/share/gc/z/zHeap.cpp:53
GetStaticRootCountForTesting	runtime/src/Heap/Heap.cpp:257	runtime/src/Heap/z/zHeap.cpp:257	04c62da423c6dff4b3c1b99e3c5ba85b2c01ce7e69e91265facf91b740e05a5c	/root/cj_build/reference/jdk/src/hotspot/share/gc/z/zHeap.cpp:53
RegisterStaticRoots	runtime/src/Heap/Heap.cpp:263	runtime/src/Heap/z/zHeap.cpp:263	bed447a1767e5c89b9c2e4afa576827ac20366e3453800083cf6b2cbbb02e51f	/root/cj_build/reference/jdk/src/hotspot/share/gc/z/zHeap.cpp:53
UnregisterStaticRoots	runtime/src/Heap/Heap.cpp:268	runtime/src/Heap/z/zHeap.cpp:268	ca2ecbbea7fa3f6ccd46038e45cdacae0dded1ff277a8d08a56dd8fd60f00572	/root/cj_build/reference/jdk/src/hotspot/share/gc/z/zHeap.cpp:53
VisitStaticRoots	runtime/src/Heap/Heap.cpp:273	runtime/src/Heap/z/zHeap.cpp:273	900864fe3a56b30085c36cee1a9fe1ee1a98f56c0a919f936143d7f9d34a8b53	/root/cj_build/reference/jdk/src/hotspot/share/gc/z/zHeap.cpp:53
GetHeapPhysicalMemorySize	runtime/src/Heap/Heap.cpp:282	runtime/src/Heap/z/zHeap.cpp:282	4920323e43c004279eb5ab07bed80ded9baabf4e3afb5e27e09754ea72e794d5	/root/cj_build/reference/jdk/src/hotspot/share/gc/z/zHeap.cpp:53
GetHeapPhysicalMemorySize	runtime/src/Heap/Heap.cpp:304	runtime/src/Heap/z/zHeap.cpp:304	2a22d2e6a35e3308f0a805a293babb991148e1180d2b72b0542aa58c822e39fa	/root/cj_build/reference/jdk/src/hotspot/share/gc/z/zHeap.cpp:53
GetHeapPhysicalMemorySize	runtime/src/Heap/Heap.cpp:314	runtime/src/Heap/z/zHeap.cpp:314	e33aa8a0c1aa0637224e6ee39ecf13295263112c034aa2a15f789bb168f0abe0	/root/cj_build/reference/jdk/src/hotspot/share/gc/z/zHeap.cpp:53
GetFinalizerProcessor	runtime/src/Heap/Heap.cpp:361	runtime/src/Heap/z/zHeap.cpp:361	98c27fc08a2126b54fbbfc25df2bb7bea133b528edb9a63bf1ed69745007f532	/root/cj_build/reference/jdk/src/hotspot/share/gc/z/zHeap.cpp:53
GetCollectorResources	runtime/src/Heap/Heap.cpp:363	runtime/src/Heap/z/zHeap.cpp:363	6b8392ffe6bc81571ec9dfd4875f4372a7a9df2cd97a999e2deff44637c3e60c	/root/cj_build/reference/jdk/src/hotspot/share/gc/z/zHeap.cpp:53
StopGCWork	runtime/src/Heap/Heap.cpp:365	runtime/src/Heap/z/zHeap.cpp:365	481cab2e2214953373b8dab4f44c8709780a8dea4260bf98ecf99c2816f58b93	/root/cj_build/reference/jdk/src/hotspot/share/gc/z/zHeap.cpp:53
RegisterAllocBuffer	runtime/src/Heap/Heap.cpp:367	runtime/src/Heap/z/zHeap.cpp:367	b1def79075205af322d2da64a166b628e7c44d603f25d0c5e7fd07f006300516	/root/cj_build/reference/jdk/src/hotspot/share/gc/z/zHeap.cpp:53
RemoveAllocBuffer	runtime/src/Heap/Heap.cpp:369	runtime/src/Heap/z/zHeap.cpp:369	3c2758f1e8eebd278f4bd19e4cbe9437f4435671515038a4329327d7644dd748	/root/cj_build/reference/jdk/src/hotspot/share/gc/z/zHeap.cpp:53
VisitAllExportRoots	runtime/src/Heap/Heap.cpp:372	runtime/src/Heap/z/zHeap.cpp:372	86da98520eb9a1c8cb4afc700c163aad57eb7b1450236b443b62eb70700b24b9	/root/cj_build/reference/jdk/src/hotspot/share/gc/z/zHeap.cpp:53
GetExportObject	runtime/src/Heap/Heap.cpp:377	runtime/src/Heap/z/zHeap.cpp:377	ea94c00a0318c116ad05e9cd911382f0e7cd3824a50a925b1e803c1278d993ac	/root/cj_build/reference/jdk/src/hotspot/share/gc/z/zHeap.cpp:53
RegisterExportRoot	runtime/src/Heap/Heap.cpp:382	runtime/src/Heap/z/zHeap.cpp:382	cbc7758e8f282607ac82d4d7e7686a03545dd828b0491cf5c0d94e3f061d3e1c	/root/cj_build/reference/jdk/src/hotspot/share/gc/z/zHeap.cpp:53
RemoveExportObject	runtime/src/Heap/Heap.cpp:390	runtime/src/Heap/z/zHeap.cpp:390	3409930109b71cb2d17561e0d5b632899131c46724aae733789665b566915e43	/root/cj_build/reference/jdk/src/hotspot/share/gc/z/zHeap.cpp:53
CrossAccessBarrier	runtime/src/Heap/Heap.cpp:395	runtime/src/Heap/z/zHeap.cpp:395	fbb887210e1f5672465df49dc400f643824c86bc59243642692d352114610781	/root/cj_build/reference/jdk/src/hotspot/share/gc/z/zHeap.cpp:53
SetExportObjActiveState	runtime/src/Heap/Heap.cpp:413	runtime/src/Heap/z/zHeap.cpp:413	8f7a7412f03b72b55d80eb21a1cf7432b1f2b3f5e1f165080dfe03ab7b7bd84b	/root/cj_build/reference/jdk/src/hotspot/share/gc/z/zHeap.cpp:53
CheckExportObjState	runtime/src/Heap/Heap.cpp:418	runtime/src/Heap/z/zHeap.cpp:418	08fc2eba04fd9c16486c32100162107806b033ab084dc458239cf820655d3894	/root/cj_build/reference/jdk/src/hotspot/share/gc/z/zHeap.cpp:53
VisitAllObjects	runtime/src/Heap/Heap.cpp:435	runtime/src/Heap/z/zHeap.cpp:435	d088864ad7d46c4e2a8a4f6b1098a11b1e8ee75a818c17dd05e6f6c21991d572	/root/cj_build/reference/jdk/src/hotspot/share/gc/z/zHeap.cpp:53
VisitPageOwners	runtime/src/Heap/Heap.cpp:427	runtime/src/Heap/z/zHeap.cpp:427	2c03b46c04f768e6f847f826672b25f1f00d86f03aba2c40735df59a13155062	/root/cj_build/reference/jdk/src/hotspot/share/gc/z/zHeap.cpp:53
ForEachObjUnsafe	runtime/src/Heap/Heap.cpp:426	runtime/src/Heap/z/zHeap.cpp:426	75657f32f6446b0b177cec4e365e55f6ede3efb857cffd0942f2097207ec1346	/root/cj_build/reference/jdk/src/hotspot/share/gc/z/zHeap.cpp:53
ForEachObjSafe	runtime/src/Heap/Heap.cpp:440	runtime/src/Heap/z/zHeap.cpp:440	9c7f0488ab7b2a1a6821b702befc2a3a96134a99cf9615475103c55d7ef7505c	/root/cj_build/reference/jdk/src/hotspot/share/gc/z/zHeap.cpp:53
VisitPageOwners	runtime/src/Heap/Heap.cpp:448	runtime/src/Heap/z/zHeap.cpp:448	b634a0f524e5222b67f43f88367ad2a29a96af031f44b55fb028ea62025d48b4	/root/cj_build/reference/jdk/src/hotspot/share/gc/z/zHeap.cpp:53
StampCensusBoundaries	runtime/src/Heap/Heap.cpp:447	runtime/src/Heap/z/zHeap.cpp:447	d9f62bd97566c3ee6bc07e672f8f78a899cb9ab167f5e6a6a71d4cca9271bea6	/root/cj_build/reference/jdk/src/hotspot/share/gc/z/zHeap.cpp:53
GetBarrier	runtime/src/Heap/Heap.h:36	runtime/src/Heap/z/zHeap.hpp:36	672fe7f796842bc39f92f7a8bc5d1fb9eb6b8b73343bf2bff3259aa1327cc91e	/root/cj_build/reference/jdk/src/hotspot/share/gc/z/zHeap.hpp:38
IsGarbage	runtime/src/Heap/Heap.h:43	runtime/src/Heap/z/zHeap.hpp:43	acbc6105e66b63e28fb11d18cdb2825c6cc1697dd2f42e8c5fcebe12d91e1443	/root/cj_build/reference/jdk/src/hotspot/share/gc/z/zHeap.hpp:38
IsHeapAddress	runtime/src/Heap/Heap.h:82	runtime/src/Heap/z/zHeap.hpp:82	be060f63bcb3bd57d01ea64765594aa601362f457e863c26c69f64069695afd7	/root/cj_build/reference/jdk/src/hotspot/share/gc/z/zHeap.hpp:38
IsHeapAddress	runtime/src/Heap/Heap.h:91	runtime/src/Heap/z/zHeap.hpp:91	924a68ba1d17300bba155a983ce6cac6f601341156191fa903536409a2fe7611	/root/cj_build/reference/jdk/src/hotspot/share/gc/z/zHeap.hpp:38
GetHeapStartAddress	runtime/src/Heap/Heap.h:134	runtime/src/Heap/z/zHeap.hpp:134	282b084bb14730e96cfd1abbe897ac211e71ee3e4081eba4257138cb09a17dcb	/root/cj_build/reference/jdk/src/hotspot/share/gc/z/zHeap.hpp:38
SetHeapStartForTesting	runtime/src/Heap/Heap.h:139	runtime/src/Heap/z/zHeap.hpp:139	1d42b3a21c60d0fe5ec406a5561c3e77277e4bd54f6bb186ad99d11a5a268365	/root/cj_build/reference/jdk/src/hotspot/share/gc/z/zHeap.hpp:38
OnHeapCreated	runtime/src/Heap/Heap.h:143	runtime/src/Heap/z/zHeap.hpp:143	22fabaeacf71c7adb4f0cc0325c8593a67184ea9d63edbd9d0f809bbcc32a1b9	/root/cj_build/reference/jdk/src/hotspot/share/gc/z/zHeap.hpp:38
OnHeapCreated	runtime/src/Heap/Heap.h:151	runtime/src/Heap/z/zHeap.hpp:151	7675b58f41c4c2c4749a245dd27a53077848cc16004d2e24ddbcb3a74ecb5e7c	/root/cj_build/reference/jdk/src/hotspot/share/gc/z/zHeap.hpp:38
OnHeapExtended	runtime/src/Heap/Heap.h:160	runtime/src/Heap/z/zHeap.hpp:160	9b78d450d089f77091c7338e89da95f2d896fc250f728d7d688601a67be355da	/root/cj_build/reference/jdk/src/hotspot/share/gc/z/zHeap.hpp:38
~Heap	runtime/src/Heap/Heap.h:170	runtime/src/Heap/z/zHeap.hpp:170	44136fa355b3678a1146ad16f7e8649e94fb4fc21fe77e8310c060f61caaff8a	/root/cj_build/reference/jdk/src/hotspot/share/gc/z/zHeap.hpp:38
Flag	runtime/src/Heap/Verify/ZVerify.cpp:15	runtime/src/Heap/z/zVerify.cpp:30	570f83ea5fec0d26ca3a1bdd46bf64e1ccb14839467eb9f068401b312064a17c	/root/cj_build/reference/jdk/src/hotspot/share/gc/z/zVerify.cpp:116
BeforeZOperation	runtime/src/Heap/Verify/ZVerify.cpp:34	runtime/src/Heap/z/zVerify.cpp:49	26245240ffcf7132e038213659f56a20d197cc6622f18cc3111b93b2e4484796	/root/cj_build/reference/jdk/src/hotspot/share/gc/z/zVerify.cpp:116
AfterMark	runtime/src/Heap/Verify/ZVerify.cpp:38	runtime/src/Heap/z/zVerify.cpp:53	bd3e0323d8495e68d9e728cc76c9f421f3823eb68cef1082df89aa0008a75dc3	/root/cj_build/reference/jdk/src/hotspot/share/gc/z/zVerify.cpp:116
AfterWeakProcessing	runtime/src/Heap/Verify/ZVerify.cpp:43	runtime/src/Heap/z/zVerify.cpp:58	4038b9f744d0156ae410b28f012aac03fa951e8c194f7c0184767014f0b0eb00	/root/cj_build/reference/jdk/src/hotspot/share/gc/z/zVerify.cpp:116
<lambda-or-initializer>	runtime/src/UnwindStack/StackWatermark.cpp:16	runtime/src/UnwindStack/StackWatermark.cpp:15	09040c280c4a5b59fe115ac87ea99aa33fb7b83104561f2cd99fd3082043c655	ZGC 无独立对应定义；原地保留，归 #228 / A06 / 对应机制包
VerifyEnabled	runtime/src/UnwindStack/StackWatermark.cpp:15	runtime/src/UnwindStack/StackWatermark.cpp:14	af055dd5cbb824c63ee1d719827303ac0cffbefb8fba0bfa2c55bd2b19f4cc8a	ZGC 无独立对应定义；原地保留，归 #228 / A06 / 对应机制包
StackWatermark	runtime/src/UnwindStack/StackWatermark.h:58	runtime/src/Heap/z/zStackWatermark.cpp:18	5ad9acebe03118df662a406f8b58dcc2c0f5050befe08040f4ce257bc8fff934	/root/cj_build/reference/jdk/src/hotspot/share/gc/z/zStackWatermark.hpp:38
Reset	runtime/src/UnwindStack/StackWatermark.h:61	runtime/src/Heap/z/zStackWatermark.hpp:61	8cb9c404ee5e167f35ffea80cae57b8458833f1e0dd90441ee0d88ebc33225a2	/root/cj_build/reference/jdk/src/hotspot/share/gc/z/zStackWatermark.hpp:38
OnCreate	runtime/src/UnwindStack/StackWatermark.h:76	runtime/src/Heap/z/zStackWatermark.hpp:76	2745552a1eda7d1d670eec0e1adc32afef198e37c3bb1177fca1f69350113672	/root/cj_build/reference/jdk/src/hotspot/share/gc/z/zStackWatermark.hpp:38
OnExit	runtime/src/UnwindStack/StackWatermark.h:83	runtime/src/Heap/z/zStackWatermark.hpp:83	94a44bba6d1f8960c726512ed79a3b224b14b67a6c48fe2921c6b55bb487165f	/root/cj_build/reference/jdk/src/hotspot/share/gc/z/zStackWatermark.hpp:38
OnPark	runtime/src/UnwindStack/StackWatermark.h:102	runtime/src/Heap/z/zStackWatermark.hpp:102	c35379bf7e16c4e51a8778b9e2a4ef7d65117a3060c4848186a0b9331e24f9f3	/root/cj_build/reference/jdk/src/hotspot/share/gc/z/zStackWatermark.hpp:38
OnStackGrow	runtime/src/UnwindStack/StackWatermark.h:130	runtime/src/Heap/z/zStackWatermark.hpp:130	c31ae26722a4f25c557e8013332a62ee5a4c32266b66f0da4e0bd59b3f16695e	/root/cj_build/reference/jdk/src/hotspot/share/gc/z/zStackWatermark.hpp:38
TryBegin	runtime/src/UnwindStack/StackWatermark.h:162	runtime/src/Heap/z/zStackWatermark.hpp:162	eefc6cac465a77480777be8550f47ae01e9bfefe8e148d902f30856c1504cac9	/root/cj_build/reference/jdk/src/hotspot/share/gc/z/zStackWatermark.hpp:38
AdvanceTo	runtime/src/UnwindStack/StackWatermark.h:214	runtime/src/Heap/z/zStackWatermark.hpp:214	0d3c38edeb4f53d7b8fdb290a0d9affb772280a36b9f31255f8ab7bb5be851cd	/root/cj_build/reference/jdk/src/hotspot/share/gc/z/zStackWatermark.hpp:38
Finish	runtime/src/UnwindStack/StackWatermark.h:228	runtime/src/Heap/z/zStackWatermark.hpp:228	01feb58d43aaee83609a259f590674edb9861702e04b5dd3bb5a5f67425aaaf9	/root/cj_build/reference/jdk/src/hotspot/share/gc/z/zStackWatermark.hpp:38
FinishIncomplete	runtime/src/UnwindStack/StackWatermark.h:253	runtime/src/Heap/z/zStackWatermark.hpp:253	7ac43cc9a3d494a3b883860b121631e1e019689cf7d449e596fecfc62091156c	/root/cj_build/reference/jdk/src/hotspot/share/gc/z/zStackWatermark.hpp:38
InjectIllegalPhaseBack	runtime/src/UnwindStack/StackWatermark.h:263	runtime/src/Heap/z/zStackWatermark.hpp:263	652de7aef3d776f924352e12fe113adcf4a332336b5fe289713d3f90e9b89afa	/root/cj_build/reference/jdk/src/hotspot/share/gc/z/zStackWatermark.hpp:38
InjectDualOwner	runtime/src/UnwindStack/StackWatermark.h:272	runtime/src/Heap/z/zStackWatermark.hpp:272	1443640656188ebce7a7a125f00e4fd659ea28086be6b1b07c9f5bb358011fe0	/root/cj_build/reference/jdk/src/hotspot/share/gc/z/zStackWatermark.hpp:38
GetPhase	runtime/src/UnwindStack/StackWatermark.h:280	runtime/src/Heap/z/zStackWatermark.hpp:280	1675b200d13c115b110934de268d2fac5750fc5ad7e9febf648c4a9a2d68973e	/root/cj_build/reference/jdk/src/hotspot/share/gc/z/zStackWatermark.hpp:38
GetOwner	runtime/src/UnwindStack/StackWatermark.h:281	runtime/src/Heap/z/zStackWatermark.hpp:281	954966f4e5fbd2c4075fa42cde9b181681513ed6c54ddc976ccd53be83ce4a86	/root/cj_build/reference/jdk/src/hotspot/share/gc/z/zStackWatermark.hpp:38
GetEpoch	runtime/src/UnwindStack/StackWatermark.h:282	runtime/src/Heap/z/zStackWatermark.hpp:282	3ac5ebf501d01aa46be14b51e36dfa6427260f4982f06234866b946e93eec63f	/root/cj_build/reference/jdk/src/hotspot/share/gc/z/zStackWatermark.hpp:38
GetCursorIndex	runtime/src/UnwindStack/StackWatermark.h:283	runtime/src/Heap/z/zStackWatermark.hpp:283	4418783390ed5566e8db919dd4ed5dc886a7b2790e558be34ac227f6420ec3aa	/root/cj_build/reference/jdk/src/hotspot/share/gc/z/zStackWatermark.hpp:38
GetFrameCount	runtime/src/UnwindStack/StackWatermark.h:284	runtime/src/Heap/z/zStackWatermark.hpp:284	945924ad824ec78119816a80b3d1365edbbc677f033868674bbcd96483617dd8	/root/cj_build/reference/jdk/src/hotspot/share/gc/z/zStackWatermark.hpp:38
HasCoveredAllFrames	runtime/src/UnwindStack/StackWatermark.h:285	runtime/src/Heap/z/zStackWatermark.hpp:285	495b45a0fe22328f60eb195d80f0e758c3ff9b66f4be737e5da422f9e0e0dd69	/root/cj_build/reference/jdk/src/hotspot/share/gc/z/zStackWatermark.hpp:38
GetStackGeneration	runtime/src/UnwindStack/StackWatermark.h:286	runtime/src/Heap/z/zStackWatermark.hpp:286	51cc75d953e67a118a0d1a5060543c6589ccea9203c37b37811a585ccf55047c	/root/cj_build/reference/jdk/src/hotspot/share/gc/z/zStackWatermark.hpp:38
GetLastGrowOffset	runtime/src/UnwindStack/StackWatermark.h:287	runtime/src/Heap/z/zStackWatermark.hpp:287	fa880e7a76d7716123a14fce63b0ca9b8b780e16934825a729b3ce30d7f99ec9	/root/cj_build/reference/jdk/src/hotspot/share/gc/z/zStackWatermark.hpp:38
GetGrowCount	runtime/src/UnwindStack/StackWatermark.h:288	runtime/src/Heap/z/zStackWatermark.hpp:288	561cd8817276c708764f0c147a076e7f376fd4a14b30370fef57560bad8f4deb	/root/cj_build/reference/jdk/src/hotspot/share/gc/z/zStackWatermark.hpp:38
IsNotStarted	runtime/src/UnwindStack/StackWatermark.h:290	runtime/src/Heap/z/zStackWatermark.hpp:290	ea672191a3afe5b0e95ed740f378e1dc28738b59a2314964de8736d8628a54db	/root/cj_build/reference/jdk/src/hotspot/share/gc/z/zStackWatermark.hpp:38
IsScanning	runtime/src/UnwindStack/StackWatermark.h:291	runtime/src/Heap/z/zStackWatermark.hpp:291	342828187e38570a635b2b7768da64a76d0c20a87d2ea87a1ce0ef6ae7e64a4a	/root/cj_build/reference/jdk/src/hotspot/share/gc/z/zStackWatermark.hpp:38
IsDone	runtime/src/UnwindStack/StackWatermark.h:292	runtime/src/Heap/z/zStackWatermark.cpp:22	68bb9c8b59ec990869eaa513815cae6b35520babda7bc26cbacfd83ac1f77047	/root/cj_build/reference/jdk/src/hotspot/share/gc/z/zStackWatermark.hpp:38
IsDone	runtime/src/UnwindStack/StackWatermark.h:294	runtime/src/Heap/z/zStackWatermark.cpp:27	cdee1957b76a0b5eb78c93ed6fc8f59d851fb4d04506793f435d73305a38d949	/root/cj_build/reference/jdk/src/hotspot/share/gc/z/zStackWatermark.hpp:38
InjectAbsoluteResumeToken	runtime/src/UnwindStack/StackWatermark.h:305	runtime/src/Heap/z/zStackWatermark.hpp:301	a13b5965453609cfc8fde28d70844351f91bf3ea58743b416f8b8aa6aea85d3d	/root/cj_build/reference/jdk/src/hotspot/share/gc/z/zStackWatermark.hpp:38
AssertClosedOrReset	runtime/src/UnwindStack/StackWatermark.h:311	runtime/src/Heap/z/zStackWatermark.hpp:307	90fae3ea51d77ce5f574fedd82f6fb7e8cdb0efc10883729406c01c2bf30bf71	/root/cj_build/reference/jdk/src/hotspot/share/gc/z/zStackWatermark.hpp:38
RequireOwnerScanning	runtime/src/UnwindStack/StackWatermark.h:321	runtime/src/Heap/z/zStackWatermark.hpp:317	9e473f60657c15675dd3a61924de32fdf07e5f236ec651326c8b1ecde6dff6b3	/root/cj_build/reference/jdk/src/hotspot/share/gc/z/zStackWatermark.hpp:38
VerifyAccessedOop	runtime/src/Heap/Verify/VerifyHeap.cpp:19	runtime/src/Heap/z/zVerify.cpp:115	12a3f189914fc0a467b7b13e578d9859ef61c14d48eb92162c88b25585505755	/root/cj_build/reference/jdk/src/hotspot/share/gc/z/zVerify.cpp:121
Object	runtime/src/Heap/Verify/VerifyHeap.cpp:27	runtime/src/Heap/z/zVerify.cpp:123	c7b616d337e9ac0a97a3eb5671c47055c6ad1db7c47c1035aecb583bbc0aa6e5	/root/cj_build/reference/jdk/src/hotspot/share/gc/z/zVerify.cpp:121
Oop	runtime/src/Heap/Verify/VerifyHeap.cpp:45	runtime/src/Heap/z/zVerify.cpp:141	c5fccc75046ed92ddfb9a087dec3216bb7bbf1b01b8396ac316f0b4aa33c50ed	/root/cj_build/reference/jdk/src/hotspot/share/gc/z/zVerify.cpp:131
Fields	runtime/src/Heap/Verify/VerifyHeap.cpp:117	runtime/src/Heap/z/zVerify.cpp:213	2b253114f1e6ba7bbfbbbe1a0a6b8c0396055edbe5ad16990fc88603caddd0d2	/root/cj_build/reference/jdk/src/hotspot/share/gc/z/zVerify.cpp:467 (enclosing verification body)
Iterate	runtime/src/Heap/Verify/VerifyHeap.cpp:107	runtime/src/Heap/z/zVerify.cpp:203	f044f62c81115b48657572cd1af4873fe98f3644b2e97132480c6d7eee9582ad	/root/cj_build/reference/jdk/src/hotspot/share/gc/z/zVerify.cpp:467 (enclosing verification body)
<lambda-or-initializer>	runtime/src/Heap/Verify/VerifyHeap.cpp:120	runtime/src/Heap/z/zVerify.cpp:216	97dc0b237e74bf08ffcc33dbd026e323a71eea1f7e1f56cfb54fff06407af194	/root/cj_build/reference/jdk/src/hotspot/share/gc/z/zVerify.cpp:467 (enclosing verification body)
Objects	runtime/src/Heap/Verify/VerifyHeap.cpp:96	runtime/src/Heap/z/zVerify.cpp:192	fa9c1626db9b92920e1d225ef721875cecea98e0723a7035088230c478d765a6	/root/cj_build/reference/jdk/src/hotspot/share/gc/z/zVerify.cpp:467
for_each_from	runtime/src/Heap/Verify/VerifyRememberedSet.cpp:23	runtime/src/Heap/z/zForwarding.cpp:281	ce222ce84f3daab1ba67a310c6ebb0a139d91c0c260088dc6d5e3b06024ee611	/root/cj_build/reference/jdk/src/hotspot/share/gc/z/zVerify.cpp:467 (enclosing verification body)
verify	runtime/src/Heap/Verify/VerifyRememberedSet.cpp:19	runtime/src/Heap/z/zForwarding.cpp:277	eaf67660f1098d7825ecb9fe80f91c57fd6000564a511888ea3ecb2e8ed61346	/root/cj_build/reference/jdk/src/hotspot/share/gc/z/zForwarding.cpp:369
IntentionallyUnremembered	runtime/src/Heap/Verify/VerifyRememberedSet.cpp:49	runtime/src/Heap/z/zVerify.cpp:231	ec17cd1dc47e1a87a1940769b13aae7ef2f168b0071bbe938e333c5ebc184038	/root/cj_build/reference/jdk/src/hotspot/share/gc/z/zVerify.cpp:549
Instance	runtime/src/Heap/Verify/VerifyRememberedSet.cpp:58	runtime/src/Heap/z/zVerify.cpp:240	fe24927630f28d5323c74eda99625b746f022f1a3fa667be98b9f2af7945eb70	/root/cj_build/reference/jdk/src/hotspot/share/gc/z/zVerify.cpp:467 (enclosing verification body)
OnColorFlip	runtime/src/Heap/Verify/VerifyRememberedSet.cpp:55	runtime/src/Heap/z/zVerify.cpp:237	46af09b881682a834345be1f68e4f51e5d2d786a34e37b4b260880ee26789971	/root/cj_build/reference/jdk/src/hotspot/share/gc/z/zVerify.cpp:587
Fields	runtime/src/Heap/Verify/VerifyRememberedSet.cpp:74	runtime/src/Heap/z/zVerify.cpp:256	43351a88c06c57b68d9bbd9d18b921ff8e2f3d3064849784ec10f2db707a3f8e	/root/cj_build/reference/jdk/src/hotspot/share/gc/z/zVerify.cpp:467 (enclosing verification body)
VisitLiveObjectsUntilFalse	runtime/src/Heap/Verify/VerifyRememberedSet.cpp:72	runtime/src/Heap/z/zVerify.cpp:254	bbaa5465a4cc5e491aab723c96525bf6b4dca0fbb656d81b2563e09398cb37dd	/root/cj_build/reference/jdk/src/hotspot/share/gc/z/zVerify.cpp:467 (enclosing verification body)
BeforeRelocation	runtime/src/Heap/Verify/VerifyRememberedSet.cpp:63	runtime/src/Heap/z/zVerify.cpp:245	2c701656e06ba809b4c89e579d3a02e3eec6c4b682500faa8c5c4c641e78b8cf	/root/cj_build/reference/jdk/src/hotspot/share/gc/z/zVerify.cpp:610
for_each_from	runtime/src/Heap/Verify/VerifyRememberedSet.cpp:90	runtime/src/Heap/z/zVerify.cpp:272	d3b5ab6e5c2ab1f8459c2275ef4f23e40f299884a5ea5272e8ffcd3885e3266f	/root/cj_build/reference/jdk/src/hotspot/share/gc/z/zVerify.cpp:467 (enclosing verification body)
Fields	runtime/src/Heap/Verify/VerifyRememberedSet.cpp:97	runtime/src/Heap/z/zVerify.cpp:279	ef0d397a38a5d95a314516fc2caf3a4a4eaa91ea58ba762cd0f6bc3b3c1a2ff2	/root/cj_build/reference/jdk/src/hotspot/share/gc/z/zVerify.cpp:467 (enclosing verification body)
AfterRelocationInternal	runtime/src/Heap/Verify/VerifyRememberedSet.cpp:88	runtime/src/Heap/z/zVerify.cpp:270	aa8c6d25fed1b12fb7b5f13674d1bf59a8b84dcc9025ca74326d77dcb6d4dca5	/root/cj_build/reference/jdk/src/hotspot/share/gc/z/zVerify.cpp:724
AfterRelocation	runtime/src/Heap/Verify/VerifyRememberedSet.cpp:115	runtime/src/Heap/z/zVerify.cpp:297	3d23ff0c84c1ffef9f99d9d4300dff876258c86f32f3e2e101a7303291ee1e49	/root/cj_build/reference/jdk/src/hotspot/share/gc/z/zVerify.cpp:741
AfterScan	runtime/src/Heap/Verify/VerifyRememberedSet.cpp:121	runtime/src/Heap/z/zVerify.cpp:303	f99f64904433bdae5a2996bc920efa87086957093b9b391b3a14eba7b246c708	/root/cj_build/reference/jdk/src/hotspot/share/gc/z/zVerify.cpp:763
ColoredRoot	runtime/src/Heap/Verify/VerifyRoots.cpp:14	runtime/src/Heap/z/zVerify.cpp:72	ea9f3becea2106477d8f9f998d7dce4b3d155ba358d14409778ea2f18cff455d	/root/cj_build/reference/jdk/src/hotspot/share/gc/z/zVerify.cpp:214
PlainRoot	runtime/src/Heap/Verify/VerifyRoots.cpp:26	runtime/src/Heap/z/zVerify.cpp:84	67769900cbfeb3e34429033126fa475f3362b1af7750609d39be71e4b18e949e	/root/cj_build/reference/jdk/src/hotspot/share/gc/z/zVerify.cpp:171
VisitStrongColoredRoots	runtime/src/Heap/Verify/VerifyRoots.cpp:38	runtime/src/Heap/z/zVerify.cpp:96	24425d431c1e783ff569397eb253adaf56093182b22e17af76d7a2c557c5edd7	/root/cj_build/reference/jdk/src/hotspot/share/gc/z/zVerify.cpp:467 (enclosing verification body)
VisitProcessedRoots	runtime/src/Heap/Verify/VerifyRoots.cpp:40	runtime/src/Heap/z/zVerify.cpp:98	d72f8cf59117e8d05487de63d2aa9c010f478e4c1258b313bf1e069c7ef73186	/root/cj_build/reference/jdk/src/hotspot/share/gc/z/zVerify.cpp:467 (enclosing verification body)
VisitStrongPlainRoots	runtime/src/Heap/Verify/VerifyRoots.cpp:39	runtime/src/Heap/z/zVerify.cpp:97	6837ea42c6c2ed77adbcf675f5d95fe3994739153fff0d634256fdc6bf626b84	/root/cj_build/reference/jdk/src/hotspot/share/gc/z/zVerify.cpp:467 (enclosing verification body)
RootsStrong	runtime/src/Heap/Verify/VerifyRoots.cpp:35	runtime/src/Heap/z/zVerify.cpp:93	4bb0388fa26aa98dab7e9c2090a99c4921f4a0dda848afa06ddd97041b447796	/root/cj_build/reference/jdk/src/hotspot/share/gc/z/zVerify.cpp:363
VisitWeakColoredRoots	runtime/src/Heap/Verify/VerifyRoots.cpp:50	runtime/src/Heap/z/zVerify.cpp:108	4818e959cd1a036ef447a58ab1a55a4dedce09e5b85daa98d1c9bfd561317f7b	/root/cj_build/reference/jdk/src/hotspot/share/gc/z/zVerify.cpp:467 (enclosing verification body)
RootsWeak	runtime/src/Heap/Verify/VerifyRoots.cpp:46	runtime/src/Heap/z/zVerify.cpp:104	4c704d17fe8c48a7dab905f2731aaadce2354202a78fcfb031d82e5079c9baf5	/root/cj_build/reference/jdk/src/hotspot/share/gc/z/zVerify.cpp:386
